station_code_raw,station_name,mean_delay_minutes,pct_right_time_0_15m,pct_slight_delay_15_60m,pct_severe_delay_over_60m,pct_cancelled_unknown,train_number,canonical_station_code,p_on_time,p_slight_delay,p_severe_delay,p_cancelled,delay_risk_category,is_high_transfer_risk
KOAA,KOLKATA ,7,94.23,1.92,3.85,0.0,02501,KOAA,0.9423,0.0192,0.0385,0.0,ON_TIME_RELIABLE,0
BDC,BANDEL JN ,11,90.38,5.77,3.85,0.0,02501,BDC,0.9038,0.0577,0.0385,0.0,ON_TIME_RELIABLE,0
NDAE,NABADWIP DHAM ,22,61.54,34.62,3.85,0.0,02501,NDAE,0.6154,0.3462,0.0385,0.0,MODERATE_DELAY,0
KWAE,KATWA ,19,69.23,25.0,5.77,0.0,02501,KWAE,0.6923,0.25,0.0577,0.0,MODERATE_DELAY,0
AZ,AZIMGANJ JN ,14,86.54,7.69,5.77,0.0,02501,AZ,0.8654,0.0769,0.0577,0.0,ON_TIME_RELIABLE,0
JRLE,JANGIPUR ROAD ,19,59.62,32.69,5.77,1.92,02501,JRLE,0.5962,0.3269,0.0577,0.0192,MODERATE_DELAY,0
MLDT,MALDA TOWN ,73,17.31,34.62,48.08,0.0,02501,MLDT,0.1731,0.3462,0.4808,0.0,SEVERE_DELAY,1
KNE,KISHANGANJ ,131,0.0,15.38,84.62,0.0,02501,KNE,0.0,0.1538,0.8462,0.0,SEVERE_DELAY,1
NJP,NEW JALPAIGURI ,129,3.85,17.31,78.85,0.0,02501,NJP,0.0385,0.1731,0.7885,0.0,SEVERE_DELAY,1
NCB,NEW COOCH BEHAR ,167,0.0,15.38,84.62,0.0,02501,NCB,0.0,0.1538,0.8462,0.0,SEVERE_DELAY,1
NOQ,NEW ALIPURDAUR ,156,1.92,13.46,84.62,0.0,02501,NOQ,0.0192,0.1346,0.8462,0.0,SEVERE_DELAY,1
KOJ,KOKRAJHAR ,175,0.0,11.54,88.46,0.0,02501,KOJ,0.0,0.1154,0.8846,0.0,SEVERE_DELAY,1
NBQ,NEW BONGAIGAON ,166,1.92,11.54,86.54,0.0,02501,NBQ,0.0192,0.1154,0.8654,0.0,SEVERE_DELAY,1
GLPT,GOALPARA TOWN ,169,3.85,7.69,88.46,0.0,02501,GLPT,0.0385,0.0769,0.8846,0.0,SEVERE_DELAY,1
GHY,GUWAHATI ,230,0.0,3.85,96.15,0.0,02501,GHY,0.0,0.0385,0.9615,0.0,SEVERE_DELAY,1
MYD,MANDERDISA ,262,0.0,0.0,100.0,0.0,02501,MYD,0.0,0.0,1.0,0.0,SEVERE_DELAY,1
NHLG,NEW HAFLONG ,262,0.0,3.85,96.15,0.0,02501,NHLG,0.0,0.0385,0.9615,0.0,SEVERE_DELAY,1
BPB,BADARPUR JN ,237,0.0,5.77,94.23,0.0,02501,BPB,0.0,0.0577,0.9423,0.0,SEVERE_DELAY,1
NKMG,NEW KARIMGANJ ,247,0.0,3.85,96.15,0.0,02501,KXJ,0.0,0.0385,0.9615,0.0,SEVERE_DELAY,1
DMR,DHARMANAGAR ,240,1.92,3.85,94.23,0.0,02501,DMR,0.0192,0.0385,0.9423,0.0,SEVERE_DELAY,1
AGTL,AGARTALA ,227,3.85,7.69,88.46,0.0,02501,AGTL,0.0385,0.0769,0.8846,0.0,SEVERE_DELAY,1
AGTL,AGARTALA ,3,96.15,3.85,0.0,0.0,02502,AGTL,0.9615,0.0385,0.0,0.0,ON_TIME_RELIABLE,0
DMR,DHARMANAGAR ,16,50.0,50.0,0.0,0.0,02502,DMR,0.5,0.5,0.0,0.0,MODERATE_DELAY,0
NKMG,NEW KARIMGANJ ,18,57.69,40.38,1.92,0.0,02502,KXJ,0.5769,0.4038,0.0192,0.0,MODERATE_DELAY,0
BPB,BADARPUR JN ,29,30.77,61.54,7.69,0.0,02502,BPB,0.3077,0.6154,0.0769,0.0,MODERATE_DELAY,0
NHLG,NEW HAFLONG ,22,53.85,34.62,11.54,0.0,02502,NHLG,0.5385,0.3462,0.1154,0.0,MODERATE_DELAY,0
MYD,MANDERDISA ,18,65.38,26.92,7.69,0.0,02502,MYD,0.6538,0.2692,0.0769,0.0,MODERATE_DELAY,0
GHY,GUWAHATI ,36,57.69,19.23,23.08,0.0,02502,GHY,0.5769,0.1923,0.2308,0.0,MODERATE_DELAY,0
GLPT,GOALPARA TOWN ,88,0.0,46.15,51.92,1.92,02502,GLPT,0.0,0.4615,0.5192,0.0192,SEVERE_DELAY,1
NBQ,NEW BONGAIGAON ,74,17.31,34.62,48.08,0.0,02502,NBQ,0.1731,0.3462,0.4808,0.0,SEVERE_DELAY,1
KOJ,KOKRAJHAR ,85,9.62,34.62,55.77,0.0,02502,KOJ,0.0962,0.3462,0.5577,0.0,SEVERE_DELAY,1
NOQ,NEW ALIPURDAUR ,98,3.85,34.62,61.54,0.0,02502,NOQ,0.0385,0.3462,0.6154,0.0,SEVERE_DELAY,1
NCB,NEW COOCH BEHAR ,127,0.0,23.08,76.92,0.0,02502,NCB,0.0,0.2308,0.7692,0.0,SEVERE_DELAY,1
NJP,NEW JALPAIGURI ,98,15.38,21.15,63.46,0.0,02502,NJP,0.1538,0.2115,0.6346,0.0,SEVERE_DELAY,1
KNE,KISHANGANJ ,118,11.54,9.62,78.85,0.0,02502,KNE,0.1154,0.0962,0.7885,0.0,SEVERE_DELAY,1
MLDT,MALDA TOWN ,132,13.46,3.85,82.69,0.0,02502,MLDT,0.1346,0.0385,0.8269,0.0,SEVERE_DELAY,1
JRLE,JANGIPUR ROAD ,156,11.54,3.85,84.62,0.0,02502,JRLE,0.1154,0.0385,0.8462,0.0,SEVERE_DELAY,1
AZ,AZIMGANJ JN ,155,13.46,3.85,82.69,0.0,02502,AZ,0.1346,0.0385,0.8269,0.0,SEVERE_DELAY,1
KWAE,KATWA ,157,13.46,3.85,82.69,0.0,02502,KWAE,0.1346,0.0385,0.8269,0.0,SEVERE_DELAY,1
NDAE,NABADWIP DHAM ,162,13.46,1.92,84.62,0.0,02502,NDAE,0.1346,0.0192,0.8462,0.0,SEVERE_DELAY,1
BDC,BANDEL JN ,166,13.46,3.85,82.69,0.0,02502,BDC,0.1346,0.0385,0.8269,0.0,SEVERE_DELAY,1
KOAA,KOLKATA ,165,13.46,5.77,80.77,0.0,02502,KOAA,0.1346,0.0577,0.8077,0.0,SEVERE_DELAY,1
KOAA,KOLKATA ,19,81.13,7.55,11.32,0.0,02517,KOAA,0.8113,0.0755,0.1132,0.0,MODERATE_DELAY,0
BDC,BANDEL JN ,26,71.7,15.09,13.21,0.0,02517,BDC,0.717,0.1509,0.1321,0.0,MODERATE_DELAY,0
NDAE,NABADWIP DHAM ,34,54.72,28.3,16.98,0.0,02517,NDAE,0.5472,0.283,0.1698,0.0,MODERATE_DELAY,0
KWAE,KATWA ,33,64.15,16.98,18.87,0.0,02517,KWAE,0.6415,0.1698,0.1887,0.0,MODERATE_DELAY,0
AZ,AZIMGANJ JN ,25,71.7,9.43,18.87,0.0,02517,AZ,0.717,0.0943,0.1887,0.0,MODERATE_DELAY,0
JRLE,JANGIPUR ROAD ,34,49.06,30.19,20.75,0.0,02517,JRLE,0.4906,0.3019,0.2075,0.0,MODERATE_DELAY,0
MLDT,MALDA TOWN ,75,7.55,52.83,39.62,0.0,02517,MLDT,0.0755,0.5283,0.3962,0.0,SEVERE_DELAY,1
KNE,KISHANGANJ ,140,0.0,7.55,92.45,0.0,02517,KNE,0.0,0.0755,0.9245,0.0,SEVERE_DELAY,1
NJP,NEW JALPAIGURI ,135,5.66,3.77,90.57,0.0,02517,NJP,0.0566,0.0377,0.9057,0.0,SEVERE_DELAY,1
NCB,NEW COOCH BEHAR ,177,1.89,7.55,90.57,0.0,02517,NCB,0.0189,0.0755,0.9057,0.0,SEVERE_DELAY,1
NOQ,NEW ALIPURDAUR ,169,1.89,7.55,90.57,0.0,02517,NOQ,0.0189,0.0755,0.9057,0.0,SEVERE_DELAY,1
KOJ,KOKRAJHAR ,191,3.77,5.66,90.57,0.0,02517,KOJ,0.0377,0.0566,0.9057,0.0,SEVERE_DELAY,1
NBQ,NEW BONGAIGAON ,180,7.55,0.0,92.45,0.0,02517,NBQ,0.0755,0.0,0.9245,0.0,SEVERE_DELAY,1
GLPT,GOALPARA TOWN ,194,5.66,1.89,90.57,1.89,02517,GLPT,0.0566,0.0189,0.9057,0.0189,SEVERE_DELAY,1
GHY,GUWAHATI ,186,3.77,7.55,88.68,0.0,02517,GHY,0.0377,0.0755,0.8868,0.0,SEVERE_DELAY,1
GHY,GUWAHATI ,13,75.0,21.15,3.85,0.0,02518,GHY,0.75,0.2115,0.0385,0.0,ON_TIME_RELIABLE,0
GLPT,GOALPARA TOWN ,57,3.85,65.38,30.77,0.0,02518,GLPT,0.0385,0.6538,0.3077,0.0,SEVERE_DELAY,1
NBQ,NEW BONGAIGAON ,42,23.08,57.69,19.23,0.0,02518,NBQ,0.2308,0.5769,0.1923,0.0,MODERATE_DELAY,0
KOJ,KOKRAJHAR ,50,19.23,53.85,26.92,0.0,02518,KOJ,0.1923,0.5385,0.2692,0.0,SEVERE_DELAY,1
NOQ,NEW ALIPURDAUR ,65,9.62,48.08,42.31,0.0,02518,NOQ,0.0962,0.4808,0.4231,0.0,SEVERE_DELAY,1
NCB,NEW COOCH BEHAR ,95,0.0,30.77,69.23,0.0,02518,NCB,0.0,0.3077,0.6923,0.0,SEVERE_DELAY,1
NJP,NEW JALPAIGURI ,66,23.08,36.54,40.38,0.0,02518,NJP,0.2308,0.3654,0.4038,0.0,SEVERE_DELAY,1
KNE,KISHANGANJ ,94,0.0,46.15,53.85,0.0,02518,KNE,0.0,0.4615,0.5385,0.0,SEVERE_DELAY,1
MLDT,MALDA TOWN ,124,3.85,13.46,82.69,0.0,02518,MLDT,0.0385,0.1346,0.8269,0.0,SEVERE_DELAY,1
JRLE,JANGIPUR ROAD ,146,1.92,7.69,90.38,0.0,02518,JRLE,0.0192,0.0769,0.9038,0.0,SEVERE_DELAY,1
AZ,AZIMGANJ JN ,148,1.92,9.62,88.46,0.0,02518,AZ,0.0192,0.0962,0.8846,0.0,SEVERE_DELAY,1
KWAE,KATWA ,150,3.85,11.54,84.62,0.0,02518,KWAE,0.0385,0.1154,0.8462,0.0,SEVERE_DELAY,1
NDAE,NABADWIP DHAM ,158,3.85,11.54,84.62,0.0,02518,NDAE,0.0385,0.1154,0.8462,0.0,SEVERE_DELAY,1
BDC,BANDEL JN ,160,7.69,7.69,84.62,0.0,02518,BDC,0.0769,0.0769,0.8462,0.0,SEVERE_DELAY,1
KOAA,KOLKATA ,156,7.69,9.62,82.69,0.0,02518,KOAA,0.0769,0.0962,0.8269,0.0,SEVERE_DELAY,1
SCL,SILCHAR ,1,100.0,0.0,0.0,0.0,05639,SCL,1.0,0.0,0.0,0.0,ON_TIME_RELIABLE,0
BPB,BADARPUR JN ,6,86.79,13.21,0.0,0.0,05639,BPB,0.8679,0.1321,0.0,0.0,ON_TIME_RELIABLE,0
NHGJ,NEW HARANGAJAO ,14,66.04,32.08,1.89,0.0,05639,NHGJ,0.6604,0.3208,0.0189,0.0,MODERATE_DELAY,0
NHLG,NEW HAFLONG ,18,62.26,33.96,3.77,0.0,05639,NHLG,0.6226,0.3396,0.0377,0.0,MODERATE_DELAY,0
MBG,MAIBANG ,27,22.64,75.47,1.89,0.0,05639,MBG,0.2264,0.7547,0.0189,0.0,MODERATE_DELAY,0
LMG,LUMDING JN ,13,66.04,32.08,1.89,0.0,05639,LMG,0.6604,0.3208,0.0189,0.0,MODERATE_DELAY,0
LKA,LANKA ,16,54.72,43.4,1.89,0.0,05639,LKA,0.5472,0.434,0.0189,0.0,MODERATE_DELAY,0
HJI,HOJAI ,18,49.06,49.06,1.89,0.0,05639,HJI,0.4906,0.4906,0.0189,0.0,MODERATE_DELAY,0
GHY,GUWAHATI ,62,30.19,16.98,52.83,0.0,05639,GHY,0.3019,0.1698,0.5283,0.0,SEVERE_DELAY,1
KYQ,KAMAKHYA ,78,22.64,18.87,58.49,0.0,05639,KYQ,0.2264,0.1887,0.5849,0.0,SEVERE_DELAY,1
GLPT,GOALPARA TOWN ,102,1.89,28.3,69.81,0.0,05639,GLPT,0.0189,0.283,0.6981,0.0,SEVERE_DELAY,1
NBQ,NEW BONGAIGAON ,83,16.98,22.64,60.38,0.0,05639,NBQ,0.1698,0.2264,0.6038,0.0,SEVERE_DELAY,1
KOJ,KOKRAJHAR ,90,15.09,20.75,64.15,0.0,05639,KOJ,0.1509,0.2075,0.6415,0.0,SEVERE_DELAY,1
GOGH,GOSSAIGAON HAT ,105,1.89,30.19,67.92,0.0,05639,GOGH,0.0189,0.3019,0.6792,0.0,SEVERE_DELAY,1
NOQ,NEW ALIPURDAUR ,109,7.55,22.64,69.81,0.0,05639,NOQ,0.0755,0.2264,0.6981,0.0,SEVERE_DELAY,1
NCB,NEW COOCH BEHAR ,130,0.0,20.75,79.25,0.0,05639,NCB,0.0,0.2075,0.7925,0.0,SEVERE_DELAY,1
DQG,DHUPGURI ,121,3.77,20.75,75.47,0.0,05639,DQG,0.0377,0.2075,0.7547,0.0,SEVERE_DELAY,1
NJP,NEW JALPAIGURI ,112,13.21,16.98,69.81,0.0,05639,NJP,0.1321,0.1698,0.6981,0.0,SEVERE_DELAY,1
AUB,ALUABARI ROAD ,126,7.55,18.87,73.58,0.0,05639,AUB,0.0755,0.1887,0.7358,0.0,SEVERE_DELAY,1
KNE,KISHANGANJ ,136,5.66,20.75,73.58,0.0,05639,KNE,0.0566,0.2075,0.7358,0.0,SEVERE_DELAY,1
BOE,BARSOI JN ,151,1.89,20.75,77.36,0.0,05639,BOE,0.0189,0.2075,0.7736,0.0,SEVERE_DELAY,1
KDPR,KUMEDPUR ,159,1.89,18.87,79.25,0.0,05639,KDPR,0.0189,0.1887,0.7925,0.0,SEVERE_DELAY,1
MLDT,MALDA TOWN ,150,7.55,16.98,75.47,0.0,05639,MLDT,0.0755,0.1698,0.7547,0.0,SEVERE_DELAY,1
JRLE,JANGIPUR ROAD ,168,9.43,11.32,79.25,0.0,05639,JRLE,0.0943,0.1132,0.7925,0.0,SEVERE_DELAY,1
AZ,AZIMGANJ JN ,164,9.43,9.43,81.13,0.0,05639,AZ,0.0943,0.0943,0.8113,0.0,SEVERE_DELAY,1
KWAE,KATWA ,158,13.21,7.55,79.25,0.0,05639,KWAE,0.1321,0.0755,0.7925,0.0,SEVERE_DELAY,1
BDC,BANDEL JN ,148,15.09,15.09,69.81,0.0,05639,BDC,0.1509,0.1509,0.6981,0.0,SEVERE_DELAY,1
NH,NAIHATI JN ,147,13.21,18.87,67.92,0.0,05639,NH,0.1321,0.1887,0.6792,0.0,SEVERE_DELAY,1
KOAA,KOLKATA ,134,22.64,13.21,64.15,0.0,05639,KOAA,0.2264,0.1321,0.6415,0.0,SEVERE_DELAY,1
KOAA,KOLKATA ,161,15.38,17.31,67.31,0.0,05640,KOAA,0.1538,0.1731,0.6731,0.0,SEVERE_DELAY,1
NH,NAIHATI JN ,153,19.23,19.23,61.54,0.0,05640,NH,0.1923,0.1923,0.6154,0.0,SEVERE_DELAY,1
BDC,BANDEL JN ,165,15.38,13.46,71.15,0.0,05640,BDC,0.1538,0.1346,0.7115,0.0,SEVERE_DELAY,1
KWAE,KATWA ,159,11.54,25.0,63.46,0.0,05640,KWAE,0.1154,0.25,0.6346,0.0,SEVERE_DELAY,1
AZ,AZIMGANJ JN ,137,21.15,15.38,63.46,0.0,05640,AZ,0.2115,0.1538,0.6346,0.0,SEVERE_DELAY,1
JRLE,JANGIPUR ROAD ,126,25.0,23.08,51.92,0.0,05640,JRLE,0.25,0.2308,0.5192,0.0,SEVERE_DELAY,1
MLDT,MALDA TOWN ,149,19.23,17.31,63.46,0.0,05640,MLDT,0.1923,0.1731,0.6346,0.0,SEVERE_DELAY,1
KDPR,KUMEDPUR ,167,7.69,25.0,67.31,0.0,05640,KDPR,0.0769,0.25,0.6731,0.0,SEVERE_DELAY,1
BOE,BARSOI JN ,165,7.69,26.92,65.38,0.0,05640,BOE,0.0769,0.2692,0.6538,0.0,SEVERE_DELAY,1
KNE,KISHANGANJ ,190,3.85,23.08,73.08,0.0,05640,KNE,0.0385,0.2308,0.7308,0.0,SEVERE_DELAY,1
AUB,ALUABARI ROAD ,194,3.85,23.08,73.08,0.0,05640,AUB,0.0385,0.2308,0.7308,0.0,SEVERE_DELAY,1
NJP,NEW JALPAIGURI ,176,13.46,23.08,63.46,0.0,05640,NJP,0.1346,0.2308,0.6346,0.0,SEVERE_DELAY,1
DQG,DHUPGURI ,172,15.38,17.31,67.31,0.0,05640,DQG,0.1538,0.1731,0.6731,0.0,SEVERE_DELAY,1
NCB,NEW COOCH BEHAR ,194,9.62,13.46,76.92,0.0,05640,NCB,0.0962,0.1346,0.7692,0.0,SEVERE_DELAY,1
NOQ,NEW ALIPURDAUR ,193,5.77,17.31,76.92,0.0,05640,NOQ,0.0577,0.1731,0.7692,0.0,SEVERE_DELAY,1
GOGH,GOSSAIGAON HAT ,210,1.92,19.23,78.85,0.0,05640,GOGH,0.0192,0.1923,0.7885,0.0,SEVERE_DELAY,1
KOJ,KOKRAJHAR ,226,1.92,15.38,82.69,0.0,05640,KOJ,0.0192,0.1538,0.8269,0.0,SEVERE_DELAY,1
NBQ,NEW BONGAIGAON ,238,0.0,13.46,86.54,0.0,05640,NBQ,0.0,0.1346,0.8654,0.0,SEVERE_DELAY,1
GLPT,GOALPARA TOWN ,237,1.92,9.62,88.46,0.0,05640,GLPT,0.0192,0.0962,0.8846,0.0,SEVERE_DELAY,1
KYQ,KAMAKHYA ,237,11.54,5.77,82.69,0.0,05640,KYQ,0.1154,0.0577,0.8269,0.0,SEVERE_DELAY,1
GHY,GUWAHATI ,258,1.92,13.46,84.62,0.0,05640,GHY,0.0192,0.1346,0.8462,0.0,SEVERE_DELAY,1
HJI,HOJAI ,278,3.85,7.69,88.46,0.0,05640,HJI,0.0385,0.0769,0.8846,0.0,SEVERE_DELAY,1
LKA,LANKA ,281,3.85,5.77,90.38,0.0,05640,LKA,0.0385,0.0577,0.9038,0.0,SEVERE_DELAY,1
LMG,LUMDING JN ,281,1.92,7.69,90.38,0.0,05640,LMG,0.0192,0.0769,0.9038,0.0,SEVERE_DELAY,1
MBG,MAIBANG ,249,7.69,3.85,88.46,0.0,05640,MBG,0.0769,0.0385,0.8846,0.0,SEVERE_DELAY,1
NHLG,NEW HAFLONG ,258,5.77,7.69,86.54,0.0,05640,NHLG,0.0577,0.0769,0.8654,0.0,SEVERE_DELAY,1
NHGJ,NEW HARANGAJAO ,264,1.92,13.46,84.62,0.0,05640,NHGJ,0.0192,0.1346,0.8462,0.0,SEVERE_DELAY,1
BPB,BADARPUR JN ,239,9.62,7.69,82.69,0.0,05640,BPB,0.0962,0.0769,0.8269,0.0,SEVERE_DELAY,1
SCL,SILCHAR ,224,13.46,3.85,82.69,0.0,05640,SCL,0.1346,0.0385,0.8269,0.0,SEVERE_DELAY,1
GHY,GUWAHATI ,15,87.12,6.85,6.03,0.0,12346,GHY,0.8712,0.0685,0.0603,0.0,ON_TIME_RELIABLE,0
KYQ,KAMAKHYA ,16,85.75,7.4,6.85,0.0,12346,KYQ,0.8575,0.074,0.0685,0.0,MODERATE_DELAY,0
NBQ,NEW BONGAIGAON ,32,42.19,44.66,13.15,0.0,12346,NBQ,0.4219,0.4466,0.1315,0.0,MODERATE_DELAY,0
NOQ,NEW ALIPURDAUR ,39,33.97,45.75,20.27,0.0,12346,NOQ,0.3397,0.4575,0.2027,0.0,MODERATE_DELAY,0
NCB,NEW COOCH BEHAR ,55,13.42,56.44,30.14,0.0,12346,NCB,0.1342,0.5644,0.3014,0.0,SEVERE_DELAY,1
FLK,FALAKATA ,55,10.41,65.21,24.38,0.0,12346,FLK,0.1041,0.6521,0.2438,0.0,SEVERE_DELAY,1
DQG,DHUPGURI ,53,12.33,49.04,21.92,16.71,12346,DQG,0.1233,0.4904,0.2192,0.1671,SEVERE_DELAY,1
NJP,NEW JALPAIGURI ,40,42.74,33.97,23.29,0.0,12346,NJP,0.4274,0.3397,0.2329,0.0,MODERATE_DELAY,0
KNE,KISHANGANJ ,53,16.44,57.26,26.3,0.0,12346,KNE,0.1644,0.5726,0.263,0.0,SEVERE_DELAY,1
MLDT,MALDA TOWN ,46,32.6,42.19,25.21,0.0,12346,MLDT,0.326,0.4219,0.2521,0.0,SEVERE_DELAY,1
NFK,NEW FARAKKA JN ,43,58.36,15.34,26.3,0.0,12346,NFK,0.5836,0.1534,0.263,0.0,MODERATE_DELAY,1
RPH,RAMPUR HAT ,59,27.95,36.44,35.34,0.27,12346,RPH,0.2795,0.3644,0.3534,0.0027,SEVERE_DELAY,1
BHP,BOLPUR S NIKTN ,71,16.71,42.19,40.82,0.27,12346,BHP,0.1671,0.4219,0.4082,0.0027,SEVERE_DELAY,1
BWN,BARDDHAMAN JN ,58,36.99,30.14,32.6,0.27,12346,BWN,0.3699,0.3014,0.326,0.0027,SEVERE_DELAY,1
HWH,HOWRAH JN ,49,49.59,20.0,30.41,0.0,12346,HWH,0.4959,0.2,0.3041,0.0,SEVERE_DELAY,1
DBRG,DIBRUGARH ,8,78.9,0.82,2.19,18.08,12423,DBRG,0.789,0.0082,0.0219,0.1808,ON_TIME_RELIABLE,1
DBRT,DIBRUGARH TOWN ,3,17.81,0.0,0.27,81.92,12423,DBRT,0.1781,0.0,0.0027,0.8192,CANCEL_DISRUPTED,1
NTSK,NEW TINSUKIA JN ,9,94.25,2.74,2.47,0.55,12423,NTSK,0.9425,0.0274,0.0247,0.0055,ON_TIME_RELIABLE,0
MXN,MARIANI JN ,21,65.48,29.04,5.48,0.0,12423,MXN,0.6548,0.2904,0.0548,0.0,MODERATE_DELAY,0
DMV,DIMAPUR ,26,49.86,43.01,7.12,0.0,12423,DMV,0.4986,0.4301,0.0712,0.0,MODERATE_DELAY,0
LMG,LUMDING JN ,35,28.49,59.45,12.05,0.0,12423,LMG,0.2849,0.5945,0.1205,0.0,MODERATE_DELAY,0
CPK,CHAPARMUKH JN ,42,15.89,68.77,15.34,0.0,12423,CPK,0.1589,0.6877,0.1534,0.0,MODERATE_DELAY,0
GHY,GUWAHATI ,34,40.82,45.48,13.7,0.0,12423,GHY,0.4082,0.4548,0.137,0.0,MODERATE_DELAY,0
BNGN,BONGAIGAON ,27,1.1,2.74,0.27,95.89,12423,BNGN,0.011,0.0274,0.0027,0.9589,CANCEL_DISRUPTED,1
NBQ,NEW BONGAIGAON ,44,33.97,37.81,24.11,4.11,12423,NBQ,0.3397,0.3781,0.2411,0.0411,MODERATE_DELAY,0
KOJ,KOKRAJHAR ,50,29.59,43.84,26.58,0.0,12423,KOJ,0.2959,0.4384,0.2658,0.0,SEVERE_DELAY,1
NCB,NEW COOCH BEHAR ,67,12.88,46.58,40.55,0.0,12423,NCB,0.1288,0.4658,0.4055,0.0,SEVERE_DELAY,1
NJP,NEW JALPAIGURI ,48,48.77,24.38,26.85,0.0,12423,NJP,0.4877,0.2438,0.2685,0.0,SEVERE_DELAY,1
KNE,KISHANGANJ ,57,39.73,30.96,29.32,0.0,12423,KNE,0.3973,0.3096,0.2932,0.0,SEVERE_DELAY,1
KIR,KATIHAR JN ,50,58.36,13.7,27.95,0.0,12423,KIR,0.5836,0.137,0.2795,0.0,SEVERE_DELAY,1
NNA,NAUGACHIA ,53,53.7,18.9,27.4,0.0,12423,NNA,0.537,0.189,0.274,0.0,SEVERE_DELAY,1
BJU,BARAUNI JN ,60,38.36,31.23,30.41,0.0,12423,BJU,0.3836,0.3123,0.3041,0.0,SEVERE_DELAY,1
PPTA,PATLIPUTRA ,42,64.93,11.78,23.29,0.0,12423,PPTA,0.6493,0.1178,0.2329,0.0,MODERATE_DELAY,0
DNR,DANAPUR ,45,63.29,12.6,24.11,0.0,12423,DNR,0.6329,0.126,0.2411,0.0,MODERATE_DELAY,0
DDU,PT DEEN DAYAL UPADHYAY JN ,40,70.41,7.12,22.47,0.0,12423,MGS,0.7041,0.0712,0.2247,0.0,MODERATE_DELAY,0
PRYJ,PRAYAGRAJ JN ,62,48.49,25.75,25.75,0.0,12423,ALD,0.4849,0.2575,0.2575,0.0,SEVERE_DELAY,1
CNB,KANPUR CENTRAL ,76,31.78,40.0,28.22,0.0,12423,CNB,0.3178,0.4,0.2822,0.0,SEVERE_DELAY,1
NDLS,NEW DELHI ,88,61.37,9.04,29.59,0.0,12423,NDLS,0.6137,0.0904,0.2959,0.0,SEVERE_DELAY,1
NDLS,NEW DELHI ,5,96.71,1.92,1.37,0.0,12424,NDLS,0.9671,0.0192,0.0137,0.0,ON_TIME_RELIABLE,0
CNB,KANPUR CENTRAL ,21,66.3,28.22,5.48,0.0,12424,CNB,0.663,0.2822,0.0548,0.0,MODERATE_DELAY,0
PRYJ,PRAYAGRAJ JN ,39,30.41,58.63,10.96,0.0,12424,ALD,0.3041,0.5863,0.1096,0.0,MODERATE_DELAY,0
DDU,PT DEEN DAYAL UPADHYAY JN ,33,77.53,12.33,10.14,0.0,12424,MGS,0.7753,0.1233,0.1014,0.0,MODERATE_DELAY,0
DNR,DANAPUR ,46,53.7,33.97,12.33,0.0,12424,DNR,0.537,0.3397,0.1233,0.0,SEVERE_DELAY,1
PPTA,PATLIPUTRA ,36,73.15,15.07,11.78,0.0,12424,PPTA,0.7315,0.1507,0.1178,0.0,MODERATE_DELAY,0
BJU,BARAUNI JN ,25,73.7,11.23,8.49,6.58,12424,BJU,0.737,0.1123,0.0849,0.0658,MODERATE_DELAY,0
NNA,NAUGACHIA ,34,53.42,30.14,9.86,6.58,12424,NNA,0.5342,0.3014,0.0986,0.0658,MODERATE_DELAY,0
KIR,KATIHAR JN ,35,75.62,11.51,11.51,1.37,12424,KIR,0.7562,0.1151,0.1151,0.0137,MODERATE_DELAY,0
KNE,KISHANGANJ ,55,21.37,63.29,13.97,1.37,12424,KNE,0.2137,0.6329,0.1397,0.0137,SEVERE_DELAY,1
NJP,NEW JALPAIGURI ,46,63.84,21.92,14.25,0.0,12424,NJP,0.6384,0.2192,0.1425,0.0,SEVERE_DELAY,1
NCB,NEW COOCH BEHAR ,42,68.22,16.99,14.79,0.0,12424,NCB,0.6822,0.1699,0.1479,0.0,MODERATE_DELAY,0
KOJ,KOKRAJHAR ,56,47.67,33.97,18.36,0.0,12424,KOJ,0.4767,0.3397,0.1836,0.0,SEVERE_DELAY,1
NBQ,NEW BONGAIGAON ,47,66.03,18.08,15.89,0.0,12424,NBQ,0.6603,0.1808,0.1589,0.0,SEVERE_DELAY,1
GHY,GUWAHATI ,89,16.16,44.93,38.9,0.0,12424,GHY,0.1616,0.4493,0.389,0.0,SEVERE_DELAY,1
CPK,CHAPARMUKH JN ,102,7.95,43.01,49.04,0.0,12424,CPK,0.0795,0.4301,0.4904,0.0,SEVERE_DELAY,1
LMG,LUMDING JN ,89,20.55,39.18,40.27,0.0,12424,LMG,0.2055,0.3918,0.4027,0.0,SEVERE_DELAY,1
DMV,DIMAPUR ,98,16.71,39.73,43.56,0.0,12424,DMV,0.1671,0.3973,0.4356,0.0,SEVERE_DELAY,1
MXN,MARIANI JN ,85,26.3,35.89,37.81,0.0,12424,MXN,0.263,0.3589,0.3781,0.0,SEVERE_DELAY,1
NTSK,NEW TINSUKIA JN ,93,15.89,44.93,39.18,0.0,12424,NTSK,0.1589,0.4493,0.3918,0.0,SEVERE_DELAY,1
DBRG,DIBRUGARH ,91,43.01,8.22,30.96,17.81,12424,DBRG,0.4301,0.0822,0.3096,0.1781,SEVERE_DELAY,1
DBRT,DIBRUGARH TOWN ,16,13.97,2.47,1.37,82.19,12424,DBRT,0.1397,0.0247,0.0137,0.8219,CANCEL_DISRUPTED,1
SMVB,SMVT BENGALURU ,166,49.04,11.54,34.62,4.81,12503,SBC,0.4904,0.1154,0.3462,0.0481,SEVERE_DELAY,1
WFD,WHITEFIELD ,182,40.38,13.46,41.35,4.81,12503,WFD,0.4038,0.1346,0.4135,0.0481,SEVERE_DELAY,1
KPD,KATPADI JN ,205,27.88,22.12,45.19,4.81,12503,KPD,0.2788,0.2212,0.4519,0.0481,SEVERE_DELAY,1
PER,PERAMBUR ,209,24.04,24.04,47.12,4.81,12503,PER,0.2404,0.2404,0.4712,0.0481,SEVERE_DELAY,1
BZA,VIJAYAWADA JN ,247,10.58,21.15,63.46,4.81,12503,BZA,0.1058,0.2115,0.6346,0.0481,SEVERE_DELAY,1
DVD,DUVVADA ,229,32.69,6.73,55.77,4.81,12503,DVD,0.3269,0.0673,0.5577,0.0481,SEVERE_DELAY,1
VSKP,VISHAKAPATNAM ,237,29.81,8.65,56.73,4.81,12503,VSKP,0.2981,0.0865,0.5673,0.0481,SEVERE_DELAY,1
VZM,VIZIANAGRAM JN ,243,21.15,16.35,57.69,4.81,12503,VZM,0.2115,0.1635,0.5769,0.0481,SEVERE_DELAY,1
CHE,SRIKAKULAM ROAD ,247,20.19,18.27,55.77,5.77,12503,CHE,0.2019,0.1827,0.5577,0.0577,SEVERE_DELAY,1
PSA,PALASA ,243,25.0,12.5,56.73,5.77,12503,PSA,0.25,0.125,0.5673,0.0577,SEVERE_DELAY,1
BAM,BRAHMAPUR ,259,12.5,23.08,58.65,5.77,12503,BAM,0.125,0.2308,0.5865,0.0577,SEVERE_DELAY,1
KUR,KHURDA ROAD JN ,285,2.88,23.08,68.27,5.77,12503,KUR,0.0288,0.2308,0.6827,0.0577,SEVERE_DELAY,1
BBS,BHUBANESWAR ,289,2.88,19.23,72.12,5.77,12503,BBS,0.0288,0.1923,0.7212,0.0577,SEVERE_DELAY,1
CTC,CUTTACK ,299,0.0,17.31,76.92,5.77,12503,CTC,0.0,0.1731,0.7692,0.0577,SEVERE_DELAY,1
BHC,BHADRAKH ,277,8.65,23.08,61.54,6.73,12503,BHC,0.0865,0.2308,0.6154,0.0673,SEVERE_DELAY,1
KGP,KHARAGPUR JN ,314,4.81,16.35,74.04,4.81,12503,KGP,0.0481,0.1635,0.7404,0.0481,SEVERE_DELAY,1
ADL,ANDUL ,329,2.88,16.35,75.96,4.81,12503,ADL,0.0288,0.1635,0.7596,0.0481,SEVERE_DELAY,1
DKAE,DANKUNI ,331,4.81,15.38,70.19,9.62,12503,DKAE,0.0481,0.1538,0.7019,0.0962,SEVERE_DELAY,1
RPH,RAMPUR HAT ,393,0.96,5.77,83.65,9.62,12503,RPH,0.0096,0.0577,0.8365,0.0962,SEVERE_DELAY,1
MLDT,MALDA TOWN ,402,1.92,5.77,87.5,4.81,12503,MLDT,0.0192,0.0577,0.875,0.0481,SEVERE_DELAY,1
KNE,KISHANGANJ ,450,0.96,3.85,90.38,4.81,12503,KNE,0.0096,0.0385,0.9038,0.0481,SEVERE_DELAY,1
NJP,NEW JALPAIGURI ,438,1.92,3.85,89.42,4.81,12503,NJP,0.0192,0.0385,0.8942,0.0481,SEVERE_DELAY,1
NBQ,NEW BONGAIGAON ,456,0.96,4.81,89.42,4.81,12503,NBQ,0.0096,0.0481,0.8942,0.0481,SEVERE_DELAY,1
KYQ,KAMAKHYA ,472,1.92,1.92,91.35,4.81,12503,KYQ,0.0192,0.0192,0.9135,0.0481,SEVERE_DELAY,1
GHY,GUWAHATI ,497,0.0,3.85,91.35,4.81,12503,GHY,0.0,0.0385,0.9135,0.0481,SEVERE_DELAY,1
NHLG,NEW HAFLONG ,518,0.96,1.92,92.31,4.81,12503,NHLG,0.0096,0.0192,0.9231,0.0481,SEVERE_DELAY,1
BPB,BADARPUR JN ,506,0.0,3.85,91.35,4.81,12503,BPB,0.0,0.0385,0.9135,0.0481,SEVERE_DELAY,1
NKMG,NEW KARIMGANJ ,503,0.0,3.85,91.35,4.81,12503,KXJ,0.0,0.0385,0.9135,0.0481,SEVERE_DELAY,1
DMR,DHARMANAGAR ,493,0.96,3.85,90.38,4.81,12503,DMR,0.0096,0.0385,0.9038,0.0481,SEVERE_DELAY,1
ABSA,AMBASA ,492,0.96,3.85,89.42,5.77,12503,ABSA,0.0096,0.0385,0.8942,0.0577,SEVERE_DELAY,1
AGTL,AGARTALA ,457,5.77,5.77,82.69,5.77,12503,AGTL,0.0577,0.0577,0.8269,0.0577,SEVERE_DELAY,1
AGTL,AGARTALA ,60,77.88,2.88,13.46,5.77,12504,AGTL,0.7788,0.0288,0.1346,0.0577,SEVERE_DELAY,1
ABSA,AMBASA ,72,60.58,18.27,15.38,5.77,12504,ABSA,0.6058,0.1827,0.1538,0.0577,SEVERE_DELAY,1
DMR,DHARMANAGAR ,76,64.42,12.5,17.31,5.77,12504,DMR,0.6442,0.125,0.1731,0.0577,SEVERE_DELAY,1
NKMG,NEW KARIMGANJ ,77,64.42,12.5,17.31,5.77,12504,KXJ,0.6442,0.125,0.1731,0.0577,SEVERE_DELAY,1
BPB,BADARPUR JN ,86,51.92,25.0,17.31,5.77,12504,BPB,0.5192,0.25,0.1731,0.0577,SEVERE_DELAY,1
NHLG,NEW HAFLONG ,92,44.23,29.81,20.19,5.77,12504,NHLG,0.4423,0.2981,0.2019,0.0577,SEVERE_DELAY,1
GHY,GUWAHATI ,87,50.0,25.0,19.23,5.77,12504,GHY,0.5,0.25,0.1923,0.0577,SEVERE_DELAY,1
KYQ,KAMAKHYA ,97,22.12,51.92,20.19,5.77,12504,KYQ,0.2212,0.5192,0.2019,0.0577,SEVERE_DELAY,1
NBQ,NEW BONGAIGAON ,81,59.62,13.46,21.15,5.77,12504,NBQ,0.5962,0.1346,0.2115,0.0577,SEVERE_DELAY,1
NJP,NEW JALPAIGURI ,104,28.85,34.62,30.77,5.77,12504,NJP,0.2885,0.3462,0.3077,0.0577,SEVERE_DELAY,1
KNE,KISHANGANJ ,121,9.62,47.12,37.5,5.77,12504,KNE,0.0962,0.4712,0.375,0.0577,SEVERE_DELAY,1
MLDT,MALDA TOWN ,117,35.58,19.23,39.42,5.77,12504,MLDT,0.3558,0.1923,0.3942,0.0577,SEVERE_DELAY,1
RPH,RAMPUR HAT ,152,8.65,33.65,46.15,11.54,12504,RPH,0.0865,0.3365,0.4615,0.1154,SEVERE_DELAY,1
DKAE,DANKUNI ,165,11.54,25.0,51.92,11.54,12504,DKAE,0.1154,0.25,0.5192,0.1154,SEVERE_DELAY,1
ADL,ANDUL ,168,10.58,26.92,56.73,5.77,12504,ADL,0.1058,0.2692,0.5673,0.0577,SEVERE_DELAY,1
KGP,KHARAGPUR JN ,185,10.58,18.27,65.38,5.77,12504,KGP,0.1058,0.1827,0.6538,0.0577,SEVERE_DELAY,1
BHC,BHADRAKH ,189,13.46,15.38,64.42,6.73,12504,BHC,0.1346,0.1538,0.6442,0.0673,SEVERE_DELAY,1
CTC,CUTTACK ,224,4.81,9.62,78.85,6.73,12504,CTC,0.0481,0.0962,0.7885,0.0673,SEVERE_DELAY,1
BBS,BHUBANESWAR ,240,0.0,10.58,82.69,6.73,12504,BBS,0.0,0.1058,0.8269,0.0673,SEVERE_DELAY,1
KUR,KHURDA ROAD JN ,256,0.0,7.69,85.58,6.73,12504,KUR,0.0,0.0769,0.8558,0.0673,SEVERE_DELAY,1
BAM,BRAHMAPUR ,288,0.0,2.88,90.38,6.73,12504,BAM,0.0,0.0288,0.9038,0.0673,SEVERE_DELAY,1
PSA,PALASA ,254,0.96,3.85,88.46,6.73,12504,PSA,0.0096,0.0385,0.8846,0.0673,SEVERE_DELAY,1
CHE,SRIKAKULAM ROAD ,267,0.96,1.92,90.38,6.73,12504,CHE,0.0096,0.0192,0.9038,0.0673,SEVERE_DELAY,1
VZM,VIZIANAGRAM JN ,277,0.96,1.92,91.35,5.77,12504,VZM,0.0096,0.0192,0.9135,0.0577,SEVERE_DELAY,1
VSKP,VISHAKAPATNAM ,289,0.96,2.88,89.42,6.73,12504,VSKP,0.0096,0.0288,0.8942,0.0673,SEVERE_DELAY,1
DVD,DUVVADA ,286,0.96,3.85,88.46,6.73,12504,DVD,0.0096,0.0385,0.8846,0.0673,SEVERE_DELAY,1
BZA,VIJAYAWADA JN ,345,0.0,2.88,91.35,5.77,12504,BZA,0.0,0.0288,0.9135,0.0577,SEVERE_DELAY,1
PER,PERAMBUR ,381,0.0,1.92,90.38,7.69,12504,PER,0.0,0.0192,0.9038,0.0769,SEVERE_DELAY,1
KPD,KATPADI JN ,359,0.96,1.92,91.35,5.77,12504,KPD,0.0096,0.0192,0.9135,0.0577,SEVERE_DELAY,1
WFD,WHITEFIELD ,371,0.0,3.85,90.38,5.77,12504,WFD,0.0,0.0385,0.9038,0.0577,SEVERE_DELAY,1
SMVB,SMVT BENGALURU ,342,1.92,3.85,88.46,5.77,12504,SBC,0.0192,0.0385,0.8846,0.0577,SEVERE_DELAY,1
TVC,TRIVANDRUM CNTL ,6,86.54,7.69,1.92,3.85,12507,TVC,0.8654,0.0769,0.0192,0.0385,ON_TIME_RELIABLE,0
QLN,KOLLAM JN ,15,65.38,28.85,1.92,3.85,12507,QLN,0.6538,0.2885,0.0192,0.0385,MODERATE_DELAY,0
KYJ,KAYANKULAM JN ,17,59.62,34.62,1.92,3.85,12507,KYJ,0.5962,0.3462,0.0192,0.0385,MODERATE_DELAY,0
MVLK,MAVELIKARA ,19,53.85,40.38,1.92,3.85,12507,MVLK,0.5385,0.4038,0.0192,0.0385,MODERATE_DELAY,0
CNGR,CHENGANNUR ,24,34.62,59.62,1.92,3.85,12507,CNGR,0.3462,0.5962,0.0192,0.0385,MODERATE_DELAY,0
TRVL,TIRUVALLA ,27,26.92,63.46,5.77,3.85,12507,TRVL,0.2692,0.6346,0.0577,0.0385,MODERATE_DELAY,0
KTYM,KOTTAYAM ,21,42.31,51.92,1.92,3.85,12507,KTYM,0.4231,0.5192,0.0192,0.0385,MODERATE_DELAY,0
ERN,ERNAKULAM TOWN ,18,57.69,34.62,3.85,3.85,12507,ERN,0.5769,0.3462,0.0385,0.0385,MODERATE_DELAY,0
AWY,ALUVA ,20,51.92,38.46,5.77,3.85,12507,AWY,0.5192,0.3846,0.0577,0.0385,MODERATE_DELAY,0
TCR,THRISUR ,26,42.31,44.23,9.62,3.85,12507,TCR,0.4231,0.4423,0.0962,0.0385,MODERATE_DELAY,0
PGT,PALAKKAD JN ,17,63.46,26.92,5.77,3.85,12507,PGT,0.6346,0.2692,0.0577,0.0385,MODERATE_DELAY,0
CBE,COIMBATORE JN ,23,44.23,46.15,5.77,3.85,12507,CBE,0.4423,0.4615,0.0577,0.0385,MODERATE_DELAY,0
TUP,TIRUPPUR ,28,40.38,48.08,7.69,3.85,12507,TUP,0.4038,0.4808,0.0769,0.0385,MODERATE_DELAY,0
ED,ERODE JN ,34,25.0,61.54,9.62,3.85,12507,ED,0.25,0.6154,0.0962,0.0385,MODERATE_DELAY,0
SA,SALEM JN ,35,15.38,69.23,11.54,3.85,12507,SA,0.1538,0.6923,0.1154,0.0385,MODERATE_DELAY,0
JTJ,JOLARPETTAI ,29,38.46,46.15,11.54,3.85,12507,JTJ,0.3846,0.4615,0.1154,0.0385,MODERATE_DELAY,0
KPD,KATPADI JN ,36,21.15,63.46,11.54,3.85,12507,KPD,0.2115,0.6346,0.1154,0.0385,MODERATE_DELAY,0
AJJ,ARAKKONAM ,39,13.46,65.38,15.38,5.77,12507,AJJ,0.1346,0.6538,0.1538,0.0577,MODERATE_DELAY,0
PER,PERAMBUR ,45,9.62,65.38,19.23,5.77,12507,PER,0.0962,0.6538,0.1923,0.0577,MODERATE_DELAY,0
OGL,ONGOLE ,62,0.0,59.62,36.54,3.85,12507,OGL,0.0,0.5962,0.3654,0.0385,SEVERE_DELAY,1
BZA,VIJAYAWADA JN ,70,3.85,44.23,48.08,3.85,12507,BZA,0.0385,0.4423,0.4808,0.0385,SEVERE_DELAY,1
RJY,RAJAMUNDRY ,99,0.0,17.31,78.85,3.85,12507,RJY,0.0,0.1731,0.7885,0.0385,SEVERE_DELAY,1
VSKP,VISHAKAPATNAM ,128,1.92,11.54,82.69,3.85,12507,VSKP,0.0192,0.1154,0.8269,0.0385,SEVERE_DELAY,1
VZM,VIZIANAGRAM JN ,139,1.92,7.69,86.54,3.85,12507,VZM,0.0192,0.0769,0.8654,0.0385,SEVERE_DELAY,1
CHE,SRIKAKULAM ROAD ,145,0.0,9.62,86.54,3.85,12507,CHE,0.0,0.0962,0.8654,0.0385,SEVERE_DELAY,1
PSA,PALASA ,135,1.92,13.46,80.77,3.85,12507,PSA,0.0192,0.1346,0.8077,0.0385,SEVERE_DELAY,1
BAM,BRAHMAPUR ,144,0.0,5.77,90.38,3.85,12507,BAM,0.0,0.0577,0.9038,0.0385,SEVERE_DELAY,1
BALU,BALUGAN ,169,0.0,3.85,92.31,3.85,12507,BALU,0.0,0.0385,0.9231,0.0385,SEVERE_DELAY,1
KUR,KHURDA ROAD JN ,167,0.0,1.92,94.23,3.85,12507,KUR,0.0,0.0192,0.9423,0.0385,SEVERE_DELAY,1
BBS,BHUBANESWAR ,176,0.0,0.0,96.15,3.85,12507,BBS,0.0,0.0,0.9615,0.0385,SEVERE_DELAY,1
CTC,CUTTACK ,170,0.0,3.85,92.31,3.85,12507,CTC,0.0,0.0385,0.9231,0.0385,SEVERE_DELAY,1
JJKR,JAJPUR K ROAD ,186,0.0,1.92,94.23,3.85,12507,JJKR,0.0,0.0192,0.9423,0.0385,SEVERE_DELAY,1
BHC,BHADRAKH ,186,0.0,1.92,94.23,3.85,12507,BHC,0.0,0.0192,0.9423,0.0385,SEVERE_DELAY,1
BLS,BALASORE ,201,0.0,3.85,92.31,3.85,12507,BLS,0.0,0.0385,0.9231,0.0385,SEVERE_DELAY,1
KGP,KHARAGPUR JN ,218,0.0,3.85,92.31,3.85,12507,KGP,0.0,0.0385,0.9231,0.0385,SEVERE_DELAY,1
DKAE,DANKUNI ,237,0.0,1.92,88.46,9.62,12507,DKAE,0.0,0.0192,0.8846,0.0962,SEVERE_DELAY,1
BHP,BOLPUR S NIKTN ,299,0.0,0.0,90.38,9.62,12507,BHP,0.0,0.0,0.9038,0.0962,SEVERE_DELAY,1
RPH,RAMPUR HAT ,321,0.0,0.0,90.38,9.62,12507,RPH,0.0,0.0,0.9038,0.0962,SEVERE_DELAY,1
PKR,PAKUR ,339,0.0,0.0,90.38,9.62,12507,PKR,0.0,0.0,0.9038,0.0962,SEVERE_DELAY,1
MLDT,MALDA TOWN ,314,0.0,1.92,94.23,3.85,12507,MLDT,0.0,0.0192,0.9423,0.0385,SEVERE_DELAY,1
KNE,KISHANGANJ ,359,0.0,0.0,96.15,3.85,12507,KNE,0.0,0.0,0.9615,0.0385,SEVERE_DELAY,1
NJP,NEW JALPAIGURI ,344,0.0,0.0,96.15,3.85,12507,NJP,0.0,0.0,0.9615,0.0385,SEVERE_DELAY,1
DQG,DHUPGURI ,348,0.0,0.0,96.15,3.85,12507,DQG,0.0,0.0,0.9615,0.0385,SEVERE_DELAY,1
NCB,NEW COOCH BEHAR ,356,0.0,0.0,96.15,3.85,12507,NCB,0.0,0.0,0.9615,0.0385,SEVERE_DELAY,1
NOQ,NEW ALIPURDAUR ,364,0.0,0.0,96.15,3.85,12507,NOQ,0.0,0.0,0.9615,0.0385,SEVERE_DELAY,1
KOJ,KOKRAJHAR ,373,0.0,0.0,96.15,3.85,12507,KOJ,0.0,0.0,0.9615,0.0385,SEVERE_DELAY,1
NBQ,NEW BONGAIGAON ,353,0.0,1.92,94.23,3.85,12507,NBQ,0.0,0.0192,0.9423,0.0385,SEVERE_DELAY,1
BPRD,BARPETA ROAD ,388,0.0,1.92,94.23,3.85,12507,BPRD,0.0,0.0192,0.9423,0.0385,SEVERE_DELAY,1
RNY,RANGIYA JN ,447,0.0,0.0,96.15,3.85,12507,RNY,0.0,0.0,0.9615,0.0385,SEVERE_DELAY,1
KYQ,KAMAKHYA ,455,0.0,1.92,94.23,3.85,12507,KYQ,0.0,0.0192,0.9423,0.0385,SEVERE_DELAY,1
GHY,GUWAHATI ,475,0.0,0.0,96.15,3.85,12507,GHY,0.0,0.0,0.9615,0.0385,SEVERE_DELAY,1
HJI,HOJAI ,529,0.0,0.0,96.15,3.85,12507,HJI,0.0,0.0,0.9615,0.0385,SEVERE_DELAY,1
LMG,LUMDING JN ,567,0.0,0.0,94.23,5.77,12507,LMG,0.0,0.0,0.9423,0.0577,SEVERE_DELAY,1
MBG,MAIBANG ,570,0.0,0.0,96.15,3.85,12507,MBG,0.0,0.0,0.9615,0.0385,SEVERE_DELAY,1
NHLG,NEW HAFLONG ,552,0.0,0.0,96.15,3.85,12507,NHLG,0.0,0.0,0.9615,0.0385,SEVERE_DELAY,1
BPB,BADARPUR JN ,512,0.0,1.92,94.23,3.85,12507,BPB,0.0,0.0192,0.9423,0.0385,SEVERE_DELAY,1
SCL,SILCHAR ,479,1.92,0.0,94.23,3.85,12507,SCL,0.0192,0.0,0.9423,0.0385,SEVERE_DELAY,1
SCL,SILCHAR ,18,84.91,5.66,5.66,3.77,12508,SCL,0.8491,0.0566,0.0566,0.0377,MODERATE_DELAY,0
BPB,BADARPUR JN ,33,62.26,22.64,11.32,3.77,12508,BPB,0.6226,0.2264,0.1132,0.0377,MODERATE_DELAY,0
NHLG,NEW HAFLONG ,29,67.92,18.87,9.43,3.77,12508,NHLG,0.6792,0.1887,0.0943,0.0377,MODERATE_DELAY,0
MBG,MAIBANG ,25,69.81,16.98,9.43,3.77,12508,MBG,0.6981,0.1698,0.0943,0.0377,MODERATE_DELAY,0
LMG,LUMDING JN ,46,30.19,47.17,18.87,3.77,12508,LMG,0.3019,0.4717,0.1887,0.0377,SEVERE_DELAY,1
HJI,HOJAI ,51,26.42,47.17,22.64,3.77,12508,HJI,0.2642,0.4717,0.2264,0.0377,SEVERE_DELAY,1
GHY,GUWAHATI ,78,24.53,24.53,47.17,3.77,12508,GHY,0.2453,0.2453,0.4717,0.0377,SEVERE_DELAY,1
KYQ,KAMAKHYA ,82,20.75,28.3,47.17,3.77,12508,KYQ,0.2075,0.283,0.4717,0.0377,SEVERE_DELAY,1
RNY,RANGIYA JN ,106,5.66,28.3,62.26,3.77,12508,RNY,0.0566,0.283,0.6226,0.0377,SEVERE_DELAY,1
BPRD,BARPETA ROAD ,132,0.0,18.87,77.36,3.77,12508,BPRD,0.0,0.1887,0.7736,0.0377,SEVERE_DELAY,1
BNGN,BONGAIGAON ,219,0.0,0.0,3.77,96.23,12508,BNGN,0.0,0.0,0.0377,0.9623,CANCEL_DISRUPTED,1
NBQ,NEW BONGAIGAON ,95,11.32,22.64,58.49,7.55,12508,NBQ,0.1132,0.2264,0.5849,0.0755,SEVERE_DELAY,1
KOJ,KOKRAJHAR ,105,11.32,24.53,60.38,3.77,12508,KOJ,0.1132,0.2453,0.6038,0.0377,SEVERE_DELAY,1
NOQ,NEW ALIPURDAUR ,124,3.77,22.64,69.81,3.77,12508,NOQ,0.0377,0.2264,0.6981,0.0377,SEVERE_DELAY,1
NCB,NEW COOCH BEHAR ,132,1.89,15.09,79.25,3.77,12508,NCB,0.0189,0.1509,0.7925,0.0377,SEVERE_DELAY,1
DQG,DHUPGURI ,137,0.0,15.09,79.25,5.66,12508,DQG,0.0,0.1509,0.7925,0.0566,SEVERE_DELAY,1
NJP,NEW JALPAIGURI ,109,18.87,18.87,58.49,3.77,12508,NJP,0.1887,0.1887,0.5849,0.0377,SEVERE_DELAY,1
KNE,KISHANGANJ ,133,7.55,15.09,73.58,3.77,12508,KNE,0.0755,0.1509,0.7358,0.0377,SEVERE_DELAY,1
MLDT,MALDA TOWN ,113,24.53,22.64,49.06,3.77,12508,MLDT,0.2453,0.2264,0.4906,0.0377,SEVERE_DELAY,1
PKR,PAKUR ,114,24.53,22.64,43.4,9.43,12508,PKR,0.2453,0.2264,0.434,0.0943,SEVERE_DELAY,1
RPH,RAMPUR HAT ,113,18.87,20.75,50.94,9.43,12508,RPH,0.1887,0.2075,0.5094,0.0943,SEVERE_DELAY,1
BHP,BOLPUR S NIKTN ,129,7.55,22.64,60.38,9.43,12508,BHP,0.0755,0.2264,0.6038,0.0943,SEVERE_DELAY,1
DKAE,DANKUNI ,168,1.89,20.75,64.15,13.21,12508,DKAE,0.0189,0.2075,0.6415,0.1321,SEVERE_DELAY,1
KGP,KHARAGPUR JN ,170,7.55,20.75,67.92,3.77,12508,KGP,0.0755,0.2075,0.6792,0.0377,SEVERE_DELAY,1
BLS,BALASORE ,177,5.66,22.64,66.04,5.66,12508,BLS,0.0566,0.2264,0.6604,0.0566,SEVERE_DELAY,1
BHC,BHADRAKH ,192,3.77,16.98,73.58,5.66,12508,BHC,0.0377,0.1698,0.7358,0.0566,SEVERE_DELAY,1
JJKR,JAJPUR K ROAD ,200,1.89,13.21,79.25,5.66,12508,JJKR,0.0189,0.1321,0.7925,0.0566,SEVERE_DELAY,1
CTC,CUTTACK ,213,3.77,11.32,79.25,5.66,12508,CTC,0.0377,0.1132,0.7925,0.0566,SEVERE_DELAY,1
BBS,BHUBANESWAR ,220,3.77,11.32,79.25,5.66,12508,BBS,0.0377,0.1132,0.7925,0.0566,SEVERE_DELAY,1
KUR,KHURDA ROAD JN ,222,3.77,11.32,79.25,5.66,12508,KUR,0.0377,0.1132,0.7925,0.0566,SEVERE_DELAY,1
BALU,BALUGAN ,241,1.89,7.55,84.91,5.66,12508,BALU,0.0189,0.0755,0.8491,0.0566,SEVERE_DELAY,1
BAM,BRAHMAPUR ,243,3.77,5.66,84.91,5.66,12508,BAM,0.0377,0.0566,0.8491,0.0566,SEVERE_DELAY,1
PSA,PALASA ,222,3.77,16.98,73.58,5.66,12508,PSA,0.0377,0.1698,0.7358,0.0566,SEVERE_DELAY,1
CHE,SRIKAKULAM ROAD ,232,3.77,5.66,84.91,5.66,12508,CHE,0.0377,0.0566,0.8491,0.0566,SEVERE_DELAY,1
VZM,VIZIANAGRAM JN ,248,3.77,5.66,86.79,3.77,12508,VZM,0.0377,0.0566,0.8679,0.0377,SEVERE_DELAY,1
VSKP,VISHAKAPATNAM ,254,5.66,7.55,83.02,3.77,12508,VSKP,0.0566,0.0755,0.8302,0.0377,SEVERE_DELAY,1
RJY,RAJAMUNDRY ,284,0.0,7.55,88.68,3.77,12508,RJY,0.0,0.0755,0.8868,0.0377,SEVERE_DELAY,1
BZA,VIJAYAWADA JN ,291,1.89,3.77,90.57,3.77,12508,BZA,0.0189,0.0377,0.9057,0.0377,SEVERE_DELAY,1
PER,PERAMBUR ,312,3.77,3.77,88.68,3.77,12508,PER,0.0377,0.0377,0.8868,0.0377,SEVERE_DELAY,1
AJJ,ARAKKONAM ,310,3.77,3.77,88.68,3.77,12508,AJJ,0.0377,0.0377,0.8868,0.0377,SEVERE_DELAY,1
KPD,KATPADI JN ,305,3.77,3.77,88.68,3.77,12508,KPD,0.0377,0.0377,0.8868,0.0377,SEVERE_DELAY,1
JTJ,JOLARPETTAI ,302,3.77,5.66,86.79,3.77,12508,JTJ,0.0377,0.0566,0.8679,0.0377,SEVERE_DELAY,1
SA,SALEM JN ,310,3.77,7.55,84.91,3.77,12508,SA,0.0377,0.0755,0.8491,0.0377,SEVERE_DELAY,1
ED,ERODE JN ,309,3.77,9.43,83.02,3.77,12508,ED,0.0377,0.0943,0.8302,0.0377,SEVERE_DELAY,1
TUP,TIRUPPUR ,310,1.89,13.21,81.13,3.77,12508,TUP,0.0189,0.1321,0.8113,0.0377,SEVERE_DELAY,1
CBE,COIMBATORE JN ,300,3.77,13.21,79.25,3.77,12508,CBE,0.0377,0.1321,0.7925,0.0377,SEVERE_DELAY,1
PGT,PALAKKAD JN ,309,3.77,15.09,77.36,3.77,12508,PGT,0.0377,0.1509,0.7736,0.0377,SEVERE_DELAY,1
TCR,THRISUR ,316,9.43,7.55,79.25,3.77,12508,TCR,0.0943,0.0755,0.7925,0.0377,SEVERE_DELAY,1
AWY,ALUVA ,309,13.21,3.77,79.25,3.77,12508,AWY,0.1321,0.0377,0.7925,0.0377,SEVERE_DELAY,1
ERN,ERNAKULAM TOWN ,315,13.21,3.77,79.25,3.77,12508,ERN,0.1321,0.0377,0.7925,0.0377,SEVERE_DELAY,1
KTYM,KOTTAYAM ,316,13.21,3.77,79.25,3.77,12508,KTYM,0.1321,0.0377,0.7925,0.0377,SEVERE_DELAY,1
TRVL,TIRUVALLA ,314,13.21,3.77,79.25,3.77,12508,TRVL,0.1321,0.0377,0.7925,0.0377,SEVERE_DELAY,1
CNGR,CHENGANNUR ,316,13.21,3.77,79.25,3.77,12508,CNGR,0.1321,0.0377,0.7925,0.0377,SEVERE_DELAY,1
MVLK,MAVELIKARA ,318,13.21,3.77,79.25,3.77,12508,MVLK,0.1321,0.0377,0.7925,0.0377,SEVERE_DELAY,1
KYJ,KAYANKULAM JN ,317,13.21,3.77,79.25,3.77,12508,KYJ,0.1321,0.0377,0.7925,0.0377,SEVERE_DELAY,1
QLN,KOLLAM JN ,317,9.43,7.55,79.25,3.77,12508,QLN,0.0943,0.0755,0.7925,0.0377,SEVERE_DELAY,1
TVC,TRIVANDRUM CNTL ,292,15.09,1.89,79.25,3.77,12508,TVC,0.1509,0.0189,0.7925,0.0377,SEVERE_DELAY,1
SMVB,SMVT BENGALURU ,9,84.08,7.64,2.55,5.73,12509,SBC,0.8408,0.0764,0.0255,0.0573,ON_TIME_RELIABLE,0
KJM,KRISHNARAJAPURM ,19,65.61,24.84,3.82,5.73,12509,KJM,0.6561,0.2484,0.0382,0.0573,MODERATE_DELAY,0
BWT,BANGARAPET ,28,33.12,53.5,7.64,5.73,12509,BWT,0.3312,0.535,0.0764,0.0573,MODERATE_DELAY,0
JTJ,JOLARPETTAI ,22,63.69,23.57,7.01,5.73,12509,JTJ,0.6369,0.2357,0.0701,0.0573,MODERATE_DELAY,0
KPD,KATPADI JN ,26,52.87,31.85,9.55,5.73,12509,KPD,0.5287,0.3185,0.0955,0.0573,MODERATE_DELAY,0
AJJ,ARAKKONAM ,32,42.68,38.22,13.38,5.73,12509,AJJ,0.4268,0.3822,0.1338,0.0573,MODERATE_DELAY,0
PER,PERAMBUR ,37,26.75,53.5,14.01,5.73,12509,PER,0.2675,0.535,0.1401,0.0573,MODERATE_DELAY,0
OGL,ONGOLE ,40,25.48,50.32,18.47,5.73,12509,OGL,0.2548,0.5032,0.1847,0.0573,MODERATE_DELAY,0
BZA,VIJAYAWADA JN ,47,28.66,42.04,23.57,5.73,12509,BZA,0.2866,0.4204,0.2357,0.0573,SEVERE_DELAY,1
RJY,RAJAMUNDRY ,90,7.01,27.39,59.87,5.73,12509,RJY,0.0701,0.2739,0.5987,0.0573,SEVERE_DELAY,1
VSKP,VISHAKAPATNAM ,93,18.47,22.93,52.87,5.73,12509,VSKP,0.1847,0.2293,0.5287,0.0573,SEVERE_DELAY,1
VZM,VIZIANAGRAM JN ,105,10.19,28.66,55.41,5.73,12509,VZM,0.1019,0.2866,0.5541,0.0573,SEVERE_DELAY,1
CHE,SRIKAKULAM ROAD ,110,5.73,31.21,56.69,6.37,12509,CHE,0.0573,0.3121,0.5669,0.0637,SEVERE_DELAY,1
PSA,PALASA ,104,15.92,22.93,54.78,6.37,12509,PSA,0.1592,0.2293,0.5478,0.0637,SEVERE_DELAY,1
BAM,BRAHMAPUR ,104,15.92,24.2,53.5,6.37,12509,BAM,0.1592,0.242,0.535,0.0637,SEVERE_DELAY,1
BALU,BALUGAN ,115,6.37,26.75,60.51,6.37,12509,BALU,0.0637,0.2675,0.6051,0.0637,SEVERE_DELAY,1
KUR,KHURDA ROAD JN ,126,3.82,25.48,64.33,6.37,12509,KUR,0.0382,0.2548,0.6433,0.0637,SEVERE_DELAY,1
BBS,BHUBANESWAR ,130,3.82,24.84,64.97,6.37,12509,BBS,0.0382,0.2484,0.6497,0.0637,SEVERE_DELAY,1
CTC,CUTTACK ,131,2.55,21.02,66.24,10.19,12509,CTC,0.0255,0.2102,0.6624,0.1019,SEVERE_DELAY,1
JJKR,JAJPUR K ROAD ,149,1.27,12.74,75.8,10.19,12509,JJKR,0.0127,0.1274,0.758,0.1019,SEVERE_DELAY,1
BHC,BHADRAKH ,126,5.73,21.66,62.42,10.19,12509,BHC,0.0573,0.2166,0.6242,0.1019,SEVERE_DELAY,1
BLS,BALASORE ,139,3.82,19.11,66.88,10.19,12509,BLS,0.0382,0.1911,0.6688,0.1019,SEVERE_DELAY,1
KGP,KHARAGPUR JN ,148,2.55,17.2,70.7,9.55,12509,KGP,0.0255,0.172,0.707,0.0955,SEVERE_DELAY,1
DKAE,DANKUNI ,155,6.37,9.55,73.25,10.83,12509,DKAE,0.0637,0.0955,0.7325,0.1083,SEVERE_DELAY,1
BHP,BOLPUR S NIKTN ,189,3.18,6.37,79.62,10.83,12509,BHP,0.0318,0.0637,0.7962,0.1083,SEVERE_DELAY,1
RPH,RAMPUR HAT ,201,3.82,5.73,79.62,10.83,12509,RPH,0.0382,0.0573,0.7962,0.1083,SEVERE_DELAY,1
NFK,NEW FARAKKA JN ,201,2.55,6.37,85.35,5.73,12509,NFK,0.0255,0.0637,0.8535,0.0573,SEVERE_DELAY,1
MLDT,MALDA TOWN ,186,4.46,10.83,78.98,5.73,12509,MLDT,0.0446,0.1083,0.7898,0.0573,SEVERE_DELAY,1
BOE,BARSOI JN ,225,0.0,6.37,87.9,5.73,12509,BOE,0.0,0.0637,0.879,0.0573,SEVERE_DELAY,1
KNE,KISHANGANJ ,244,0.0,5.1,89.17,5.73,12509,KNE,0.0,0.051,0.8917,0.0573,SEVERE_DELAY,1
NJP,NEW JALPAIGURI ,230,1.91,5.1,87.26,5.73,12509,NJP,0.0191,0.051,0.8726,0.0573,SEVERE_DELAY,1
JPE,JALPAIGURI ROAD ,233,2.55,3.82,87.9,5.73,12509,JPE,0.0255,0.0382,0.879,0.0573,SEVERE_DELAY,1
DQG,DHUPGURI ,240,1.91,3.18,89.17,5.73,12509,DQG,0.0191,0.0318,0.8917,0.0573,SEVERE_DELAY,1
NCB,NEW COOCH BEHAR ,247,1.91,2.55,89.81,5.73,12509,NCB,0.0191,0.0255,0.8981,0.0573,SEVERE_DELAY,1
NOQ,NEW ALIPURDAUR ,250,1.91,1.91,90.45,5.73,12509,NOQ,0.0191,0.0191,0.9045,0.0573,SEVERE_DELAY,1
KOJ,KOKRAJHAR ,270,1.27,1.27,91.72,5.73,12509,KOJ,0.0127,0.0127,0.9172,0.0573,SEVERE_DELAY,1
NBQ,NEW BONGAIGAON ,255,1.91,3.82,88.54,5.73,12509,NBQ,0.0191,0.0382,0.8854,0.0573,SEVERE_DELAY,1
BPRD,BARPETA ROAD ,295,1.27,1.91,89.81,7.01,12509,BPRD,0.0127,0.0191,0.8981,0.0701,SEVERE_DELAY,1
RNY,RANGIYA JN ,329,0.64,2.55,89.81,7.01,12509,RNY,0.0064,0.0255,0.8981,0.0701,SEVERE_DELAY,1
KYQ,KAMAKHYA ,326,1.91,4.46,87.9,5.73,12509,KYQ,0.0191,0.0446,0.879,0.0573,SEVERE_DELAY,1
GHY,GUWAHATI ,311,3.82,5.1,85.35,5.73,12509,GHY,0.0382,0.051,0.8535,0.0573,SEVERE_DELAY,1
GHY,GUWAHATI ,26,80.13,3.21,10.9,5.77,12510,GHY,0.8013,0.0321,0.109,0.0577,MODERATE_DELAY,0
KYQ,KAMAKHYA ,30,76.28,5.13,12.82,5.77,12510,KYQ,0.7628,0.0513,0.1282,0.0577,MODERATE_DELAY,0
RNY,RANGIYA JN ,49,34.62,41.03,15.38,8.97,12510,RNY,0.3462,0.4103,0.1538,0.0897,SEVERE_DELAY,1
BPRD,BARPETA ROAD ,83,8.97,43.59,38.46,8.97,12510,BPRD,0.0897,0.4359,0.3846,0.0897,SEVERE_DELAY,1
BNGN,BONGAIGAON ,74,0.64,1.92,0.64,96.79,12510,BNGN,0.0064,0.0192,0.0064,0.9679,CANCEL_DISRUPTED,1
NBQ,NEW BONGAIGAON ,55,40.38,30.13,20.51,8.97,12510,NBQ,0.4038,0.3013,0.2051,0.0897,SEVERE_DELAY,1
KOJ,KOKRAJHAR ,63,32.69,37.18,24.36,5.77,12510,KOJ,0.3269,0.3718,0.2436,0.0577,SEVERE_DELAY,1
NOQ,NEW ALIPURDAUR ,80,5.77,54.49,33.97,5.77,12510,NOQ,0.0577,0.5449,0.3397,0.0577,SEVERE_DELAY,1
NCB,NEW COOCH BEHAR ,90,2.56,47.44,44.23,5.77,12510,NCB,0.0256,0.4744,0.4423,0.0577,SEVERE_DELAY,1
DQG,DHUPGURI ,93,3.85,44.87,45.51,5.77,12510,DQG,0.0385,0.4487,0.4551,0.0577,SEVERE_DELAY,1
JPE,JALPAIGURI ROAD ,87,7.69,46.79,39.74,5.77,12510,JPE,0.0769,0.4679,0.3974,0.0577,SEVERE_DELAY,1
NJP,NEW JALPAIGURI ,67,32.69,35.9,25.64,5.77,12510,NJP,0.3269,0.359,0.2564,0.0577,SEVERE_DELAY,1
KNE,KISHANGANJ ,96,5.13,42.95,45.51,6.41,12510,KNE,0.0513,0.4295,0.4551,0.0641,SEVERE_DELAY,1
BOE,BARSOI JN ,95,1.92,51.28,40.38,6.41,12510,BOE,0.0192,0.5128,0.4038,0.0641,SEVERE_DELAY,1
MLDT,MALDA TOWN ,71,44.87,16.67,32.05,6.41,12510,MLDT,0.4487,0.1667,0.3205,0.0641,SEVERE_DELAY,1
NFK,NEW FARAKKA JN ,81,35.26,20.51,37.82,6.41,12510,NFK,0.3526,0.2051,0.3782,0.0641,SEVERE_DELAY,1
RPH,RAMPUR HAT ,73,32.69,23.72,29.49,14.1,12510,RPH,0.3269,0.2372,0.2949,0.141,SEVERE_DELAY,1
BHP,BOLPUR S NIKTN ,90,8.97,36.54,40.38,14.1,12510,BHP,0.0897,0.3654,0.4038,0.141,SEVERE_DELAY,1
DKAE,DANKUNI ,118,0.0,28.85,55.77,15.38,12510,DKAE,0.0,0.2885,0.5577,0.1538,SEVERE_DELAY,1
KGP,KHARAGPUR JN ,127,6.41,29.49,55.77,8.33,12510,KGP,0.0641,0.2949,0.5577,0.0833,SEVERE_DELAY,1
BLS,BALASORE ,136,7.69,23.72,60.26,8.33,12510,BLS,0.0769,0.2372,0.6026,0.0833,SEVERE_DELAY,1
BHC,BHADRAKH ,150,5.77,19.23,66.67,8.33,12510,BHC,0.0577,0.1923,0.6667,0.0833,SEVERE_DELAY,1
JJKR,JAJPUR K ROAD ,157,2.56,17.31,71.79,8.33,12510,JJKR,0.0256,0.1731,0.7179,0.0833,SEVERE_DELAY,1
CTC,CUTTACK ,175,1.28,16.03,74.36,8.33,12510,CTC,0.0128,0.1603,0.7436,0.0833,SEVERE_DELAY,1
BBS,BHUBANESWAR ,178,2.56,14.1,75.0,8.33,12510,BBS,0.0256,0.141,0.75,0.0833,SEVERE_DELAY,1
KUR,KHURDA ROAD JN ,180,4.49,12.18,75.0,8.33,12510,KUR,0.0449,0.1218,0.75,0.0833,SEVERE_DELAY,1
BALU,BALUGAN ,200,1.28,10.26,80.13,8.33,12510,BALU,0.0128,0.1026,0.8013,0.0833,SEVERE_DELAY,1
BAM,BRAHMAPUR ,205,1.92,8.97,80.77,8.33,12510,BAM,0.0192,0.0897,0.8077,0.0833,SEVERE_DELAY,1
PSA,PALASA ,191,4.49,11.54,75.64,8.33,12510,PSA,0.0449,0.1154,0.7564,0.0833,SEVERE_DELAY,1
CHE,SRIKAKULAM ROAD ,201,2.56,8.33,80.77,8.33,12510,CHE,0.0256,0.0833,0.8077,0.0833,SEVERE_DELAY,1
VZM,VIZIANAGRAM JN ,204,1.92,10.26,79.49,8.33,12510,VZM,0.0192,0.1026,0.7949,0.0833,SEVERE_DELAY,1
VSKP,VISHAKAPATNAM ,210,2.56,12.18,76.92,8.33,12510,VSKP,0.0256,0.1218,0.7692,0.0833,SEVERE_DELAY,1
RJY,RAJAMUNDRY ,248,0.0,5.77,85.9,8.33,12510,RJY,0.0,0.0577,0.859,0.0833,SEVERE_DELAY,1
BZA,VIJAYAWADA JN ,255,0.64,5.77,85.26,8.33,12510,BZA,0.0064,0.0577,0.8526,0.0833,SEVERE_DELAY,1
PER,PERAMBUR ,281,1.92,5.13,83.97,8.97,12510,PER,0.0192,0.0513,0.8397,0.0897,SEVERE_DELAY,1
AJJ,ARAKKONAM ,286,1.28,5.77,83.97,8.97,12510,AJJ,0.0128,0.0577,0.8397,0.0897,SEVERE_DELAY,1
KPD,KATPADI JN ,280,2.56,5.13,83.97,8.33,12510,KPD,0.0256,0.0513,0.8397,0.0833,SEVERE_DELAY,1
JTJ,JOLARPETTAI ,286,3.21,4.49,83.97,8.33,12510,JTJ,0.0321,0.0449,0.8397,0.0833,SEVERE_DELAY,1
BWT,BANGARAPET ,301,3.21,3.85,84.62,8.33,12510,BWT,0.0321,0.0385,0.8462,0.0833,SEVERE_DELAY,1
KJM,KRISHNARAJAPURM ,296,3.21,5.13,83.33,8.33,12510,KJM,0.0321,0.0513,0.8333,0.0833,SEVERE_DELAY,1
SMVB,SMVT BENGALURU ,282,5.13,5.13,81.41,8.33,12510,SBC,0.0513,0.0513,0.8141,0.0833,SEVERE_DELAY,1
CBE,COIMBATORE JN ,7,90.38,3.85,1.92,3.85,12515,CBE,0.9038,0.0385,0.0192,0.0385,ON_TIME_RELIABLE,0
TUP,TIRUPPUR ,20,57.69,36.54,1.92,3.85,12515,TUP,0.5769,0.3654,0.0192,0.0385,MODERATE_DELAY,0
ED,ERODE JN ,25,38.46,55.77,1.92,3.85,12515,ED,0.3846,0.5577,0.0192,0.0385,MODERATE_DELAY,0
SA,SALEM JN ,33,34.62,57.69,3.85,3.85,12515,SA,0.3462,0.5769,0.0385,0.0385,MODERATE_DELAY,0
JTJ,JOLARPETTAI ,31,55.77,28.85,11.54,3.85,12515,JTJ,0.5577,0.2885,0.1154,0.0385,MODERATE_DELAY,0
KPD,KATPADI JN ,38,51.92,30.77,13.46,3.85,12515,KPD,0.5192,0.3077,0.1346,0.0385,MODERATE_DELAY,0
AJJ,ARAKKONAM ,44,42.31,32.69,19.23,5.77,12515,AJJ,0.4231,0.3269,0.1923,0.0577,MODERATE_DELAY,0
PER,PERAMBUR ,48,34.62,40.38,19.23,5.77,12515,PER,0.3462,0.4038,0.1923,0.0577,SEVERE_DELAY,1
OGL,ONGOLE ,63,30.77,46.15,17.31,5.77,12515,OGL,0.3077,0.4615,0.1731,0.0577,SEVERE_DELAY,1
BZA,VIJAYAWADA JN ,60,34.62,40.38,21.15,3.85,12515,BZA,0.3462,0.4038,0.2115,0.0385,SEVERE_DELAY,1
RJY,RAJAMUNDRY ,83,21.15,38.46,36.54,3.85,12515,RJY,0.2115,0.3846,0.3654,0.0385,SEVERE_DELAY,1
VSKP,VISHAKAPATNAM ,77,42.31,28.85,25.0,3.85,12515,VSKP,0.4231,0.2885,0.25,0.0385,SEVERE_DELAY,1
VZM,VIZIANAGRAM JN ,87,25.0,34.62,36.54,3.85,12515,VZM,0.25,0.3462,0.3654,0.0385,SEVERE_DELAY,1
CHE,SRIKAKULAM ROAD ,92,17.31,42.31,36.54,3.85,12515,CHE,0.1731,0.4231,0.3654,0.0385,SEVERE_DELAY,1
PSA,PALASA ,81,36.54,30.77,28.85,3.85,12515,PSA,0.3654,0.3077,0.2885,0.0385,SEVERE_DELAY,1
BAM,BRAHMAPUR ,82,34.62,30.77,30.77,3.85,12515,BAM,0.3462,0.3077,0.3077,0.0385,SEVERE_DELAY,1
BALU,BALUGAN ,92,25.0,38.46,32.69,3.85,12515,BALU,0.25,0.3846,0.3269,0.0385,SEVERE_DELAY,1
KUR,KHURDA ROAD JN ,104,15.38,40.38,40.38,3.85,12515,KUR,0.1538,0.4038,0.4038,0.0385,SEVERE_DELAY,1
BBS,BHUBANESWAR ,105,9.62,46.15,40.38,3.85,12515,BBS,0.0962,0.4615,0.4038,0.0385,SEVERE_DELAY,1
CTC,CUTTACK ,113,5.77,46.15,44.23,3.85,12515,CTC,0.0577,0.4615,0.4423,0.0385,SEVERE_DELAY,1
JJKR,JAJPUR K ROAD ,130,3.85,34.62,57.69,3.85,12515,JJKR,0.0385,0.3462,0.5769,0.0385,SEVERE_DELAY,1
BHC,BHADRAKH ,108,19.23,36.54,40.38,3.85,12515,BHC,0.1923,0.3654,0.4038,0.0385,SEVERE_DELAY,1
BLS,BALASORE ,119,11.54,34.62,50.0,3.85,12515,BLS,0.1154,0.3462,0.5,0.0385,SEVERE_DELAY,1
KGP,KHARAGPUR JN ,128,13.46,32.69,50.0,3.85,12515,KGP,0.1346,0.3269,0.5,0.0385,SEVERE_DELAY,1
DKAE,DANKUNI ,145,5.77,26.92,55.77,11.54,12515,DKAE,0.0577,0.2692,0.5577,0.1154,SEVERE_DELAY,1
BHP,BOLPUR S NIKTN ,165,5.77,17.31,65.38,11.54,12515,BHP,0.0577,0.1731,0.6538,0.1154,SEVERE_DELAY,1
RPH,RAMPUR HAT ,177,5.77,15.38,67.31,11.54,12515,RPH,0.0577,0.1538,0.6731,0.1154,SEVERE_DELAY,1
NFK,NEW FARAKKA JN ,172,11.54,17.31,67.31,3.85,12515,NFK,0.1154,0.1731,0.6731,0.0385,SEVERE_DELAY,1
MLDT,MALDA TOWN ,158,19.23,17.31,59.62,3.85,12515,MLDT,0.1923,0.1731,0.5962,0.0385,SEVERE_DELAY,1
KNE,KISHANGANJ ,202,1.92,21.15,73.08,3.85,12515,KNE,0.0192,0.2115,0.7308,0.0385,SEVERE_DELAY,1
NJP,NEW JALPAIGURI ,190,11.54,17.31,67.31,3.85,12515,NJP,0.1154,0.1731,0.6731,0.0385,SEVERE_DELAY,1
DQG,DHUPGURI ,191,7.69,21.15,67.31,3.85,12515,DQG,0.0769,0.2115,0.6731,0.0385,SEVERE_DELAY,1
NCB,NEW COOCH BEHAR ,198,5.77,23.08,67.31,3.85,12515,NCB,0.0577,0.2308,0.6731,0.0385,SEVERE_DELAY,1
NOQ,NEW ALIPURDAUR ,200,5.77,21.15,69.23,3.85,12515,NOQ,0.0577,0.2115,0.6923,0.0385,SEVERE_DELAY,1
KOJ,KOKRAJHAR ,217,3.85,17.31,75.0,3.85,12515,KOJ,0.0385,0.1731,0.75,0.0385,SEVERE_DELAY,1
NBQ,NEW BONGAIGAON ,196,11.54,15.38,69.23,3.85,12515,NBQ,0.1154,0.1538,0.6923,0.0385,SEVERE_DELAY,1
BPRD,BARPETA ROAD ,217,1.92,17.31,76.92,3.85,12515,BPRD,0.0192,0.1731,0.7692,0.0385,SEVERE_DELAY,1
RNY,RANGIYA JN ,247,3.85,11.54,80.77,3.85,12515,RNY,0.0385,0.1154,0.8077,0.0385,SEVERE_DELAY,1
KYQ,KAMAKHYA ,243,7.69,13.46,75.0,3.85,12515,KYQ,0.0769,0.1346,0.75,0.0385,SEVERE_DELAY,1
GHY,GUWAHATI ,276,1.92,9.62,84.62,3.85,12515,GHY,0.0192,0.0962,0.8462,0.0385,SEVERE_DELAY,1
HJI,HOJAI ,317,0.0,3.85,92.31,3.85,12515,HJI,0.0,0.0385,0.9231,0.0385,SEVERE_DELAY,1
LMG,LUMDING JN ,324,0.0,3.85,88.46,7.69,12515,LMG,0.0,0.0385,0.8846,0.0769,SEVERE_DELAY,1
MBG,MAIBANG ,338,0.0,0.0,96.15,3.85,12515,MBG,0.0,0.0,0.9615,0.0385,SEVERE_DELAY,1
NHLG,NEW HAFLONG ,342,0.0,0.0,96.15,3.85,12515,NHLG,0.0,0.0,0.9615,0.0385,SEVERE_DELAY,1
BPB,BADARPUR JN ,311,0.0,5.77,90.38,3.85,12515,BPB,0.0,0.0577,0.9038,0.0385,SEVERE_DELAY,1
SCL,SILCHAR ,291,3.85,9.62,82.69,3.85,12515,SCL,0.0385,0.0962,0.8269,0.0385,SEVERE_DELAY,1
SCL,SILCHAR ,2,88.46,7.69,0.0,3.85,12516,SCL,0.8846,0.0769,0.0,0.0385,ON_TIME_RELIABLE,0
BPB,BADARPUR JN ,20,53.85,38.46,3.85,3.85,12516,BPB,0.5385,0.3846,0.0385,0.0385,MODERATE_DELAY,0
NHLG,NEW HAFLONG ,20,57.69,32.69,5.77,3.85,12516,NHLG,0.5769,0.3269,0.0577,0.0385,MODERATE_DELAY,0
MBG,MAIBANG ,45,32.69,34.62,28.85,3.85,12516,MBG,0.3269,0.3462,0.2885,0.0385,MODERATE_DELAY,1
LMG,LUMDING JN ,25,48.08,38.46,9.62,3.85,12516,LMG,0.4808,0.3846,0.0962,0.0385,MODERATE_DELAY,0
HJI,HOJAI ,29,44.23,42.31,9.62,3.85,12516,HJI,0.4423,0.4231,0.0962,0.0385,MODERATE_DELAY,0
GHY,GUWAHATI ,55,34.62,26.92,34.62,3.85,12516,GHY,0.3462,0.2692,0.3462,0.0385,SEVERE_DELAY,1
KYQ,KAMAKHYA ,62,28.85,28.85,38.46,3.85,12516,KYQ,0.2885,0.2885,0.3846,0.0385,SEVERE_DELAY,1
RNY,RANGIYA JN ,86,11.54,30.77,53.85,3.85,12516,RNY,0.1154,0.3077,0.5385,0.0385,SEVERE_DELAY,1
BPRD,BARPETA ROAD ,100,7.69,26.92,61.54,3.85,12516,BPRD,0.0769,0.2692,0.6154,0.0385,SEVERE_DELAY,1
BNGN,BONGAIGAON ,64,1.92,0.0,1.92,96.15,12516,BNGN,0.0192,0.0,0.0192,0.9615,CANCEL_DISRUPTED,1
NBQ,NEW BONGAIGAON ,69,23.08,36.54,32.69,7.69,12516,NBQ,0.2308,0.3654,0.3269,0.0769,SEVERE_DELAY,1
KOJ,KOKRAJHAR ,75,11.54,44.23,40.38,3.85,12516,KOJ,0.1154,0.4423,0.4038,0.0385,SEVERE_DELAY,1
NOQ,NEW ALIPURDAUR ,94,7.69,34.62,53.85,3.85,12516,NOQ,0.0769,0.3462,0.5385,0.0385,SEVERE_DELAY,1
NCB,NEW COOCH BEHAR ,101,1.92,32.69,61.54,3.85,12516,NCB,0.0192,0.3269,0.6154,0.0385,SEVERE_DELAY,1
DQG,DHUPGURI ,102,0.0,34.62,59.62,5.77,12516,DQG,0.0,0.3462,0.5962,0.0577,SEVERE_DELAY,1
NJP,NEW JALPAIGURI ,74,30.77,26.92,38.46,3.85,12516,NJP,0.3077,0.2692,0.3846,0.0385,SEVERE_DELAY,1
KNE,KISHANGANJ ,98,9.62,42.31,44.23,3.85,12516,KNE,0.0962,0.4231,0.4423,0.0385,SEVERE_DELAY,1
MLDT,MALDA TOWN ,75,53.85,1.92,40.38,3.85,12516,MLDT,0.5385,0.0192,0.4038,0.0385,SEVERE_DELAY,1
NFK,NEW FARAKKA JN ,83,48.08,7.69,40.38,3.85,12516,NFK,0.4808,0.0769,0.4038,0.0385,SEVERE_DELAY,1
RPH,RAMPUR HAT ,91,34.62,15.38,40.38,9.62,12516,RPH,0.3462,0.1538,0.4038,0.0962,SEVERE_DELAY,1
BHP,BOLPUR S NIKTN ,114,15.38,23.08,51.92,9.62,12516,BHP,0.1538,0.2308,0.5192,0.0962,SEVERE_DELAY,1
DKAE,DANKUNI ,146,0.0,25.0,61.54,13.46,12516,DKAE,0.0,0.25,0.6154,0.1346,SEVERE_DELAY,1
KGP,KHARAGPUR JN ,149,5.77,23.08,67.31,3.85,12516,KGP,0.0577,0.2308,0.6731,0.0385,SEVERE_DELAY,1
BLS,BALASORE ,158,7.69,19.23,69.23,3.85,12516,BLS,0.0769,0.1923,0.6923,0.0385,SEVERE_DELAY,1
BHC,BHADRAKH ,181,5.77,15.38,75.0,3.85,12516,BHC,0.0577,0.1538,0.75,0.0385,SEVERE_DELAY,1
JJKR,JAJPUR K ROAD ,190,3.85,13.46,78.85,3.85,12516,JJKR,0.0385,0.1346,0.7885,0.0385,SEVERE_DELAY,1
CTC,CUTTACK ,207,5.77,7.69,82.69,3.85,12516,CTC,0.0577,0.0769,0.8269,0.0385,SEVERE_DELAY,1
BBS,BHUBANESWAR ,216,5.77,5.77,84.62,3.85,12516,BBS,0.0577,0.0577,0.8462,0.0385,SEVERE_DELAY,1
KUR,KHURDA ROAD JN ,224,7.69,9.62,78.85,3.85,12516,KUR,0.0769,0.0962,0.7885,0.0385,SEVERE_DELAY,1
BALU,BALUGAN ,258,0.0,13.46,82.69,3.85,12516,BALU,0.0,0.1346,0.8269,0.0385,SEVERE_DELAY,1
BAM,BRAHMAPUR ,263,5.77,9.62,80.77,3.85,12516,BAM,0.0577,0.0962,0.8077,0.0385,SEVERE_DELAY,1
PSA,PALASA ,245,9.62,7.69,78.85,3.85,12516,PSA,0.0962,0.0769,0.7885,0.0385,SEVERE_DELAY,1
CHE,SRIKAKULAM ROAD ,255,7.69,7.69,80.77,3.85,12516,CHE,0.0769,0.0769,0.8077,0.0385,SEVERE_DELAY,1
VZM,VIZIANAGRAM JN ,255,5.77,7.69,82.69,3.85,12516,VZM,0.0577,0.0769,0.8269,0.0385,SEVERE_DELAY,1
VSKP,VISHAKAPATNAM ,261,7.69,7.69,80.77,3.85,12516,VSKP,0.0769,0.0769,0.8077,0.0385,SEVERE_DELAY,1
RJY,RAJAMUNDRY ,295,0.0,11.54,84.62,3.85,12516,RJY,0.0,0.1154,0.8462,0.0385,SEVERE_DELAY,1
BZA,VIJAYAWADA JN ,308,0.0,3.85,92.31,3.85,12516,BZA,0.0,0.0385,0.9231,0.0385,SEVERE_DELAY,1
PER,PERAMBUR ,328,1.92,5.77,88.46,3.85,12516,PER,0.0192,0.0577,0.8846,0.0385,SEVERE_DELAY,1
AJJ,ARAKKONAM ,335,3.85,3.85,88.46,3.85,12516,AJJ,0.0385,0.0385,0.8846,0.0385,SEVERE_DELAY,1
KPD,KATPADI JN ,334,3.85,7.69,84.62,3.85,12516,KPD,0.0385,0.0769,0.8462,0.0385,SEVERE_DELAY,1
JTJ,JOLARPETTAI ,336,3.85,9.62,82.69,3.85,12516,JTJ,0.0385,0.0962,0.8269,0.0385,SEVERE_DELAY,1
SA,SALEM JN ,352,1.92,7.69,86.54,3.85,12516,SA,0.0192,0.0769,0.8654,0.0385,SEVERE_DELAY,1
ED,ERODE JN ,356,3.85,7.69,84.62,3.85,12516,ED,0.0385,0.0769,0.8462,0.0385,SEVERE_DELAY,1
TUP,TIRUPPUR ,363,1.92,9.62,84.62,3.85,12516,TUP,0.0192,0.0962,0.8462,0.0385,SEVERE_DELAY,1
CBE,COIMBATORE JN ,327,11.54,0.0,84.62,3.85,12516,CBE,0.1154,0.0,0.8462,0.0385,SEVERE_DELAY,1
LTT,LOKMANYATILAK T ,11,86.54,5.77,7.69,0.0,12519,LTT,0.8654,0.0577,0.0769,0.0,ON_TIME_RELIABLE,0
TNA,THANE ,16,80.77,11.54,7.69,0.0,12519,TNA,0.8077,0.1154,0.0769,0.0,MODERATE_DELAY,0
KYN,KALYAN JN ,20,73.08,19.23,7.69,0.0,12519,KYN,0.7308,0.1923,0.0769,0.0,MODERATE_DELAY,0
NK,NASIK ROAD ,26,73.08,15.38,11.54,0.0,12519,NK,0.7308,0.1538,0.1154,0.0,MODERATE_DELAY,0
MMR,MANMAD JN ,33,55.77,32.69,11.54,0.0,12519,MMR,0.5577,0.3269,0.1154,0.0,MODERATE_DELAY,0
JL,JALGAON JN ,45,15.38,67.31,17.31,0.0,12519,JL,0.1538,0.6731,0.1731,0.0,MODERATE_DELAY,0
BSL,BHUSAVAL JN ,42,26.92,59.62,13.46,0.0,12519,BSL,0.2692,0.5962,0.1346,0.0,MODERATE_DELAY,0
KNW,KHANDWA ,33,61.54,17.31,21.15,0.0,12519,KNW,0.6154,0.1731,0.2115,0.0,MODERATE_DELAY,0
ET,ITARSI JN ,42,57.69,21.15,21.15,0.0,12519,ET,0.5769,0.2115,0.2115,0.0,MODERATE_DELAY,0
JBP,JABALPUR ,50,40.38,32.69,26.92,0.0,12519,JBP,0.4038,0.3269,0.2692,0.0,SEVERE_DELAY,1
KTE,KATNI ,61,25.0,42.31,32.69,0.0,12519,KTE,0.25,0.4231,0.3269,0.0,SEVERE_DELAY,1
STA,SATNA ,69,7.69,55.77,36.54,0.0,12519,STA,0.0769,0.5577,0.3654,0.0,SEVERE_DELAY,1
PCOI,PRAYAGRAJ CHHEOKI ,94,5.77,46.15,48.08,0.0,12519,COI,0.0577,0.4615,0.4808,0.0,SEVERE_DELAY,1
MZP,MIRZAPUR ,105,3.85,44.23,51.92,0.0,12519,MZP,0.0385,0.4423,0.5192,0.0,SEVERE_DELAY,1
DDU,PT DEEN DAYAL UPADHYAY JN ,79,38.46,25.0,36.54,0.0,12519,MGS,0.3846,0.25,0.3654,0.0,SEVERE_DELAY,1
DNR,DANAPUR ,117,23.08,19.23,57.69,0.0,12519,DNR,0.2308,0.1923,0.5769,0.0,SEVERE_DELAY,1
PPTA,PATLIPUTRA ,112,25.0,21.15,53.85,0.0,12519,PPTA,0.25,0.2115,0.5385,0.0,SEVERE_DELAY,1
HJP,HAJIPUR JN ,106,34.62,11.54,53.85,0.0,12519,HJP,0.3462,0.1154,0.5385,0.0,SEVERE_DELAY,1
BJU,BARAUNI JN ,129,11.54,7.69,30.77,50.0,12519,BJU,0.1154,0.0769,0.3077,0.5,CANCEL_DISRUPTED,1
BGS,BEGU SARAI ,130,21.15,15.38,63.46,0.0,12519,BGS,0.2115,0.1538,0.6346,0.0,SEVERE_DELAY,1
KGG,KHAGARIA JN ,135,21.15,15.38,63.46,0.0,12519,KGG,0.2115,0.1538,0.6346,0.0,SEVERE_DELAY,1
NNA,NAUGACHIA ,144,11.54,19.23,69.23,0.0,12519,NNA,0.1154,0.1923,0.6923,0.0,SEVERE_DELAY,1
KIR,KATIHAR JN ,125,23.08,21.15,55.77,0.0,12519,KIR,0.2308,0.2115,0.5577,0.0,SEVERE_DELAY,1
KNE,KISHANGANJ ,157,1.92,26.92,71.15,0.0,12519,KNE,0.0192,0.2692,0.7115,0.0,SEVERE_DELAY,1
NJP,NEW JALPAIGURI ,143,11.54,30.77,57.69,0.0,12519,NJP,0.1154,0.3077,0.5769,0.0,SEVERE_DELAY,1
NCB,NEW COOCH BEHAR ,152,9.62,32.69,57.69,0.0,12519,NCB,0.0962,0.3269,0.5769,0.0,SEVERE_DELAY,1
NBQ,NEW BONGAIGAON ,145,17.31,21.15,61.54,0.0,12519,NBQ,0.1731,0.2115,0.6154,0.0,SEVERE_DELAY,1
RNY,RANGIYA JN ,188,5.77,15.38,78.85,0.0,12519,RNY,0.0577,0.1538,0.7885,0.0,SEVERE_DELAY,1
KYQ,KAMAKHYA ,168,21.15,17.31,61.54,0.0,12519,KYQ,0.2115,0.1731,0.6154,0.0,SEVERE_DELAY,1
GHY,GUWAHATI ,279,0.0,0.0,36.54,63.46,12519,GHY,0.0,0.0,0.3654,0.6346,CANCEL_DISRUPTED,1
CPK,CHAPARMUKH JN ,316,0.0,0.0,36.54,63.46,12519,CPK,0.0,0.0,0.3654,0.6346,CANCEL_DISRUPTED,1
HJI,HOJAI ,309,0.0,0.0,34.62,65.38,12519,HJI,0.0,0.0,0.3462,0.6538,CANCEL_DISRUPTED,1
MYD,MANDERDISA ,329,0.0,0.0,34.62,65.38,12519,MYD,0.0,0.0,0.3462,0.6538,CANCEL_DISRUPTED,1
NHLG,NEW HAFLONG ,344,0.0,0.0,34.62,65.38,12519,NHLG,0.0,0.0,0.3462,0.6538,CANCEL_DISRUPTED,1
BPB,BADARPUR JN ,313,0.0,1.92,34.62,63.46,12519,BPB,0.0,0.0192,0.3462,0.6346,CANCEL_DISRUPTED,1
DMR,DHARMANAGAR ,285,0.0,1.92,34.62,63.46,12519,DMR,0.0,0.0192,0.3462,0.6346,CANCEL_DISRUPTED,1
ABSA,AMBASA ,275,0.0,3.85,32.69,63.46,12519,ABSA,0.0,0.0385,0.3269,0.6346,CANCEL_DISRUPTED,1
AGTL,AGARTALA ,237,3.85,1.92,30.77,63.46,12519,AGTL,0.0385,0.0192,0.3077,0.6346,CANCEL_DISRUPTED,1
AGTL,AGARTALA ,14,30.19,3.77,1.89,64.15,12520,AGTL,0.3019,0.0377,0.0189,0.6415,CANCEL_DISRUPTED,1
ABSA,AMBASA ,27,15.09,18.87,1.89,64.15,12520,ABSA,0.1509,0.1887,0.0189,0.6415,CANCEL_DISRUPTED,1
DMR,DHARMANAGAR ,28,16.98,15.09,3.77,64.15,12520,DMR,0.1698,0.1509,0.0377,0.6415,CANCEL_DISRUPTED,1
BPB,BADARPUR JN ,41,15.09,15.09,5.66,64.15,12520,BPB,0.1509,0.1509,0.0566,0.6415,CANCEL_DISRUPTED,1
NHLG,NEW HAFLONG ,36,13.21,16.98,5.66,64.15,12520,NHLG,0.1321,0.1698,0.0566,0.6415,CANCEL_DISRUPTED,1
MYD,MANDERDISA ,26,20.75,11.32,3.77,64.15,12520,MYD,0.2075,0.1132,0.0377,0.6415,CANCEL_DISRUPTED,1
HJI,HOJAI ,43,11.32,18.87,5.66,64.15,12520,HJI,0.1132,0.1887,0.0566,0.6415,CANCEL_DISRUPTED,1
CPK,CHAPARMUKH JN ,80,0.0,15.09,20.75,64.15,12520,CPK,0.0,0.1509,0.2075,0.6415,CANCEL_DISRUPTED,1
GHY,GUWAHATI ,85,3.77,11.32,20.75,64.15,12520,GHY,0.0377,0.1132,0.2075,0.6415,CANCEL_DISRUPTED,1
KYQ,KAMAKHYA ,48,49.06,18.87,32.08,0.0,12520,KYQ,0.4906,0.1887,0.3208,0.0,SEVERE_DELAY,1
RNY,RANGIYA JN ,67,33.96,28.3,37.74,0.0,12520,RNY,0.3396,0.283,0.3774,0.0,SEVERE_DELAY,1
BNGN,BONGAIGAON ,138,0.0,1.89,1.89,96.23,12520,BNGN,0.0,0.0189,0.0189,0.9623,CANCEL_DISRUPTED,1
NBQ,NEW BONGAIGAON ,66,30.19,26.42,39.62,3.77,12520,NBQ,0.3019,0.2642,0.3962,0.0377,SEVERE_DELAY,1
NCB,NEW COOCH BEHAR ,92,13.21,37.74,49.06,0.0,12520,NCB,0.1321,0.3774,0.4906,0.0,SEVERE_DELAY,1
NJP,NEW JALPAIGURI ,84,33.96,22.64,43.4,0.0,12520,NJP,0.3396,0.2264,0.434,0.0,SEVERE_DELAY,1
KNE,KISHANGANJ ,99,15.09,37.74,47.17,0.0,12520,KNE,0.1509,0.3774,0.4717,0.0,SEVERE_DELAY,1
KIR,KATIHAR JN ,99,22.64,30.19,47.17,0.0,12520,KIR,0.2264,0.3019,0.4717,0.0,SEVERE_DELAY,1
NNA,NAUGACHIA ,101,24.53,30.19,45.28,0.0,12520,NNA,0.2453,0.3019,0.4528,0.0,SEVERE_DELAY,1
KGG,KHAGARIA JN ,110,15.09,41.51,43.4,0.0,12520,KGG,0.1509,0.4151,0.434,0.0,SEVERE_DELAY,1
BGS,BEGU SARAI ,117,13.21,39.62,47.17,0.0,12520,BGS,0.1321,0.3962,0.4717,0.0,SEVERE_DELAY,1
BJU,BARAUNI JN ,142,3.77,13.21,32.08,50.94,12520,BJU,0.0377,0.1321,0.3208,0.5094,CANCEL_DISRUPTED,1
HJP,HAJIPUR JN ,103,28.3,26.42,45.28,0.0,12520,HJP,0.283,0.2642,0.4528,0.0,SEVERE_DELAY,1
PPTA,PATLIPUTRA ,92,39.62,20.75,39.62,0.0,12520,PPTA,0.3962,0.2075,0.3962,0.0,SEVERE_DELAY,1
DNR,DANAPUR ,103,24.53,32.08,43.4,0.0,12520,DNR,0.2453,0.3208,0.434,0.0,SEVERE_DELAY,1
DDU,PT DEEN DAYAL UPADHYAY JN ,84,50.94,13.21,35.85,0.0,12520,MGS,0.5094,0.1321,0.3585,0.0,SEVERE_DELAY,1
MZP,MIRZAPUR ,103,30.19,22.64,47.17,0.0,12520,MZP,0.3019,0.2264,0.4717,0.0,SEVERE_DELAY,1
PCOI,PRAYAGRAJ CHHEOKI ,121,16.98,22.64,60.38,0.0,12520,COI,0.1698,0.2264,0.6038,0.0,SEVERE_DELAY,1
STA,SATNA ,176,3.77,22.64,73.58,0.0,12520,STA,0.0377,0.2264,0.7358,0.0,SEVERE_DELAY,1
KTE,KATNI ,193,1.89,13.21,84.91,0.0,12520,KTE,0.0189,0.1321,0.8491,0.0,SEVERE_DELAY,1
JBP,JABALPUR ,205,0.0,9.43,90.57,0.0,12520,JBP,0.0,0.0943,0.9057,0.0,SEVERE_DELAY,1
ET,ITARSI JN ,188,5.66,13.21,81.13,0.0,12520,ET,0.0566,0.1321,0.8113,0.0,SEVERE_DELAY,1
KNW,KHANDWA ,191,9.43,13.21,77.36,0.0,12520,KNW,0.0943,0.1321,0.7736,0.0,SEVERE_DELAY,1
BSL,BHUSAVAL JN ,200,9.43,13.21,77.36,0.0,12520,BSL,0.0943,0.1321,0.7736,0.0,SEVERE_DELAY,1
JL,JALGAON JN ,197,11.32,15.09,73.58,0.0,12520,JL,0.1132,0.1509,0.7358,0.0,SEVERE_DELAY,1
MMR,MANMAD JN ,222,7.55,13.21,79.25,0.0,12520,MMR,0.0755,0.1321,0.7925,0.0,SEVERE_DELAY,1
NK,NASIK ROAD ,231,5.66,15.09,79.25,0.0,12520,NK,0.0566,0.1509,0.7925,0.0,SEVERE_DELAY,1
KYN,KALYAN JN ,253,0.0,16.98,83.02,0.0,12520,KYN,0.0,0.1698,0.8302,0.0,SEVERE_DELAY,1
TNA,THANE ,207,15.09,15.09,69.81,0.0,12520,TNA,0.1509,0.1509,0.6981,0.0,SEVERE_DELAY,1
LTT,LOKMANYATILAK T ,222,9.43,9.43,56.6,24.53,12520,LTT,0.0943,0.0943,0.566,0.2453,CANCEL_DISRUPTED,1
KOAA,KOLKATA ,1,94.23,0.0,0.0,5.77,13181,KOAA,0.9423,0.0,0.0,0.0577,ON_TIME_RELIABLE,0
BWN,BARDDHAMAN JN ,15,51.92,32.69,1.92,13.46,13181,BWN,0.5192,0.3269,0.0192,0.1346,MODERATE_DELAY,1
BHP,BOLPUR S NIKTN ,18,40.38,46.15,0.0,13.46,13181,BHP,0.4038,0.4615,0.0,0.1346,MODERATE_DELAY,1
RPH,RAMPUR HAT ,32,13.46,69.23,3.85,13.46,13181,RPH,0.1346,0.6923,0.0385,0.1346,MODERATE_DELAY,1
MLDT,MALDA TOWN ,33,51.92,19.23,23.08,5.77,13181,MLDT,0.5192,0.1923,0.2308,0.0577,MODERATE_DELAY,0
NJP,NEW JALPAIGURI ,46,38.46,25.0,30.77,5.77,13181,NJP,0.3846,0.25,0.3077,0.0577,SEVERE_DELAY,1
NCB,NEW COOCH BEHAR ,75,3.85,42.31,48.08,5.77,13181,NCB,0.0385,0.4231,0.4808,0.0577,SEVERE_DELAY,1
NOQ,NEW ALIPURDAUR ,67,11.54,40.38,42.31,5.77,13181,NOQ,0.1154,0.4038,0.4231,0.0577,SEVERE_DELAY,1
FKM,FAKIRAGRAM JN ,68,11.54,40.38,42.31,5.77,13181,FKM,0.1154,0.4038,0.4231,0.0577,SEVERE_DELAY,1
NBQ,NEW BONGAIGAON ,44,36.54,30.77,26.92,5.77,13181,NBQ,0.3654,0.3077,0.2692,0.0577,MODERATE_DELAY,1
KYQ,KAMAKHYA ,72,25.0,25.0,44.23,5.77,13181,KYQ,0.25,0.25,0.4423,0.0577,SEVERE_DELAY,1
GHY,GUWAHATI ,79,13.46,36.54,44.23,5.77,13181,GHY,0.1346,0.3654,0.4423,0.0577,SEVERE_DELAY,1
JID,JAGI ROAD ,83,9.62,38.46,46.15,5.77,13181,JID,0.0962,0.3846,0.4615,0.0577,SEVERE_DELAY,1
CPK,CHAPARMUKH JN ,90,9.62,28.85,55.77,5.77,13181,CPK,0.0962,0.2885,0.5577,0.0577,SEVERE_DELAY,1
NGAN,NAGAON ,84,17.31,19.23,57.69,5.77,13181,NGAN,0.1731,0.1923,0.5769,0.0577,SEVERE_DELAY,1
JKB,JAKHALABANDHA ,83,21.15,15.38,57.69,5.77,13181,JKB,0.2115,0.1538,0.5769,0.0577,SEVERE_DELAY,1
SHTT,SILGHAT TOWN ,69,36.54,13.46,44.23,5.77,13181,SHTT,0.3654,0.1346,0.4423,0.0577,SEVERE_DELAY,1
SHTT,SILGHAT TOWN ,3,86.54,7.69,0.0,5.77,13182,SHTT,0.8654,0.0769,0.0,0.0577,ON_TIME_RELIABLE,0
JKB,JAKHALABANDHA ,3,86.54,7.69,0.0,5.77,13182,JKB,0.8654,0.0769,0.0,0.0577,ON_TIME_RELIABLE,0
NGAN,NAGAON ,4,84.62,9.62,0.0,5.77,13182,NGAN,0.8462,0.0962,0.0,0.0577,ON_TIME_RELIABLE,0
CPK,CHAPARMUKH JN ,10,75.0,17.31,1.92,5.77,13182,CPK,0.75,0.1731,0.0192,0.0577,ON_TIME_RELIABLE,0
JID,JAGI ROAD ,13,69.23,23.08,1.92,5.77,13182,JID,0.6923,0.2308,0.0192,0.0577,MODERATE_DELAY,0
GHY,GUWAHATI ,17,67.31,23.08,3.85,5.77,13182,GHY,0.6731,0.2308,0.0385,0.0577,MODERATE_DELAY,0
KYQ,KAMAKHYA ,20,65.38,17.31,11.54,5.77,13182,KYQ,0.6538,0.1731,0.1154,0.0577,MODERATE_DELAY,0
NBQ,NEW BONGAIGAON ,27,65.38,11.54,17.31,5.77,13182,NBQ,0.6538,0.1154,0.1731,0.0577,MODERATE_DELAY,0
FKM,FAKIRAGRAM JN ,39,46.15,25.0,23.08,5.77,13182,FKM,0.4615,0.25,0.2308,0.0577,MODERATE_DELAY,0
NOQ,NEW ALIPURDAUR ,47,23.08,44.23,26.92,5.77,13182,NOQ,0.2308,0.4423,0.2692,0.0577,SEVERE_DELAY,1
NCB,NEW COOCH BEHAR ,71,5.77,51.92,36.54,5.77,13182,NCB,0.0577,0.5192,0.3654,0.0577,SEVERE_DELAY,1
NJP,NEW JALPAIGURI ,37,53.85,19.23,21.15,5.77,13182,NJP,0.5385,0.1923,0.2115,0.0577,MODERATE_DELAY,0
MLDT,MALDA TOWN ,29,59.62,15.38,19.23,5.77,13182,MLDT,0.5962,0.1538,0.1923,0.0577,MODERATE_DELAY,0
RPH,RAMPUR HAT ,60,23.08,36.54,28.85,11.54,13182,RPH,0.2308,0.3654,0.2885,0.1154,SEVERE_DELAY,1
BHP,BOLPUR S NIKTN ,72,11.54,42.31,34.62,11.54,13182,BHP,0.1154,0.4231,0.3462,0.1154,SEVERE_DELAY,1
BWN,BARDDHAMAN JN ,68,23.08,28.85,36.54,11.54,13182,BWN,0.2308,0.2885,0.3654,0.1154,SEVERE_DELAY,1
KOAA,KOLKATA ,56,36.54,19.23,38.46,5.77,13182,KOAA,0.3654,0.1923,0.3846,0.0577,SEVERE_DELAY,1
SCL,SILCHAR ,2,98.08,0.0,1.92,0.0,14037,SCL,0.9808,0.0,0.0192,0.0,ON_TIME_RELIABLE,0
BPB,BADARPUR JN ,22,46.15,48.08,5.77,0.0,14037,BPB,0.4615,0.4808,0.0577,0.0,MODERATE_DELAY,0
NHLG,NEW HAFLONG ,17,57.69,40.38,1.92,0.0,14037,NHLG,0.5769,0.4038,0.0192,0.0,MODERATE_DELAY,0
LMG,LUMDING JN ,19,57.69,36.54,5.77,0.0,14037,LMG,0.5769,0.3654,0.0577,0.0,MODERATE_DELAY,0
GHY,GUWAHATI ,2,100.0,0.0,0.0,0.0,14037,GHY,1.0,0.0,0.0,0.0,ON_TIME_RELIABLE,0
GLPT,GOALPARA TOWN ,32,19.23,67.31,11.54,1.92,14037,GLPT,0.1923,0.6731,0.1154,0.0192,MODERATE_DELAY,0
NBQ,NEW BONGAIGAON ,18,63.46,28.85,7.69,0.0,14037,NBQ,0.6346,0.2885,0.0769,0.0,MODERATE_DELAY,0
NJP,NEW JALPAIGURI ,30,38.46,50.0,11.54,0.0,14037,NJP,0.3846,0.5,0.1154,0.0,MODERATE_DELAY,0
KIR,KATIHAR JN ,23,61.54,17.31,21.15,0.0,14037,KIR,0.6154,0.1731,0.2115,0.0,MODERATE_DELAY,0
BJU,BARAUNI JN ,46,11.54,21.15,17.31,50.0,14037,BJU,0.1154,0.2115,0.1731,0.5,CANCEL_DISRUPTED,1
PPTA,PATLIPUTRA ,40,46.15,26.92,26.92,0.0,14037,PPTA,0.4615,0.2692,0.2692,0.0,MODERATE_DELAY,1
DDU,PT DEEN DAYAL UPADHYAY JN ,40,53.85,23.08,23.08,0.0,14037,MGS,0.5385,0.2308,0.2308,0.0,MODERATE_DELAY,0
PRYJ,PRAYAGRAJ JN ,84,23.08,30.77,46.15,0.0,14037,ALD,0.2308,0.3077,0.4615,0.0,SEVERE_DELAY,1
CNB,KANPUR CENTRAL ,109,11.54,32.69,55.77,0.0,14037,CNB,0.1154,0.3269,0.5577,0.0,SEVERE_DELAY,1
NDLS,NEW DELHI ,139,36.54,9.62,53.85,0.0,14037,NDLS,0.3654,0.0962,0.5385,0.0,SEVERE_DELAY,1
NDLS,NEW DELHI ,31,64.15,16.98,18.87,0.0,14038,NDLS,0.6415,0.1698,0.1887,0.0,MODERATE_DELAY,0
CNB,KANPUR CENTRAL ,97,16.98,39.62,43.4,0.0,14038,CNB,0.1698,0.3962,0.434,0.0,SEVERE_DELAY,1
PRYJ,PRAYAGRAJ JN ,124,3.77,33.96,60.38,1.89,14038,ALD,0.0377,0.3396,0.6038,0.0189,SEVERE_DELAY,1
DDU,PT DEEN DAYAL UPADHYAY JN ,137,24.53,16.98,56.6,1.89,14038,MGS,0.2453,0.1698,0.566,0.0189,SEVERE_DELAY,1
PPTA,PATLIPUTRA ,165,24.53,9.43,64.15,1.89,14038,PPTA,0.2453,0.0943,0.6415,0.0189,SEVERE_DELAY,1
BJU,BARAUNI JN ,249,3.77,11.32,33.96,50.94,14038,BJU,0.0377,0.1132,0.3396,0.5094,CANCEL_DISRUPTED,1
KIR,KATIHAR JN ,198,16.98,20.75,62.26,0.0,14038,KIR,0.1698,0.2075,0.6226,0.0,SEVERE_DELAY,1
NJP,NEW JALPAIGURI ,215,15.09,15.09,69.81,0.0,14038,NJP,0.1509,0.1509,0.6981,0.0,SEVERE_DELAY,1
NBQ,NEW BONGAIGAON ,229,11.32,16.98,71.7,0.0,14038,NBQ,0.1132,0.1698,0.717,0.0,SEVERE_DELAY,1
GLPT,GOALPARA TOWN ,242,5.66,20.75,73.58,0.0,14038,GLPT,0.0566,0.2075,0.7358,0.0,SEVERE_DELAY,1
GHY,GUWAHATI ,237,3.77,26.42,69.81,0.0,14038,GHY,0.0377,0.2642,0.6981,0.0,SEVERE_DELAY,1
LMG,LUMDING JN ,286,1.89,13.21,84.91,0.0,14038,LMG,0.0189,0.1321,0.8491,0.0,SEVERE_DELAY,1
NHLG,NEW HAFLONG ,269,3.77,15.09,81.13,0.0,14038,NHLG,0.0377,0.1509,0.8113,0.0,SEVERE_DELAY,1
BPB,BADARPUR JN ,259,11.32,5.66,83.02,0.0,14038,BPB,0.1132,0.0566,0.8302,0.0,SEVERE_DELAY,1
SCL,SILCHAR ,181,37.74,7.55,54.72,0.0,14038,SCL,0.3774,0.0755,0.5472,0.0,SEVERE_DELAY,1
AGTL,AGARTALA ,41,81.13,7.55,11.32,0.0,14619,AGTL,0.8113,0.0755,0.1132,0.0,MODERATE_DELAY,0
ABSA,AMBASA ,57,50.94,33.96,15.09,0.0,14619,ABSA,0.5094,0.3396,0.1509,0.0,SEVERE_DELAY,1
DMR,DHARMANAGAR ,52,62.26,24.53,13.21,0.0,14619,DMR,0.6226,0.2453,0.1321,0.0,SEVERE_DELAY,1
PTKD,PATHARKANDI ,53,62.26,24.53,13.21,0.0,14619,PTKD,0.6226,0.2453,0.1321,0.0,SEVERE_DELAY,1
NKMG,NEW KARIMGANJ ,51,62.26,24.53,13.21,0.0,14619,KXJ,0.6226,0.2453,0.1321,0.0,SEVERE_DELAY,1
BPB,BADARPUR JN ,56,56.6,28.3,15.09,0.0,14619,BPB,0.566,0.283,0.1509,0.0,SEVERE_DELAY,1
NHLG,NEW HAFLONG ,56,45.28,37.74,16.98,0.0,14619,NHLG,0.4528,0.3774,0.1698,0.0,SEVERE_DELAY,1
LMG,LUMDING JN ,66,41.51,35.85,22.64,0.0,14619,LMG,0.4151,0.3585,0.2264,0.0,SEVERE_DELAY,1
HJI,HOJAI ,65,41.51,41.51,16.98,0.0,14619,HJI,0.4151,0.4151,0.1698,0.0,SEVERE_DELAY,1
JID,JAGI ROAD ,70,26.42,52.83,20.75,0.0,14619,JID,0.2642,0.5283,0.2075,0.0,SEVERE_DELAY,1
GHY,GUWAHATI ,44,86.79,0.0,13.21,0.0,14619,GHY,0.8679,0.0,0.1321,0.0,MODERATE_DELAY,0
NBQ,NEW BONGAIGAON ,56,62.26,18.87,18.87,0.0,14619,NBQ,0.6226,0.1887,0.1887,0.0,SEVERE_DELAY,1
NJP,NEW JALPAIGURI ,82,24.53,49.06,26.42,0.0,14619,NJP,0.2453,0.4906,0.2642,0.0,SEVERE_DELAY,1
KIR,KATIHAR JN ,69,56.6,20.75,22.64,0.0,14619,KIR,0.566,0.2075,0.2264,0.0,SEVERE_DELAY,1
BJU,BARAUNI JN ,92,11.32,62.26,26.42,0.0,14619,BJU,0.1132,0.6226,0.2642,0.0,SEVERE_DELAY,1
PPTA,PATLIPUTRA ,81,52.83,22.64,24.53,0.0,14619,PPTA,0.5283,0.2264,0.2453,0.0,SEVERE_DELAY,1
DDU,PT DEEN DAYAL UPADHYAY JN ,92,54.72,15.09,30.19,0.0,14619,MGS,0.5472,0.1509,0.3019,0.0,SEVERE_DELAY,1
PRYJ,PRAYAGRAJ JN ,145,7.55,39.62,52.83,0.0,14619,ALD,0.0755,0.3962,0.5283,0.0,SEVERE_DELAY,1
CNB,KANPUR CENTRAL ,186,3.77,15.09,81.13,0.0,14619,CNB,0.0377,0.1509,0.8113,0.0,SEVERE_DELAY,1
NDLS,NEW DELHI ,262,7.55,3.77,88.68,0.0,14619,NDLS,0.0755,0.0377,0.8868,0.0,SEVERE_DELAY,1
SSB,SHAKURBASTI ,295,0.0,11.32,88.68,0.0,14619,SSB,0.0,0.1132,0.8868,0.0,SEVERE_DELAY,1
ROK,ROHTAK JN ,305,1.89,5.66,92.45,0.0,14619,ROK,0.0189,0.0566,0.9245,0.0,SEVERE_DELAY,1
BNW,BHIWANI ,319,0.0,5.66,94.34,0.0,14619,BNW,0.0,0.0566,0.9434,0.0,SEVERE_DELAY,1
HSR,HISAR ,325,0.0,5.66,94.34,0.0,14619,HSR,0.0,0.0566,0.9434,0.0,SEVERE_DELAY,1
ADR,MANDI ADAMPUR ,328,0.0,5.66,94.34,0.0,14619,ADR,0.0,0.0566,0.9434,0.0,SEVERE_DELAY,1
SSA,SIRSA ,311,0.0,7.55,92.45,0.0,14619,SSA,0.0,0.0755,0.9245,0.0,SEVERE_DELAY,1
KNL,KALANWALI ,320,0.0,5.66,94.34,0.0,14619,KNL,0.0,0.0566,0.9434,0.0,SEVERE_DELAY,1
BTI,BHATINDA JN ,263,5.66,9.43,84.91,0.0,14619,BTI,0.0566,0.0943,0.8491,0.0,SEVERE_DELAY,1
KKP,KOT KAPURA ,286,1.89,7.55,90.57,0.0,14619,KKP,0.0189,0.0755,0.9057,0.0,SEVERE_DELAY,1
FDK,FARIDKOT ,289,1.89,7.55,90.57,0.0,14619,FDK,0.0189,0.0755,0.9057,0.0,SEVERE_DELAY,1
FZR,FIROZPUR CANT ,265,5.66,9.43,84.91,0.0,14619,FZR,0.0566,0.0943,0.8491,0.0,SEVERE_DELAY,1
FZR,FIROZPUR CANT ,6,90.38,7.69,1.92,0.0,14620,FZR,0.9038,0.0769,0.0192,0.0,ON_TIME_RELIABLE,0
FDK,FARIDKOT ,15,76.92,21.15,1.92,0.0,14620,FDK,0.7692,0.2115,0.0192,0.0,ON_TIME_RELIABLE,0
KKP,KOT KAPURA ,17,75.0,23.08,1.92,0.0,14620,KKP,0.75,0.2308,0.0192,0.0,MODERATE_DELAY,0
BTI,BHATINDA JN ,4,96.15,1.92,1.92,0.0,14620,BTI,0.9615,0.0192,0.0192,0.0,ON_TIME_RELIABLE,0
KNL,KALANWALI ,21,42.31,55.77,1.92,0.0,14620,KNL,0.4231,0.5577,0.0192,0.0,MODERATE_DELAY,0
SSA,SIRSA ,7,88.46,9.62,1.92,0.0,14620,SSA,0.8846,0.0962,0.0192,0.0,ON_TIME_RELIABLE,0
ADR,MANDI ADAMPUR ,20,42.31,55.77,1.92,0.0,14620,ADR,0.4231,0.5577,0.0192,0.0,MODERATE_DELAY,0
HSR,HISAR ,11,80.77,15.38,3.85,0.0,14620,HSR,0.8077,0.1538,0.0385,0.0,ON_TIME_RELIABLE,0
BNW,BHIWANI ,15,73.08,23.08,3.85,0.0,14620,BNW,0.7308,0.2308,0.0385,0.0,ON_TIME_RELIABLE,0
ROK,ROHTAK JN ,10,92.31,3.85,3.85,0.0,14620,ROK,0.9231,0.0385,0.0385,0.0,ON_TIME_RELIABLE,0
SSB,SHAKURBASTI ,19,63.46,30.77,5.77,0.0,14620,SSB,0.6346,0.3077,0.0577,0.0,MODERATE_DELAY,0
NDLS,NEW DELHI ,16,75.0,17.31,7.69,0.0,14620,NDLS,0.75,0.1731,0.0769,0.0,MODERATE_DELAY,0
CNB,KANPUR CENTRAL ,123,5.77,26.92,67.31,0.0,14620,CNB,0.0577,0.2692,0.6731,0.0,SEVERE_DELAY,1
PRYJ,PRAYAGRAJ JN ,159,0.0,17.31,82.69,0.0,14620,ALD,0.0,0.1731,0.8269,0.0,SEVERE_DELAY,1
DDU,PT DEEN DAYAL UPADHYAY JN ,171,7.69,17.31,75.0,0.0,14620,MGS,0.0769,0.1731,0.75,0.0,SEVERE_DELAY,1
PPTA,PATLIPUTRA ,202,5.77,7.69,86.54,0.0,14620,PPTA,0.0577,0.0769,0.8654,0.0,SEVERE_DELAY,1
BJU,BARAUNI JN ,235,1.92,7.69,90.38,0.0,14620,BJU,0.0192,0.0769,0.9038,0.0,SEVERE_DELAY,1
KIR,KATIHAR JN ,229,5.77,3.85,88.46,1.92,14620,KIR,0.0577,0.0385,0.8846,0.0192,SEVERE_DELAY,1
NJP,NEW JALPAIGURI ,251,1.92,9.62,86.54,1.92,14620,NJP,0.0192,0.0962,0.8654,0.0192,SEVERE_DELAY,1
NBQ,NEW BONGAIGAON ,262,1.92,7.69,90.38,0.0,14620,NBQ,0.0192,0.0769,0.9038,0.0,SEVERE_DELAY,1
GHY,GUWAHATI ,276,1.92,7.69,90.38,0.0,14620,GHY,0.0192,0.0769,0.9038,0.0,SEVERE_DELAY,1
JID,JAGI ROAD ,292,1.92,7.69,90.38,0.0,14620,JID,0.0192,0.0769,0.9038,0.0,SEVERE_DELAY,1
HJI,HOJAI ,311,1.92,3.85,94.23,0.0,14620,HJI,0.0192,0.0385,0.9423,0.0,SEVERE_DELAY,1
LMG,LUMDING JN ,336,0.0,3.85,96.15,0.0,14620,LMG,0.0,0.0385,0.9615,0.0,SEVERE_DELAY,1
NHLG,NEW HAFLONG ,322,1.92,1.92,96.15,0.0,14620,NHLG,0.0192,0.0192,0.9615,0.0,SEVERE_DELAY,1
BPB,BADARPUR JN ,305,0.0,7.69,92.31,0.0,14620,BPB,0.0,0.0769,0.9231,0.0,SEVERE_DELAY,1
NKMG,NEW KARIMGANJ ,299,0.0,9.62,90.38,0.0,14620,KXJ,0.0,0.0962,0.9038,0.0,SEVERE_DELAY,1
PTKD,PATHARKANDI ,295,0.0,9.62,90.38,0.0,14620,PTKD,0.0,0.0962,0.9038,0.0,SEVERE_DELAY,1
DMR,DHARMANAGAR ,302,0.0,7.69,92.31,0.0,14620,DMR,0.0,0.0769,0.9231,0.0,SEVERE_DELAY,1
ABSA,AMBASA ,285,3.85,7.69,88.46,0.0,14620,ABSA,0.0385,0.0769,0.8846,0.0,SEVERE_DELAY,1
AGTL,AGARTALA ,230,13.46,7.69,78.85,0.0,14620,AGTL,0.1346,0.0769,0.7885,0.0,SEVERE_DELAY,1
TBM,TAMBARAM ,11,67.31,25.0,0.0,7.69,15629,TBM,0.6731,0.25,0.0,0.0769,MODERATE_DELAY,0
MS,CHENNAI EGMORE ,15,63.46,25.0,3.85,7.69,15629,MS,0.6346,0.25,0.0385,0.0769,MODERATE_DELAY,0
NLR,NELLORE ,20,40.38,50.0,1.92,7.69,15629,NLR,0.4038,0.5,0.0192,0.0769,MODERATE_DELAY,0
OGL,ONGOLE ,33,19.23,65.38,7.69,7.69,15629,OGL,0.1923,0.6538,0.0769,0.0769,MODERATE_DELAY,0
BZA,VIJAYAWADA JN ,51,3.85,59.62,28.85,7.69,15629,BZA,0.0385,0.5962,0.2885,0.0769,SEVERE_DELAY,1
EE,ELURU ,63,1.92,38.46,51.92,7.69,15629,EE,0.0192,0.3846,0.5192,0.0769,SEVERE_DELAY,1
RJY,RAJAMUNDRY ,93,0.0,13.46,78.85,7.69,15629,RJY,0.0,0.1346,0.7885,0.0769,SEVERE_DELAY,1
VSKP,VISHAKAPATNAM ,37,30.77,46.15,15.38,7.69,15629,VSKP,0.3077,0.4615,0.1538,0.0769,MODERATE_DELAY,0
BAM,BRAHMAPUR ,25,46.15,38.46,7.69,7.69,15629,BAM,0.4615,0.3846,0.0769,0.0769,MODERATE_DELAY,0
KUR,KHURDA ROAD JN ,34,28.85,53.85,9.62,7.69,15629,KUR,0.2885,0.5385,0.0962,0.0769,MODERATE_DELAY,0
BBS,BHUBANESWAR ,47,19.23,48.08,25.0,7.69,15629,BBS,0.1923,0.4808,0.25,0.0769,SEVERE_DELAY,1
CTC,CUTTACK ,48,21.15,46.15,25.0,7.69,15629,CTC,0.2115,0.4615,0.25,0.0769,SEVERE_DELAY,1
BLS,BALASORE ,54,30.77,34.62,26.92,7.69,15629,BLS,0.3077,0.3462,0.2692,0.0769,SEVERE_DELAY,1
HIJ,HIJILLI ,56,26.92,42.31,23.08,7.69,15629,HIJ,0.2692,0.4231,0.2308,0.0769,SEVERE_DELAY,1
TATA,TATANAGAR JN ,77,3.85,44.23,44.23,7.69,15629,TATA,0.0385,0.4423,0.4423,0.0769,SEVERE_DELAY,1
PRR,PURULIA JN ,109,0.0,26.92,65.38,7.69,15629,PRR,0.0,0.2692,0.6538,0.0769,SEVERE_DELAY,1
JOC,JOYCHANDI PAHAR ,110,1.92,25.0,65.38,7.69,15629,JOC,0.0192,0.25,0.6538,0.0769,SEVERE_DELAY,1
ASN,ASANSOL JN ,112,3.85,21.15,67.31,7.69,15629,ASN,0.0385,0.2115,0.6731,0.0769,SEVERE_DELAY,1
UDL,ANDAL JN ,115,3.85,21.15,67.31,7.69,15629,UDL,0.0385,0.2115,0.6731,0.0769,SEVERE_DELAY,1
DGR,DURGAPUR ,125,3.85,15.38,73.08,7.69,15629,DGR,0.0385,0.1538,0.7308,0.0769,SEVERE_DELAY,1
SURI,SIURI ,172,0.0,5.77,86.54,7.69,15629,SURI,0.0,0.0577,0.8654,0.0769,SEVERE_DELAY,1
RPH,RAMPUR HAT ,160,0.0,11.54,80.77,7.69,15629,RPH,0.0,0.1154,0.8077,0.0769,SEVERE_DELAY,1
PKR,PAKUR ,187,0.0,1.92,90.38,7.69,15629,PKR,0.0,0.0192,0.9038,0.0769,SEVERE_DELAY,1
NFK,NEW FARAKKA JN ,194,0.0,7.69,84.62,7.69,15629,NFK,0.0,0.0769,0.8462,0.0769,SEVERE_DELAY,1
MLDT,MALDA TOWN ,189,0.0,9.62,82.69,7.69,15629,MLDT,0.0,0.0962,0.8269,0.0769,SEVERE_DELAY,1
BOE,BARSOI JN ,211,0.0,1.92,90.38,7.69,15629,BOE,0.0,0.0192,0.9038,0.0769,SEVERE_DELAY,1
KNE,KISHANGANJ ,226,0.0,0.0,92.31,7.69,15629,KNE,0.0,0.0,0.9231,0.0769,SEVERE_DELAY,1
NJP,NEW JALPAIGURI ,202,0.0,7.69,84.62,7.69,15629,NJP,0.0,0.0769,0.8462,0.0769,SEVERE_DELAY,1
NMX,NEW MAYNAGURI ,193,0.0,17.31,75.0,7.69,15629,NMX,0.0,0.1731,0.75,0.0769,SEVERE_DELAY,1
DQG,DHUPGURI ,198,0.0,17.31,75.0,7.69,15629,DQG,0.0,0.1731,0.75,0.0769,SEVERE_DELAY,1
NCB,NEW COOCH BEHAR ,201,0.0,13.46,78.85,7.69,15629,NCB,0.0,0.1346,0.7885,0.0769,SEVERE_DELAY,1
NOQ,NEW ALIPURDAUR ,201,0.0,13.46,78.85,7.69,15629,NOQ,0.0,0.1346,0.7885,0.0769,SEVERE_DELAY,1
FKM,FAKIRAGRAM JN ,214,0.0,11.54,80.77,7.69,15629,FKM,0.0,0.1154,0.8077,0.0769,SEVERE_DELAY,1
KOJ,KOKRAJHAR ,218,0.0,9.62,82.69,7.69,15629,KOJ,0.0,0.0962,0.8269,0.0769,SEVERE_DELAY,1
NBQ,NEW BONGAIGAON ,201,1.92,11.54,78.85,7.69,15629,NBQ,0.0192,0.1154,0.7885,0.0769,SEVERE_DELAY,1
RNY,RANGIYA JN ,225,0.0,7.69,84.62,7.69,15629,RNY,0.0,0.0769,0.8462,0.0769,SEVERE_DELAY,1
KYQ,KAMAKHYA ,198,3.85,9.62,78.85,7.69,15629,KYQ,0.0385,0.0962,0.7885,0.0769,SEVERE_DELAY,1
GHY,GUWAHATI ,212,0.0,7.69,84.62,7.69,15629,GHY,0.0,0.0769,0.8462,0.0769,SEVERE_DELAY,1
JID,JAGI ROAD ,213,1.92,5.77,84.62,7.69,15629,JID,0.0192,0.0577,0.8462,0.0769,SEVERE_DELAY,1
CPK,CHAPARMUKH JN ,212,3.85,9.62,78.85,7.69,15629,CPK,0.0385,0.0962,0.7885,0.0769,SEVERE_DELAY,1
NGAN,NAGAON ,207,1.92,11.54,78.85,7.69,15629,NGAN,0.0192,0.1154,0.7885,0.0769,SEVERE_DELAY,1
JKB,JAKHALABANDHA ,201,3.85,11.54,76.92,7.69,15629,JKB,0.0385,0.1154,0.7692,0.0769,SEVERE_DELAY,1
SHTT,SILGHAT TOWN ,184,13.46,5.77,73.08,7.69,15629,SHTT,0.1346,0.0577,0.7308,0.0769,SEVERE_DELAY,1
SHTT,SILGHAT TOWN ,66,38.46,19.23,34.62,7.69,15630,SHTT,0.3846,0.1923,0.3462,0.0769,SEVERE_DELAY,1
JKB,JAKHALABANDHA ,65,38.46,19.23,34.62,7.69,15630,JKB,0.3846,0.1923,0.3462,0.0769,SEVERE_DELAY,1
NGAN,NAGAON ,67,36.54,21.15,34.62,7.69,15630,NGAN,0.3654,0.2115,0.3462,0.0769,SEVERE_DELAY,1
CPK,CHAPARMUKH JN ,79,25.0,26.92,40.38,7.69,15630,CPK,0.25,0.2692,0.4038,0.0769,SEVERE_DELAY,1
JID,JAGI ROAD ,88,13.46,36.54,42.31,7.69,15630,JID,0.1346,0.3654,0.4231,0.0769,SEVERE_DELAY,1
GHY,GUWAHATI ,78,23.08,26.92,42.31,7.69,15630,GHY,0.2308,0.2692,0.4231,0.0769,SEVERE_DELAY,1
KYQ,KAMAKHYA ,84,19.23,28.85,44.23,7.69,15630,KYQ,0.1923,0.2885,0.4423,0.0769,SEVERE_DELAY,1
RNY,RANGIYA JN ,112,13.46,21.15,55.77,9.62,15630,RNY,0.1346,0.2115,0.5577,0.0962,SEVERE_DELAY,1
BNGN,BONGAIGAON ,231,0.0,0.0,1.92,98.08,15630,BNGN,0.0,0.0,0.0192,0.9808,CANCEL_DISRUPTED,1
NBQ,NEW BONGAIGAON ,104,21.15,21.15,48.08,9.62,15630,NBQ,0.2115,0.2115,0.4808,0.0962,SEVERE_DELAY,1
KOJ,KOKRAJHAR ,115,13.46,23.08,55.77,7.69,15630,KOJ,0.1346,0.2308,0.5577,0.0769,SEVERE_DELAY,1
FKM,FAKIRAGRAM JN ,119,11.54,25.0,55.77,7.69,15630,FKM,0.1154,0.25,0.5577,0.0769,SEVERE_DELAY,1
NOQ,NEW ALIPURDAUR ,130,1.92,25.0,65.38,7.69,15630,NOQ,0.0192,0.25,0.6538,0.0769,SEVERE_DELAY,1
NCB,NEW COOCH BEHAR ,133,1.92,26.92,63.46,7.69,15630,NCB,0.0192,0.2692,0.6346,0.0769,SEVERE_DELAY,1
DQG,DHUPGURI ,137,0.0,32.69,59.62,7.69,15630,DQG,0.0,0.3269,0.5962,0.0769,SEVERE_DELAY,1
NMX,NEW MAYNAGURI ,138,0.0,30.77,61.54,7.69,15630,NMX,0.0,0.3077,0.6154,0.0769,SEVERE_DELAY,1
NJP,NEW JALPAIGURI ,102,26.92,15.38,50.0,7.69,15630,NJP,0.2692,0.1538,0.5,0.0769,SEVERE_DELAY,1
KNE,KISHANGANJ ,115,7.69,34.62,50.0,7.69,15630,KNE,0.0769,0.3462,0.5,0.0769,SEVERE_DELAY,1
BOE,BARSOI JN ,127,3.85,34.62,53.85,7.69,15630,BOE,0.0385,0.3462,0.5385,0.0769,SEVERE_DELAY,1
MLDT,MALDA TOWN ,92,38.46,7.69,46.15,7.69,15630,MLDT,0.3846,0.0769,0.4615,0.0769,SEVERE_DELAY,1
NFK,NEW FARAKKA JN ,95,36.54,9.62,46.15,7.69,15630,NFK,0.3654,0.0962,0.4615,0.0769,SEVERE_DELAY,1
PKR,PAKUR ,92,40.38,9.62,42.31,7.69,15630,PKR,0.4038,0.0962,0.4231,0.0769,SEVERE_DELAY,1
RPH,RAMPUR HAT ,102,34.62,9.62,48.08,7.69,15630,RPH,0.3462,0.0962,0.4808,0.0769,SEVERE_DELAY,1
SURI,SIURI ,104,32.69,9.62,50.0,7.69,15630,SURI,0.3269,0.0962,0.5,0.0769,SEVERE_DELAY,1
UDL,ANDAL JN ,109,30.77,11.54,50.0,7.69,15630,UDL,0.3077,0.1154,0.5,0.0769,SEVERE_DELAY,1
DGR,DURGAPUR ,126,9.62,32.69,50.0,7.69,15630,DGR,0.0962,0.3269,0.5,0.0769,SEVERE_DELAY,1
ASN,ASANSOL JN ,114,30.77,13.46,48.08,7.69,15630,ASN,0.3077,0.1346,0.4808,0.0769,SEVERE_DELAY,1
JOC,JOYCHANDI PAHAR ,119,25.0,17.31,50.0,7.69,15630,JOC,0.25,0.1731,0.5,0.0769,SEVERE_DELAY,1
PRR,PURULIA JN ,121,19.23,21.15,50.0,9.62,15630,PRR,0.1923,0.2115,0.5,0.0962,SEVERE_DELAY,1
TATA,TATANAGAR JN ,133,21.15,11.54,57.69,9.62,15630,TATA,0.2115,0.1154,0.5769,0.0962,SEVERE_DELAY,1
HIJ,HIJILLI ,129,17.31,13.46,57.69,11.54,15630,HIJ,0.1731,0.1346,0.5769,0.1154,SEVERE_DELAY,1
BLS,BALASORE ,129,15.38,15.38,57.69,11.54,15630,BLS,0.1538,0.1538,0.5769,0.1154,SEVERE_DELAY,1
CTC,CUTTACK ,150,15.38,17.31,59.62,7.69,15630,CTC,0.1538,0.1731,0.5962,0.0769,SEVERE_DELAY,1
BBS,BHUBANESWAR ,158,15.38,13.46,63.46,7.69,15630,BBS,0.1538,0.1346,0.6346,0.0769,SEVERE_DELAY,1
KUR,KHURDA ROAD JN ,158,11.54,15.38,65.38,7.69,15630,KUR,0.1154,0.1538,0.6538,0.0769,SEVERE_DELAY,1
BAM,BRAHMAPUR ,181,1.92,17.31,73.08,7.69,15630,BAM,0.0192,0.1731,0.7308,0.0769,SEVERE_DELAY,1
VSKP,VISHAKAPATNAM ,136,19.23,13.46,59.62,7.69,15630,VSKP,0.1923,0.1346,0.5962,0.0769,SEVERE_DELAY,1
RJY,RAJAMUNDRY ,171,11.54,19.23,61.54,7.69,15630,RJY,0.1154,0.1923,0.6154,0.0769,SEVERE_DELAY,1
EE,ELURU ,187,9.62,21.15,61.54,7.69,15630,EE,0.0962,0.2115,0.6154,0.0769,SEVERE_DELAY,1
BZA,VIJAYAWADA JN ,170,23.08,11.54,57.69,7.69,15630,BZA,0.2308,0.1154,0.5769,0.0769,SEVERE_DELAY,1
OGL,ONGOLE ,197,5.77,13.46,73.08,7.69,15630,OGL,0.0577,0.1346,0.7308,0.0769,SEVERE_DELAY,1
NLR,NELLORE ,183,19.23,15.38,57.69,7.69,15630,NLR,0.1923,0.1538,0.5769,0.0769,SEVERE_DELAY,1
MS,CHENNAI EGMORE ,107,42.31,7.69,42.31,7.69,15630,MS,0.4231,0.0769,0.4231,0.0769,SEVERE_DELAY,1
TBM,TAMBARAM ,97,44.23,9.62,38.46,7.69,15630,TBM,0.4423,0.0962,0.3846,0.0769,SEVERE_DELAY,1
LTT,LOKMANYATILAK T ,22,88.46,3.85,7.69,0.0,15647,LTT,0.8846,0.0385,0.0769,0.0,MODERATE_DELAY,0
KYN,KALYAN JN ,37,42.31,48.08,9.62,0.0,15647,KYN,0.4231,0.4808,0.0962,0.0,MODERATE_DELAY,0
NK,NASIK ROAD ,30,76.92,11.54,11.54,0.0,15647,NK,0.7692,0.1154,0.1154,0.0,MODERATE_DELAY,0
MMR,MANMAD JN ,37,67.31,19.23,13.46,0.0,15647,MMR,0.6731,0.1923,0.1346,0.0,MODERATE_DELAY,0
BSL,BHUSAVAL JN ,48,48.08,34.62,17.31,0.0,15647,BSL,0.4808,0.3462,0.1731,0.0,SEVERE_DELAY,1
BAU,BURHANPUR ,52,48.08,30.77,21.15,0.0,15647,BAU,0.4808,0.3077,0.2115,0.0,SEVERE_DELAY,1
KNW,KHANDWA ,45,71.15,9.62,19.23,0.0,15647,KNW,0.7115,0.0962,0.1923,0.0,MODERATE_DELAY,0
HD,HARDA ,52,59.62,17.31,23.08,0.0,15647,HD,0.5962,0.1731,0.2308,0.0,SEVERE_DELAY,1
ET,ITARSI JN ,51,67.31,9.62,23.08,0.0,15647,ET,0.6731,0.0962,0.2308,0.0,SEVERE_DELAY,1
PPI,PIPARIYA ,59,48.08,28.85,23.08,0.0,15647,PPI,0.4808,0.2885,0.2308,0.0,SEVERE_DELAY,1
JBP,JABALPUR ,63,40.38,32.69,26.92,0.0,15647,JBP,0.4038,0.3269,0.2692,0.0,SEVERE_DELAY,1
KTE,KATNI ,99,1.92,53.85,44.23,0.0,15647,KTE,0.0192,0.5385,0.4423,0.0,SEVERE_DELAY,1
MYR,MAIHAR ,41,0.0,3.85,0.0,96.15,15647,MYR,0.0,0.0385,0.0,0.9615,CANCEL_DISRUPTED,1
STA,SATNA ,112,0.0,50.0,50.0,0.0,15647,STA,0.0,0.5,0.5,0.0,SEVERE_DELAY,1
PCOI,PRAYAGRAJ CHHEOKI ,130,7.69,42.31,50.0,0.0,15647,COI,0.0769,0.4231,0.5,0.0,SEVERE_DELAY,1
MZP,MIRZAPUR ,140,3.85,40.38,55.77,0.0,15647,MZP,0.0385,0.4038,0.5577,0.0,SEVERE_DELAY,1
DDU,PT DEEN DAYAL UPADHYAY JN ,122,28.85,21.15,50.0,0.0,15647,MGS,0.2885,0.2115,0.5,0.0,SEVERE_DELAY,1
DLN,DILDARNAGAR JN ,123,30.77,19.23,48.08,1.92,15647,DLN,0.3077,0.1923,0.4808,0.0192,SEVERE_DELAY,1
BXR,BUXAR ,121,30.77,23.08,44.23,1.92,15647,BXR,0.3077,0.2308,0.4423,0.0192,SEVERE_DELAY,1
DURE,DUMRAON ,126,28.85,21.15,48.08,1.92,15647,DURE,0.2885,0.2115,0.4808,0.0192,SEVERE_DELAY,1
ARA,ARA ,121,28.85,21.15,48.08,1.92,15647,ARA,0.2885,0.2115,0.4808,0.0192,SEVERE_DELAY,1
DNR,DANAPUR ,124,23.08,26.92,48.08,1.92,15647,DNR,0.2308,0.2692,0.4808,0.0192,SEVERE_DELAY,1
PNBE,PATNA JN ,101,38.46,21.15,40.38,0.0,15647,PNBE,0.3846,0.2115,0.4038,0.0,SEVERE_DELAY,1
PNC,PATNA SAHEB ,115,26.92,28.85,44.23,0.0,15647,PNC,0.2692,0.2885,0.4423,0.0,SEVERE_DELAY,1
FUT,FATUHA JN ,126,25.0,25.0,50.0,0.0,15647,FUT,0.25,0.25,0.5,0.0,SEVERE_DELAY,1
KOO,KHUSROPUR ,129,21.15,26.92,51.92,0.0,15647,KOO,0.2115,0.2692,0.5192,0.0,SEVERE_DELAY,1
BKP,BAKHTIYARPUR JN ,135,17.31,26.92,55.77,0.0,15647,BKP,0.1731,0.2692,0.5577,0.0,SEVERE_DELAY,1
BARH,BARH ,145,5.77,30.77,63.46,0.0,15647,BARH,0.0577,0.3077,0.6346,0.0,SEVERE_DELAY,1
MKA,MOKAMEH JN ,145,11.54,26.92,61.54,0.0,15647,MKA,0.1154,0.2692,0.6154,0.0,SEVERE_DELAY,1
HTZ,HATHIDAH JN ,151,3.85,28.85,67.31,0.0,15647,HTZ,0.0385,0.2885,0.6731,0.0,SEVERE_DELAY,1
BRYA,BARHIYA ,155,3.85,25.0,71.15,0.0,15647,BRYA,0.0385,0.25,0.7115,0.0,SEVERE_DELAY,1
LKR,LUCKEESARAI JN ,141,19.23,21.15,59.62,0.0,15647,LKR,0.1923,0.2115,0.5962,0.0,SEVERE_DELAY,1
KIUL,KIUL JN ,101,44.23,9.62,46.15,0.0,15647,KIUL,0.4423,0.0962,0.4615,0.0,SEVERE_DELAY,1
AHA,ABHAIPUR ,112,38.46,1.92,40.38,19.23,15647,AHA,0.3846,0.0192,0.4038,0.1923,SEVERE_DELAY,1
JMP,JAMALPUR JN ,96,44.23,13.46,42.31,0.0,15647,JMP,0.4423,0.1346,0.4231,0.0,SEVERE_DELAY,1
BUP,BARIARPUR ,101,34.62,21.15,44.23,0.0,15647,BUP,0.3462,0.2115,0.4423,0.0,SEVERE_DELAY,1
SGG,SULTANGANJ ,100,36.54,19.23,44.23,0.0,15647,SGG,0.3654,0.1923,0.4423,0.0,SEVERE_DELAY,1
BGP,BHAGALPUR ,90,44.23,17.31,38.46,0.0,15647,BGP,0.4423,0.1731,0.3846,0.0,SEVERE_DELAY,1
CLG,KAHALGAON ,96,34.62,25.0,40.38,0.0,15647,CLG,0.3462,0.25,0.4038,0.0,SEVERE_DELAY,1
SBG,SAHIBGANJ JN ,91,40.38,17.31,42.31,0.0,15647,SBG,0.4038,0.1731,0.4231,0.0,SEVERE_DELAY,1
BHW,BARHARWA JN ,84,42.31,26.92,30.77,0.0,15647,BHW,0.4231,0.2692,0.3077,0.0,SEVERE_DELAY,1
NFK,NEW FARAKKA JN ,88,28.85,36.54,34.62,0.0,15647,NFK,0.2885,0.3654,0.3462,0.0,SEVERE_DELAY,1
MLDT,MALDA TOWN ,84,44.23,19.23,36.54,0.0,15647,MLDT,0.4423,0.1923,0.3654,0.0,SEVERE_DELAY,1
KNE,KISHANGANJ ,119,11.54,40.38,48.08,0.0,15647,KNE,0.1154,0.4038,0.4808,0.0,SEVERE_DELAY,1
NJP,NEW JALPAIGURI ,109,34.62,25.0,40.38,0.0,15647,NJP,0.3462,0.25,0.4038,0.0,SEVERE_DELAY,1
DQG,DHUPGURI ,111,32.69,25.0,42.31,0.0,15647,DQG,0.3269,0.25,0.4231,0.0,SEVERE_DELAY,1
NCB,NEW COOCH BEHAR ,112,32.69,25.0,42.31,0.0,15647,NCB,0.3269,0.25,0.4231,0.0,SEVERE_DELAY,1
NOQ,NEW ALIPURDAUR ,112,32.69,25.0,42.31,0.0,15647,NOQ,0.3269,0.25,0.4231,0.0,SEVERE_DELAY,1
NBQ,NEW BONGAIGAON ,112,40.38,17.31,42.31,0.0,15647,NBQ,0.4038,0.1731,0.4231,0.0,SEVERE_DELAY,1
BPRD,BARPETA ROAD ,121,15.38,30.77,50.0,3.85,15647,BPRD,0.1538,0.3077,0.5,0.0385,SEVERE_DELAY,1
RNY,RANGIYA JN ,132,11.54,25.0,59.62,3.85,15647,RNY,0.1154,0.25,0.5962,0.0385,SEVERE_DELAY,1
KYQ,KAMAKHYA ,126,25.0,32.69,42.31,0.0,15647,KYQ,0.25,0.3269,0.4231,0.0,SEVERE_DELAY,1
GHY,GUWAHATI ,114,32.69,32.69,34.62,0.0,15647,GHY,0.3269,0.3269,0.3462,0.0,SEVERE_DELAY,1
GHY,GUWAHATI ,47,67.31,9.62,23.08,0.0,15648,GHY,0.6731,0.0962,0.2308,0.0,SEVERE_DELAY,1
KYQ,KAMAKHYA ,56,63.46,13.46,23.08,0.0,15648,KYQ,0.6346,0.1346,0.2308,0.0,SEVERE_DELAY,1
RNY,RANGIYA JN ,74,42.31,23.08,32.69,1.92,15648,RNY,0.4231,0.2308,0.3269,0.0192,SEVERE_DELAY,1
BPRD,BARPETA ROAD ,122,0.0,34.62,63.46,1.92,15648,BPRD,0.0,0.3462,0.6346,0.0192,SEVERE_DELAY,1
BNGN,BONGAIGAON ,30,0.0,3.85,0.0,96.15,15648,BNGN,0.0,0.0385,0.0,0.9615,CANCEL_DISRUPTED,1
NBQ,NEW BONGAIGAON ,74,46.15,19.23,30.77,3.85,15648,NBQ,0.4615,0.1923,0.3077,0.0385,SEVERE_DELAY,1
NOQ,NEW ALIPURDAUR ,84,21.15,42.31,36.54,0.0,15648,NOQ,0.2115,0.4231,0.3654,0.0,SEVERE_DELAY,1
NCB,NEW COOCH BEHAR ,92,15.38,50.0,34.62,0.0,15648,NCB,0.1538,0.5,0.3462,0.0,SEVERE_DELAY,1
DQG,DHUPGURI ,95,15.38,46.15,38.46,0.0,15648,DQG,0.1538,0.4615,0.3846,0.0,SEVERE_DELAY,1
NJP,NEW JALPAIGURI ,63,59.62,15.38,25.0,0.0,15648,NJP,0.5962,0.1538,0.25,0.0,SEVERE_DELAY,1
KNE,KISHANGANJ ,77,28.85,44.23,26.92,0.0,15648,KNE,0.2885,0.4423,0.2692,0.0,SEVERE_DELAY,1
MLDT,MALDA TOWN ,58,67.31,7.69,25.0,0.0,15648,MLDT,0.6731,0.0769,0.25,0.0,SEVERE_DELAY,1
NFK,NEW FARAKKA JN ,64,61.54,13.46,25.0,0.0,15648,NFK,0.6154,0.1346,0.25,0.0,SEVERE_DELAY,1
BHW,BARHARWA JN ,60,57.69,19.23,23.08,0.0,15648,BHW,0.5769,0.1923,0.2308,0.0,SEVERE_DELAY,1
SBG,SAHIBGANJ JN ,62,55.77,21.15,23.08,0.0,15648,SBG,0.5577,0.2115,0.2308,0.0,SEVERE_DELAY,1
CLG,KAHALGAON ,68,48.08,25.0,26.92,0.0,15648,CLG,0.4808,0.25,0.2692,0.0,SEVERE_DELAY,1
BGP,BHAGALPUR ,56,63.46,13.46,23.08,0.0,15648,BGP,0.6346,0.1346,0.2308,0.0,SEVERE_DELAY,1
SGG,SULTANGANJ ,61,59.62,17.31,23.08,0.0,15648,SGG,0.5962,0.1731,0.2308,0.0,SEVERE_DELAY,1
BUP,BARIARPUR ,59,61.54,15.38,23.08,0.0,15648,BUP,0.6154,0.1538,0.2308,0.0,SEVERE_DELAY,1
JMP,JAMALPUR JN ,56,69.23,9.62,21.15,0.0,15648,JMP,0.6923,0.0962,0.2115,0.0,SEVERE_DELAY,1
AHA,ABHAIPUR ,62,51.92,9.62,21.15,17.31,15648,AHA,0.5192,0.0962,0.2115,0.1731,SEVERE_DELAY,1
KIUL,KIUL JN ,54,73.08,3.85,23.08,0.0,15648,KIUL,0.7308,0.0385,0.2308,0.0,SEVERE_DELAY,1
LKR,LUCKEESARAI JN ,57,71.15,5.77,23.08,0.0,15648,LKR,0.7115,0.0577,0.2308,0.0,SEVERE_DELAY,1
BRYA,BARHIYA ,63,71.15,5.77,23.08,0.0,15648,BRYA,0.7115,0.0577,0.2308,0.0,SEVERE_DELAY,1
HTZ,HATHIDAH JN ,65,63.46,13.46,23.08,0.0,15648,HTZ,0.6346,0.1346,0.2308,0.0,SEVERE_DELAY,1
MKA,MOKAMEH JN ,67,55.77,21.15,23.08,0.0,15648,MKA,0.5577,0.2115,0.2308,0.0,SEVERE_DELAY,1
BARH,BARH ,79,23.08,51.92,25.0,0.0,15648,BARH,0.2308,0.5192,0.25,0.0,SEVERE_DELAY,1
BKP,BAKHTIYARPUR JN ,80,28.85,46.15,25.0,0.0,15648,BKP,0.2885,0.4615,0.25,0.0,SEVERE_DELAY,1
KOO,KHUSROPUR ,85,17.31,55.77,26.92,0.0,15648,KOO,0.1731,0.5577,0.2692,0.0,SEVERE_DELAY,1
FUT,FATUHA JN ,89,15.38,53.85,30.77,0.0,15648,FUT,0.1538,0.5385,0.3077,0.0,SEVERE_DELAY,1
PNC,PATNA SAHEB ,83,25.0,48.08,26.92,0.0,15648,PNC,0.25,0.4808,0.2692,0.0,SEVERE_DELAY,1
PNBE,PATNA JN ,85,28.85,46.15,25.0,0.0,15648,PNBE,0.2885,0.4615,0.25,0.0,SEVERE_DELAY,1
DNR,DANAPUR ,95,19.23,50.0,30.77,0.0,15648,DNR,0.1923,0.5,0.3077,0.0,SEVERE_DELAY,1
ARA,ARA ,107,11.54,51.92,36.54,0.0,15648,ARA,0.1154,0.5192,0.3654,0.0,SEVERE_DELAY,1
DURE,DUMRAON ,117,7.69,50.0,42.31,0.0,15648,DURE,0.0769,0.5,0.4231,0.0,SEVERE_DELAY,1
BXR,BUXAR ,115,11.54,44.23,44.23,0.0,15648,BXR,0.1154,0.4423,0.4423,0.0,SEVERE_DELAY,1
DLN,DILDARNAGAR JN ,124,1.92,50.0,48.08,0.0,15648,DLN,0.0192,0.5,0.4808,0.0,SEVERE_DELAY,1
DDU,PT DEEN DAYAL UPADHYAY JN ,92,46.15,19.23,34.62,0.0,15648,MGS,0.4615,0.1923,0.3462,0.0,SEVERE_DELAY,1
MZP,MIRZAPUR ,105,21.15,44.23,34.62,0.0,15648,MZP,0.2115,0.4423,0.3462,0.0,SEVERE_DELAY,1
PCOI,PRAYAGRAJ CHHEOKI ,132,11.54,25.0,63.46,0.0,15648,COI,0.1154,0.25,0.6346,0.0,SEVERE_DELAY,1
STA,SATNA ,159,9.62,15.38,75.0,0.0,15648,STA,0.0962,0.1538,0.75,0.0,SEVERE_DELAY,1
MYR,MAIHAR ,64,0.0,1.92,1.92,96.15,15648,MYR,0.0,0.0192,0.0192,0.9615,CANCEL_DISRUPTED,1
KTE,KATNI ,172,7.69,11.54,80.77,0.0,15648,KTE,0.0769,0.1154,0.8077,0.0,SEVERE_DELAY,1
JBP,JABALPUR ,182,3.85,15.38,80.77,0.0,15648,JBP,0.0385,0.1538,0.8077,0.0,SEVERE_DELAY,1
PPI,PIPARIYA ,204,3.85,9.62,86.54,0.0,15648,PPI,0.0385,0.0962,0.8654,0.0,SEVERE_DELAY,1
ET,ITARSI JN ,182,7.69,11.54,80.77,0.0,15648,ET,0.0769,0.1154,0.8077,0.0,SEVERE_DELAY,1
HD,HARDA ,203,1.92,13.46,84.62,0.0,15648,HD,0.0192,0.1346,0.8462,0.0,SEVERE_DELAY,1
KNW,KHANDWA ,190,9.62,13.46,76.92,0.0,15648,KNW,0.0962,0.1346,0.7692,0.0,SEVERE_DELAY,1
BAU,BURHANPUR ,192,9.62,15.38,75.0,0.0,15648,BAU,0.0962,0.1538,0.75,0.0,SEVERE_DELAY,1
BSL,BHUSAVAL JN ,195,9.62,15.38,75.0,0.0,15648,BSL,0.0962,0.1538,0.75,0.0,SEVERE_DELAY,1
MMR,MANMAD JN ,205,11.54,9.62,78.85,0.0,15648,MMR,0.1154,0.0962,0.7885,0.0,SEVERE_DELAY,1
NK,NASIK ROAD ,207,11.54,11.54,76.92,0.0,15648,NK,0.1154,0.1154,0.7692,0.0,SEVERE_DELAY,1
KYN,KALYAN JN ,215,5.77,15.38,78.85,0.0,15648,KYN,0.0577,0.1538,0.7885,0.0,SEVERE_DELAY,1
TNA,THANE ,164,19.23,9.62,71.15,0.0,15648,TNA,0.1923,0.0962,0.7115,0.0,SEVERE_DELAY,1
LTT,LOKMANYATILAK T ,151,15.38,11.54,55.77,17.31,15648,LTT,0.1538,0.1154,0.5577,0.1731,SEVERE_DELAY,1
DBRG,DIBRUGARH ,8,90.41,3.29,1.37,4.93,15909,DBRG,0.9041,0.0329,0.0137,0.0493,ON_TIME_RELIABLE,0
NTSK,NEW TINSUKIA JN ,10,84.11,9.32,1.64,4.93,15909,NTSK,0.8411,0.0932,0.0164,0.0493,ON_TIME_RELIABLE,0
BOJ,BHOJO ,22,31.78,61.1,2.19,4.93,15909,BOJ,0.3178,0.611,0.0219,0.0493,MODERATE_DELAY,0
SLGR,SIMALUGURI JN ,25,24.93,67.67,2.47,4.93,15909,SLGR,0.2493,0.6767,0.0247,0.0493,MODERATE_DELAY,0
MXN,MARIANI JN ,25,22.47,69.86,2.74,4.93,15909,MXN,0.2247,0.6986,0.0274,0.0493,MODERATE_DELAY,0
FKG,FURKATING JN ,10,87.95,4.93,2.19,4.93,15909,FKG,0.8795,0.0493,0.0219,0.0493,ON_TIME_RELIABLE,0
SZR,SARUPATHAR ,16,63.84,28.77,2.47,4.93,15909,SZR,0.6384,0.2877,0.0247,0.0493,MODERATE_DELAY,0
DMV,DIMAPUR ,24,43.56,48.49,3.01,4.93,15909,DMV,0.4356,0.4849,0.0301,0.0493,MODERATE_DELAY,0
DPU,DIPHU ,30,22.74,68.22,4.11,4.93,15909,DPU,0.2274,0.6822,0.0411,0.0493,MODERATE_DELAY,0
LMG,LUMDING JN ,26,40.0,51.51,3.56,4.93,15909,LMG,0.4,0.5151,0.0356,0.0493,MODERATE_DELAY,0
HJI,HOJAI ,39,13.42,71.23,10.41,4.93,15909,HJI,0.1342,0.7123,0.1041,0.0493,MODERATE_DELAY,0
CPK,CHAPARMUKH JN ,48,13.97,58.36,22.74,4.93,15909,CPK,0.1397,0.5836,0.2274,0.0493,SEVERE_DELAY,1
JID,JAGI ROAD ,58,9.04,49.86,36.16,4.93,15909,JID,0.0904,0.4986,0.3616,0.0493,SEVERE_DELAY,1
GHY,GUWAHATI ,17,70.41,16.44,8.22,4.93,15909,GHY,0.7041,0.1644,0.0822,0.0493,MODERATE_DELAY,0
KYQ,KAMAKHYA ,18,70.41,16.16,8.49,4.93,15909,KYQ,0.7041,0.1616,0.0849,0.0493,MODERATE_DELAY,0
RNY,RANGIYA JN ,25,58.63,25.21,10.41,5.75,15909,RNY,0.5863,0.2521,0.1041,0.0575,MODERATE_DELAY,0
BPRD,BARPETA ROAD ,50,23.29,47.95,23.01,5.75,15909,BPRD,0.2329,0.4795,0.2301,0.0575,SEVERE_DELAY,1
BNGN,BONGAIGAON ,29,1.1,1.92,0.55,96.44,15909,BNGN,0.011,0.0192,0.0055,0.9644,CANCEL_DISRUPTED,1
NBQ,NEW BONGAIGAON ,39,44.11,27.95,19.45,8.49,15909,NBQ,0.4411,0.2795,0.1945,0.0849,MODERATE_DELAY,0
NOQ,NEW ALIPURDAUR ,48,30.41,41.64,22.74,5.21,15909,NOQ,0.3041,0.4164,0.2274,0.0521,SEVERE_DELAY,1
NCB,NEW COOCH BEHAR ,46,36.71,35.62,22.74,4.93,15909,NCB,0.3671,0.3562,0.2274,0.0493,SEVERE_DELAY,1
DQG,DHUPGURI ,47,37.53,34.79,22.74,4.93,15909,DQG,0.3753,0.3479,0.2274,0.0493,SEVERE_DELAY,1
JPE,JALPAIGURI ROAD ,49,33.42,38.63,23.01,4.93,15909,JPE,0.3342,0.3863,0.2301,0.0493,SEVERE_DELAY,1
NJP,NEW JALPAIGURI ,45,38.63,35.07,21.37,4.93,15909,NJP,0.3863,0.3507,0.2137,0.0493,MODERATE_DELAY,0
AUB,ALUABARI ROAD ,59,18.63,49.04,27.4,4.93,15909,AUB,0.1863,0.4904,0.274,0.0493,SEVERE_DELAY,1
KNE,KISHANGANJ ,62,14.52,49.32,31.23,4.93,15909,KNE,0.1452,0.4932,0.3123,0.0493,SEVERE_DELAY,1
DLK,DALKOLHA ,68,8.22,53.42,33.42,4.93,15909,DLK,0.0822,0.5342,0.3342,0.0493,SEVERE_DELAY,1
BOE,BARSOI JN ,68,6.03,56.44,32.6,4.93,15909,BOE,0.0603,0.5644,0.326,0.0493,SEVERE_DELAY,1
AZR,AZAMNAGAR ROAD ,72,3.84,55.07,36.16,4.93,15909,AZR,0.0384,0.5507,0.3616,0.0493,SEVERE_DELAY,1
KIR,KATIHAR JN ,31,72.88,6.85,15.34,4.93,15909,KIR,0.7288,0.0685,0.1534,0.0493,MODERATE_DELAY,0
NNA,NAUGACHIA ,44,39.18,38.36,17.53,4.93,15909,NNA,0.3918,0.3836,0.1753,0.0493,MODERATE_DELAY,0
THB,THANA BIHPUR JN ,49,30.14,45.21,19.73,4.93,15909,THB,0.3014,0.4521,0.1973,0.0493,SEVERE_DELAY,1
MNE,MANSI JN ,60,20.27,49.59,25.21,4.93,15909,MNE,0.2027,0.4959,0.2521,0.0493,SEVERE_DELAY,1
KGG,KHAGARIA JN ,66,13.97,53.42,27.67,4.93,15909,KGG,0.1397,0.5342,0.2767,0.0493,SEVERE_DELAY,1
BGS,BEGU SARAI ,77,7.12,50.41,37.53,4.93,15909,BGS,0.0712,0.5041,0.3753,0.0493,SEVERE_DELAY,1
BJU,BARAUNI JN ,71,20.0,41.37,33.7,4.93,15909,BJU,0.2,0.4137,0.337,0.0493,SEVERE_DELAY,1
DSS,DALSINGH SARAI ,86,7.12,43.29,44.66,4.93,15909,DSS,0.0712,0.4329,0.4466,0.0493,SEVERE_DELAY,1
SPJ,SAMASTIPUR JN ,81,17.26,35.89,41.92,4.93,15909,SPJ,0.1726,0.3589,0.4192,0.0493,SEVERE_DELAY,1
MFP,MUZAFFARPUR JN ,92,9.59,33.7,51.78,4.93,15909,MFP,0.0959,0.337,0.5178,0.0493,SEVERE_DELAY,1
HJP,HAJIPUR JN ,96,9.32,33.42,52.33,4.93,15909,HJP,0.0932,0.3342,0.5233,0.0493,SEVERE_DELAY,1
SEE,SONPUR JN ,102,3.56,26.03,43.56,26.85,15909,SEE,0.0356,0.2603,0.4356,0.2685,CANCEL_DISRUPTED,1
CPR,CHHAPRA ,72,32.05,25.75,37.26,4.93,15909,CPR,0.3205,0.2575,0.3726,0.0493,SEVERE_DELAY,1
EKMA,EKMA ,81,10.96,27.67,30.14,31.23,15909,EKMA,0.1096,0.2767,0.3014,0.3123,CANCEL_DISRUPTED,1
SV,SIWAN JN ,59,42.47,21.92,30.68,4.93,15909,SV,0.4247,0.2192,0.3068,0.0493,SEVERE_DELAY,1
BHTR,BHATPAR RANI ,65,4.11,3.01,3.29,89.59,15909,BHTR,0.0411,0.0301,0.0329,0.8959,CANCEL_DISRUPTED,1
BTT,BHATNI JN ,64,34.25,27.4,33.15,5.21,15909,BTT,0.3425,0.274,0.3315,0.0521,SEVERE_DELAY,1
DEOS,DEORIA SADAR ,63,36.16,26.58,32.05,5.21,15909,DEOS,0.3616,0.2658,0.3205,0.0521,SEVERE_DELAY,1
GKP,GORAKHPUR JN ,78,23.01,31.23,40.82,4.93,15909,GKP,0.2301,0.3123,0.4082,0.0493,SEVERE_DELAY,1
KLD,KHALILABAD ,81,20.0,32.33,42.74,4.93,15909,KLD,0.2,0.3233,0.4274,0.0493,SEVERE_DELAY,1
BST,BASTI ,86,15.62,32.88,46.58,4.93,15909,BST,0.1562,0.3288,0.4658,0.0493,SEVERE_DELAY,1
MUR,MANKAPUR JN ,94,9.59,35.62,49.86,4.93,15909,MUR,0.0959,0.3562,0.4986,0.0493,SEVERE_DELAY,1
GD,GONDA JN ,100,6.85,35.89,52.33,4.93,15909,GD,0.0685,0.3589,0.5233,0.0493,SEVERE_DELAY,1
BBK,BARABANKI JN ,96,20.0,21.64,46.58,11.78,15909,BBK,0.2,0.2164,0.4658,0.1178,SEVERE_DELAY,1
LKO,LUCKNOW NR ,84,30.41,15.89,41.92,11.78,15909,LKO,0.3041,0.1589,0.4192,0.1178,SEVERE_DELAY,1
BLM,BALAMU JN ,79,21.1,30.96,36.16,11.78,15909,BLM,0.211,0.3096,0.3616,0.1178,SEVERE_DELAY,1
HRI,HARDOI ,90,8.22,40.27,39.73,11.78,15909,HRI,0.0822,0.4027,0.3973,0.1178,SEVERE_DELAY,1
SPN,SHAHJEHANPUR ,70,25.48,36.44,33.15,4.93,15909,SPN,0.2548,0.3644,0.3315,0.0493,SEVERE_DELAY,1
BE,BAREILLY ,70,33.15,28.49,33.42,4.93,15909,BE,0.3315,0.2849,0.3342,0.0493,SEVERE_DELAY,1
RMU,RAMPUR ,89,12.88,40.27,41.92,4.93,15909,RMU,0.1288,0.4027,0.4192,0.0493,SEVERE_DELAY,1
MB,MORADABAD ,89,18.36,32.33,44.38,4.93,15909,MB,0.1836,0.3233,0.4438,0.0493,SEVERE_DELAY,1
AMRO,AMROHA ,94,16.99,33.42,44.66,4.93,15909,AMRO,0.1699,0.3342,0.4466,0.0493,SEVERE_DELAY,1
HPU,HAPUR ,103,13.42,30.68,50.96,4.93,15909,HPU,0.1342,0.3068,0.5096,0.0493,SEVERE_DELAY,1
PKW,PILKHUA ,105,12.6,30.96,51.51,4.93,15909,PKW,0.126,0.3096,0.5151,0.0493,SEVERE_DELAY,1
GZB,GHAZIABAD ,112,14.79,25.21,55.07,4.93,15909,GZB,0.1479,0.2521,0.5507,0.0493,SEVERE_DELAY,1
DLI,DELHI ,129,7.67,25.48,60.55,6.3,15909,DLI,0.0767,0.2548,0.6055,0.063,SEVERE_DELAY,1
DKZ,DELHI KISHANGNJ ,135,4.66,25.21,65.21,4.93,15909,DKZ,0.0466,0.2521,0.6521,0.0493,SEVERE_DELAY,1
SSB,SHAKURBASTI ,144,2.19,23.29,69.59,4.93,15909,SSB,0.0219,0.2329,0.6959,0.0493,SEVERE_DELAY,1
NNO,NANGLOI ,150,1.1,21.37,72.6,4.93,15909,NNO,0.011,0.2137,0.726,0.0493,SEVERE_DELAY,1
BGZ,BAHADURGARH ,154,0.55,19.18,75.34,4.93,15909,BGZ,0.0055,0.1918,0.7534,0.0493,SEVERE_DELAY,1
ROK,ROHTAK JN ,154,0.55,20.55,73.97,4.93,15909,ROK,0.0055,0.2055,0.7397,0.0493,SEVERE_DELAY,1
JIND,JIND JN ,159,0.27,16.16,78.63,4.93,15909,JIND,0.0027,0.1616,0.7863,0.0493,SEVERE_DELAY,1
NRW,NARWANA JN ,164,0.0,14.25,80.82,4.93,15909,NRW,0.0,0.1425,0.8082,0.0493,SEVERE_DELAY,1
TUN,TOHANA ,164,0.0,14.79,80.27,4.93,15909,TUN,0.0,0.1479,0.8027,0.0493,SEVERE_DELAY,1
JHL,JAKHAL JN ,162,0.55,15.34,79.18,4.93,15909,JHL,0.0055,0.1534,0.7918,0.0493,SEVERE_DELAY,1
BRZ,BARETA ,163,0.55,15.07,79.45,4.93,15909,BRZ,0.0055,0.1507,0.7945,0.0493,SEVERE_DELAY,1
BLZ,BUDHLADA ,164,0.55,13.7,80.82,4.93,15909,BLZ,0.0055,0.137,0.8082,0.0493,SEVERE_DELAY,1
MSZ,MANSA ,165,0.55,13.15,81.37,4.93,15909,MSZ,0.0055,0.1315,0.8137,0.0493,SEVERE_DELAY,1
MAUR,MAUR ,168,0.55,12.6,81.92,4.93,15909,MAUR,0.0055,0.126,0.8192,0.0493,SEVERE_DELAY,1
BTI,BHATINDA JN ,124,15.62,23.56,55.89,4.93,15909,BTI,0.1562,0.2356,0.5589,0.0493,SEVERE_DELAY,1
MBY,MANDI DABWALI ,142,4.93,24.93,65.21,4.93,15909,MBY,0.0493,0.2493,0.6521,0.0493,SEVERE_DELAY,1
SGRA,SANGARIA ,151,1.64,24.38,69.04,4.93,15909,SGRA,0.0164,0.2438,0.6904,0.0493,SEVERE_DELAY,1
HMH,HANUMANGARH JN ,139,1.92,28.22,64.93,4.93,15909,HMH,0.0192,0.2822,0.6493,0.0493,SEVERE_DELAY,1
PGK,PILI BANGAN ,142,1.1,27.67,66.3,4.93,15909,PGK,0.011,0.2767,0.663,0.0493,SEVERE_DELAY,1
SOG,SURATGARH JN ,139,1.37,29.59,64.11,4.93,15909,SOG,0.0137,0.2959,0.6411,0.0493,SEVERE_DELAY,1
MHJ,MAHAJAN ,149,0.82,24.38,69.86,4.93,15909,MHJ,0.0082,0.2438,0.6986,0.0493,SEVERE_DELAY,1
LKS,LUNKARANSAR ,153,0.27,22.47,72.33,4.93,15909,LKS,0.0027,0.2247,0.7233,0.0493,SEVERE_DELAY,1
LGH,LALGARH JN ,107,26.3,17.81,50.96,4.93,15909,LGH,0.263,0.1781,0.5096,0.0493,SEVERE_DELAY,1
LGH,LALGARH JN ,11,90.96,1.64,2.47,4.93,15910,LGH,0.9096,0.0164,0.0247,0.0493,ON_TIME_RELIABLE,0
LKS,LUNKARANSAR ,18,78.36,13.15,3.56,4.93,15910,LKS,0.7836,0.1315,0.0356,0.0493,MODERATE_DELAY,0
MHJ,MAHAJAN ,28,21.64,70.14,3.29,4.93,15910,MHJ,0.2164,0.7014,0.0329,0.0493,MODERATE_DELAY,0
SOG,SURATGARH JN ,21,53.42,38.36,3.29,4.93,15910,SOG,0.5342,0.3836,0.0329,0.0493,MODERATE_DELAY,0
PGK,PILI BANGAN ,23,44.38,47.12,3.56,4.93,15910,PGK,0.4438,0.4712,0.0356,0.0493,MODERATE_DELAY,0
HMH,HANUMANGARH JN ,23,44.66,46.3,4.11,4.93,15910,HMH,0.4466,0.463,0.0411,0.0493,MODERATE_DELAY,0
SGRA,SANGARIA ,27,34.52,55.89,4.66,4.93,15910,SGRA,0.3452,0.5589,0.0466,0.0493,MODERATE_DELAY,0
MBY,MANDI DABWALI ,31,22.19,67.67,5.21,4.93,15910,MBY,0.2219,0.6767,0.0521,0.0493,MODERATE_DELAY,0
BTI,BHATINDA JN ,11,88.77,2.47,3.84,4.93,15910,BTI,0.8877,0.0247,0.0384,0.0493,ON_TIME_RELIABLE,0
MAUR,MAUR ,20,80.82,9.86,4.38,4.93,15910,MAUR,0.8082,0.0986,0.0438,0.0493,MODERATE_DELAY,0
MSZ,MANSA ,21,77.26,12.88,4.93,4.93,15910,MSZ,0.7726,0.1288,0.0493,0.0493,MODERATE_DELAY,0
BLZ,BUDHLADA ,22,73.97,15.89,5.21,4.93,15910,BLZ,0.7397,0.1589,0.0521,0.0493,MODERATE_DELAY,0
BRZ,BARETA ,24,65.75,23.56,5.75,4.93,15910,BRZ,0.6575,0.2356,0.0575,0.0493,MODERATE_DELAY,0
JHL,JAKHAL JN ,25,60.55,28.22,6.3,4.93,15910,JHL,0.6055,0.2822,0.063,0.0493,MODERATE_DELAY,0
TUN,TOHANA ,26,56.99,31.23,6.85,4.93,15910,TUN,0.5699,0.3123,0.0685,0.0493,MODERATE_DELAY,0
NRW,NARWANA JN ,28,47.95,39.18,7.95,4.93,15910,NRW,0.4795,0.3918,0.0795,0.0493,MODERATE_DELAY,0
JIND,JIND JN ,29,47.95,38.9,8.22,4.93,15910,JIND,0.4795,0.389,0.0822,0.0493,MODERATE_DELAY,0
ROK,ROHTAK JN ,30,46.3,38.9,9.86,4.93,15910,ROK,0.463,0.389,0.0986,0.0493,MODERATE_DELAY,0
BGZ,BAHADURGARH ,29,49.04,35.89,10.14,4.93,15910,BGZ,0.4904,0.3589,0.1014,0.0493,MODERATE_DELAY,0
SSB,SHAKURBASTI ,26,64.66,20.82,9.59,4.93,15910,SSB,0.6466,0.2082,0.0959,0.0493,MODERATE_DELAY,0
DKZ,DELHI KISHANGNJ ,31,55.07,29.04,10.96,4.93,15910,DKZ,0.5507,0.2904,0.1096,0.0493,MODERATE_DELAY,0
DLI,DELHI ,30,54.79,27.4,11.23,6.58,15910,DLI,0.5479,0.274,0.1123,0.0658,MODERATE_DELAY,0
GZB,GHAZIABAD ,29,58.9,23.56,12.33,5.21,15910,GZB,0.589,0.2356,0.1233,0.0521,MODERATE_DELAY,0
PKW,PILKHUA ,36,44.66,36.16,13.7,5.48,15910,PKW,0.4466,0.3616,0.137,0.0548,MODERATE_DELAY,0
HPU,HAPUR ,39,40.82,39.73,13.97,5.48,15910,HPU,0.4082,0.3973,0.1397,0.0548,MODERATE_DELAY,0
AMRO,AMROHA ,48,26.85,49.32,18.36,5.48,15910,AMRO,0.2685,0.4932,0.1836,0.0548,SEVERE_DELAY,1
MB,MORADABAD ,52,27.95,46.85,20.0,5.21,15910,MB,0.2795,0.4685,0.2,0.0521,SEVERE_DELAY,1
RMU,RAMPUR ,67,12.6,52.6,29.04,5.75,15910,RMU,0.126,0.526,0.2904,0.0575,SEVERE_DELAY,1
BE,BAREILLY ,89,3.56,43.56,47.12,5.75,15910,BE,0.0356,0.4356,0.4712,0.0575,SEVERE_DELAY,1
SPN,SHAHJEHANPUR ,99,6.85,34.79,52.6,5.75,15910,SPN,0.0685,0.3479,0.526,0.0575,SEVERE_DELAY,1
HRI,HARDOI ,108,9.04,20.0,57.81,13.15,15910,HRI,0.0904,0.2,0.5781,0.1315,SEVERE_DELAY,1
BLM,BALAMU JN ,115,7.95,17.81,61.1,13.15,15910,BLM,0.0795,0.1781,0.611,0.1315,SEVERE_DELAY,1
LKO,LUCKNOW NR ,118,11.78,13.42,61.64,13.15,15910,LKO,0.1178,0.1342,0.6164,0.1315,SEVERE_DELAY,1
BBK,BARABANKI JN ,103,15.07,16.16,55.62,13.15,15910,BBK,0.1507,0.1616,0.5562,0.1315,SEVERE_DELAY,1
JLD,JARWAL ROAD ,112,11.51,20.82,62.47,5.21,15910,JLD,0.1151,0.2082,0.6247,0.0521,SEVERE_DELAY,1
GD,GONDA JN ,108,13.97,19.18,61.64,5.21,15910,GD,0.1397,0.1918,0.6164,0.0521,SEVERE_DELAY,1
MUR,MANKAPUR JN ,114,7.67,23.56,63.56,5.21,15910,MUR,0.0767,0.2356,0.6356,0.0521,SEVERE_DELAY,1
BST,BASTI ,117,8.49,21.37,64.93,5.21,15910,BST,0.0849,0.2137,0.6493,0.0521,SEVERE_DELAY,1
KLD,KHALILABAD ,119,6.85,23.56,64.38,5.21,15910,KLD,0.0685,0.2356,0.6438,0.0521,SEVERE_DELAY,1
GKP,GORAKHPUR JN ,93,21.92,18.08,54.79,5.21,15910,GKP,0.2192,0.1808,0.5479,0.0521,SEVERE_DELAY,1
DEOS,DEORIA SADAR ,99,10.96,26.3,57.53,5.21,15910,DEOS,0.1096,0.263,0.5753,0.0521,SEVERE_DELAY,1
BTT,BHATNI JN ,100,10.96,26.85,56.99,5.21,15910,BTT,0.1096,0.2685,0.5699,0.0521,SEVERE_DELAY,1
BHTR,BHATPAR RANI ,105,2.74,1.37,6.3,89.59,15910,BHTR,0.0274,0.0137,0.063,0.8959,CANCEL_DISRUPTED,1
SV,SIWAN JN ,88,21.37,21.92,51.51,5.21,15910,SV,0.2137,0.2192,0.5151,0.0521,SEVERE_DELAY,1
EKMA,EKMA ,88,16.44,15.07,36.99,31.51,15910,EKMA,0.1644,0.1507,0.3699,0.3151,CANCEL_DISRUPTED,1
CPR,CHHAPRA ,77,33.15,19.73,41.92,5.21,15910,CPR,0.3315,0.1973,0.4192,0.0521,SEVERE_DELAY,1
SEE,SONPUR JN ,78,22.19,22.47,28.22,27.12,15910,SEE,0.2219,0.2247,0.2822,0.2712,CANCEL_DISRUPTED,1
HJP,HAJIPUR JN ,80,27.95,27.4,39.45,5.21,15910,HJP,0.2795,0.274,0.3945,0.0521,SEVERE_DELAY,1
MFP,MUZAFFARPUR JN ,94,13.97,33.7,47.12,5.21,15910,MFP,0.1397,0.337,0.4712,0.0521,SEVERE_DELAY,1
SPJ,SAMASTIPUR JN ,100,16.44,26.3,52.05,5.21,15910,SPJ,0.1644,0.263,0.5205,0.0521,SEVERE_DELAY,1
DSS,DALSINGH SARAI ,108,11.23,27.67,55.89,5.21,15910,DSS,0.1123,0.2767,0.5589,0.0521,SEVERE_DELAY,1
BJU,BARAUNI JN ,101,16.71,25.75,52.33,5.21,15910,BJU,0.1671,0.2575,0.5233,0.0521,SEVERE_DELAY,1
BGS,BEGU SARAI ,109,10.68,29.04,55.07,5.21,15910,BGS,0.1068,0.2904,0.5507,0.0521,SEVERE_DELAY,1
KGG,KHAGARIA JN ,121,6.3,28.22,60.27,5.21,15910,KGG,0.063,0.2822,0.6027,0.0521,SEVERE_DELAY,1
MNE,MANSI JN ,124,4.93,28.22,61.64,5.21,15910,MNE,0.0493,0.2822,0.6164,0.0521,SEVERE_DELAY,1
THB,THANA BIHPUR JN ,127,4.38,27.4,63.01,5.21,15910,THB,0.0438,0.274,0.6301,0.0521,SEVERE_DELAY,1
NNA,NAUGACHIA ,132,1.92,29.04,63.84,5.21,15910,NNA,0.0192,0.2904,0.6384,0.0521,SEVERE_DELAY,1
KIR,KATIHAR JN ,101,27.4,20.82,46.58,5.21,15910,KIR,0.274,0.2082,0.4658,0.0521,SEVERE_DELAY,1
AZR,AZAMNAGAR ROAD ,114,14.79,26.85,51.23,7.12,15910,AZR,0.1479,0.2685,0.5123,0.0712,SEVERE_DELAY,1
BOE,BARSOI JN ,120,8.49,30.96,55.34,5.21,15910,BOE,0.0849,0.3096,0.5534,0.0521,SEVERE_DELAY,1
DLK,DALKOLHA ,132,3.29,28.77,62.74,5.21,15910,DLK,0.0329,0.2877,0.6274,0.0521,SEVERE_DELAY,1
KNE,KISHANGANJ ,138,2.19,27.12,65.48,5.21,15910,KNE,0.0219,0.2712,0.6548,0.0521,SEVERE_DELAY,1
AUB,ALUABARI ROAD ,145,1.37,23.84,69.59,5.21,15910,AUB,0.0137,0.2384,0.6959,0.0521,SEVERE_DELAY,1
NJP,NEW JALPAIGURI ,142,3.56,26.03,65.21,5.21,15910,NJP,0.0356,0.2603,0.6521,0.0521,SEVERE_DELAY,1
JPE,JALPAIGURI ROAD ,120,14.25,22.47,58.08,5.21,15910,JPE,0.1425,0.2247,0.5808,0.0521,SEVERE_DELAY,1
DQG,DHUPGURI ,123,13.97,23.01,57.81,5.21,15910,DQG,0.1397,0.2301,0.5781,0.0521,SEVERE_DELAY,1
NCB,NEW COOCH BEHAR ,121,15.62,22.74,56.44,5.21,15910,NCB,0.1562,0.2274,0.5644,0.0521,SEVERE_DELAY,1
NOQ,NEW ALIPURDAUR ,120,17.26,21.37,56.16,5.21,15910,NOQ,0.1726,0.2137,0.5616,0.0521,SEVERE_DELAY,1
NBQ,NEW BONGAIGAON ,108,25.75,18.36,50.68,5.21,15910,NBQ,0.2575,0.1836,0.5068,0.0521,SEVERE_DELAY,1
BPRD,BARPETA ROAD ,128,15.62,20.55,58.63,5.21,15910,BPRD,0.1562,0.2055,0.5863,0.0521,SEVERE_DELAY,1
RNY,RANGIYA JN ,147,7.4,21.64,65.75,5.21,15910,RNY,0.074,0.2164,0.6575,0.0521,SEVERE_DELAY,1
KYQ,KAMAKHYA ,142,18.63,14.79,61.37,5.21,15910,KYQ,0.1863,0.1479,0.6137,0.0521,SEVERE_DELAY,1
GHY,GUWAHATI ,160,11.23,18.63,64.93,5.21,15910,GHY,0.1123,0.1863,0.6493,0.0521,SEVERE_DELAY,1
JID,JAGI ROAD ,177,2.19,20.27,72.33,5.21,15910,JID,0.0219,0.2027,0.7233,0.0521,SEVERE_DELAY,1
CPK,CHAPARMUKH JN ,183,1.92,19.73,73.15,5.21,15910,CPK,0.0192,0.1973,0.7315,0.0521,SEVERE_DELAY,1
HJI,HOJAI ,187,1.64,18.9,74.25,5.21,15910,HJI,0.0164,0.189,0.7425,0.0521,SEVERE_DELAY,1
LMG,LUMDING JN ,176,3.56,18.36,72.88,5.21,15910,LMG,0.0356,0.1836,0.7288,0.0521,SEVERE_DELAY,1
DPU,DIPHU ,182,3.29,16.16,75.34,5.21,15910,DPU,0.0329,0.1616,0.7534,0.0521,SEVERE_DELAY,1
DMV,DIMAPUR ,189,1.92,15.34,77.53,5.21,15910,DMV,0.0192,0.1534,0.7753,0.0521,SEVERE_DELAY,1
SZR,SARUPATHAR ,189,3.29,14.79,76.71,5.21,15910,SZR,0.0329,0.1479,0.7671,0.0521,SEVERE_DELAY,1
FKG,FURKATING JN ,169,13.42,7.95,73.42,5.21,15910,FKG,0.1342,0.0795,0.7342,0.0521,SEVERE_DELAY,1
MXN,MARIANI JN ,182,4.66,15.62,74.52,5.21,15910,MXN,0.0466,0.1562,0.7452,0.0521,SEVERE_DELAY,1
SLGR,SIMALUGURI JN ,189,5.21,14.25,75.34,5.21,15910,SLGR,0.0521,0.1425,0.7534,0.0521,SEVERE_DELAY,1
BOJ,BHOJO ,182,9.86,10.41,74.52,5.21,15910,BOJ,0.0986,0.1041,0.7452,0.0521,SEVERE_DELAY,1
NTSK,NEW TINSUKIA JN ,189,4.66,16.71,73.42,5.21,15910,NTSK,0.0466,0.1671,0.7342,0.0521,SEVERE_DELAY,1
DBRG,DIBRUGARH ,167,18.08,8.77,67.95,5.21,15910,DBRG,0.1808,0.0877,0.6795,0.0521,SEVERE_DELAY,1
LTT,LOKMANYATILAK T ,11,93.27,4.81,1.92,0.0,15945,LTT,0.9327,0.0481,0.0192,0.0,ON_TIME_RELIABLE,0
KYN,KALYAN JN ,26,51.92,44.23,3.85,0.0,15945,KYN,0.5192,0.4423,0.0385,0.0,MODERATE_DELAY,0
NK,NASIK ROAD ,18,80.77,16.35,2.88,0.0,15945,NK,0.8077,0.1635,0.0288,0.0,MODERATE_DELAY,0
MMR,MANMAD JN ,20,81.73,13.46,4.81,0.0,15945,MMR,0.8173,0.1346,0.0481,0.0,MODERATE_DELAY,0
BSL,BHUSAVAL JN ,24,66.35,26.92,6.73,0.0,15945,BSL,0.6635,0.2692,0.0673,0.0,MODERATE_DELAY,0
BAU,BURHANPUR ,25,65.38,28.85,5.77,0.0,15945,BAU,0.6538,0.2885,0.0577,0.0,MODERATE_DELAY,0
KNW,KHANDWA ,17,85.58,8.65,5.77,0.0,15945,KNW,0.8558,0.0865,0.0577,0.0,MODERATE_DELAY,0
HD,HARDA ,25,75.96,14.42,9.62,0.0,15945,HD,0.7596,0.1442,0.0962,0.0,MODERATE_DELAY,0
ET,ITARSI JN ,27,75.96,12.5,11.54,0.0,15945,ET,0.7596,0.125,0.1154,0.0,MODERATE_DELAY,0
JBP,JABALPUR ,42,42.31,43.27,14.42,0.0,15945,JBP,0.4231,0.4327,0.1442,0.0,MODERATE_DELAY,0
KTE,KATNI ,72,2.88,64.42,32.69,0.0,15945,KTE,0.0288,0.6442,0.3269,0.0,SEVERE_DELAY,1
MYR,MAIHAR ,32,0.0,2.88,0.0,97.12,15945,MYR,0.0,0.0288,0.0,0.9712,CANCEL_DISRUPTED,1
STA,SATNA ,81,0.0,63.46,36.54,0.0,15945,STA,0.0,0.6346,0.3654,0.0,SEVERE_DELAY,1
PCOI,PRAYAGRAJ CHHEOKI ,85,13.46,43.27,43.27,0.0,15945,COI,0.1346,0.4327,0.4327,0.0,SEVERE_DELAY,1
MZP,MIRZAPUR ,93,14.42,35.58,50.0,0.0,15945,MZP,0.1442,0.3558,0.5,0.0,SEVERE_DELAY,1
DDU,PT DEEN DAYAL UPADHYAY JN ,79,43.27,18.27,38.46,0.0,15945,MGS,0.4327,0.1827,0.3846,0.0,SEVERE_DELAY,1
DLN,DILDARNAGAR JN ,75,43.27,17.31,37.5,1.92,15945,DLN,0.4327,0.1731,0.375,0.0192,SEVERE_DELAY,1
BXR,BUXAR ,74,41.35,23.08,33.65,1.92,15945,BXR,0.4135,0.2308,0.3365,0.0192,SEVERE_DELAY,1
DURE,DUMRAON ,76,38.46,25.96,33.65,1.92,15945,DURE,0.3846,0.2596,0.3365,0.0192,SEVERE_DELAY,1
ARA,ARA ,72,43.27,21.15,33.65,1.92,15945,ARA,0.4327,0.2115,0.3365,0.0192,SEVERE_DELAY,1
DNR,DANAPUR ,80,25.96,37.5,34.62,1.92,15945,DNR,0.2596,0.375,0.3462,0.0192,SEVERE_DELAY,1
PNBE,PATNA JN ,60,51.92,15.38,30.77,1.92,15945,PNBE,0.5192,0.1538,0.3077,0.0192,SEVERE_DELAY,1
PNC,PATNA SAHEB ,68,39.42,25.96,32.69,1.92,15945,PNC,0.3942,0.2596,0.3269,0.0192,SEVERE_DELAY,1
BKP,BAKHTIYARPUR JN ,77,33.65,24.04,40.38,1.92,15945,BKP,0.3365,0.2404,0.4038,0.0192,SEVERE_DELAY,1
BARH,BARH ,86,20.19,36.54,41.35,1.92,15945,BARH,0.2019,0.3654,0.4135,0.0192,SEVERE_DELAY,1
MKA,MOKAMEH JN ,88,19.23,34.62,44.23,1.92,15945,MKA,0.1923,0.3462,0.4423,0.0192,SEVERE_DELAY,1
NBJU,NEW BARAUNI JN ,66,47.12,15.38,35.58,1.92,15945,BJU,0.4712,0.1538,0.3558,0.0192,SEVERE_DELAY,1
BGS,BEGU SARAI ,69,42.31,20.19,35.58,1.92,15945,BGS,0.4231,0.2019,0.3558,0.0192,SEVERE_DELAY,1
KGG,KHAGARIA JN ,68,38.46,25.0,34.62,1.92,15945,KGG,0.3846,0.25,0.3462,0.0192,SEVERE_DELAY,1
MNE,MANSI JN ,68,35.58,27.88,34.62,1.92,15945,MNE,0.3558,0.2788,0.3462,0.0192,SEVERE_DELAY,1
THB,THANA BIHPUR JN ,70,32.69,30.77,34.62,1.92,15945,THB,0.3269,0.3077,0.3462,0.0192,SEVERE_DELAY,1
NNA,NAUGACHIA ,73,27.88,34.62,35.58,1.92,15945,NNA,0.2788,0.3462,0.3558,0.0192,SEVERE_DELAY,1
KIR,KATIHAR JN ,62,50.0,19.23,29.81,0.96,15945,KIR,0.5,0.1923,0.2981,0.0096,SEVERE_DELAY,1
BOE,BARSOI JN ,84,23.08,39.42,36.54,0.96,15945,BOE,0.2308,0.3942,0.3654,0.0096,SEVERE_DELAY,1
KNE,KISHANGANJ ,95,14.42,39.42,45.19,0.96,15945,KNE,0.1442,0.3942,0.4519,0.0096,SEVERE_DELAY,1
NJP,NEW JALPAIGURI ,94,27.88,27.88,44.23,0.0,15945,NJP,0.2788,0.2788,0.4423,0.0,SEVERE_DELAY,1
DQG,DHUPGURI ,86,41.35,23.08,35.58,0.0,15945,DQG,0.4135,0.2308,0.3558,0.0,SEVERE_DELAY,1
NCB,NEW COOCH BEHAR ,88,39.42,23.08,37.5,0.0,15945,NCB,0.3942,0.2308,0.375,0.0,SEVERE_DELAY,1
NOQ,NEW ALIPURDAUR ,90,37.5,25.96,36.54,0.0,15945,NOQ,0.375,0.2596,0.3654,0.0,SEVERE_DELAY,1
KOJ,KOKRAJHAR ,105,22.12,33.65,44.23,0.0,15945,KOJ,0.2212,0.3365,0.4423,0.0,SEVERE_DELAY,1
NBQ,NEW BONGAIGAON ,89,47.12,18.27,34.62,0.0,15945,NBQ,0.4712,0.1827,0.3462,0.0,SEVERE_DELAY,1
BPRD,BARPETA ROAD ,115,24.04,30.77,45.19,0.0,15945,BPRD,0.2404,0.3077,0.4519,0.0,SEVERE_DELAY,1
RNY,RANGIYA JN ,148,9.62,30.77,59.62,0.0,15945,RNY,0.0962,0.3077,0.5962,0.0,SEVERE_DELAY,1
KYQ,KAMAKHYA ,127,20.19,31.73,48.08,0.0,15945,KYQ,0.2019,0.3173,0.4808,0.0,SEVERE_DELAY,1
GHY,GUWAHATI ,126,25.0,26.92,48.08,0.0,15945,GHY,0.25,0.2692,0.4808,0.0,SEVERE_DELAY,1
HJI,HOJAI ,162,4.81,33.65,61.54,0.0,15945,HJI,0.0481,0.3365,0.6154,0.0,SEVERE_DELAY,1
LMG,LUMDING JN ,163,10.58,25.96,63.46,0.0,15945,LMG,0.1058,0.2596,0.6346,0.0,SEVERE_DELAY,1
DPU,DIPHU ,173,6.73,26.92,66.35,0.0,15945,DPU,0.0673,0.2692,0.6635,0.0,SEVERE_DELAY,1
DMV,DIMAPUR ,180,9.62,24.04,66.35,0.0,15945,DMV,0.0962,0.2404,0.6635,0.0,SEVERE_DELAY,1
FKG,FURKATING JN ,145,29.81,17.31,52.88,0.0,15945,FKG,0.2981,0.1731,0.5288,0.0,SEVERE_DELAY,1
MXN,MARIANI JN ,154,15.38,31.73,52.88,0.0,15945,MXN,0.1538,0.3173,0.5288,0.0,SEVERE_DELAY,1
SLGR,SIMALUGURI JN ,159,10.58,36.54,52.88,0.0,15945,SLGR,0.1058,0.3654,0.5288,0.0,SEVERE_DELAY,1
NTSK,NEW TINSUKIA JN ,156,14.42,33.65,51.92,0.0,15945,NTSK,0.1442,0.3365,0.5192,0.0,SEVERE_DELAY,1
DBRG,DIBRUGARH ,131,43.27,9.62,47.12,0.0,15945,DBRG,0.4327,0.0962,0.4712,0.0,SEVERE_DELAY,1
DBRG,DIBRUGARH ,2,99.04,0.96,0.0,0.0,15946,DBRG,0.9904,0.0096,0.0,0.0,ON_TIME_RELIABLE,0
NTSK,NEW TINSUKIA JN ,9,79.81,19.23,0.96,0.0,15946,NTSK,0.7981,0.1923,0.0096,0.0,ON_TIME_RELIABLE,0
SLGR,SIMALUGURI JN ,12,73.08,25.96,0.96,0.0,15946,SLGR,0.7308,0.2596,0.0096,0.0,ON_TIME_RELIABLE,0
MXN,MARIANI JN ,12,70.19,27.88,1.92,0.0,15946,MXN,0.7019,0.2788,0.0192,0.0,ON_TIME_RELIABLE,0
FKG,FURKATING JN ,2,97.12,1.92,0.96,0.0,15946,FKG,0.9712,0.0192,0.0096,0.0,ON_TIME_RELIABLE,0
DMV,DIMAPUR ,11,73.08,25.0,1.92,0.0,15946,DMV,0.7308,0.25,0.0192,0.0,ON_TIME_RELIABLE,0
DPU,DIPHU ,12,69.23,29.81,0.96,0.0,15946,DPU,0.6923,0.2981,0.0096,0.0,MODERATE_DELAY,0
LMG,LUMDING JN ,12,74.04,25.0,0.96,0.0,15946,LMG,0.7404,0.25,0.0096,0.0,ON_TIME_RELIABLE,0
HJI,HOJAI ,17,57.69,39.42,2.88,0.0,15946,HJI,0.5769,0.3942,0.0288,0.0,MODERATE_DELAY,0
CPK,CHAPARMUKH JN ,22,0.0,0.96,0.0,99.04,15946,CPK,0.0,0.0096,0.0,0.9904,CANCEL_DISRUPTED,1
GHY,GUWAHATI ,42,25.96,50.96,23.08,0.0,15946,GHY,0.2596,0.5096,0.2308,0.0,MODERATE_DELAY,0
KYQ,KAMAKHYA ,40,32.69,44.23,23.08,0.0,15946,KYQ,0.3269,0.4423,0.2308,0.0,MODERATE_DELAY,0
RNY,RANGIYA JN ,43,36.54,28.85,33.65,0.96,15946,RNY,0.3654,0.2885,0.3365,0.0096,MODERATE_DELAY,1
BPRD,BARPETA ROAD ,75,10.58,42.31,46.15,0.96,15946,BPRD,0.1058,0.4231,0.4615,0.0096,SEVERE_DELAY,1
BNGN,BONGAIGAON ,102,0.0,0.0,3.85,96.15,15946,BNGN,0.0,0.0,0.0385,0.9615,CANCEL_DISRUPTED,1
NBQ,NEW BONGAIGAON ,60,32.69,27.88,35.58,3.85,15946,NBQ,0.3269,0.2788,0.3558,0.0385,SEVERE_DELAY,1
KOJ,KOKRAJHAR ,60,32.69,28.85,38.46,0.0,15946,KOJ,0.3269,0.2885,0.3846,0.0,SEVERE_DELAY,1
NOQ,NEW ALIPURDAUR ,69,19.23,34.62,46.15,0.0,15946,NOQ,0.1923,0.3462,0.4615,0.0,SEVERE_DELAY,1
NCB,NEW COOCH BEHAR ,72,20.19,33.65,46.15,0.0,15946,NCB,0.2019,0.3365,0.4615,0.0,SEVERE_DELAY,1
DQG,DHUPGURI ,74,19.23,33.65,47.12,0.0,15946,DQG,0.1923,0.3365,0.4712,0.0,SEVERE_DELAY,1
NJP,NEW JALPAIGURI ,45,51.92,24.04,24.04,0.0,15946,NJP,0.5192,0.2404,0.2404,0.0,MODERATE_DELAY,0
KNE,KISHANGANJ ,55,36.54,28.85,33.65,0.96,15946,KNE,0.3654,0.2885,0.3365,0.0096,SEVERE_DELAY,1
BOE,BARSOI JN ,58,32.69,33.65,32.69,0.96,15946,BOE,0.3269,0.3365,0.3269,0.0096,SEVERE_DELAY,1
KIR,KATIHAR JN ,28,75.0,6.73,17.31,0.96,15946,KIR,0.75,0.0673,0.1731,0.0096,MODERATE_DELAY,0
NNA,NAUGACHIA ,38,57.69,23.08,18.27,0.96,15946,NNA,0.5769,0.2308,0.1827,0.0096,MODERATE_DELAY,0
THB,THANA BIHPUR JN ,39,53.85,25.96,19.23,0.96,15946,THB,0.5385,0.2596,0.1923,0.0096,MODERATE_DELAY,0
MNE,MANSI JN ,44,24.04,56.73,18.27,0.96,15946,MNE,0.2404,0.5673,0.1827,0.0096,MODERATE_DELAY,0
KGG,KHAGARIA JN ,47,24.04,56.73,18.27,0.96,15946,KGG,0.2404,0.5673,0.1827,0.0096,SEVERE_DELAY,1
BGS,BEGU SARAI ,66,1.92,70.19,26.92,0.96,15946,BGS,0.0192,0.7019,0.2692,0.0096,SEVERE_DELAY,1
NBJU,NEW BARAUNI JN ,39,44.23,38.46,16.35,0.96,15946,BJU,0.4423,0.3846,0.1635,0.0096,MODERATE_DELAY,0
MKA,MOKAMEH JN ,49,32.69,47.12,19.23,0.96,15946,MKA,0.3269,0.4712,0.1923,0.0096,SEVERE_DELAY,1
BARH,BARH ,68,6.73,48.08,44.23,0.96,15946,BARH,0.0673,0.4808,0.4423,0.0096,SEVERE_DELAY,1
BKP,BAKHTIYARPUR JN ,72,2.88,47.12,49.04,0.96,15946,BKP,0.0288,0.4712,0.4904,0.0096,SEVERE_DELAY,1
PNC,PATNA SAHEB ,51,11.54,72.12,15.38,0.96,15946,PNC,0.1154,0.7212,0.1538,0.0096,SEVERE_DELAY,1
PNBE,PATNA JN ,33,45.19,42.31,11.54,0.96,15946,PNBE,0.4519,0.4231,0.1154,0.0096,MODERATE_DELAY,0
DNR,DANAPUR ,36,41.35,46.15,11.54,0.96,15946,DNR,0.4135,0.4615,0.1154,0.0096,MODERATE_DELAY,0
ARA,ARA ,44,27.88,56.73,14.42,0.96,15946,ARA,0.2788,0.5673,0.1442,0.0096,MODERATE_DELAY,0
DURE,DUMRAON ,34,47.12,41.35,10.58,0.96,15946,DURE,0.4712,0.4135,0.1058,0.0096,MODERATE_DELAY,0
BXR,BUXAR ,31,57.69,31.73,9.62,0.96,15946,BXR,0.5769,0.3173,0.0962,0.0096,MODERATE_DELAY,0
DLN,DILDARNAGAR JN ,39,39.42,49.04,10.58,0.96,15946,DLN,0.3942,0.4904,0.1058,0.0096,MODERATE_DELAY,0
DDU,PT DEEN DAYAL UPADHYAY JN ,29,84.62,5.77,9.62,0.0,15946,MGS,0.8462,0.0577,0.0962,0.0,MODERATE_DELAY,0
MZP,MIRZAPUR ,47,47.12,34.62,18.27,0.0,15946,MZP,0.4712,0.3462,0.1827,0.0,SEVERE_DELAY,1
PCOI,PRAYAGRAJ CHHEOKI ,82,14.42,42.31,43.27,0.0,15946,COI,0.1442,0.4231,0.4327,0.0,SEVERE_DELAY,1
STA,SATNA ,114,9.62,29.81,60.58,0.0,15946,STA,0.0962,0.2981,0.6058,0.0,SEVERE_DELAY,1
MYR,MAIHAR ,139,0.0,0.0,2.88,97.12,15946,MYR,0.0,0.0,0.0288,0.9712,CANCEL_DISRUPTED,1
KTE,KATNI ,130,3.85,25.96,70.19,0.0,15946,KTE,0.0385,0.2596,0.7019,0.0,SEVERE_DELAY,1
JBP,JABALPUR ,141,0.96,25.0,74.04,0.0,15946,JBP,0.0096,0.25,0.7404,0.0,SEVERE_DELAY,1
PPI,PIPARIYA ,161,0.96,14.42,84.62,0.0,15946,PPI,0.0096,0.1442,0.8462,0.0,SEVERE_DELAY,1
ET,ITARSI JN ,142,5.77,18.27,75.96,0.0,15946,ET,0.0577,0.1827,0.7596,0.0,SEVERE_DELAY,1
HD,HARDA ,173,1.92,16.35,81.73,0.0,15946,HD,0.0192,0.1635,0.8173,0.0,SEVERE_DELAY,1
KNW,KHANDWA ,159,10.58,18.27,71.15,0.0,15946,KNW,0.1058,0.1827,0.7115,0.0,SEVERE_DELAY,1
BAU,BURHANPUR ,162,12.5,17.31,70.19,0.0,15946,BAU,0.125,0.1731,0.7019,0.0,SEVERE_DELAY,1
BSL,BHUSAVAL JN ,163,13.46,13.46,73.08,0.0,15946,BSL,0.1346,0.1346,0.7308,0.0,SEVERE_DELAY,1
MMR,MANMAD JN ,177,10.58,16.35,73.08,0.0,15946,MMR,0.1058,0.1635,0.7308,0.0,SEVERE_DELAY,1
NK,NASIK ROAD ,176,9.62,18.27,72.12,0.0,15946,NK,0.0962,0.1827,0.7212,0.0,SEVERE_DELAY,1
KYN,KALYAN JN ,184,5.77,21.15,73.08,0.0,15946,KYN,0.0577,0.2115,0.7308,0.0,SEVERE_DELAY,1
TNA,THANE ,159,14.42,17.31,68.27,0.0,15946,TNA,0.1442,0.1731,0.6827,0.0,SEVERE_DELAY,1
LTT,LOKMANYATILAK T ,160,14.42,12.5,61.54,11.54,15946,LTT,0.1442,0.125,0.6154,0.1154,SEVERE_DELAY,1
DBRG,DIBRUGARH ,9,97.31,0.38,2.31,0.0,15960,DBRG,0.9731,0.0038,0.0231,0.0,ON_TIME_RELIABLE,0
NTSK,NEW TINSUKIA JN ,12,83.85,13.46,2.31,0.38,15960,NTSK,0.8385,0.1346,0.0231,0.0038,ON_TIME_RELIABLE,0
DJG,DULIAJAN ,16,71.54,25.0,3.08,0.38,15960,DJG,0.7154,0.25,0.0308,0.0038,MODERATE_DELAY,0
NHK,NAHARKATIYA ,26,42.69,53.46,3.46,0.38,15960,NHK,0.4269,0.5346,0.0346,0.0038,MODERATE_DELAY,0
NAM,NAMRUP ,19,64.23,31.92,3.46,0.38,15960,NAM,0.6423,0.3192,0.0346,0.0038,MODERATE_DELAY,0
BOJ,BHOJO ,28,33.46,61.92,4.23,0.38,15960,BOJ,0.3346,0.6192,0.0423,0.0038,MODERATE_DELAY,0
SLGR,SIMALUGURI JN ,35,23.46,70.38,6.15,0.0,15960,SLGR,0.2346,0.7038,0.0615,0.0,MODERATE_DELAY,0
AGI,AMGURI ,25,52.69,41.15,6.15,0.0,15960,AGI,0.5269,0.4115,0.0615,0.0,MODERATE_DELAY,0
MXN,MARIANI JN ,29,47.69,43.46,8.85,0.0,15960,MXN,0.4769,0.4346,0.0885,0.0,MODERATE_DELAY,0
FKG,FURKATING JN ,14,87.69,5.38,6.92,0.0,15960,FKG,0.8769,0.0538,0.0692,0.0,ON_TIME_RELIABLE,0
BXP,BARPATHAR ,27,56.15,35.38,8.46,0.0,15960,BXP,0.5615,0.3538,0.0846,0.0,MODERATE_DELAY,0
SZR,SARUPATHAR ,31,45.77,44.62,9.62,0.0,15960,SZR,0.4577,0.4462,0.0962,0.0,MODERATE_DELAY,0
DMV,DIMAPUR ,43,20.0,67.31,12.69,0.0,15960,DMV,0.2,0.6731,0.1269,0.0,MODERATE_DELAY,0
DPU,DIPHU ,38,21.54,65.77,12.69,0.0,15960,DPU,0.2154,0.6577,0.1269,0.0,MODERATE_DELAY,0
LMG,LUMDING JN ,33,37.69,51.54,10.77,0.0,15960,LMG,0.3769,0.5154,0.1077,0.0,MODERATE_DELAY,0
LKA,LANKA ,29,48.08,39.62,12.31,0.0,15960,LKA,0.4808,0.3962,0.1231,0.0,MODERATE_DELAY,0
HJI,HOJAI ,31,46.54,40.38,13.08,0.0,15960,HJI,0.4654,0.4038,0.1308,0.0,MODERATE_DELAY,0
CPK,CHAPARMUKH JN ,36,37.31,46.92,15.77,0.0,15960,CPK,0.3731,0.4692,0.1577,0.0,MODERATE_DELAY,0
GHY,GUWAHATI ,37,34.62,48.85,16.54,0.0,15960,GHY,0.3462,0.4885,0.1654,0.0,MODERATE_DELAY,0
KYQ,KAMAKHYA ,38,33.85,47.69,18.46,0.0,15960,KYQ,0.3385,0.4769,0.1846,0.0,MODERATE_DELAY,0
RNY,RANGIYA JN ,39,38.85,42.31,17.69,1.15,15960,RNY,0.3885,0.4231,0.1769,0.0115,MODERATE_DELAY,0
NLV,NALBARI ,48,25.0,53.08,20.77,1.15,15960,NLV,0.25,0.5308,0.2077,0.0115,SEVERE_DELAY,1
TIHU,TIHU ,54,18.08,56.54,24.23,1.15,15960,TIHU,0.1808,0.5654,0.2423,0.0115,SEVERE_DELAY,1
PBL,PATHSALA ,62,8.08,60.77,30.0,1.15,15960,PBL,0.0808,0.6077,0.3,0.0115,SEVERE_DELAY,1
BPRD,BARPETA ROAD ,72,5.0,48.46,45.38,1.15,15960,BPRD,0.05,0.4846,0.4538,0.0115,SEVERE_DELAY,1
SBE,SORBHOG JN ,72,3.85,50.38,44.62,1.15,15960,SBE,0.0385,0.5038,0.4462,0.0115,SEVERE_DELAY,1
BNGN,BONGAIGAON ,69,6.15,50.38,42.31,1.15,15960,BNGN,0.0615,0.5038,0.4231,0.0115,SEVERE_DELAY,1
NBQ,NEW BONGAIGAON ,48,34.62,38.08,23.46,3.85,15960,NBQ,0.3462,0.3808,0.2346,0.0385,SEVERE_DELAY,1
KOJ,KOKRAJHAR ,52,24.62,48.85,26.54,0.0,15960,KOJ,0.2462,0.4885,0.2654,0.0,SEVERE_DELAY,1
FKM,FAKIRAGRAM JN ,55,20.0,51.15,28.85,0.0,15960,FKM,0.2,0.5115,0.2885,0.0,SEVERE_DELAY,1
KAMG,KAMAKHYAGURI ,68,6.15,56.54,37.31,0.0,15960,KAMG,0.0615,0.5654,0.3731,0.0,SEVERE_DELAY,1
NOQ,NEW ALIPURDAUR ,69,6.15,56.15,37.69,0.0,15960,NOQ,0.0615,0.5615,0.3769,0.0,SEVERE_DELAY,1
NCB,NEW COOCH BEHAR ,71,6.15,53.85,40.0,0.0,15960,NCB,0.0615,0.5385,0.4,0.0,SEVERE_DELAY,1
FLK,FALAKATA ,74,4.62,50.77,44.23,0.38,15960,FLK,0.0462,0.5077,0.4423,0.0038,SEVERE_DELAY,1
DQG,DHUPGURI ,70,9.62,48.08,41.92,0.38,15960,DQG,0.0962,0.4808,0.4192,0.0038,SEVERE_DELAY,1
NMX,NEW MAYNAGURI ,71,8.08,48.46,43.08,0.38,15960,NMX,0.0808,0.4846,0.4308,0.0038,SEVERE_DELAY,1
JPE,JALPAIGURI ROAD ,75,5.77,48.08,46.15,0.0,15960,JPE,0.0577,0.4808,0.4615,0.0,SEVERE_DELAY,1
NJP,NEW JALPAIGURI ,45,45.77,29.62,24.62,0.0,15960,NJP,0.4577,0.2962,0.2462,0.0,MODERATE_DELAY,0
AUB,ALUABARI ROAD ,56,29.23,41.15,29.62,0.0,15960,AUB,0.2923,0.4115,0.2962,0.0,SEVERE_DELAY,1
KNE,KISHANGANJ ,61,20.0,46.54,33.46,0.0,15960,KNE,0.2,0.4654,0.3346,0.0,SEVERE_DELAY,1
HCR,HARISCHANDRPUR ,71,10.38,53.85,35.77,0.0,15960,HCR,0.1038,0.5385,0.3577,0.0,SEVERE_DELAY,1
SM,SAMSI ,60,3.08,3.85,3.46,89.62,15960,SM,0.0308,0.0385,0.0346,0.8962,CANCEL_DISRUPTED,1
MLDT,MALDA TOWN ,39,66.92,5.77,27.31,0.0,15960,MLDT,0.6692,0.0577,0.2731,0.0,MODERATE_DELAY,1
NFK,NEW FARAKKA JN ,42,63.46,9.62,26.92,0.0,15960,NFK,0.6346,0.0962,0.2692,0.0,MODERATE_DELAY,1
DGLE,DHULIAN GANGA ,42,63.46,9.62,26.92,0.0,15960,DGLE,0.6346,0.0962,0.2692,0.0,MODERATE_DELAY,1
NILE,NIMTITA ,42,63.85,9.62,26.54,0.0,15960,NILE,0.6385,0.0962,0.2654,0.0,MODERATE_DELAY,1
JRLE,JANGIPUR ROAD ,45,63.85,8.85,27.31,0.0,15960,JRLE,0.6385,0.0885,0.2731,0.0,MODERATE_DELAY,1
AZ,AZIMGANJ JN ,39,66.54,8.08,25.38,0.0,15960,AZ,0.6654,0.0808,0.2538,0.0,MODERATE_DELAY,1
KGLE,KHAGRAGHAT ROAD ,42,64.62,9.62,25.77,0.0,15960,KGLE,0.6462,0.0962,0.2577,0.0,MODERATE_DELAY,1
SALE,SALAR ,47,61.54,11.92,26.54,0.0,15960,SALE,0.6154,0.1192,0.2654,0.0,SEVERE_DELAY,1
KWAE,KATWA ,39,66.92,8.08,25.0,0.0,15960,KWAE,0.6692,0.0808,0.25,0.0,MODERATE_DELAY,0
NDAE,NABADWIP DHAM ,40,65.38,11.15,23.46,0.0,15960,NDAE,0.6538,0.1115,0.2346,0.0,MODERATE_DELAY,0
ABKA,AMBIKA KALNA ,42,61.92,15.0,23.08,0.0,15960,ABKA,0.6192,0.15,0.2308,0.0,MODERATE_DELAY,0
BDC,BANDEL JN ,40,65.38,11.92,22.69,0.0,15960,BDC,0.6538,0.1192,0.2269,0.0,MODERATE_DELAY,0
HWH,HOWRAH JN ,13,75.77,8.08,16.15,0.0,15960,HWH,0.7577,0.0808,0.1615,0.0,ON_TIME_RELIABLE,0
AGTL,AGARTALA ,11,94.23,0.0,5.77,0.0,20501,AGTL,0.9423,0.0,0.0577,0.0,ON_TIME_RELIABLE,0
ABSA,AMBASA ,23,78.85,11.54,9.62,0.0,20501,ABSA,0.7885,0.1154,0.0962,0.0,MODERATE_DELAY,0
DMR,DHARMANAGAR ,18,88.46,1.92,9.62,0.0,20501,DMR,0.8846,0.0192,0.0962,0.0,MODERATE_DELAY,0
NKMG,NEW KARIMGANJ ,17,88.46,3.85,7.69,0.0,20501,KXJ,0.8846,0.0385,0.0769,0.0,MODERATE_DELAY,0
BPB,BADARPUR JN ,23,76.92,15.38,7.69,0.0,20501,BPB,0.7692,0.1538,0.0769,0.0,MODERATE_DELAY,0
HJI,HOJAI ,22,69.23,21.15,9.62,0.0,20501,HJI,0.6923,0.2115,0.0962,0.0,MODERATE_DELAY,0
GHY,GUWAHATI ,25,63.46,23.08,13.46,0.0,20501,GHY,0.6346,0.2308,0.1346,0.0,MODERATE_DELAY,0
RNY,RANGIYA JN ,29,51.92,30.77,11.54,5.77,20501,RNY,0.5192,0.3077,0.1154,0.0577,MODERATE_DELAY,0
BPRD,BARPETA ROAD ,43,17.31,63.46,13.46,5.77,20501,BPRD,0.1731,0.6346,0.1346,0.0577,MODERATE_DELAY,0
NJP,NEW JALPAIGURI ,47,48.08,25.0,26.92,0.0,20501,NJP,0.4808,0.25,0.2692,0.0,SEVERE_DELAY,1
MLDT,MALDA TOWN ,44,11.54,0.0,1.92,86.54,20501,MLDT,0.1154,0.0,0.0192,0.8654,CANCEL_DISRUPTED,1
BGP,BHAGALPUR ,41,11.54,0.0,1.92,86.54,20501,BGP,0.1154,0.0,0.0192,0.8654,CANCEL_DISRUPTED,1
JMP,JAMALPUR JN ,41,11.54,0.0,1.92,86.54,20501,JMP,0.1154,0.0,0.0192,0.8654,CANCEL_DISRUPTED,1
PNBE,PATNA JN ,43,9.62,1.92,1.92,86.54,20501,PNBE,0.0962,0.0192,0.0192,0.8654,CANCEL_DISRUPTED,1
KIR,KATIHAR JN ,55,46.15,7.69,32.69,13.46,20501,KIR,0.4615,0.0769,0.3269,0.1346,SEVERE_DELAY,1
BJU,BARAUNI JN ,70,30.77,19.23,36.54,13.46,20501,BJU,0.3077,0.1923,0.3654,0.1346,SEVERE_DELAY,1
PPTA,PATLIPUTRA ,57,40.38,17.31,28.85,13.46,20501,PPTA,0.4038,0.1731,0.2885,0.1346,SEVERE_DELAY,1
DDU,PT DEEN DAYAL UPADHYAY JN ,50,57.69,19.23,23.08,0.0,20501,MGS,0.5769,0.1923,0.2308,0.0,SEVERE_DELAY,1
CNB,KANPUR CENTRAL ,89,25.0,36.54,38.46,0.0,20501,CNB,0.25,0.3654,0.3846,0.0,SEVERE_DELAY,1
ANVT,ANAND VIHAR TRM ,98,48.08,11.54,40.38,0.0,20501,ANVT,0.4808,0.1154,0.4038,0.0,SEVERE_DELAY,1
DBRG,DIBRUGARH ,5,96.55,3.07,0.38,0.0,20503,DBRG,0.9655,0.0307,0.0038,0.0,ON_TIME_RELIABLE,0
MRHT,MORANHAT ,14,60.15,39.08,0.77,0.0,20503,MRHT,0.6015,0.3908,0.0077,0.0,MODERATE_DELAY,0
SLGR,SIMALUGURI JN ,13,69.35,29.89,0.77,0.0,20503,SLGR,0.6935,0.2989,0.0077,0.0,MODERATE_DELAY,0
MXN,MARIANI JN ,16,63.22,35.25,1.53,0.0,20503,MXN,0.6322,0.3525,0.0153,0.0,MODERATE_DELAY,0
DMV,DIMAPUR ,20,49.43,47.51,3.07,0.0,20503,DMV,0.4943,0.4751,0.0307,0.0,MODERATE_DELAY,0
LMG,LUMDING JN ,17,62.45,34.1,3.45,0.0,20503,LMG,0.6245,0.341,0.0345,0.0,MODERATE_DELAY,0
GHY,GUWAHATI ,11,79.31,18.01,2.68,0.0,20503,GHY,0.7931,0.1801,0.0268,0.0,ON_TIME_RELIABLE,0
BNGN,BONGAIGAON ,13,2.68,1.53,0.0,95.79,20503,BNGN,0.0268,0.0153,0.0,0.9579,CANCEL_DISRUPTED,1
NBQ,NEW BONGAIGAON ,25,57.85,27.97,9.96,4.21,20503,NBQ,0.5785,0.2797,0.0996,0.0421,MODERATE_DELAY,0
KOJ,KOKRAJHAR ,24,62.07,27.59,10.34,0.0,20503,KOJ,0.6207,0.2759,0.1034,0.0,MODERATE_DELAY,0
NOQ,NEW ALIPURDAUR ,37,39.85,42.15,18.01,0.0,20503,NOQ,0.3985,0.4215,0.1801,0.0,MODERATE_DELAY,0
NCB,NEW COOCH BEHAR ,38,39.85,40.61,19.54,0.0,20503,NCB,0.3985,0.4061,0.1954,0.0,MODERATE_DELAY,0
NJP,NEW JALPAIGURI ,30,59.77,23.75,16.48,0.0,20503,NJP,0.5977,0.2375,0.1648,0.0,MODERATE_DELAY,0
KNE,KISHANGANJ ,42,43.68,35.25,21.07,0.0,20503,KNE,0.4368,0.3525,0.2107,0.0,MODERATE_DELAY,0
KIR,KATIHAR JN ,34,59.77,20.69,19.54,0.0,20503,KIR,0.5977,0.2069,0.1954,0.0,MODERATE_DELAY,0
SPJ,SAMASTIPUR JN ,29,63.98,21.46,14.56,0.0,20503,SPJ,0.6398,0.2146,0.1456,0.0,MODERATE_DELAY,0
MFP,MUZAFFARPUR JN ,35,57.47,24.14,18.39,0.0,20503,MFP,0.5747,0.2414,0.1839,0.0,MODERATE_DELAY,0
HJP,HAJIPUR JN ,33,60.15,19.92,19.92,0.0,20503,HJP,0.6015,0.1992,0.1992,0.0,MODERATE_DELAY,0
CPR,CHHAPRA ,28,70.5,14.56,14.94,0.0,20503,CPR,0.705,0.1456,0.1494,0.0,MODERATE_DELAY,0
BUI,BALLIA ,38,53.26,26.82,16.86,3.07,20503,BUI,0.5326,0.2682,0.1686,0.0307,MODERATE_DELAY,0
BSB,VARANASI JN ,31,66.67,14.94,15.33,3.07,20503,BSB,0.6667,0.1494,0.1533,0.0307,MODERATE_DELAY,0
LKO,LUCKNOW NR ,34,69.73,12.26,18.01,0.0,20503,LKO,0.6973,0.1226,0.1801,0.0,MODERATE_DELAY,0
BE,BAREILLY ,42,55.56,24.9,19.54,0.0,20503,BE,0.5556,0.249,0.1954,0.0,MODERATE_DELAY,0
MB,MORADABAD ,39,59.0,21.46,19.54,0.0,20503,MB,0.59,0.2146,0.1954,0.0,MODERATE_DELAY,0
NDLS,NEW DELHI ,43,59.0,19.92,21.07,0.0,20503,NDLS,0.59,0.1992,0.2107,0.0,MODERATE_DELAY,0
NDLS,NEW DELHI ,1,98.85,0.38,0.77,0.0,20504,NDLS,0.9885,0.0038,0.0077,0.0,ON_TIME_RELIABLE,0
MB,MORADABAD ,11,83.08,14.62,2.31,0.0,20504,MB,0.8308,0.1462,0.0231,0.0,ON_TIME_RELIABLE,0
BE,BAREILLY ,30,26.54,66.92,6.54,0.0,20504,BE,0.2654,0.6692,0.0654,0.0,MODERATE_DELAY,0
LKO,LUCKNOW NR ,35,30.0,56.15,13.85,0.0,20504,LKO,0.3,0.5615,0.1385,0.0,MODERATE_DELAY,0
BSB,VARANASI JN ,34,31.92,51.15,13.85,3.08,20504,BSB,0.3192,0.5115,0.1385,0.0308,MODERATE_DELAY,0
BUI,BALLIA ,47,17.69,53.08,26.15,3.08,20504,BUI,0.1769,0.5308,0.2615,0.0308,SEVERE_DELAY,1
CPR,CHHAPRA ,53,19.62,48.85,31.54,0.0,20504,CPR,0.1962,0.4885,0.3154,0.0,SEVERE_DELAY,1
HJP,HAJIPUR JN ,50,24.23,45.77,30.0,0.0,20504,HJP,0.2423,0.4577,0.3,0.0,SEVERE_DELAY,1
MFP,MUZAFFARPUR JN ,57,17.31,47.69,35.0,0.0,20504,MFP,0.1731,0.4769,0.35,0.0,SEVERE_DELAY,1
SPJ,SAMASTIPUR JN ,52,28.08,36.92,31.15,3.85,20504,SPJ,0.2808,0.3692,0.3115,0.0385,SEVERE_DELAY,1
KIR,KATIHAR JN ,48,36.54,35.0,25.77,2.69,20504,KIR,0.3654,0.35,0.2577,0.0269,SEVERE_DELAY,1
KNE,KISHANGANJ ,68,6.92,52.31,38.08,2.69,20504,KNE,0.0692,0.5231,0.3808,0.0269,SEVERE_DELAY,1
NJP,NEW JALPAIGURI ,57,21.92,46.15,31.92,0.0,20504,NJP,0.2192,0.4615,0.3192,0.0,SEVERE_DELAY,1
NCB,NEW COOCH BEHAR ,47,44.23,29.62,26.15,0.0,20504,NCB,0.4423,0.2962,0.2615,0.0,SEVERE_DELAY,1
NOQ,NEW ALIPURDAUR ,44,48.85,26.15,25.0,0.0,20504,NOQ,0.4885,0.2615,0.25,0.0,MODERATE_DELAY,0
KOJ,KOKRAJHAR ,57,29.62,40.0,30.38,0.0,20504,KOJ,0.2962,0.4,0.3038,0.0,SEVERE_DELAY,1
NBQ,NEW BONGAIGAON ,45,48.85,25.77,25.38,0.0,20504,NBQ,0.4885,0.2577,0.2538,0.0,MODERATE_DELAY,1
GHY,GUWAHATI ,85,14.62,40.77,44.62,0.0,20504,GHY,0.1462,0.4077,0.4462,0.0,SEVERE_DELAY,1
LMG,LUMDING JN ,83,18.85,32.69,48.46,0.0,20504,LMG,0.1885,0.3269,0.4846,0.0,SEVERE_DELAY,1
DMV,DIMAPUR ,109,4.62,34.23,61.15,0.0,20504,DMV,0.0462,0.3423,0.6115,0.0,SEVERE_DELAY,1
MXN,MARIANI JN ,69,33.08,27.31,39.62,0.0,20504,MXN,0.3308,0.2731,0.3962,0.0,SEVERE_DELAY,1
SLGR,SIMALUGURI JN ,72,29.62,30.38,40.0,0.0,20504,SLGR,0.2962,0.3038,0.4,0.0,SEVERE_DELAY,1
MRHT,MORANHAT ,70,34.62,26.54,38.85,0.0,20504,MRHT,0.3462,0.2654,0.3885,0.0,SEVERE_DELAY,1
DBRG,DIBRUGARH ,59,52.69,12.69,34.62,0.0,20504,DBRG,0.5269,0.1269,0.3462,0.0,SEVERE_DELAY,1
GHY,GUWAHATI ,5,93.27,2.88,3.85,0.0,22449,GHY,0.9327,0.0288,0.0385,0.0,ON_TIME_RELIABLE,0
GLPT,GOALPARA TOWN ,38,14.42,70.19,14.42,0.96,22449,GLPT,0.1442,0.7019,0.1442,0.0096,MODERATE_DELAY,0
NBQ,NEW BONGAIGAON ,18,75.96,14.42,9.62,0.0,22449,NBQ,0.7596,0.1442,0.0962,0.0,MODERATE_DELAY,0
NJP,NEW JALPAIGURI ,36,37.5,48.08,14.42,0.0,22449,NJP,0.375,0.4808,0.1442,0.0,MODERATE_DELAY,0
KNE,KISHANGANJ ,50,14.42,61.54,24.04,0.0,22449,KNE,0.1442,0.6154,0.2404,0.0,SEVERE_DELAY,1
KIR,KATIHAR JN ,21,74.04,13.46,12.5,0.0,22449,KIR,0.7404,0.1346,0.125,0.0,MODERATE_DELAY,0
BJU,BARAUNI JN ,34,14.42,26.92,8.65,50.0,22449,BJU,0.1442,0.2692,0.0865,0.5,CANCEL_DISRUPTED,1
PPTA,PATLIPUTRA ,24,65.38,21.15,13.46,0.0,22449,PPTA,0.6538,0.2115,0.1346,0.0,MODERATE_DELAY,0
DDU,PT DEEN DAYAL UPADHYAY JN ,28,67.31,18.27,14.42,0.0,22449,MGS,0.6731,0.1827,0.1442,0.0,MODERATE_DELAY,0
PRYJ,PRAYAGRAJ JN ,70,24.04,44.23,31.73,0.0,22449,ALD,0.2404,0.4423,0.3173,0.0,SEVERE_DELAY,1
CNB,KANPUR CENTRAL ,92,19.23,42.31,38.46,0.0,22449,CNB,0.1923,0.4231,0.3846,0.0,SEVERE_DELAY,1
NDLS,NEW DELHI ,101,48.08,13.46,38.46,0.0,22449,NDLS,0.4808,0.1346,0.3846,0.0,SEVERE_DELAY,1
NDLS,NEW DELHI ,17,85.58,4.81,9.62,0.0,22450,NDLS,0.8558,0.0481,0.0962,0.0,MODERATE_DELAY,0
CNB,KANPUR CENTRAL ,82,26.92,45.19,27.88,0.0,22450,CNB,0.2692,0.4519,0.2788,0.0,SEVERE_DELAY,1
PRYJ,PRAYAGRAJ JN ,107,12.5,44.23,43.27,0.0,22450,ALD,0.125,0.4423,0.4327,0.0,SEVERE_DELAY,1
DDU,PT DEEN DAYAL UPADHYAY JN ,109,39.42,21.15,39.42,0.0,22450,MGS,0.3942,0.2115,0.3942,0.0,SEVERE_DELAY,1
PPTA,PATLIPUTRA ,131,28.85,20.19,50.0,0.96,22450,PPTA,0.2885,0.2019,0.5,0.0096,SEVERE_DELAY,1
BJU,BARAUNI JN ,177,10.58,10.58,27.88,50.96,22450,BJU,0.1058,0.1058,0.2788,0.5096,CANCEL_DISRUPTED,1
KIR,KATIHAR JN ,143,28.85,20.19,50.0,0.96,22450,KIR,0.2885,0.2019,0.5,0.0096,SEVERE_DELAY,1
KNE,KISHANGANJ ,166,11.54,29.81,57.69,0.96,22450,KNE,0.1154,0.2981,0.5769,0.0096,SEVERE_DELAY,1
NJP,NEW JALPAIGURI ,171,20.19,23.08,56.73,0.0,22450,NJP,0.2019,0.2308,0.5673,0.0,SEVERE_DELAY,1
NBQ,NEW BONGAIGAON ,179,14.42,26.92,58.65,0.0,22450,NBQ,0.1442,0.2692,0.5865,0.0,SEVERE_DELAY,1
GLPT,GOALPARA TOWN ,187,8.65,32.69,57.69,0.96,22450,GLPT,0.0865,0.3269,0.5769,0.0096,SEVERE_DELAY,1
GHY,GUWAHATI ,150,35.58,8.65,55.77,0.0,22450,GHY,0.3558,0.0865,0.5577,0.0,SEVERE_DELAY,1
SMVB,SMVT BENGALURU ,11,76.92,13.46,3.85,5.77,22501,SBC,0.7692,0.1346,0.0385,0.0577,ON_TIME_RELIABLE,0
KJM,KRISHNARAJAPURM ,27,71.15,17.31,5.77,5.77,22501,KJM,0.7115,0.1731,0.0577,0.0577,MODERATE_DELAY,0
BWT,BANGARAPET ,35,44.23,42.31,7.69,5.77,22501,BWT,0.4423,0.4231,0.0769,0.0577,MODERATE_DELAY,0
JTJ,JOLARPETTAI ,23,82.69,5.77,5.77,5.77,22501,JTJ,0.8269,0.0577,0.0577,0.0577,MODERATE_DELAY,0
KPD,KATPADI JN ,19,84.62,5.77,3.85,5.77,22501,KPD,0.8462,0.0577,0.0385,0.0577,MODERATE_DELAY,0
PER,PERAMBUR ,23,65.38,25.0,1.92,7.69,22501,PER,0.6538,0.25,0.0192,0.0769,MODERATE_DELAY,0
NLR,NELLORE ,44,7.69,73.08,11.54,7.69,22501,NLR,0.0769,0.7308,0.1154,0.0769,MODERATE_DELAY,0
OGL,ONGOLE ,48,11.54,69.23,11.54,7.69,22501,OGL,0.1154,0.6923,0.1154,0.0769,SEVERE_DELAY,1
BZA,VIJAYAWADA JN ,51,19.23,57.69,17.31,5.77,22501,BZA,0.1923,0.5769,0.1731,0.0577,SEVERE_DELAY,1
RJY,RAJAMUNDRY ,87,3.85,42.31,48.08,5.77,22501,RJY,0.0385,0.4231,0.4808,0.0577,SEVERE_DELAY,1
VSKP,VISHAKAPATNAM ,103,7.69,26.92,59.62,5.77,22501,VSKP,0.0769,0.2692,0.5962,0.0577,SEVERE_DELAY,1
VZM,VIZIANAGRAM JN ,113,1.92,26.92,65.38,5.77,22501,VZM,0.0192,0.2692,0.6538,0.0577,SEVERE_DELAY,1
BAM,BRAHMAPUR ,106,9.62,19.23,65.38,5.77,22501,BAM,0.0962,0.1923,0.6538,0.0577,SEVERE_DELAY,1
KUR,KHURDA ROAD JN ,123,7.69,19.23,67.31,5.77,22501,KUR,0.0769,0.1923,0.6731,0.0577,SEVERE_DELAY,1
BBS,BHUBANESWAR ,129,7.69,17.31,69.23,5.77,22501,BBS,0.0769,0.1731,0.6923,0.0577,SEVERE_DELAY,1
CTC,CUTTACK ,122,11.54,17.31,65.38,5.77,22501,CTC,0.1154,0.1731,0.6538,0.0577,SEVERE_DELAY,1
BLS,BALASORE ,144,11.54,11.54,71.15,5.77,22501,BLS,0.1154,0.1154,0.7115,0.0577,SEVERE_DELAY,1
KGP,KHARAGPUR JN ,158,9.62,5.77,78.85,5.77,22501,KGP,0.0962,0.0577,0.7885,0.0577,SEVERE_DELAY,1
DKAE,DANKUNI ,169,9.62,9.62,69.23,11.54,22501,DKAE,0.0962,0.0962,0.6923,0.1154,SEVERE_DELAY,1
BHP,BOLPUR S NIKTN ,210,3.85,9.62,75.0,11.54,22501,BHP,0.0385,0.0962,0.75,0.1154,SEVERE_DELAY,1
RPH,RAMPUR HAT ,236,1.92,3.85,82.69,11.54,22501,RPH,0.0192,0.0385,0.8269,0.1154,SEVERE_DELAY,1
MLDT,MALDA TOWN ,231,3.85,7.69,82.69,5.77,22501,MLDT,0.0385,0.0769,0.8269,0.0577,SEVERE_DELAY,1
KNE,KISHANGANJ ,266,0.0,5.77,88.46,5.77,22501,KNE,0.0,0.0577,0.8846,0.0577,SEVERE_DELAY,1
NJP,NEW JALPAIGURI ,266,0.0,3.85,90.38,5.77,22501,NJP,0.0,0.0385,0.9038,0.0577,SEVERE_DELAY,1
JPE,JALPAIGURI ROAD ,252,3.85,1.92,88.46,5.77,22501,JPE,0.0385,0.0192,0.8846,0.0577,SEVERE_DELAY,1
NCB,NEW COOCH BEHAR ,272,0.0,5.77,88.46,5.77,22501,NCB,0.0,0.0577,0.8846,0.0577,SEVERE_DELAY,1
NOQ,NEW ALIPURDAUR ,270,0.0,5.77,88.46,5.77,22501,NOQ,0.0,0.0577,0.8846,0.0577,SEVERE_DELAY,1
NBQ,NEW BONGAIGAON ,251,3.85,1.92,88.46,5.77,22501,NBQ,0.0385,0.0192,0.8846,0.0577,SEVERE_DELAY,1
GLPT,GOALPARA TOWN ,256,1.92,3.85,88.46,5.77,22501,GLPT,0.0192,0.0385,0.8846,0.0577,SEVERE_DELAY,1
GHY,GUWAHATI ,254,0.0,9.62,84.62,5.77,22501,GHY,0.0,0.0962,0.8462,0.0577,SEVERE_DELAY,1
LMG,LUMDING JN ,281,1.92,7.69,84.62,5.77,22501,LMG,0.0192,0.0769,0.8462,0.0577,SEVERE_DELAY,1
DPU,DIPHU ,290,1.92,3.85,88.46,5.77,22501,DPU,0.0192,0.0385,0.8846,0.0577,SEVERE_DELAY,1
DMV,DIMAPUR ,298,1.92,3.85,88.46,5.77,22501,DMV,0.0192,0.0385,0.8846,0.0577,SEVERE_DELAY,1
FKG,FURKATING JN ,283,3.85,7.69,82.69,5.77,22501,FKG,0.0385,0.0769,0.8269,0.0577,SEVERE_DELAY,1
MXN,MARIANI JN ,250,7.69,5.77,80.77,5.77,22501,MXN,0.0769,0.0577,0.8077,0.0577,SEVERE_DELAY,1
SLGR,SIMALUGURI JN ,259,0.0,11.54,82.69,5.77,22501,SLGR,0.0,0.1154,0.8269,0.0577,SEVERE_DELAY,1
SRTN,SIBSAGAR TOWN ,249,1.92,11.54,80.77,5.77,22501,SRTN,0.0192,0.1154,0.8077,0.0577,SEVERE_DELAY,1
MRHT,MORANHAT ,248,5.77,7.69,80.77,5.77,22501,MRHT,0.0577,0.0769,0.8077,0.0577,SEVERE_DELAY,1
DBRG,DIBRUGARH ,261,1.92,13.46,78.85,5.77,22501,DBRG,0.0192,0.1346,0.7885,0.0577,SEVERE_DELAY,1
NTSK,NEW TINSUKIA JN ,250,7.69,9.62,76.92,5.77,22501,NTSK,0.0769,0.0962,0.7692,0.0577,SEVERE_DELAY,1
NTSK,NEW TINSUKIA JN ,13,82.69,3.85,7.69,5.77,22502,NTSK,0.8269,0.0385,0.0769,0.0577,ON_TIME_RELIABLE,0
DBRG,DIBRUGARH ,21,69.23,15.38,9.62,5.77,22502,DBRG,0.6923,0.1538,0.0962,0.0577,MODERATE_DELAY,0
MRHT,MORANHAT ,33,32.69,51.92,9.62,5.77,22502,MRHT,0.3269,0.5192,0.0962,0.0577,MODERATE_DELAY,0
SRTN,SIBSAGAR TOWN ,29,50.0,34.62,9.62,5.77,22502,SRTN,0.5,0.3462,0.0962,0.0577,MODERATE_DELAY,0
SLGR,SIMALUGURI JN ,27,51.92,32.69,9.62,5.77,22502,SLGR,0.5192,0.3269,0.0962,0.0577,MODERATE_DELAY,0
MXN,MARIANI JN ,28,53.85,32.69,7.69,5.77,22502,MXN,0.5385,0.3269,0.0769,0.0577,MODERATE_DELAY,0
FKG,FURKATING JN ,18,75.0,11.54,7.69,5.77,22502,FKG,0.75,0.1154,0.0769,0.0577,MODERATE_DELAY,0
DMV,DIMAPUR ,43,28.85,51.92,13.46,5.77,22502,DMV,0.2885,0.5192,0.1346,0.0577,MODERATE_DELAY,0
DPU,DIPHU ,45,21.15,59.62,13.46,5.77,22502,DPU,0.2115,0.5962,0.1346,0.0577,MODERATE_DELAY,0
LMG,LUMDING JN ,36,44.23,40.38,9.62,5.77,22502,LMG,0.4423,0.4038,0.0962,0.0577,MODERATE_DELAY,0
GHY,GUWAHATI ,22,76.92,7.69,9.62,5.77,22502,GHY,0.7692,0.0769,0.0962,0.0577,MODERATE_DELAY,0
GLPT,GOALPARA TOWN ,62,5.77,63.46,25.0,5.77,22502,GLPT,0.0577,0.6346,0.25,0.0577,SEVERE_DELAY,1
NBQ,NEW BONGAIGAON ,49,48.08,28.85,17.31,5.77,22502,NBQ,0.4808,0.2885,0.1731,0.0577,SEVERE_DELAY,1
NOQ,NEW ALIPURDAUR ,66,21.15,51.92,21.15,5.77,22502,NOQ,0.2115,0.5192,0.2115,0.0577,SEVERE_DELAY,1
NCB,NEW COOCH BEHAR ,76,7.69,55.77,30.77,5.77,22502,NCB,0.0769,0.5577,0.3077,0.0577,SEVERE_DELAY,1
JPE,JALPAIGURI ROAD ,57,30.77,50.0,13.46,5.77,22502,JPE,0.3077,0.5,0.1346,0.0577,SEVERE_DELAY,1
NJP,NEW JALPAIGURI ,49,34.62,48.08,11.54,5.77,22502,NJP,0.3462,0.4808,0.1154,0.0577,SEVERE_DELAY,1
KNE,KISHANGANJ ,75,7.69,48.08,38.46,5.77,22502,KNE,0.0769,0.4808,0.3846,0.0577,SEVERE_DELAY,1
MLDT,MALDA TOWN ,43,67.31,9.62,17.31,5.77,22502,MLDT,0.6731,0.0962,0.1731,0.0577,MODERATE_DELAY,0
RPH,RAMPUR HAT ,53,48.08,23.08,17.31,11.54,22502,RPH,0.4808,0.2308,0.1731,0.1154,SEVERE_DELAY,1
BHP,BOLPUR S NIKTN ,63,26.92,40.38,21.15,11.54,22502,BHP,0.2692,0.4038,0.2115,0.1154,SEVERE_DELAY,1
DKAE,DANKUNI ,88,7.69,46.15,32.69,13.46,22502,DKAE,0.0769,0.4615,0.3269,0.1346,SEVERE_DELAY,1
KGP,KHARAGPUR JN ,89,19.23,30.77,44.23,5.77,22502,KGP,0.1923,0.3077,0.4423,0.0577,SEVERE_DELAY,1
BLS,BALASORE ,90,17.31,30.77,44.23,7.69,22502,BLS,0.1731,0.3077,0.4423,0.0769,SEVERE_DELAY,1
CTC,CUTTACK ,114,9.62,23.08,59.62,7.69,22502,CTC,0.0962,0.2308,0.5962,0.0769,SEVERE_DELAY,1
BBS,BHUBANESWAR ,114,13.46,19.23,59.62,7.69,22502,BBS,0.1346,0.1923,0.5962,0.0769,SEVERE_DELAY,1
KUR,KHURDA ROAD JN ,117,13.46,19.23,59.62,7.69,22502,KUR,0.1346,0.1923,0.5962,0.0769,SEVERE_DELAY,1
BAM,BRAHMAPUR ,131,13.46,17.31,61.54,7.69,22502,BAM,0.1346,0.1731,0.6154,0.0769,SEVERE_DELAY,1
VZM,VIZIANAGRAM JN ,124,17.31,15.38,61.54,5.77,22502,VZM,0.1731,0.1538,0.6154,0.0577,SEVERE_DELAY,1
VSKP,VISHAKAPATNAM ,125,23.08,11.54,59.62,5.77,22502,VSKP,0.2308,0.1154,0.5962,0.0577,SEVERE_DELAY,1
RJY,RAJAMUNDRY ,158,7.69,19.23,67.31,5.77,22502,RJY,0.0769,0.1923,0.6731,0.0577,SEVERE_DELAY,1
BZA,VIJAYAWADA JN ,175,5.77,19.23,69.23,5.77,22502,BZA,0.0577,0.1923,0.6923,0.0577,SEVERE_DELAY,1
OGL,ONGOLE ,184,7.69,13.46,73.08,5.77,22502,OGL,0.0769,0.1346,0.7308,0.0577,SEVERE_DELAY,1
NLR,NELLORE ,196,5.77,17.31,71.15,5.77,22502,NLR,0.0577,0.1731,0.7115,0.0577,SEVERE_DELAY,1
PER,PERAMBUR ,210,7.69,11.54,75.0,5.77,22502,PER,0.0769,0.1154,0.75,0.0577,SEVERE_DELAY,1
KPD,KATPADI JN ,206,11.54,17.31,65.38,5.77,22502,KPD,0.1154,0.1731,0.6538,0.0577,SEVERE_DELAY,1
JTJ,JOLARPETTAI ,208,7.69,21.15,65.38,5.77,22502,JTJ,0.0769,0.2115,0.6538,0.0577,SEVERE_DELAY,1
KJM,KRISHNARAJAPURM ,209,9.62,17.31,67.31,5.77,22502,KJM,0.0962,0.1731,0.6731,0.0577,SEVERE_DELAY,1
SMVB,SMVT BENGALURU ,168,28.85,9.62,55.77,5.77,22502,SBC,0.2885,0.0962,0.5577,0.0577,SEVERE_DELAY,1
KYQ,KAMAKHYA ,6,82.69,5.77,3.85,7.69,22512,KYQ,0.8269,0.0577,0.0385,0.0769,ON_TIME_RELIABLE,0
NBQ,NEW BONGAIGAON ,23,53.85,28.85,9.62,7.69,22512,NBQ,0.5385,0.2885,0.0962,0.0769,MODERATE_DELAY,0
APDJ,ALIPUR DUAR JN ,49,9.62,57.69,25.0,7.69,22512,APDJ,0.0962,0.5769,0.25,0.0769,SEVERE_DELAY,1
HSA,HASIMARA ,44,19.23,51.92,21.15,7.69,22512,HSA,0.1923,0.5192,0.2115,0.0769,MODERATE_DELAY,0
SGUJ,SILIGURI JN ,37,34.62,38.46,19.23,7.69,22512,SGUJ,0.3462,0.3846,0.1923,0.0769,MODERATE_DELAY,0
NJP,NEW JALPAIGURI ,48,25.0,36.54,30.77,7.69,22512,NJP,0.25,0.3654,0.3077,0.0769,SEVERE_DELAY,1
MLDT,MALDA TOWN ,49,42.31,17.31,32.69,7.69,22512,MLDT,0.4231,0.1731,0.3269,0.0769,SEVERE_DELAY,1
PKR,PAKUR ,51,40.38,19.23,25.0,15.38,22512,PKR,0.4038,0.1923,0.25,0.1538,SEVERE_DELAY,1
RPH,RAMPUR HAT ,55,40.38,19.23,25.0,15.38,22512,RPH,0.4038,0.1923,0.25,0.1538,SEVERE_DELAY,1
BHP,BOLPUR S NIKTN ,60,30.77,25.0,28.85,15.38,22512,BHP,0.3077,0.25,0.2885,0.1538,SEVERE_DELAY,1
BWN,BARDDHAMAN JN ,58,44.23,11.54,28.85,15.38,22512,BWN,0.4423,0.1154,0.2885,0.1538,SEVERE_DELAY,1
DKAE,DANKUNI ,72,36.54,13.46,34.62,15.38,22512,DKAE,0.3654,0.1346,0.3462,0.1538,SEVERE_DELAY,1
KGP,KHARAGPUR JN ,90,32.69,17.31,42.31,7.69,22512,KGP,0.3269,0.1731,0.4231,0.0769,SEVERE_DELAY,1
TATA,TATANAGAR JN ,125,15.38,25.0,51.92,7.69,22512,TATA,0.1538,0.25,0.5192,0.0769,SEVERE_DELAY,1
CKP,CHAKRADHARPUR ,141,11.54,25.0,55.77,7.69,22512,CKP,0.1154,0.25,0.5577,0.0769,SEVERE_DELAY,1
ROU,ROURKELA ,165,0.0,28.85,63.46,7.69,22512,ROU,0.0,0.2885,0.6346,0.0769,SEVERE_DELAY,1
JSG,JHARSUGUDA JN ,179,3.85,17.31,71.15,7.69,22512,JSG,0.0385,0.1731,0.7115,0.0769,SEVERE_DELAY,1
RIG,RAIGARH ,199,0.0,17.31,75.0,7.69,22512,RIG,0.0,0.1731,0.75,0.0769,SEVERE_DELAY,1
KHS,KHARSIA ,143,0.0,1.92,9.62,88.46,22512,KHS,0.0,0.0192,0.0962,0.8846,CANCEL_DISRUPTED,1
BSP,BILASPUR JN ,220,0.0,19.23,73.08,7.69,22512,BSP,0.0,0.1923,0.7308,0.0769,SEVERE_DELAY,1
R,RAIPUR JN ,242,0.0,17.31,73.08,9.62,22512,R,0.0,0.1731,0.7308,0.0962,SEVERE_DELAY,1
G,GONDIA JN ,279,0.0,5.77,86.54,7.69,22512,G,0.0,0.0577,0.8654,0.0769,SEVERE_DELAY,1
NGP,NAGPUR ,288,0.0,11.54,80.77,7.69,22512,NGP,0.0,0.1154,0.8077,0.0769,SEVERE_DELAY,1
AK,AKOLA JN ,272,3.85,13.46,75.0,7.69,22512,AK,0.0385,0.1346,0.75,0.0769,SEVERE_DELAY,1
BSL,BHUSAVAL JN ,292,1.92,7.69,82.69,7.69,22512,BSL,0.0192,0.0769,0.8269,0.0769,SEVERE_DELAY,1
MMR,MANMAD JN ,313,0.0,3.85,88.46,7.69,22512,MMR,0.0,0.0385,0.8846,0.0769,SEVERE_DELAY,1
KYN,KALYAN JN ,336,1.92,0.0,90.38,7.69,22512,KYN,0.0192,0.0,0.9038,0.0769,SEVERE_DELAY,1
TNA,THANE ,419,0.0,0.0,5.77,94.23,22512,TNA,0.0,0.0,0.0577,0.9423,CANCEL_DISRUPTED,1
LTT,LOKMANYATILAK T ,289,11.54,1.92,71.15,15.38,22512,LTT,0.1154,0.0192,0.7115,0.1538,SEVERE_DELAY,1
