subdivision,year,JAN,FEB,MAR,APR,MAY,JUN,JUL,AUG,SEP,OCT,NOV,DEC,annual_rainfall_mm,ANNUAL_COMPUTED,monsoon_jjas_rainfall_mm,monsoon_intensity_ratio,baseline_normal_annual_rainfall_mm,baseline_normal_monsoon_rainfall_mm,baseline_monsoon_intensity_ratio
ANDAMAN & NICOBAR ISLANDS,1901,49.2,87.1,29.2,2.3,528.8,517.5,365.1,481.1,332.6,388.5,558.2,33.6,3373.2,3373.1999999999994,1696.3000000000002,0.5029,2820.286666666667,1640.4833333333333,0.5836166666666667
ANDAMAN & NICOBAR ISLANDS,1902,0.0,159.8,12.2,0.0,446.1,537.1,228.9,753.7,666.2,197.2,359.0,160.5,3520.7,3520.7,2185.9,0.6209,2820.286666666667,1640.4833333333333,0.5836166666666667
ANDAMAN & NICOBAR ISLANDS,1903,12.7,144.0,0.0,1.0,235.1,479.9,728.4,326.7,339.0,181.2,284.4,225.0,2957.4,2957.4,1874.0,0.6337,2820.286666666667,1640.4833333333333,0.5836166666666667
ANDAMAN & NICOBAR ISLANDS,1904,9.4,14.7,0.0,202.4,304.5,495.1,502.0,160.1,820.4,222.2,308.7,40.1,3079.6,3079.5999999999995,1977.6,0.6422,2820.286666666667,1640.4833333333333,0.5836166666666667
ANDAMAN & NICOBAR ISLANDS,1905,1.3,0.0,3.3,26.9,279.5,628.7,368.7,330.5,297.0,260.7,25.4,344.7,2566.7,2566.7,1624.9,0.6331,2820.286666666667,1640.4833333333333,0.5836166666666667
ANDAMAN & NICOBAR ISLANDS,1906,36.6,0.0,0.0,0.0,556.1,733.3,247.7,320.5,164.3,267.8,128.9,79.2,2534.4,2534.4,1465.8,0.5784,2820.286666666667,1640.4833333333333,0.5836166666666667
ANDAMAN & NICOBAR ISLANDS,1907,110.7,0.0,113.3,21.6,616.3,305.2,443.9,377.6,200.4,264.4,648.9,245.6,3347.9,3347.9,1327.1,0.3964,2820.286666666667,1640.4833333333333,0.5836166666666667
ANDAMAN & NICOBAR ISLANDS,1908,20.9,85.1,0.0,29.0,562.0,693.6,481.4,699.9,428.8,170.7,208.1,196.9,3576.4,3576.4,2303.7000000000003,0.6441,2820.286666666667,1640.4833333333333,0.5836166666666667
ANDAMAN & NICOBAR ISLANDS,1910,26.6,22.7,206.3,89.3,224.5,472.7,264.3,337.4,626.6,208.2,267.3,153.5,2899.4,2899.4,1701.0,0.5867,2820.286666666667,1640.4833333333333,0.5836166666666667
ANDAMAN & NICOBAR ISLANDS,1911,0.0,8.4,0.0,122.5,327.3,649.0,253.0,187.1,464.5,333.8,94.5,247.1,2687.2,2687.2,1553.6,0.5781,2820.286666666667,1640.4833333333333,0.5836166666666667
ANDAMAN & NICOBAR ISLANDS,1912,583.7,0.8,0.0,21.9,140.7,549.8,468.9,370.3,386.2,318.7,117.2,2.3,2960.5,2960.4999999999995,1775.2,0.5996,2820.286666666667,1640.4833333333333,0.5836166666666667
ANDAMAN & NICOBAR ISLANDS,1913,84.8,0.5,1.3,2.5,190.7,530.0,280.8,205.8,580.1,288.8,133.0,67.5,2365.8,2365.8,1596.6999999999998,0.6749,2820.286666666667,1640.4833333333333,0.5836166666666667
ANDAMAN & NICOBAR ISLANDS,1914,0.0,0.0,0.0,37.7,298.8,383.3,792.8,520.5,310.8,139.8,184.4,289.7,2957.8,2957.8,2007.3999999999999,0.6787,2820.286666666667,1640.4833333333333,0.5836166666666667
ANDAMAN & NICOBAR ISLANDS,1915,45.0,56.7,33.3,40.9,170.2,334.7,269.0,317.2,429.8,468.1,258.4,318.0,2741.3,2741.3,1350.7,0.4927,2820.286666666667,1640.4833333333333,0.5836166666666667
ANDAMAN & NICOBAR ISLANDS,1916,0.0,0.0,0.0,0.5,487.4,450.1,317.3,425.0,561.2,369.7,192.6,133.7,2937.5,2937.4999999999995,1753.6000000000001,0.597,2820.286666666667,1640.4833333333333,0.5836166666666667
ANDAMAN & NICOBAR ISLANDS,1917,8.0,3.6,112.0,4.5,295.9,301.1,394.8,437.4,471.8,238.1,108.3,236.9,2612.4,2612.4000000000005,1605.1000000000001,0.6144,2820.286666666667,1640.4833333333333,0.5836166666666667
ANDAMAN & NICOBAR ISLANDS,1918,77.4,6.9,11.4,10.7,729.3,710.8,200.9,455.4,303.3,227.0,366.9,175.0,3275.0,3275.0000000000005,1670.3999999999999,0.51,2820.286666666667,1640.4833333333333,0.5836166666666667
ANDAMAN & NICOBAR ISLANDS,1919,10.2,18.0,0.0,35.5,283.9,542.5,246.5,259.8,170.7,186.2,340.4,258.4,2352.1,2352.1,1219.5,0.5185,2820.286666666667,1640.4833333333333,0.5836166666666667
ANDAMAN & NICOBAR ISLANDS,1920,122.3,7.4,3.1,13.0,237.4,546.9,294.4,467.4,505.4,397.5,262.9,85.5,2943.2,2943.2000000000003,1814.1,0.6164,2820.286666666667,1640.4833333333333,0.5836166666666667
ANDAMAN & NICOBAR ISLANDS,1921,13.2,3.1,0.0,37.5,351.2,282.7,487.1,330.0,581.2,360.7,118.2,41.5,2606.4,2606.3999999999996,1681.0,0.645,2820.286666666667,1640.4833333333333,0.5836166666666667
ANDAMAN & NICOBAR ISLANDS,1922,245.3,34.3,15.6,323.1,289.7,506.1,425.8,307.4,511.7,162.0,541.0,192.2,3554.2,3554.1999999999994,1751.0000000000002,0.4927,2820.286666666667,1640.4833333333333,0.5836166666666667
ANDAMAN & NICOBAR ISLANDS,1923,79.5,0.0,12.149999999999999,91.3,293.5,808.4,636.9,182.2,560.5,131.9,197.4,70.6,2956.05,3064.35,2188.0,0.714,2820.286666666667,1640.4833333333333,0.5836166666666667
ANDAMAN & NICOBAR ISLANDS,1924,28.7,0.0,14.8,89.7,191.2,261.2,493.3,290.9,251.2,331.1,378.6,107.5,2956.05,2438.2,1296.6000000000001,0.5318,2820.286666666667,1640.4833333333333,0.5836166666666667
ANDAMAN & NICOBAR ISLANDS,1925,36.6,0.0,8.6,50.4,282.2,663.8,241.8,278.2,201.9,249.5,271.5,196.0,2480.5,2480.5,1385.7,0.5586,2820.286666666667,1640.4833333333333,0.5836166666666667
ANDAMAN & NICOBAR ISLANDS,1926,122.1,0.0,0.0,0.5,198.4,370.0,195.3,523.7,719.3,443.8,148.4,560.7,3282.2,3282.2000000000007,1808.3,0.5509,2820.286666666667,1640.4833333333333,0.5836166666666667
ANDAMAN & NICOBAR ISLANDS,1927,3.0,17.5,17.8,108.6,504.1,433.3,195.2,370.1,126.2,327.5,274.1,65.5,2442.9,2442.9,1124.8,0.4604,2820.286666666667,1640.4833333333333,0.5836166666666667
ANDAMAN & NICOBAR ISLANDS,1928,50.9,67.6,80.7,129.3,499.5,410.2,406.3,391.5,404.8,444.5,99.5,13.5,2998.3,2998.3,1612.8,0.5379,2820.286666666667,1640.4833333333333,0.5836166666666667
ANDAMAN & NICOBAR ISLANDS,1929,74.2,118.4,129.2,69.8,316.6,588.8,134.0,644.7,172.9,413.0,251.5,13.5,2926.6,2926.6,1540.4,0.5263,2820.286666666667,1640.4833333333333,0.5836166666666667
ANDAMAN & NICOBAR ISLANDS,1930,87.4,105.4,131.2,10.9,231.5,533.6,317.9,446.7,677.2,82.3,249.4,201.6,3075.1,3075.1000000000004,1975.4,0.6424,2820.286666666667,1640.4833333333333,0.5836166666666667
ANDAMAN & NICOBAR ISLANDS,1931,25.3,0.0,2.5,2.5,205.4,393.5,289.3,571.0,294.4,368.3,22.8,182.7,2357.7,2357.7000000000003,1548.1999999999998,0.6567,2820.286666666667,1640.4833333333333,0.5836166666666667
ANDAMAN & NICOBAR ISLANDS,1932,2.8,2.5,10.1,58.2,479.7,451.4,379.5,376.4,428.8,276.35,234.2,107.5,2956.05,2807.45,1636.1,0.5828,2820.286666666667,1640.4833333333333,0.5836166666666667
ANDAMAN & NICOBAR ISLANDS,1933,4.5,11.7,8.1,58.4,365.4,544.2,376.6,294.1,759.0,239.8,268.8,56.9,2987.5,2987.5000000000005,1973.9,0.6607,2820.286666666667,1640.4833333333333,0.5836166666666667
ANDAMAN & NICOBAR ISLANDS,1934,7.3,172.9,6.9,131.4,62.0,708.4,323.5,924.9,761.1,338.1,240.2,46.1,3722.8,3722.7999999999997,2717.9,0.7301,2820.286666666667,1640.4833333333333,0.5836166666666667
ANDAMAN & NICOBAR ISLANDS,1935,6.6,0.0,0.5,133.6,726.8,374.1,368.7,411.6,578.9,182.4,275.4,95.4,3154.0,3154.0000000000005,1733.3000000000002,0.5496,2820.286666666667,1640.4833333333333,0.5836166666666667
ANDAMAN & NICOBAR ISLANDS,1936,16.5,15.3,116.5,54.8,194.3,498.3,664.8,562.9,383.8,174.9,199.2,212.2,2956.05,3093.5,2109.8,0.682,2820.286666666667,1640.4833333333333,0.5836166666666667
ANDAMAN & NICOBAR ISLANDS,1937,21.6,10.7,0.0,112.0,330.5,732.8,449.5,332.0,349.5,383.3,251.7,617.5,3591.1,3591.1,1863.8,0.519,2820.286666666667,1640.4833333333333,0.5836166666666667
ANDAMAN & NICOBAR ISLANDS,1938,13.4,57.2,50.5,101.6,368.9,668.6,318.2,397.1,546.7,318.4,316.3,107.5,3264.4,3264.4,1930.6000000000001,0.5914,2820.286666666667,1640.4833333333333,0.5836166666666667
ANDAMAN & NICOBAR ISLANDS,1939,54.1,1.5,16.1,77.3,480.5,541.0,335.6,202.8,512.5,263.9,165.9,131.3,2782.5,2782.5,1591.9,0.5721,2820.286666666667,1640.4833333333333,0.5836166666666667
ANDAMAN & NICOBAR ISLANDS,1940,0.5,2.8,59.4,0.0,320.7,335.4,268.1,889.2,477.5,114.1,221.0,318.8,3007.5,3007.5,1970.2,0.6551,2820.286666666667,1640.4833333333333,0.5836166666666667
ANDAMAN & NICOBAR ISLANDS,1941,0.0,12.8,0.0,77.8,251.9,497.0,302.5,311.9,516.0,382.8,266.0,279.5,2898.2,2898.2000000000003,1627.4,0.5615,2820.286666666667,1640.4833333333333,0.5836166666666667
ANDAMAN & NICOBAR ISLANDS,1942,39.2,7.4,12.149999999999999,54.8,319.0,451.4,379.5,376.4,428.8,276.35,234.2,107.5,2956.05,2686.7,1636.1,0.609,2820.286666666667,1640.4833333333333,0.5836166666666667
ANDAMAN & NICOBAR ISLANDS,1946,84.4,3.6,21.1,135.2,309.1,535.9,189.0,367.4,478.3,276.9,146.9,243.8,2791.6,2791.6000000000004,1570.6,0.5626,2820.286666666667,1640.4833333333333,0.5836166666666667
ANDAMAN & NICOBAR ISLANDS,1947,25.1,111.1,63.2,127.7,206.3,965.6,490.0,293.7,428.8,376.0,67.5,168.6,2956.05,3323.6,2178.1,0.6553,2820.286666666667,1640.4833333333333,0.5836166666666667
ANDAMAN & NICOBAR ISLANDS,1949,0.0,56.4,0.0,166.5,405.8,658.4,743.3,404.0,627.5,339.6,81.1,7.0,3489.6,3489.5999999999995,2433.2,0.6973,2820.286666666667,1640.4833333333333,0.5836166666666667
ANDAMAN & NICOBAR ISLANDS,1950,0.8,0.0,0.0,95.5,264.2,369.9,366.7,347.3,494.5,224.6,89.3,169.4,2422.2,2422.2000000000003,1578.3999999999999,0.6516,2820.286666666667,1640.4833333333333,0.5836166666666667
ANDAMAN & NICOBAR ISLANDS,1951,82.7,7.2,0.0,45.4,259.0,619.9,665.3,101.3,360.9,489.0,209.6,434.8,3275.1,3275.1,1747.3999999999996,0.5335,2820.286666666667,1640.4833333333333,0.5836166666666667
ANDAMAN & NICOBAR ISLANDS,1952,0.0,0.8,69.7,39.4,452.9,657.7,385.5,541.3,240.3,315.6,287.5,89.2,3079.9,3079.9,1824.8,0.5925,2820.286666666667,1640.4833333333333,0.5836166666666667
ANDAMAN & NICOBAR ISLANDS,1953,56.0,65.3,20.1,159.4,241.1,549.9,444.4,262.8,370.1,243.6,246.0,63.3,2721.9,2722.0,1627.1999999999998,0.5978,2820.286666666667,1640.4833333333333,0.5836166666666667
ANDAMAN & NICOBAR ISLANDS,1954,83.8,2.1,34.3,58.0,394.7,539.4,510.8,605.4,763.8,247.2,84.8,124.7,3449.0,3449.0,2419.3999999999996,0.7015,2820.286666666667,1640.4833333333333,0.5836166666666667
ANDAMAN & NICOBAR ISLANDS,1955,57.3,28.2,9.9,68.8,663.6,651.1,298.4,356.9,341.8,466.5,362.9,44.2,3349.6,3349.6000000000004,1648.2,0.4921,2820.286666666667,1640.4833333333333,0.5836166666666667
ANDAMAN & NICOBAR ISLANDS,1956,49.2,77.2,33.8,130.3,491.8,343.1,468.4,467.7,325.1,458.7,164.1,70.5,3080.0,3079.8999999999996,1604.3000000000002,0.5209,2820.286666666667,1640.4833333333333,0.5836166666666667
ANDAMAN & NICOBAR ISLANDS,1957,28.0,19.3,4.6,19.0,142.4,741.9,316.2,421.3,354.3,299.7,88.6,71.9,2507.2,2507.2,1833.6999999999998,0.7314,2820.286666666667,1640.4833333333333,0.5836166666666667
ANDAMAN & NICOBAR ISLANDS,1958,22.9,14.3,30.4,24.6,355.1,530.7,440.7,388.4,350.6,265.2,313.8,70.7,2807.4,2807.3999999999996,1710.4,0.6092,2820.286666666667,1640.4833333333333,0.5836166666666667
ANDAMAN & NICOBAR ISLANDS,1959,10.1,1.8,31.3,86.7,238.1,455.7,817.1,409.3,589.6,332.7,242.5,128.5,3343.3,3343.4,2271.7,0.6795,2820.286666666667,1640.4833333333333,0.5836166666666667
ANDAMAN & NICOBAR ISLANDS,1960,104.2,72.4,12.1,53.5,535.4,541.5,308.4,270.7,442.4,400.0,191.7,92.8,3025.0,3025.1,1563.0,0.5167,2820.286666666667,1640.4833333333333,0.5836166666666667
ANDAMAN & NICOBAR ISLANDS,1961,82.1,99.4,33.2,88.1,973.1,383.3,304.9,557.1,612.0,379.9,280.6,144.5,3938.2,3938.2,1857.3000000000002,0.4716,2820.286666666667,1640.4833333333333,0.5836166666666667
ANDAMAN & NICOBAR ISLANDS,1962,152.4,14.9,17.3,46.4,310.4,367.7,409.1,420.6,474.5,259.8,101.7,384.9,2959.7,2959.7,1671.9,0.5649,2820.286666666667,1640.4833333333333,0.5836166666666667
ANDAMAN & NICOBAR ISLANDS,1963,79.9,26.8,7.4,69.5,259.9,434.7,303.3,601.2,614.3,295.5,109.3,179.9,2981.7,2981.7000000000003,1953.5,0.6552,2820.286666666667,1640.4833333333333,0.5836166666666667
ANDAMAN & NICOBAR ISLANDS,1964,65.5,21.9,3.1,18.1,530.6,465.3,287.3,472.1,521.2,218.9,349.2,101.6,3054.8,3054.8,1745.9,0.5715,2820.286666666667,1640.4833333333333,0.5836166666666667
ANDAMAN & NICOBAR ISLANDS,1965,11.8,30.4,25.3,51.0,292.3,408.8,392.1,396.6,576.8,290.5,187.9,500.4,3163.8,3163.9000000000005,1774.3,0.5608,2820.286666666667,1640.4833333333333,0.5836166666666667
ANDAMAN & NICOBAR ISLANDS,1966,79.8,4.2,12.0,38.7,376.9,148.8,433.5,335.6,454.1,171.9,333.8,311.9,2701.2,2701.2000000000003,1372.0,0.5079,2820.286666666667,1640.4833333333333,0.5836166666666667
ANDAMAN & NICOBAR ISLANDS,1967,164.6,21.6,30.0,63.4,516.4,340.8,537.8,614.3,303.5,427.5,99.7,97.0,3216.4,3216.5999999999995,1796.3999999999999,0.5585,2820.286666666667,1640.4833333333333,0.5836166666666667
ANDAMAN & NICOBAR ISLANDS,1968,22.1,1.3,4.2,81.5,297.6,545.2,519.3,242.0,496.8,281.6,152.0,119.2,2762.8,2762.7999999999997,1803.3,0.6527,2820.286666666667,1640.4833333333333,0.5836166666666667
ANDAMAN & NICOBAR ISLANDS,1969,106.3,64.7,14.6,20.8,317.3,422.8,345.2,281.4,489.8,146.8,343.7,65.8,2619.0,2619.2000000000003,1539.2,0.5877,2820.286666666667,1640.4833333333333,0.5836166666666667
ANDAMAN & NICOBAR ISLANDS,1970,72.2,34.0,7.8,58.2,422.7,407.3,564.6,342.9,423.5,386.6,418.4,232.7,3370.8,3370.9,1738.3000000000002,0.5157,2820.286666666667,1640.4833333333333,0.5836166666666667
ANDAMAN & NICOBAR ISLANDS,1971,41.5,32.8,37.7,35.3,398.0,394.6,421.1,327.9,470.2,505.3,178.4,155.9,2998.6,2998.7000000000003,1613.8,0.5382,2820.286666666667,1640.4833333333333,0.5836166666666667
ANDAMAN & NICOBAR ISLANDS,1972,13.7,1.7,7.5,178.3,420.2,470.0,544.6,384.9,444.5,263.8,413.9,180.0,3323.0,3323.1000000000004,1844.0,0.5549,2820.286666666667,1640.4833333333333,0.5836166666666667
ANDAMAN & NICOBAR ISLANDS,1973,18.1,20.3,30.5,29.6,418.6,488.6,371.4,370.3,357.5,247.2,349.8,289.1,2991.1,2990.9999999999995,1587.8,0.5309,2820.286666666667,1640.4833333333333,0.5836166666666667
ANDAMAN & NICOBAR ISLANDS,1974,22.2,43.9,17.2,301.4,353.3,343.8,257.1,456.2,321.6,398.4,372.2,74.8,2962.0,2962.1000000000004,1378.7000000000003,0.4654,2820.286666666667,1640.4833333333333,0.5836166666666667
ANDAMAN & NICOBAR ISLANDS,1975,276.9,27.5,8.0,24.2,362.9,706.3,173.6,357.4,351.8,373.6,323.7,99.7,3085.7,3085.5999999999995,1589.1,0.515,2820.286666666667,1640.4833333333333,0.5836166666666667
ANDAMAN & NICOBAR ISLANDS,1976,20.9,9.7,0.6,161.6,551.4,441.4,382.1,487.7,387.0,166.8,307.2,359.6,3276.0,3275.9999999999995,1698.2,0.5184,2820.286666666667,1640.4833333333333,0.5836166666666667
ANDAMAN & NICOBAR ISLANDS,1977,79.7,43.2,6.1,6.9,275.3,339.3,341.1,345.5,467.1,263.6,153.3,67.1,2388.2,2388.2,1493.0,0.6252,2820.286666666667,1640.4833333333333,0.5836166666666667
ANDAMAN & NICOBAR ISLANDS,1978,109.6,29.3,18.9,63.4,343.6,462.2,656.6,346.3,310.8,243.7,83.4,44.6,2712.4,2712.3999999999996,1775.8999999999999,0.6547,2820.286666666667,1640.4833333333333,0.5836166666666667
ANDAMAN & NICOBAR ISLANDS,1979,35.5,9.4,3.9,64.8,146.3,282.8,455.9,173.6,330.2,163.5,169.8,13.6,1849.4,1849.3,1242.5,0.6719,2820.286666666667,1640.4833333333333,0.5836166666666667
ANDAMAN & NICOBAR ISLANDS,1980,5.5,0.8,9.2,38.8,728.4,604.2,575.7,494.4,271.9,252.0,143.7,500.7,3625.3,3625.2999999999997,1946.2000000000003,0.5368,2820.286666666667,1640.4833333333333,0.5836166666666667
ANDAMAN & NICOBAR ISLANDS,1981,11.1,27.8,1.7,94.1,270.8,600.6,344.1,510.7,452.6,242.1,348.4,170.7,3074.8,3074.7,1908.0,0.6205,2820.286666666667,1640.4833333333333,0.5836166666666667
ANDAMAN & NICOBAR ISLANDS,1982,8.8,2.8,6.6,97.5,229.2,448.7,410.5,347.6,369.0,164.5,238.8,60.5,2384.5,2384.5,1575.8000000000002,0.6609,2820.286666666667,1640.4833333333333,0.5836166666666667
ANDAMAN & NICOBAR ISLANDS,1983,22.1,0.0,3.1,9.1,240.8,424.3,468.9,493.8,505.5,275.8,261.0,88.1,2792.4,2792.5000000000005,1892.5,0.6777,2820.286666666667,1640.4833333333333,0.5836166666666667
ANDAMAN & NICOBAR ISLANDS,1984,69.4,173.8,26.3,156.6,162.3,424.9,446.4,125.8,283.6,347.1,158.9,445.2,2820.3,2820.2999999999997,1280.6999999999998,0.4541,2820.286666666667,1640.4833333333333,0.5836166666666667
ANDAMAN & NICOBAR ISLANDS,1985,12.0,19.2,24.1,55.0,278.1,588.4,230.9,375.2,362.5,358.9,232.1,94.4,2630.8,2630.8,1557.0,0.5918,2820.286666666667,1640.4833333333333,0.5836166666666667
ANDAMAN & NICOBAR ISLANDS,1986,14.8,0.6,1.5,8.2,302.6,312.2,308.5,444.0,408.9,176.1,163.5,47.0,2187.8,2187.9,1473.6,0.6735,2820.286666666667,1640.4833333333333,0.5836166666666667
ANDAMAN & NICOBAR ISLANDS,1987,72.4,35.2,20.4,17.7,162.9,343.7,45.3,666.5,378.9,373.4,313.4,334.1,2764.0,2763.9,1434.4,0.519,2820.286666666667,1640.4833333333333,0.5836166666666667
ANDAMAN & NICOBAR ISLANDS,1988,10.2,39.9,28.0,82.7,427.5,357.4,495.6,354.2,603.3,271.4,583.0,69.9,3323.0,3323.1000000000004,1810.5,0.5448,2820.286666666667,1640.4833333333333,0.5836166666666667
ANDAMAN & NICOBAR ISLANDS,1989,56.0,12.8,68.1,42.6,379.3,414.9,380.1,413.2,215.9,291.8,255.0,4.0,2533.6,2533.7000000000003,1424.1000000000001,0.5621,2820.286666666667,1640.4833333333333,0.5836166666666667
ANDAMAN & NICOBAR ISLANDS,1990,13.4,0.2,24.6,87.5,424.6,291.0,213.2,293.3,310.4,133.6,291.1,100.3,2183.4,2183.2,1107.9,0.5075,2820.286666666667,1640.4833333333333,0.5836166666666667
ANDAMAN & NICOBAR ISLANDS,1991,14.1,3.8,28.0,132.9,191.3,165.7,547.2,486.5,489.9,287.6,130.1,58.5,2535.8,2535.6,1689.3000000000002,0.6662,2820.286666666667,1640.4833333333333,0.5836166666666667
ANDAMAN & NICOBAR ISLANDS,1992,75.9,10.9,0.0,5.1,241.7,392.0,348.2,372.3,323.7,257.3,64.3,7.2,2098.7,2098.6,1436.2,0.6844,2820.286666666667,1640.4833333333333,0.5836166666666667
ANDAMAN & NICOBAR ISLANDS,1993,14.9,0.0,129.9,43.7,181.4,257.1,391.7,226.7,437.0,299.3,189.0,66.7,2237.4,2237.3999999999996,1312.5,0.5866,2820.286666666667,1640.4833333333333,0.5836166666666667
ANDAMAN & NICOBAR ISLANDS,1994,7.2,35.5,129.4,154.6,403.2,386.3,569.7,460.5,775.1,137.5,180.3,23.8,3262.8,3263.1000000000004,2191.6,0.6716,2820.286666666667,1640.4833333333333,0.5836166666666667
ANDAMAN & NICOBAR ISLANDS,1995,51.8,12.5,12.1,21.1,314.8,450.4,501.4,555.8,426.4,294.7,452.9,21.6,3115.4,3115.4999999999995,1934.0,0.6208,2820.286666666667,1640.4833333333333,0.5836166666666667
ANDAMAN & NICOBAR ISLANDS,1996,52.2,4.8,3.4,122.7,298.0,559.2,335.5,328.0,541.6,318.5,254.2,178.8,2996.9,2996.9,1764.3000000000002,0.5887,2820.286666666667,1640.4833333333333,0.5836166666666667
ANDAMAN & NICOBAR ISLANDS,1997,9.5,0.0,0.2,15.6,281.1,199.5,918.5,430.6,440.2,128.7,292.8,38.4,2755.1,2755.1,1988.8,0.7219,2820.286666666667,1640.4833333333333,0.5836166666666667
ANDAMAN & NICOBAR ISLANDS,1998,0.9,0.0,0.0,0.0,348.9,600.0,364.5,258.9,337.8,618.6,227.8,89.0,2846.4,2846.4,1561.2,0.5485,2820.286666666667,1640.4833333333333,0.5836166666666667
ANDAMAN & NICOBAR ISLANDS,1999,46.8,44.6,14.2,270.6,257.4,295.0,408.5,329.2,325.3,437.5,124.9,145.7,2699.7,2699.7,1358.0,0.503,2820.286666666667,1640.4833333333333,0.5836166666666667
ANDAMAN & NICOBAR ISLANDS,2000,53.0,59.0,171.3,218.1,422.8,357.0,176.3,460.8,250.1,321.2,158.3,115.2,2763.2,2763.1,1244.1999999999998,0.4503,2820.286666666667,1640.4833333333333,0.5836166666666667
ANDAMAN & NICOBAR ISLANDS,2001,89.0,15.7,143.3,30.1,705.3,370.7,341.3,469.0,334.4,267.6,222.6,91.8,3080.9,3080.7999999999997,1515.4,0.4919,2820.286666666667,1640.4833333333333,0.5836166666666667
ANDAMAN & NICOBAR ISLANDS,2002,10.6,0.0,11.5,100.2,366.7,358.3,317.4,429.8,420.0,169.0,306.7,129.9,2620.2,2620.1,1525.5,0.5822,2820.286666666667,1640.4833333333333,0.5836166666666667
ANDAMAN & NICOBAR ISLANDS,2003,44.3,7.9,149.2,19.4,296.3,159.9,494.9,379.4,371.9,310.4,74.1,48.0,2355.9,2355.7000000000003,1406.1,0.5969,2820.286666666667,1640.4833333333333,0.5836166666666667
ANDAMAN & NICOBAR ISLANDS,2004,54.5,35.9,36.5,41.6,505.1,423.9,378.9,308.7,280.7,223.9,169.9,0.4,2460.1,2460.0000000000005,1392.2,0.5659,2820.286666666667,1640.4833333333333,0.5836166666666667
ANDAMAN & NICOBAR ISLANDS,2005,0.0,0.0,20.3,51.1,305.3,452.4,429.3,311.1,507.5,293.5,300.1,283.9,2954.7,2954.5,1700.3000000000002,0.5755,2820.286666666667,1640.4833333333333,0.5836166666666667
ANDAMAN & NICOBAR ISLANDS,2006,16.3,14.4,48.9,163.7,321.4,366.0,182.7,219.6,546.5,374.7,76.1,74.4,2404.7,2404.7,1314.8000000000002,0.5468,2820.286666666667,1640.4833333333333,0.5836166666666667
ANDAMAN & NICOBAR ISLANDS,2007,4.9,1.6,5.0,54.6,370.0,378.3,463.2,465.3,486.4,209.4,223.9,85.6,2748.0,2748.2000000000003,1793.1999999999998,0.6525,2820.286666666667,1640.4833333333333,0.5836166666666667
ANDAMAN & NICOBAR ISLANDS,2008,9.9,67.7,115.8,216.1,545.5,457.8,511.2,482.1,332.0,243.7,321.1,72.0,3374.8,3374.8999999999996,1783.1,0.5283,2820.286666666667,1640.4833333333333,0.5836166666666667
ANDAMAN & NICOBAR ISLANDS,2009,24.5,6.3,44.2,136.5,313.1,633.5,297.3,351.5,344.7,272.8,66.2,48.0,2538.6,2538.6,1627.0,0.6409,2820.286666666667,1640.4833333333333,0.5836166666666667
ANDAMAN & NICOBAR ISLANDS,2010,101.7,8.0,0.7,12.5,319.0,448.9,521.9,563.8,263.3,402.4,268.5,246.4,3157.1,3157.1,1797.8999999999999,0.5695,2820.286666666667,1640.4833333333333,0.5836166666666667
ANDAMAN & NICOBAR ISLANDS,2011,265.9,84.8,272.8,111.4,326.5,383.2,583.2,441.5,757.1,212.3,150.8,238.5,3828.0,3828.0000000000005,2165.0,0.5656,2820.286666666667,1640.4833333333333,0.5836166666666667
ANDAMAN & NICOBAR ISLANDS,2012,119.9,45.6,30.9,55.8,533.9,458.2,317.3,369.6,868.9,209.7,300.5,187.3,3497.6,3497.6,2014.0,0.5758,2820.286666666667,1640.4833333333333,0.5836166666666667
ANDAMAN & NICOBAR ISLANDS,2013,67.1,37.6,43.0,46.3,509.3,777.0,564.8,336.7,473.6,455.8,354.2,92.3,3757.8,3757.7,2152.1,0.5727,2820.286666666667,1640.4833333333333,0.5836166666666667
ANDAMAN & NICOBAR ISLANDS,2014,41.9,8.6,0.0,11.1,238.0,416.6,467.6,321.6,412.9,402.6,201.2,100.4,2622.4,2622.5,1618.7000000000003,0.6172,2820.286666666667,1640.4833333333333,0.5836166666666667
ANDAMAN & NICOBAR ISLANDS,2015,126.8,7.6,3.1,138.2,331.9,346.4,328.9,480.0,523.3,252.1,236.3,129.9,2904.6,2904.5,1678.6,0.5779,2820.286666666667,1640.4833333333333,0.5836166666666667
ARUNACHAL PRADESH,1916,48.1,69.8,71.1,316.1,424.6,1124.9,609.35,629.7,333.9,164.1,25.6,15.9,3354.2,3833.1500000000005,2697.85,0.7038,2729.26,1766.2900000000002,0.6434599999999999
ARUNACHAL PRADESH,1917,21.4,164.5,139.9,269.6,107.9,823.8,909.1,628.4,411.5,199.3,63.5,0.0,3354.2,3738.9,2772.8,0.7416,2729.26,1766.2900000000002,0.6434599999999999
ARUNACHAL PRADESH,1918,10.4,11.0,191.2,144.6,861.1,1609.9,1303.0,692.6,515.8,125.2,7.8,13.7,5486.3,5486.3,4121.3,0.7512,2729.26,1766.2900000000002,0.6434599999999999
ARUNACHAL PRADESH,1919,34.5,67.8,28.5,256.9,420.6,973.6,999.0,286.7,628.7,948.3,40.7,8.6,4693.9,4693.900000000001,2888.0,0.6153,2729.26,1766.2900000000002,0.6434599999999999
ARUNACHAL PRADESH,1920,14.0,196.3,605.6,364.7,173.6,840.6,535.4,896.5,376.7,103.3,0.0,0.0,4106.7,4106.7,2649.2,0.6451,2729.26,1766.2900000000002,0.6434599999999999
ARUNACHAL PRADESH,1921,78.9,54.3,180.3,358.0,598.0,1233.2,1433.0,885.9,603.4,246.3,4.6,15.5,5691.4,5691.4,4155.5,0.7301,2729.26,1766.2900000000002,0.6434599999999999
ARUNACHAL PRADESH,1922,50.7,59.4,170.4,299.5,350.5,1109.3,918.7,488.3,207.6,483.5,30.3,19.0,4187.2,4187.2,2723.9,0.6505,2729.26,1766.2900000000002,0.6434599999999999
ARUNACHAL PRADESH,1923,9.4,160.8,34.0,240.9,445.4,408.6,1278.5,251.3,617.3,50.1,8.4,2.8,3507.5,3507.5,2555.7,0.7286,2729.26,1766.2900000000002,0.6434599999999999
ARUNACHAL PRADESH,1924,85.7,45.1,74.1,162.4,515.7,1165.0,942.7,713.8,410.8,303.3,31.9,0.0,4450.5,4450.5,3232.3,0.7263,2729.26,1766.2900000000002,0.6434599999999999
ARUNACHAL PRADESH,1925,80.6,114.0,143.3,223.0,587.2,611.6,611.0,684.7,1222.0,153.2,5.1,4.1,4439.8,4439.8,3129.3,0.7048,2729.26,1766.2900000000002,0.6434599999999999
ARUNACHAL PRADESH,1926,38.1,40.8,179.1,249.7,248.1,675.2,978.7,445.6,286.9,311.5,18.6,49.3,3521.6,3521.6,2386.4,0.6776,2729.26,1766.2900000000002,0.6434599999999999
ARUNACHAL PRADESH,1927,48.3,208.5,88.1,384.0,164.0,1045.4,923.2,727.8,1108.9,537.2,17.8,0.0,5253.2,5253.200000000001,3805.3,0.7244,2729.26,1766.2900000000002,0.6434599999999999
ARUNACHAL PRADESH,1928,48.9,39.7,118.2,123.4,431.9,1168.3,993.6,981.2,706.1,633.5,25.6,2.3,5272.7,5272.700000000001,3849.2000000000003,0.73,2729.26,1766.2900000000002,0.6434599999999999
ARUNACHAL PRADESH,1929,144.8,59.2,124.3,492.3,615.8,853.0,614.4,670.0,384.3,188.0,64.5,109.5,4320.2,4320.1,2521.7000000000003,0.5837,2729.26,1766.2900000000002,0.6434599999999999
ARUNACHAL PRADESH,1930,64.4,84.3,202.5,565.4,148.9,720.9,376.2,1055.5,637.0,361.1,93.2,24.9,4334.1,4334.299999999999,2789.6,0.6436,2729.26,1766.2900000000002,0.6434599999999999
ARUNACHAL PRADESH,1931,61.3,189.7,231.6,502.7,277.7,1149.4,1399.9,337.7,480.7,157.4,37.8,46.2,4872.1,4872.099999999999,3367.7,0.6912,2729.26,1766.2900000000002,0.6434599999999999
ARUNACHAL PRADESH,1932,70.2,110.3,105.5,282.7,661.6,1065.2,521.2,907.8,682.9,152.2,231.4,59.9,4850.9,4850.899999999999,3177.1,0.655,2729.26,1766.2900000000002,0.6434599999999999
ARUNACHAL PRADESH,1933,56.0,59.4,101.6,267.9,435.3,782.1,743.2,685.2,376.1,217.9,40.6,8.1,3773.3,3773.3999999999996,2586.6,0.6855,2729.26,1766.2900000000002,0.6434599999999999
ARUNACHAL PRADESH,1934,84.9,88.3,128.3,595.1,454.5,1024.6,935.9,640.9,382.6,141.6,77.0,21.9,4575.7,4575.6,2984.0,0.6522,2729.26,1766.2900000000002,0.6434599999999999
ARUNACHAL PRADESH,1935,18.1,143.6,169.7,211.2,299.9,1147.1,489.9,968.8,631.6,21.8,44.4,27.4,4173.7,4173.499999999999,3237.4,0.7757,2729.26,1766.2900000000002,0.6434599999999999
ARUNACHAL PRADESH,1936,105.9,175.2,151.7,374.7,295.7,833.1,1132.8,668.4,584.3,216.5,122.8,127.6,4788.9,4788.700000000001,3218.6000000000004,0.6721,2729.26,1766.2900000000002,0.6434599999999999
ARUNACHAL PRADESH,1937,19.9,105.6,91.2,261.0,399.0,456.4,611.6,816.9,339.7,239.8,16.7,17.3,3375.1,3375.1,2224.6,0.6591,2729.26,1766.2900000000002,0.6434599999999999
ARUNACHAL PRADESH,1938,144.8,121.6,340.5,395.3,306.5,1511.3,1355.1,790.8,877.3,220.6,59.7,5.6,6129.0,6129.100000000001,4534.5,0.7398,2729.26,1766.2900000000002,0.6434599999999999
ARUNACHAL PRADESH,1939,13.6,140.5,112.7,388.1,314.6,1132.5,838.5,310.2,476.4,157.6,6.2,7.7,3898.7,3898.5999999999995,2757.6,0.7073,2729.26,1766.2900000000002,0.6434599999999999
ARUNACHAL PRADESH,1940,12.7,168.5,381.8,133.9,480.5,511.0,1067.9,340.5,791.4,154.6,12.4,44.3,4099.3,4099.5,2710.8,0.6613,2729.26,1766.2900000000002,0.6434599999999999
ARUNACHAL PRADESH,1941,37.4,101.7,157.9,245.4,652.4,518.1,935.9,729.2,687.0,89.7,19.6,45.9,4220.2,4220.2,2870.2,0.6801,2729.26,1766.2900000000002,0.6434599999999999
ARUNACHAL PRADESH,1942,15.8,164.9,277.8,272.4,618.9,1182.6,457.5,438.9,357.6,8.7,32.1,1.1,3828.2,3828.2999999999993,2436.6,0.6365,2729.26,1766.2900000000002,0.6434599999999999
ARUNACHAL PRADESH,1943,164.5,46.3,286.3,322.6,656.6,712.3,688.1,501.0,727.7,155.4,43.0,22.8,4326.7,4326.6,2629.1000000000004,0.6077,2729.26,1766.2900000000002,0.6434599999999999
ARUNACHAL PRADESH,1944,73.1,67.0,128.4,179.9,664.6,935.9,483.6,307.4,656.1,334.8,26.0,47.5,3904.3,3904.3,2383.0,0.6104,2729.26,1766.2900000000002,0.6434599999999999
ARUNACHAL PRADESH,1945,43.4,107.8,151.3,282.9,366.0,420.2,960.0,771.3,328.6,187.7,1.3,28.7,3649.3,3649.1999999999994,2480.1,0.6796,2729.26,1766.2900000000002,0.6434599999999999
ARUNACHAL PRADESH,1946,1.8,73.2,141.7,238.3,631.2,448.6,1212.2,478.7,540.4,215.9,25.4,3.8,4011.2,4011.2000000000003,2679.9,0.6681,2729.26,1766.2900000000002,0.6434599999999999
ARUNACHAL PRADESH,1947,37.8,68.5,158.6,460.2,494.4,650.2,1245.0,417.9,503.8,297.3,9.5,25.9,4369.1,4369.099999999999,2816.9,0.6447,2729.26,1766.2900000000002,0.6434599999999999
ARUNACHAL PRADESH,1948,35.6,119.5,136.1,441.1,1168.6,889.5,2362.8,603.3,350.4,150.1,52.7,21.4,6331.1,6331.099999999999,4206.0,0.6643,2729.26,1766.2900000000002,0.6434599999999999
ARUNACHAL PRADESH,1949,80.1,88.1,287.4,436.9,567.2,943.9,1002.0,672.6,482.0,224.9,39.6,50.1,4874.7,4874.8,3100.5,0.636,2729.26,1766.2900000000002,0.6434599999999999
ARUNACHAL PRADESH,1950,38.6,92.8,205.8,425.2,274.2,537.2,377.6,241.8,285.8,356.0,49.5,43.9,3354.2,2928.4000000000005,1442.4,0.4926,2729.26,1766.2900000000002,0.6434599999999999
ARUNACHAL PRADESH,1951,31.8,65.3,309.9,441.0,344.5,757.8,554.7,278.5,383.7,101.8,46.2,39.1,3354.2,3354.2999999999997,1974.7,0.5887,2729.26,1766.2900000000002,0.6434599999999999
ARUNACHAL PRADESH,1952,17.2,24.5,189.6,151.5,235.1,276.8,320.6,481.1,368.2,257.9,43.9,29.7,2396.1,2396.1,1446.7,0.6038,2729.26,1766.2900000000002,0.6434599999999999
ARUNACHAL PRADESH,1953,56.4,106.9,236.0,214.9,314.9,409.9,512.5,245.3,449.8,164.1,10.4,23.4,3354.2,2744.5000000000005,1617.5,0.5894,2729.26,1766.2900000000002,0.6434599999999999
ARUNACHAL PRADESH,1957,39.6,85.15,139.9,246.9,448.9,608.1,1219.4,542.6,505.8,146.6,17.1,40.6,3354.2,4040.6499999999996,2875.9,0.7117,2729.26,1766.2900000000002,0.6434599999999999
ARUNACHAL PRADESH,1958,98.4,67.5,32.9,138.5,698.6,511.2,457.7,1664.6,705.2,669.4,2.5,17.0,5063.5,5063.5,3338.7,0.6594,2729.26,1766.2900000000002,0.6434599999999999
ARUNACHAL PRADESH,1959,83.2,137.9,104.5,146.4,671.8,812.9,1137.7,333.2,508.8,247.0,12.1,0.0,4195.5,4195.5,2792.6,0.6656,2729.26,1766.2900000000002,0.6434599999999999
ARUNACHAL PRADESH,1960,8.0,26.8,53.2,137.1,210.7,653.9,1296.8,251.3,1034.8,13.0,13.4,10.4,3709.4,3709.4000000000005,3236.8,0.8726,2729.26,1766.2900000000002,0.6434599999999999
ARUNACHAL PRADESH,1961,50.0,204.2,289.6,181.0,492.3,595.5,738.3,547.9,256.2,260.5,57.1,3.9,3676.5,3676.4999999999995,2137.8999999999996,0.5815,2729.26,1766.2900000000002,0.6434599999999999
ARUNACHAL PRADESH,1962,37.2,87.1,45.1,250.3,601.9,1088.8,758.1,1405.9,222.4,255.6,25.6,15.9,3354.2,4793.9,3475.2000000000003,0.7249,2729.26,1766.2900000000002,0.6434599999999999
ARUNACHAL PRADESH,1963,14.6,35.2,168.6,262.6,346.4,755.4,817.4,1199.3,366.4,136.4,20.0,15.7,4138.0,4138.0,3138.5,0.7585,2729.26,1766.2900000000002,0.6434599999999999
ARUNACHAL PRADESH,1964,55.4,90.3,81.1,219.7,286.4,1432.8,1506.1,492.1,465.1,246.2,12.2,71.9,4959.3,4959.299999999999,3896.0999999999995,0.7856,2729.26,1766.2900000000002,0.6434599999999999
ARUNACHAL PRADESH,1965,37.4,120.7,103.7,254.4,306.9,404.7,315.8,351.3,172.9,51.5,72.6,4.9,2196.8,2196.7999999999997,1244.7,0.5666,2729.26,1766.2900000000002,0.6434599999999999
ARUNACHAL PRADESH,1966,22.4,91.5,98.4,180.2,177.9,473.2,432.7,411.6,197.6,78.9,39.0,6.3,2209.6,2209.7000000000003,1515.1,0.6857,2729.26,1766.2900000000002,0.6434599999999999
ARUNACHAL PRADESH,1967,13.3,45.5,147.9,96.6,164.0,253.1,434.5,220.8,212.8,58.5,10.0,11.5,1668.5,1668.5,1121.2,0.672,2729.26,1766.2900000000002,0.6434599999999999
ARUNACHAL PRADESH,1968,54.2,41.4,135.9,117.6,307.2,510.1,404.8,227.5,243.5,75.8,12.5,8.4,2139.0,2138.9,1385.9,0.6479,2729.26,1766.2900000000002,0.6434599999999999
ARUNACHAL PRADESH,1969,19.2,10.0,33.8,127.0,202.3,412.3,405.1,333.9,241.4,42.9,34.8,15.1,1877.7,1877.8,1392.7000000000003,0.7417,2729.26,1766.2900000000002,0.6434599999999999
ARUNACHAL PRADESH,1970,49.2,78.8,57.4,108.8,213.4,409.6,377.9,245.4,287.4,138.6,6.9,0.0,1973.4,1973.4,1320.3000000000002,0.669,2729.26,1766.2900000000002,0.6434599999999999
ARUNACHAL PRADESH,1971,56.0,67.8,47.1,121.8,222.4,446.0,385.5,288.2,239.6,235.1,67.8,7.3,2184.5,2184.6000000000004,1359.3,0.6222,2729.26,1766.2900000000002,0.6434599999999999
ARUNACHAL PRADESH,1972,39.2,114.2,108.3,231.5,299.5,314.4,438.3,270.7,334.5,83.3,25.9,21.5,2281.3,2281.3,1357.9,0.5952,2729.26,1766.2900000000002,0.6434599999999999
ARUNACHAL PRADESH,1973,136.4,147.1,82.3,215.3,256.5,571.1,284.8,271.3,258.3,110.2,88.9,35.4,2457.5,2457.6,1385.5,0.5638,2729.26,1766.2900000000002,0.6434599999999999
ARUNACHAL PRADESH,1974,130.9,95.4,127.8,272.6,248.3,466.7,648.9,446.8,461.2,121.1,14.0,30.3,3063.9,3064.0,2023.6,0.6604,2729.26,1766.2900000000002,0.6434599999999999
ARUNACHAL PRADESH,1975,17.3,76.9,101.7,165.1,188.0,268.5,427.0,185.2,297.0,451.6,21.5,13.6,2213.3,2213.4,1177.7,0.5321,2729.26,1766.2900000000002,0.6434599999999999
ARUNACHAL PRADESH,1976,8.9,112.9,168.0,229.3,210.7,506.3,375.4,357.4,177.5,139.7,87.9,45.6,2419.5,2419.6,1416.6,0.5855,2729.26,1766.2900000000002,0.6434599999999999
ARUNACHAL PRADESH,1977,71.2,133.5,209.3,560.2,417.8,543.5,484.7,610.1,311.9,213.5,141.0,77.7,3774.3,3774.3999999999996,1950.2000000000003,0.5167,2729.26,1766.2900000000002,0.6434599999999999
ARUNACHAL PRADESH,1978,37.1,82.2,150.6,216.4,345.6,577.2,357.5,172.4,310.4,133.0,146.1,2.5,2531.0,2531.0,1417.5,0.5601,2729.26,1766.2900000000002,0.6434599999999999
ARUNACHAL PRADESH,1979,47.4,81.6,138.2,158.8,210.3,239.4,665.4,296.9,417.5,409.6,27.4,81.2,2773.6,2773.7,1619.1999999999998,0.5838,2729.26,1766.2900000000002,0.6434599999999999
ARUNACHAL PRADESH,1980,65.6,130.4,251.4,372.0,245.5,530.9,514.1,544.7,367.4,185.4,7.8,0.2,3215.3,3215.4000000000005,1957.1,0.6087,2729.26,1766.2900000000002,0.6434599999999999
ARUNACHAL PRADESH,1981,93.1,136.1,255.2,197.4,285.0,494.9,549.3,360.6,262.6,71.8,29.3,55.5,2790.9,2790.8,1667.3999999999996,0.5975,2729.26,1766.2900000000002,0.6434599999999999
ARUNACHAL PRADESH,1982,6.4,100.4,151.2,335.3,241.4,429.8,593.0,197.0,526.6,82.3,53.8,62.2,2779.5,2779.4,1746.4,0.6283,2729.26,1766.2900000000002,0.6434599999999999
ARUNACHAL PRADESH,1983,65.4,171.1,217.6,351.2,301.9,551.0,563.2,389.9,476.4,191.7,14.9,40.8,3335.3,3335.1,1980.5,0.5938,2729.26,1766.2900000000002,0.6434599999999999
ARUNACHAL PRADESH,1984,98.1,42.8,166.9,389.3,448.7,417.3,671.0,309.2,455.5,184.1,5.7,89.5,3278.0,3278.0999999999995,1853.0,0.5653,2729.26,1766.2900000000002,0.6434599999999999
ARUNACHAL PRADESH,1985,54.1,81.0,255.6,347.1,345.5,506.0,657.8,326.3,502.2,116.6,25.4,48.8,3266.2,3266.4,1992.3,0.6099,2729.26,1766.2900000000002,0.6434599999999999
ARUNACHAL PRADESH,1986,19.3,90.1,122.8,335.3,101.8,402.5,453.7,355.3,387.6,176.6,36.6,14.0,2495.6,2495.6,1599.1,0.6408,2729.26,1766.2900000000002,0.6434599999999999
ARUNACHAL PRADESH,1987,3.7,72.5,147.7,352.0,230.8,501.5,754.9,558.8,646.6,101.1,24.1,39.6,3433.2,3433.2999999999993,2461.8,0.717,2729.26,1766.2900000000002,0.6434599999999999
ARUNACHAL PRADESH,1988,50.9,118.3,250.7,278.9,535.9,287.0,868.1,815.6,486.3,416.4,34.2,13.1,4155.3,4155.4,2457.0,0.5913,2729.26,1766.2900000000002,0.6434599999999999
ARUNACHAL PRADESH,1989,52.6,171.9,92.9,388.7,239.7,484.2,640.7,305.3,526.5,281.7,77.9,19.6,3281.6,3281.7,1956.7,0.5962,2729.26,1766.2900000000002,0.6434599999999999
ARUNACHAL PRADESH,1990,54.8,112.4,149.0,289.9,366.2,857.2,534.0,352.8,625.5,240.6,2.0,19.7,3604.0,3604.1,2369.5,0.6574,2729.26,1766.2900000000002,0.6434599999999999
ARUNACHAL PRADESH,1991,24.9,86.0,110.7,193.3,423.7,608.3,607.7,603.4,484.5,189.0,22.2,80.8,3434.4,3434.5000000000005,2303.9,0.6708,2729.26,1766.2900000000002,0.6434599999999999
ARUNACHAL PRADESH,1992,33.2,128.9,184.6,196.4,239.2,522.9,557.2,294.3,328.2,201.5,11.5,8.9,2707.0,2706.7999999999997,1702.6,0.629,2729.26,1766.2900000000002,0.6434599999999999
ARUNACHAL PRADESH,1993,95.7,125.4,134.4,130.6,408.3,569.5,619.2,691.9,323.1,228.6,14.7,7.5,3348.9,3348.9,2203.7,0.658,2729.26,1766.2900000000002,0.6434599999999999
ARUNACHAL PRADESH,1994,48.2,72.6,215.3,232.1,382.9,416.1,233.0,280.2,225.0,161.6,14.1,6.2,2287.4,2287.2999999999997,1154.3,0.5047,2729.26,1766.2900000000002,0.6434599999999999
ARUNACHAL PRADESH,1995,20.6,79.9,84.3,198.8,363.9,686.9,714.5,328.8,425.1,82.4,51.0,32.6,3068.8,3068.8,2155.3,0.7023,2729.26,1766.2900000000002,0.6434599999999999
ARUNACHAL PRADESH,1996,35.7,56.2,163.6,171.4,398.2,316.2,593.0,372.1,191.2,212.5,9.1,1.4,2520.5,2520.6,1472.5000000000002,0.5842,2729.26,1766.2900000000002,0.6434599999999999
ARUNACHAL PRADESH,1997,26.2,68.5,158.5,94.7,212.6,548.0,395.2,237.0,403.5,58.5,45.9,26.3,2274.9,2274.9,1583.7,0.6962,2729.26,1766.2900000000002,0.6434599999999999
ARUNACHAL PRADESH,1998,26.7,78.8,193.6,125.0,275.0,839.8,823.8,807.0,236.8,187.2,20.5,2.5,3616.7,3616.7,2707.4,0.7486,2729.26,1766.2900000000002,0.6434599999999999
ARUNACHAL PRADESH,1999,7.9,6.1,40.4,159.6,343.2,450.0,376.9,438.1,254.0,207.9,28.3,4.3,2316.6,2316.7000000000003,1519.0,0.6557,2729.26,1766.2900000000002,0.6434599999999999
ARUNACHAL PRADESH,2000,54.1,47.1,139.9,293.8,267.2,459.8,395.4,387.4,407.4,81.3,53.9,9.6,2596.8,2596.9000000000005,1650.0,0.6354,2729.26,1766.2900000000002,0.6434599999999999
ARUNACHAL PRADESH,2001,53.1,66.6,134.9,229.9,195.6,277.2,302.6,279.9,288.1,173.8,19.3,14.9,2036.0,2035.9,1147.8,0.5638,2729.26,1766.2900000000002,0.6434599999999999
ARUNACHAL PRADESH,2002,74.2,37.2,126.3,248.2,197.1,396.8,604.0,290.7,257.9,94.0,45.0,17.9,2389.2,2389.3,1549.4,0.6485,2729.26,1766.2900000000002,0.6434599999999999
ARUNACHAL PRADESH,2003,22.9,83.2,109.6,182.0,173.5,424.3,645.3,327.2,259.9,182.6,25.0,16.2,2451.8,2451.7,1656.6999999999998,0.6757,2729.26,1766.2900000000002,0.6434599999999999
ARUNACHAL PRADESH,2004,38.0,39.1,175.5,210.2,298.7,402.9,654.3,243.0,278.5,184.8,5.6,15.2,2545.7,2545.7999999999997,1578.6999999999998,0.6201,2729.26,1766.2900000000002,0.6434599999999999
ARUNACHAL PRADESH,2005,48.4,167.6,229.5,195.3,179.8,269.3,430.8,400.0,243.6,139.3,28.6,3.3,2335.5,2335.5,1343.6999999999998,0.5753,2729.26,1766.2900000000002,0.6434599999999999
ARUNACHAL PRADESH,2006,6.0,103.7,63.3,202.7,321.7,520.4,382.2,227.6,263.2,77.2,69.7,21.7,2259.6,2259.399999999999,1393.3999999999999,0.6167,2729.26,1766.2900000000002,0.6434599999999999
ARUNACHAL PRADESH,2007,13.4,97.4,48.1,292.4,250.4,530.2,761.0,364.6,529.3,102.6,24.3,6.9,3020.7,3020.6000000000004,2185.1000000000004,0.7234,2729.26,1766.2900000000002,0.6434599999999999
ARUNACHAL PRADESH,2008,76.7,39.7,122.6,192.4,185.0,423.6,456.1,439.3,189.7,115.1,1.7,2.6,2244.4,2244.4999999999995,1508.7,0.6722,2729.26,1766.2900000000002,0.6434599999999999
ARUNACHAL PRADESH,2009,18.0,92.8,72.1,132.7,189.9,259.1,329.9,370.3,152.5,82.9,33.9,15.9,1749.9,1750.0000000000002,1111.8,0.6353,2729.26,1766.2900000000002,0.6434599999999999
ARUNACHAL PRADESH,2010,0.6,13.2,237.8,466.9,312.7,509.9,378.0,321.5,444.2,97.7,58.9,14.2,2855.7,2855.5999999999995,1653.6000000000001,0.5791,2729.26,1766.2900000000002,0.6434599999999999
ARUNACHAL PRADESH,2011,40.0,51.3,174.5,240.8,219.6,288.4,531.4,277.6,286.7,51.9,16.2,15.2,2193.7,2193.5999999999995,1384.1000000000001,0.631,2729.26,1766.2900000000002,0.6434599999999999
ARUNACHAL PRADESH,2012,57.8,35.8,134.2,403.4,187.4,645.8,638.9,316.0,724.9,248.1,22.0,26.2,3440.3,3440.4999999999995,2325.6,0.6759,2729.26,1766.2900000000002,0.6434599999999999
ARUNACHAL PRADESH,2013,18.5,40.5,115.1,175.1,335.8,290.0,329.6,230.2,316.1,164.1,13.3,14.6,2042.9,2042.8999999999999,1165.9,0.5707,2729.26,1766.2900000000002,0.6434599999999999
ARUNACHAL PRADESH,2014,19.0,101.9,80.3,86.7,299.0,415.8,392.4,599.6,343.0,35.1,20.1,10.2,2403.2,2403.0999999999995,1750.8000000000002,0.7286,2729.26,1766.2900000000002,0.6434599999999999
ARUNACHAL PRADESH,2015,30.8,47.5,97.5,287.1,238.9,637.9,329.3,595.5,374.2,65.2,33.8,29.8,2767.5,2767.5,1936.9,0.6999,2729.26,1766.2900000000002,0.6434599999999999
ASSAM & MEGHALAYA,1901,27.1,19.5,30.6,223.0,207.0,524.9,430.6,464.1,291.4,163.7,115.6,1.2,2498.6,2498.6999999999994,1711.0,0.6848,2500.726666666667,1694.4833333333333,0.67754
ASSAM & MEGHALAYA,1902,9.3,10.2,105.6,350.0,262.1,620.7,510.8,536.0,441.3,97.0,7.8,1.3,2952.1,2952.1000000000004,2108.8,0.7143,2500.726666666667,1694.4833333333333,0.67754
ASSAM & MEGHALAYA,1903,19.9,25.4,103.6,140.6,206.6,607.4,362.7,551.9,306.4,159.5,59.3,1.3,2544.7,2544.6000000000004,1828.4,0.7185,2500.726666666667,1694.4833333333333,0.67754
ASSAM & MEGHALAYA,1904,11.1,56.1,51.9,457.1,375.2,385.7,477.6,438.8,245.9,115.9,46.4,2.5,2664.1,2664.2000000000007,1548.0,0.581,2500.726666666667,1694.4833333333333,0.67754
ASSAM & MEGHALAYA,1905,19.9,16.9,137.9,213.0,275.5,521.7,439.1,649.1,276.0,200.0,16.8,24.8,2790.6,2790.7000000000003,1885.9,0.6758,2500.726666666667,1694.4833333333333,0.67754
ASSAM & MEGHALAYA,1906,9.7,59.2,88.4,263.5,271.3,388.4,541.8,585.9,264.2,165.7,24.9,0.2,2663.4,2663.1999999999994,1780.3,0.6685,2500.726666666667,1694.4833333333333,0.67754
ASSAM & MEGHALAYA,1907,55.8,37.2,109.7,254.8,213.7,509.8,578.9,304.2,401.0,37.6,4.8,13.8,2521.1,2521.3,1793.9,0.7115,2500.726666666667,1694.4833333333333,0.67754
ASSAM & MEGHALAYA,1908,16.2,25.1,20.7,176.6,332.7,390.8,477.2,339.4,403.4,91.9,3.8,0.0,2277.8,2277.8,1610.8000000000002,0.7072,2500.726666666667,1694.4833333333333,0.67754
ASSAM & MEGHALAYA,1909,19.0,8.9,4.4,195.0,310.4,639.4,345.0,445.2,216.4,162.4,24.6,6.3,2377.0,2377.0,1646.0,0.6925,2500.726666666667,1694.4833333333333,0.67754
ASSAM & MEGHALAYA,1910,9.2,32.1,152.8,211.5,274.6,582.5,738.3,418.3,247.8,199.7,16.2,4.3,2887.3,2887.3,1986.8999999999999,0.6882,2500.726666666667,1694.4833333333333,0.67754
ASSAM & MEGHALAYA,1911,74.2,19.0,93.0,234.0,431.7,534.0,618.6,417.1,387.8,257.4,26.3,3.0,3096.2,3096.1000000000004,1957.4999999999998,0.6322,2500.726666666667,1694.4833333333333,0.67754
ASSAM & MEGHALAYA,1912,9.0,57.8,126.1,301.0,250.2,482.7,567.0,453.4,236.8,181.5,68.4,9.5,2743.5,2743.4,1739.8999999999999,0.6342,2500.726666666667,1694.4833333333333,0.67754
ASSAM & MEGHALAYA,1913,11.9,90.2,118.4,334.2,392.3,458.6,438.0,354.0,279.2,227.7,10.4,45.6,2760.5,2760.4999999999995,1529.8,0.5542,2500.726666666667,1694.4833333333333,0.67754
ASSAM & MEGHALAYA,1914,6.3,79.1,69.9,219.6,317.9,403.9,396.4,472.9,292.3,67.6,10.6,7.4,2343.8,2343.9,1565.4999999999998,0.6679,2500.726666666667,1694.4833333333333,0.67754
ASSAM & MEGHALAYA,1915,9.3,58.9,74.4,201.9,662.9,509.1,738.2,529.1,258.8,108.2,10.0,4.4,3165.1,3165.2,2035.2,0.643,2500.726666666667,1694.4833333333333,0.67754
ASSAM & MEGHALAYA,1916,20.0,28.0,118.4,227.9,340.6,367.3,475.3,430.7,308.8,244.9,32.8,6.3,2601.1,2601.0000000000005,1582.1,0.6083,2500.726666666667,1694.4833333333333,0.67754
ASSAM & MEGHALAYA,1917,12.8,91.6,38.7,168.8,206.2,584.7,472.8,346.3,313.7,236.6,46.4,1.4,2519.9,2520.0,1717.5,0.6815,2500.726666666667,1694.4833333333333,0.67754
ASSAM & MEGHALAYA,1918,4.6,16.1,125.5,152.2,287.4,659.4,805.0,604.8,373.2,70.7,6.8,1.1,3106.8,3106.7999999999997,2442.3999999999996,0.7861,2500.726666666667,1694.4833333333333,0.67754
ASSAM & MEGHALAYA,1919,13.1,12.4,22.6,162.1,266.9,485.5,459.0,249.1,441.6,185.7,42.5,3.6,2344.2,2344.0999999999995,1635.1999999999998,0.6976,2500.726666666667,1694.4833333333333,0.67754
ASSAM & MEGHALAYA,1920,4.8,51.0,228.1,184.8,282.7,523.8,309.8,521.5,382.6,129.5,3.3,1.8,2623.6,2623.7000000000003,1737.6999999999998,0.6623,2500.726666666667,1694.4833333333333,0.67754
ASSAM & MEGHALAYA,1921,35.1,20.3,134.1,324.6,414.8,604.9,542.2,429.4,333.2,142.1,8.5,10.3,2999.7,2999.5,1909.7,0.6367,2500.726666666667,1694.4833333333333,0.67754
ASSAM & MEGHALAYA,1922,16.6,4.9,77.8,168.7,233.1,548.9,418.4,379.4,265.6,129.9,9.3,9.4,2261.9,2262.0000000000005,1612.2999999999997,0.7128,2500.726666666667,1694.4833333333333,0.67754
ASSAM & MEGHALAYA,1923,0.4,59.6,17.1,258.1,397.8,588.6,375.4,267.2,360.9,98.2,11.2,5.9,2440.6,2440.3999999999996,1592.1,0.6524,2500.726666666667,1694.4833333333333,0.67754
ASSAM & MEGHALAYA,1924,10.6,22.7,20.0,221.9,299.4,473.9,609.0,434.0,346.0,127.0,126.9,0.2,2691.4,2691.6,1862.9,0.6921,2500.726666666667,1694.4833333333333,0.67754
ASSAM & MEGHALAYA,1925,26.4,21.5,53.8,278.3,602.2,330.8,411.1,400.7,322.3,89.5,13.7,0.2,2550.5,2550.4999999999995,1464.9,0.5744,2500.726666666667,1694.4833333333333,0.67754
ASSAM & MEGHALAYA,1926,23.4,23.2,156.9,140.8,253.9,559.3,576.5,354.7,189.2,193.7,6.4,33.6,2511.7,2511.5999999999995,1679.7,0.6688,2500.726666666667,1694.4833333333333,0.67754
ASSAM & MEGHALAYA,1927,33.8,60.5,66.0,265.2,238.4,573.9,447.7,366.4,549.8,161.2,29.8,0.2,2793.1,2792.8999999999996,1937.8,0.6938,2500.726666666667,1694.4833333333333,0.67754
ASSAM & MEGHALAYA,1928,8.3,21.1,61.0,138.9,446.5,420.6,428.1,448.2,343.5,294.8,21.6,1.5,2634.3,2634.1,1640.4,0.6228,2500.726666666667,1694.4833333333333,0.67754
ASSAM & MEGHALAYA,1929,83.9,3.8,84.1,321.7,570.2,643.4,385.0,333.2,292.8,196.0,17.6,22.1,2953.8,2953.7999999999997,1654.4,0.5601,2500.726666666667,1694.4833333333333,0.67754
ASSAM & MEGHALAYA,1930,18.0,41.0,99.8,199.4,209.8,686.9,287.8,438.5,299.1,149.9,114.4,6.2,2550.7,2550.8,1712.3000000000002,0.6713,2500.726666666667,1694.4833333333333,0.67754
ASSAM & MEGHALAYA,1931,7.6,29.2,47.6,294.7,374.0,605.6,654.6,282.0,330.2,136.7,21.6,16.3,2800.1,2800.1,1872.4,0.6687,2500.726666666667,1694.4833333333333,0.67754
ASSAM & MEGHALAYA,1932,14.9,36.7,59.1,163.2,488.6,628.5,454.6,467.3,355.8,108.4,90.9,20.6,2888.7,2888.6000000000004,1906.1999999999998,0.6599,2500.726666666667,1694.4833333333333,0.67754
ASSAM & MEGHALAYA,1933,10.3,29.0,16.7,214.4,286.7,477.2,427.1,501.7,243.1,122.1,8.1,2.7,2339.1,2339.1,1649.1,0.705,2500.726666666667,1694.4833333333333,0.67754
ASSAM & MEGHALAYA,1934,18.5,68.2,27.1,301.2,444.6,754.5,553.2,361.8,246.8,232.8,59.8,6.3,3074.9,3074.800000000001,1916.3,0.6232,2500.726666666667,1694.4833333333333,0.67754
ASSAM & MEGHALAYA,1935,3.4,53.2,66.5,122.1,381.5,696.9,395.2,573.9,335.0,28.1,19.8,2.9,2678.4,2678.5,2001.0,0.7471,2500.726666666667,1694.4833333333333,0.67754
ASSAM & MEGHALAYA,1936,13.6,58.7,75.7,217.8,422.8,456.1,559.9,356.4,283.5,179.6,24.0,23.2,2671.3,2671.2999999999997,1655.9,0.6199,2500.726666666667,1694.4833333333333,0.67754
ASSAM & MEGHALAYA,1937,2.2,51.1,19.3,97.4,406.6,422.5,409.2,480.5,278.1,139.3,13.5,4.9,2324.6,2324.6000000000004,1590.3000000000002,0.6841,2500.726666666667,1694.4833333333333,0.67754
ASSAM & MEGHALAYA,1938,27.2,16.2,138.0,202.0,247.3,581.0,510.6,435.2,431.4,141.8,55.2,0.6,2786.5,2786.5,1958.1999999999998,0.7027,2500.726666666667,1694.4833333333333,0.67754
ASSAM & MEGHALAYA,1939,1.5,33.6,11.2,178.3,349.6,533.7,484.9,224.9,389.0,190.1,2.8,1.9,2401.6,2401.5000000000005,1632.5,0.6798,2500.726666666667,1694.4833333333333,0.67754
ASSAM & MEGHALAYA,1940,1.5,57.9,180.8,72.6,391.9,500.5,435.4,330.8,353.7,98.1,19.0,9.5,2451.6,2451.7,1620.4,0.6609,2500.726666666667,1694.4833333333333,0.67754
ASSAM & MEGHALAYA,1941,4.5,32.7,53.8,245.1,522.4,541.7,409.4,361.8,368.1,143.3,16.7,9.9,2709.5,2709.4,1681.0,0.6204,2500.726666666667,1694.4833333333333,0.67754
ASSAM & MEGHALAYA,1942,7.4,25.3,130.9,233.5,469.1,618.8,332.9,328.8,462.9,40.0,27.5,0.0,2677.0,2677.1000000000004,1743.4,0.6512,2500.726666666667,1694.4833333333333,0.67754
ASSAM & MEGHALAYA,1943,54.4,34.1,170.6,247.7,406.6,513.3,391.9,417.9,365.0,86.7,9.4,6.2,2703.7,2703.7999999999997,1688.1,0.6243,2500.726666666667,1694.4833333333333,0.67754
ASSAM & MEGHALAYA,1944,39.2,21.3,62.9,139.0,518.0,490.6,386.9,304.1,455.6,89.7,7.2,9.9,2524.3,2524.3999999999996,1637.1999999999998,0.6486,2500.726666666667,1694.4833333333333,0.67754
ASSAM & MEGHALAYA,1945,37.0,39.7,67.5,139.5,396.5,500.5,507.7,493.5,283.2,196.6,1.1,2.9,2665.7,2665.7,1784.9,0.6696,2500.726666666667,1694.4833333333333,0.67754
ASSAM & MEGHALAYA,1946,0.4,19.4,102.6,178.5,328.0,582.6,547.0,297.9,266.8,346.3,8.6,1.4,2679.5,2679.5000000000005,1694.3,0.6323,2500.726666666667,1694.4833333333333,0.67754
ASSAM & MEGHALAYA,1947,3.9,9.0,83.9,243.4,380.2,486.4,570.8,285.0,362.3,202.2,3.0,13.1,2643.3,2643.2000000000003,1704.4999999999998,0.6449,2500.726666666667,1694.4833333333333,0.67754
ASSAM & MEGHALAYA,1948,10.1,42.4,59.5,260.4,681.2,599.4,534.8,448.3,314.4,176.6,50.6,7.8,3185.4,3185.5000000000005,1896.8999999999996,0.5955,2500.726666666667,1694.4833333333333,0.67754
ASSAM & MEGHALAYA,1949,22.9,23.1,76.0,371.0,335.9,683.4,444.1,461.9,392.6,148.3,13.0,11.1,2983.4,2983.3,1982.0,0.6644,2500.726666666667,1694.4833333333333,0.67754
ASSAM & MEGHALAYA,1950,21.2,51.2,93.5,112.9,282.1,562.0,389.5,490.9,200.7,134.6,49.9,3.9,2392.4,2392.4,1643.1000000000001,0.6868,2500.726666666667,1694.4833333333333,0.67754
ASSAM & MEGHALAYA,1951,4.9,3.3,53.5,242.9,250.4,588.8,550.5,387.4,209.7,270.5,46.2,5.8,2613.8,2613.8999999999996,1736.3999999999999,0.6643,2500.726666666667,1694.4833333333333,0.67754
ASSAM & MEGHALAYA,1952,4.4,10.4,107.5,155.9,465.6,399.9,573.9,467.6,343.7,277.1,43.2,2.1,2851.3,2851.2999999999993,1785.1000000000001,0.6261,2500.726666666667,1694.4833333333333,0.67754
ASSAM & MEGHALAYA,1953,18.0,13.3,227.3,157.4,377.7,405.5,461.9,284.5,451.5,144.0,5.8,13.1,2559.9,2560.0,1603.4,0.6263,2500.726666666667,1694.4833333333333,0.67754
ASSAM & MEGHALAYA,1954,22.0,45.7,40.6,266.0,490.3,594.3,572.2,427.3,218.8,155.5,2.0,24.5,2859.1,2859.2000000000003,1812.6,0.634,2500.726666666667,1694.4833333333333,0.67754
ASSAM & MEGHALAYA,1955,9.2,9.5,143.5,210.2,328.8,546.5,567.0,415.8,283.3,149.3,89.6,8.5,2761.2,2761.2000000000003,1812.6,0.6565,2500.726666666667,1694.4833333333333,0.67754
ASSAM & MEGHALAYA,1956,29.8,3.2,121.7,204.8,533.5,712.4,440.3,382.1,171.9,149.3,44.3,9.6,2802.9,2802.9000000000005,1706.7000000000003,0.6089,2500.726666666667,1694.4833333333333,0.67754
ASSAM & MEGHALAYA,1957,66.9,33.5,20.1,136.0,449.2,446.0,407.2,366.6,208.7,99.9,12.2,10.7,2257.2,2256.9999999999995,1428.5000000000002,0.6329,2500.726666666667,1694.4833333333333,0.67754
ASSAM & MEGHALAYA,1958,18.8,44.2,10.3,192.4,545.2,393.2,361.1,546.9,278.7,212.4,4.6,18.7,2626.4,2626.5,1579.8999999999999,0.6015,2500.726666666667,1694.4833333333333,0.67754
ASSAM & MEGHALAYA,1959,30.8,45.6,109.9,144.1,470.6,517.6,364.2,255.9,286.8,301.7,8.3,0.2,2535.8,2535.7,1424.5,0.5618,2500.726666666667,1694.4833333333333,0.67754
ASSAM & MEGHALAYA,1960,0.1,11.1,38.7,45.9,315.2,454.8,553.7,349.2,479.4,60.9,29.3,3.9,2342.2,2342.2000000000003,1837.1,0.7843,2500.726666666667,1694.4833333333333,0.67754
ASSAM & MEGHALAYA,1961,11.5,19.7,253.8,123.0,355.8,335.4,352.9,347.4,226.1,128.1,34.8,6.9,2195.3,2195.4,1261.7999999999997,0.5747,2500.726666666667,1694.4833333333333,0.67754
ASSAM & MEGHALAYA,1962,24.9,27.6,17.3,134.7,369.0,601.4,338.8,509.8,137.4,118.2,11.1,5.8,2295.9,2296.0,1587.4,0.6914,2500.726666666667,1694.4833333333333,0.67754
ASSAM & MEGHALAYA,1963,3.3,7.9,51.1,183.3,288.4,596.0,557.3,432.0,211.7,144.1,29.4,7.2,2511.8,2511.7,1797.0,0.7155,2500.726666666667,1694.4833333333333,0.67754
ASSAM & MEGHALAYA,1964,9.6,22.6,80.7,268.3,297.4,557.9,600.3,340.4,326.3,205.1,8.3,12.8,2729.6,2729.7000000000003,1824.8999999999999,0.6685,2500.726666666667,1694.4833333333333,0.67754
ASSAM & MEGHALAYA,1965,5.1,73.6,52.5,158.2,327.1,501.0,399.6,422.1,304.0,82.4,60.8,12.5,2398.9,2398.9,1626.7,0.6781,2500.726666666667,1694.4833333333333,0.67754
ASSAM & MEGHALAYA,1966,20.0,23.6,36.1,164.3,323.7,780.5,507.1,518.2,248.1,124.5,31.8,11.4,2789.3,2789.3,2053.9,0.7363,2500.726666666667,1694.4833333333333,0.67754
ASSAM & MEGHALAYA,1967,11.4,37.3,105.9,112.0,287.5,395.7,497.7,258.9,300.6,97.6,14.5,4.2,2123.4,2123.2999999999997,1452.9,0.6843,2500.726666666667,1694.4833333333333,0.67754
ASSAM & MEGHALAYA,1968,22.9,19.8,78.2,170.8,432.3,595.0,494.1,346.0,231.7,113.8,23.9,2.3,2530.8,2530.8,1666.8,0.6586,2500.726666666667,1694.4833333333333,0.67754
ASSAM & MEGHALAYA,1969,27.4,1.8,99.7,178.7,254.1,567.2,461.1,446.7,185.4,80.9,27.5,1.8,2332.2,2332.3,1660.4000000000003,0.7119,2500.726666666667,1694.4833333333333,0.67754
ASSAM & MEGHALAYA,1970,47.0,35.8,89.7,204.8,493.4,658.3,475.3,389.2,390.7,246.4,17.8,0.1,3048.4,3048.5,1913.5,0.6277,2500.726666666667,1694.4833333333333,0.67754
ASSAM & MEGHALAYA,1971,36.9,18.4,37.6,142.9,236.3,437.1,407.9,474.8,231.6,199.5,80.0,12.1,2315.1,2315.1,1551.3999999999999,0.6701,2500.726666666667,1694.4833333333333,0.67754
ASSAM & MEGHALAYA,1972,18.0,39.6,99.3,260.3,339.3,576.2,441.0,271.0,227.1,99.1,2.9,5.3,2379.1,2379.1000000000004,1515.3,0.6369,2500.726666666667,1694.4833333333333,0.67754
ASSAM & MEGHALAYA,1973,9.8,82.8,28.9,252.1,324.5,634.4,364.6,395.0,348.6,128.7,67.4,35.3,2672.1,2672.1,1742.6,0.6521,2500.726666666667,1694.4833333333333,0.67754
ASSAM & MEGHALAYA,1974,31.6,11.4,78.7,255.8,369.4,627.0,789.3,510.9,429.1,271.0,27.1,2.3,3403.5,3403.6,2356.2999999999997,0.6923,2500.726666666667,1694.4833333333333,0.67754
ASSAM & MEGHALAYA,1975,10.0,22.3,18.8,227.9,321.2,337.6,522.4,314.8,299.1,172.7,18.0,5.8,2270.6,2270.6,1473.9,0.6491,2500.726666666667,1694.4833333333333,0.67754
ASSAM & MEGHALAYA,1976,5.7,36.3,92.6,139.4,179.5,509.7,390.5,358.5,149.1,67.3,24.3,3.1,1956.0,1955.9999999999998,1407.8,0.7197,2500.726666666667,1694.4833333333333,0.67754
ASSAM & MEGHALAYA,1977,9.1,16.2,74.4,375.1,391.6,405.0,461.3,461.9,176.9,175.7,47.7,21.8,2616.6,2616.7,1505.1,0.5752,2500.726666666667,1694.4833333333333,0.67754
ASSAM & MEGHALAYA,1978,5.0,8.2,44.3,100.9,253.7,506.6,444.0,255.8,271.8,65.0,55.9,0.6,2011.9,2011.8,1478.2,0.7348,2500.726666666667,1694.4833333333333,0.67754
ASSAM & MEGHALAYA,1979,3.3,8.7,38.2,93.8,225.6,307.8,640.1,252.4,342.3,216.6,23.4,36.2,2188.5,2188.4,1542.6000000000001,0.7049,2500.726666666667,1694.4833333333333,0.67754
ASSAM & MEGHALAYA,1980,13.1,36.3,96.9,173.2,289.4,389.5,460.0,417.8,269.8,141.6,1.0,0.6,2289.2,2289.2,1537.1,0.6715,2500.726666666667,1694.4833333333333,0.67754
ASSAM & MEGHALAYA,1981,29.6,30.7,91.0,152.1,251.5,273.1,543.5,340.7,274.5,47.5,9.0,36.1,2079.3,2079.3,1431.8,0.6886,2500.726666666667,1694.4833333333333,0.67754
ASSAM & MEGHALAYA,1982,1.8,31.1,50.6,254.3,215.5,517.2,539.9,377.2,286.4,62.0,29.9,16.4,2382.2,2382.3,1720.6999999999998,0.7223,2500.726666666667,1694.4833333333333,0.67754
ASSAM & MEGHALAYA,1983,16.4,37.8,90.0,165.9,278.2,362.0,582.9,450.2,449.1,156.7,7.0,24.0,2620.0,2620.2,1844.1999999999998,0.7038,2500.726666666667,1694.4833333333333,0.67754
ASSAM & MEGHALAYA,1984,22.4,7.2,28.6,202.8,416.0,478.5,995.2,360.7,458.0,159.6,5.7,22.2,3157.0,3156.899999999999,2292.4,0.7262,2500.726666666667,1694.4833333333333,0.67754
ASSAM & MEGHALAYA,1985,8.7,32.3,152.6,268.1,335.0,496.0,714.6,349.4,335.1,74.4,15.8,19.7,2801.6,2801.7000000000003,1895.1,0.6764,2500.726666666667,1694.4833333333333,0.67754
ASSAM & MEGHALAYA,1986,16.4,11.7,28.0,282.8,159.7,404.2,465.0,416.4,441.1,300.5,59.5,7.4,2592.8,2592.7,1726.6999999999998,0.666,2500.726666666667,1694.4833333333333,0.67754
ASSAM & MEGHALAYA,1987,8.8,27.8,110.4,197.6,199.0,525.8,766.5,433.0,445.4,157.8,37.6,11.9,2921.4,2921.6000000000004,2170.7,0.743,2500.726666666667,1694.4833333333333,0.67754
ASSAM & MEGHALAYA,1988,7.3,46.1,82.3,157.9,568.6,403.8,644.2,773.4,329.6,168.3,74.3,5.9,3261.7,3261.7000000000003,2151.0,0.6595,2500.726666666667,1694.4833333333333,0.67754
ASSAM & MEGHALAYA,1989,10.5,51.6,30.4,183.4,260.1,488.8,747.0,267.9,425.8,194.1,16.2,6.5,2682.1,2682.2999999999997,1929.4999999999998,0.7193,2500.726666666667,1694.4833333333333,0.67754
ASSAM & MEGHALAYA,1990,19.2,46.9,96.7,333.7,304.1,513.8,446.4,348.8,441.1,208.3,7.0,5.2,2771.2,2771.2000000000003,1750.1,0.6315,2500.726666666667,1694.4833333333333,0.67754
ASSAM & MEGHALAYA,1991,13.7,30.2,62.1,175.7,495.8,517.8,440.5,388.2,437.3,226.2,9.4,41.1,2838.0,2838.0,1783.8,0.6285,2500.726666666667,1694.4833333333333,0.67754
ASSAM & MEGHALAYA,1992,14.7,46.3,62.0,114.5,292.3,450.9,491.4,339.3,296.9,125.0,14.3,12.1,2259.8,2259.7,1578.5,0.6985,2500.726666666667,1694.4833333333333,0.67754
ASSAM & MEGHALAYA,1993,73.3,96.9,86.1,138.5,374.0,619.5,576.9,477.5,296.0,130.3,8.2,2.0,2879.2,2879.2,1969.9,0.6842,2500.726666666667,1694.4833333333333,0.67754
ASSAM & MEGHALAYA,1994,26.6,42.5,157.2,161.3,282.0,477.6,308.6,308.7,178.5,147.0,15.9,15.4,2121.3,2121.3,1273.4,0.6003,2500.726666666667,1694.4833333333333,0.67754
ASSAM & MEGHALAYA,1995,8.7,39.7,42.0,145.7,299.1,663.3,558.4,543.3,404.0,80.7,94.0,7.1,2886.1,2885.9999999999995,2169.0,0.7516,2500.726666666667,1694.4833333333333,0.67754
ASSAM & MEGHALAYA,1996,12.8,23.2,101.6,99.2,415.6,397.7,499.6,421.8,224.4,267.2,3.5,0.2,2466.9,2466.7999999999997,1543.5,0.6257,2500.726666666667,1694.4833333333333,0.67754
ASSAM & MEGHALAYA,1997,18.2,40.7,91.8,131.9,241.8,569.9,511.2,315.5,366.8,36.4,12.6,35.4,2372.2,2372.2000000000003,1763.3999999999999,0.7434,2500.726666666667,1694.4833333333333,0.67754
ASSAM & MEGHALAYA,1998,11.8,31.5,136.8,185.7,250.6,581.2,604.4,549.5,212.3,190.0,48.9,0.4,2803.1,2803.1000000000004,1947.3999999999999,0.6947,2500.726666666667,1694.4833333333333,0.67754
ASSAM & MEGHALAYA,1999,2.4,0.5,38.7,150.6,466.8,429.0,596.7,487.5,196.9,208.6,14.1,2.3,2594.2,2594.1,1710.1000000000001,0.6592,2500.726666666667,1694.4833333333333,0.67754
ASSAM & MEGHALAYA,2000,20.5,13.7,65.9,238.5,375.1,540.2,313.3,513.2,299.9,83.9,22.2,0.4,2487.0,2486.8,1666.6,0.6702,2500.726666666667,1694.4833333333333,0.67754
ASSAM & MEGHALAYA,2001,5.5,39.7,30.9,198.6,266.4,399.8,451.1,295.6,266.8,201.4,20.5,2.3,2178.4,2178.6,1413.3,0.6487,2500.726666666667,1694.4833333333333,0.67754
ASSAM & MEGHALAYA,2002,20.2,5.7,83.3,279.9,286.9,502.5,565.1,312.5,209.7,49.5,69.4,7.9,2392.7,2392.6,1589.8,0.6645,2500.726666666667,1694.4833333333333,0.67754
ASSAM & MEGHALAYA,2003,9.5,41.5,96.9,213.8,235.8,551.4,481.2,290.7,250.0,231.8,13.0,18.6,2434.1,2434.2000000000003,1573.3,0.6463,2500.726666666667,1694.4833333333333,0.67754
ASSAM & MEGHALAYA,2004,15.3,19.5,72.8,340.8,342.2,397.9,848.4,286.2,317.2,340.8,6.5,6.6,2994.3,2994.2,1849.7,0.6178,2500.726666666667,1694.4833333333333,0.67754
ASSAM & MEGHALAYA,2005,22.8,30.5,172.2,207.5,281.2,373.9,474.5,501.9,174.9,218.6,8.9,1.3,2468.3,2468.2000000000003,1525.2,0.6179,2500.726666666667,1694.4833333333333,0.67754
ASSAM & MEGHALAYA,2006,0.7,40.9,20.8,169.0,325.7,395.9,350.3,209.7,252.3,97.6,25.1,10.7,1898.6,1898.6999999999998,1208.2,0.6363,2500.726666666667,1694.4833333333333,0.67754
ASSAM & MEGHALAYA,2007,1.5,73.7,23.5,242.7,219.8,489.7,682.7,308.0,494.7,164.7,47.7,4.0,2752.8,2752.7,1975.1000000000001,0.7175,2500.726666666667,1694.4833333333333,0.67754
ASSAM & MEGHALAYA,2008,29.7,14.5,107.5,156.2,210.6,414.6,493.2,508.6,267.5,133.4,2.2,1.6,2339.7,2339.6,1683.9,0.7197,2500.726666666667,1694.4833333333333,0.67754
ASSAM & MEGHALAYA,2009,7.9,11.6,44.9,134.9,246.5,321.1,426.3,533.8,192.3,135.9,9.0,4.0,2068.2,2068.2,1473.5,0.7125,2500.726666666667,1694.4833333333333,0.67754
ASSAM & MEGHALAYA,2010,0.5,3.1,99.6,389.3,393.4,569.7,415.1,387.0,318.3,116.2,11.6,7.6,2711.5,2711.3999999999996,1690.1000000000001,0.6233,2500.726666666667,1694.4833333333333,0.67754
ASSAM & MEGHALAYA,2011,11.1,11.4,109.0,92.1,238.3,316.0,395.8,302.6,221.6,30.2,11.9,3.5,1743.4,1743.5000000000002,1236.0,0.7089,2500.726666666667,1694.4833333333333,0.67754
ASSAM & MEGHALAYA,2012,15.2,6.9,28.8,279.1,185.8,729.7,444.3,289.2,411.6,199.4,17.1,2.3,2609.4,2609.4,1874.8000000000002,0.7185,2500.726666666667,1694.4833333333333,0.67754
ASSAM & MEGHALAYA,2013,1.1,9.6,44.0,112.8,346.7,286.2,367.8,289.7,229.3,126.3,1.0,2.0,1816.4,1816.5,1173.0,0.6457,2500.726666666667,1694.4833333333333,0.67754
ASSAM & MEGHALAYA,2014,2.0,28.3,29.3,51.5,351.1,426.4,374.4,484.6,420.2,35.0,3.0,0.4,2206.1,2206.2,1705.6000000000001,0.7731,2500.726666666667,1694.4833333333333,0.67754
ASSAM & MEGHALAYA,2015,13.4,15.5,37.5,250.9,332.5,558.5,300.1,590.9,279.9,62.6,14.0,15.2,2470.9,2471.0,1729.4,0.6999,2500.726666666667,1694.4833333333333,0.67754
NAGA MANI MIZO TRIPURA,1901,11.7,18.1,29.4,206.2,124.0,443.3,331.4,466.0,304.1,166.7,67.4,0.0,2168.4,2168.2999999999997,1544.8000000000002,0.7124,2184.4,1415.9033333333332,0.65229
NAGA MANI MIZO TRIPURA,1902,4.8,0.5,36.3,297.8,215.5,480.1,392.4,312.8,318.7,102.4,8.9,4.7,2175.0,2174.9,1504.0,0.6915,2184.4,1415.9033333333332,0.65229
NAGA MANI MIZO TRIPURA,1903,6.5,40.5,139.8,45.5,159.9,458.6,300.2,470.6,366.1,166.4,76.7,0.1,2230.7,2230.8999999999996,1595.5,0.7152,2184.4,1415.9033333333332,0.65229
NAGA MANI MIZO TRIPURA,1904,2.3,46.9,47.5,290.3,230.5,455.3,423.5,423.6,375.8,128.9,90.0,5.0,2519.8,2519.6000000000004,1678.2,0.6661,2184.4,1415.9033333333332,0.65229
NAGA MANI MIZO TRIPURA,1905,9.1,35.3,306.5,161.7,193.6,339.7,450.1,429.9,320.1,246.4,8.0,27.1,2527.6,2527.5,1539.7999999999997,0.6092,2184.4,1415.9033333333332,0.65229
NAGA MANI MIZO TRIPURA,1906,7.0,71.5,72.5,99.0,302.7,417.4,475.2,439.2,439.1,142.8,44.9,3.2,2514.4,2514.5,1770.9,0.7043,2184.4,1415.9033333333332,0.65229
NAGA MANI MIZO TRIPURA,1907,39.1,30.4,92.8,189.1,156.0,414.1,400.9,291.4,336.1,114.6,3.9,53.4,2121.7,2121.8,1442.5,0.6798,2184.4,1415.9033333333332,0.65229
NAGA MANI MIZO TRIPURA,1908,26.4,15.0,4.3,141.1,252.1,360.0,531.5,371.9,317.8,192.6,106.5,0.0,2319.3,2319.2000000000003,1581.2,0.6818,2184.4,1415.9033333333332,0.65229
NAGA MANI MIZO TRIPURA,1909,6.0,4.7,3.1,201.8,235.1,415.3,348.9,540.0,245.8,167.7,71.4,69.0,2308.7,2308.8,1550.0,0.6713,2184.4,1415.9033333333332,0.65229
NAGA MANI MIZO TRIPURA,1910,26.0,10.9,30.7,138.4,228.0,444.8,405.0,439.8,336.2,196.0,12.3,0.0,2267.9,2268.1,1625.8,0.7168,2184.4,1415.9033333333332,0.65229
NAGA MANI MIZO TRIPURA,1911,47.3,11.9,102.2,141.3,331.3,444.9,471.5,397.9,287.8,226.0,17.4,0.3,2479.8,2479.8000000000006,1602.1,0.6461,2184.4,1415.9033333333332,0.65229
NAGA MANI MIZO TRIPURA,1912,1.0,36.7,127.8,305.9,222.5,344.7,392.6,394.8,262.8,179.1,34.9,6.1,2308.8,2308.8999999999996,1394.8999999999999,0.6041,2184.4,1415.9033333333332,0.65229
NAGA MANI MIZO TRIPURA,1913,4.3,63.4,109.9,138.1,264.1,559.1,509.2,426.7,222.1,202.9,83.6,29.7,2613.2,2613.1,1717.1,0.6571,2184.4,1415.9033333333332,0.65229
NAGA MANI MIZO TRIPURA,1914,5.0,93.3,129.7,255.9,276.5,342.6,437.4,501.5,262.0,106.0,13.8,105.4,2529.2,2529.1000000000004,1543.5,0.6103,2184.4,1415.9033333333332,0.65229
NAGA MANI MIZO TRIPURA,1915,13.9,35.5,89.4,198.9,448.9,465.2,478.0,510.5,310.4,231.1,37.7,0.4,2819.9,2819.9,1764.1,0.6256,2184.4,1415.9033333333332,0.65229
NAGA MANI MIZO TRIPURA,1916,13.2,17.5,37.3,212.5,131.8,363.8,491.4,419.3,388.5,417.5,55.0,7.1,2555.0,2554.9,1663.0,0.6509,2184.4,1415.9033333333332,0.65229
NAGA MANI MIZO TRIPURA,1917,1.3,81.8,25.6,289.1,121.7,356.6,387.3,375.8,371.7,147.9,63.3,0.1,2222.2,2222.2000000000003,1491.4,0.6711,2184.4,1415.9033333333332,0.65229
NAGA MANI MIZO TRIPURA,1918,3.8,6.1,138.6,224.8,361.9,573.8,638.5,569.3,363.9,75.7,52.3,4.5,3013.3,3013.2000000000003,2145.5,0.712,2184.4,1415.9033333333332,0.65229
NAGA MANI MIZO TRIPURA,1919,17.5,18.1,17.3,151.1,132.7,358.4,403.5,372.9,375.0,111.1,84.8,5.7,2047.9,2048.1,1509.8,0.7372,2184.4,1415.9033333333332,0.65229
NAGA MANI MIZO TRIPURA,1920,5.1,56.8,272.7,143.7,167.9,363.3,443.6,449.6,326.2,137.0,7.1,2.7,2375.8,2375.6999999999994,1582.7,0.6662,2184.4,1415.9033333333332,0.65229
NAGA MANI MIZO TRIPURA,1921,46.9,24.1,179.2,178.2,271.3,443.8,387.8,382.4,430.7,286.7,4.7,2.4,2638.2,2638.1999999999994,1644.7,0.6234,2184.4,1415.9033333333332,0.65229
NAGA MANI MIZO TRIPURA,1922,8.5,4.5,17.3,119.3,182.1,569.1,479.6,536.6,330.9,170.8,38.2,5.8,2462.6,2462.7000000000003,1916.2000000000003,0.7781,2184.4,1415.9033333333332,0.65229
NAGA MANI MIZO TRIPURA,1923,0.0,64.9,13.5,216.2,296.1,506.2,411.9,488.5,374.9,210.9,93.7,8.7,2685.5,2685.5,1781.5,0.6634,2184.4,1415.9033333333332,0.65229
NAGA MANI MIZO TRIPURA,1924,3.7,45.2,14.1,170.9,295.1,478.6,462.7,482.2,356.2,179.2,213.7,0.1,2701.7,2701.6999999999994,1779.7,0.6587,2184.4,1415.9033333333332,0.65229
NAGA MANI MIZO TRIPURA,1925,43.0,36.4,35.0,195.6,385.5,362.4,461.4,440.3,280.1,170.7,37.0,0.0,2447.5,2447.4,1544.1999999999998,0.631,2184.4,1415.9033333333332,0.65229
NAGA MANI MIZO TRIPURA,1926,24.0,70.1,155.5,177.1,229.7,361.1,477.6,441.7,287.3,155.6,36.4,47.1,2463.2,2463.2,1567.7,0.6364,2184.4,1415.9033333333332,0.65229
NAGA MANI MIZO TRIPURA,1927,41.4,103.5,56.3,360.4,245.2,363.8,498.4,456.6,533.9,178.4,48.6,0.8,2887.5,2887.3,1852.7000000000003,0.6417,2184.4,1415.9033333333332,0.65229
NAGA MANI MIZO TRIPURA,1928,4.3,28.5,52.3,65.3,309.0,463.2,397.7,468.3,392.8,272.5,18.4,0.1,2472.4,2472.4,1722.0,0.6965,2184.4,1415.9033333333332,0.65229
NAGA MANI MIZO TRIPURA,1929,38.3,7.7,48.0,242.7,433.0,859.1,385.0,371.4,314.8,121.7,11.3,26.4,2859.4,2859.4000000000005,1930.3,0.6751,2184.4,1415.9033333333332,0.65229
NAGA MANI MIZO TRIPURA,1930,22.6,53.6,107.5,161.0,223.1,506.6,438.2,385.6,256.7,100.8,230.7,1.0,2487.4,2487.4,1587.1000000000001,0.6381,2184.4,1415.9033333333332,0.65229
NAGA MANI MIZO TRIPURA,1931,2.7,53.0,59.6,109.9,360.6,388.8,520.0,300.4,364.1,209.9,69.2,23.0,2461.1,2461.2,1573.2999999999997,0.6392,2184.4,1415.9033333333332,0.65229
NAGA MANI MIZO TRIPURA,1932,6.1,69.7,99.1,162.2,323.6,600.7,491.2,402.4,376.2,80.4,145.9,4.3,2761.7,2761.8,1870.5000000000002,0.6773,2184.4,1415.9033333333332,0.65229
NAGA MANI MIZO TRIPURA,1933,2.5,19.7,34.3,167.0,298.4,463.4,476.3,603.5,259.6,113.4,9.6,4.1,2451.8,2451.7999999999997,1802.8000000000002,0.7353,2184.4,1415.9033333333332,0.65229
NAGA MANI MIZO TRIPURA,1934,16.0,135.1,57.1,191.1,313.2,567.2,618.6,368.3,336.4,227.7,197.3,12.8,3040.8,3040.8000000000006,1890.5,0.6217,2184.4,1415.9033333333332,0.65229
NAGA MANI MIZO TRIPURA,1935,0.6,48.3,43.7,173.3,171.2,547.1,506.4,553.5,339.1,124.8,33.1,2.2,2543.3,2543.2999999999997,1946.1,0.7652,2184.4,1415.9033333333332,0.65229
NAGA MANI MIZO TRIPURA,1936,19.3,73.1,104.6,227.5,489.5,418.3,529.7,507.6,309.4,202.6,22.6,13.0,2917.1,2917.2,1765.0,0.605,2184.4,1415.9033333333332,0.65229
NAGA MANI MIZO TRIPURA,1937,0.1,60.0,37.3,85.4,337.1,528.9,490.1,614.8,291.0,207.1,17.9,72.0,2741.6,2741.7,1924.8,0.702,2184.4,1415.9033333333332,0.65229
NAGA MANI MIZO TRIPURA,1938,29.2,29.2,133.8,153.6,429.0,494.6,413.6,491.4,441.7,243.9,111.7,0.0,2971.6,2971.7,1841.3,0.6196,2184.4,1415.9033333333332,0.65229
NAGA MANI MIZO TRIPURA,1939,2.6,59.3,34.5,203.7,274.4,449.6,638.8,333.9,380.8,198.8,30.0,2.0,2608.3,2608.4,1803.1000000000001,0.6913,2184.4,1415.9033333333332,0.65229
NAGA MANI MIZO TRIPURA,1940,0.3,74.6,230.9,35.5,325.6,496.2,458.2,345.7,373.3,131.6,31.4,23.6,2526.7,2526.9,1673.3999999999999,0.6622,2184.4,1415.9033333333332,0.65229
NAGA MANI MIZO TRIPURA,1941,14.1,63.1,34.1,256.6,563.1,689.4,489.5,372.6,288.2,143.3,44.2,7.9,2966.2,2966.1,1839.7,0.6202,2184.4,1415.9033333333332,0.65229
NAGA MANI MIZO TRIPURA,1942,6.0,15.7,78.7,250.4,305.3,528.7,403.3,461.8,420.8,65.4,143.2,1.5,2680.9,2680.8,1814.6,0.6769,2184.4,1415.9033333333332,0.65229
NAGA MANI MIZO TRIPURA,1943,68.4,28.8,131.3,143.7,210.3,496.1,422.5,485.2,354.9,84.0,2.2,0.6,2427.9,2427.9999999999995,1758.6999999999998,0.7243,2184.4,1415.9033333333332,0.65229
NAGA MANI MIZO TRIPURA,1944,91.4,20.2,69.7,128.6,321.8,670.5,527.9,440.7,490.8,110.5,4.4,0.7,2877.3,2877.2,2129.9,0.7403,2184.4,1415.9033333333332,0.65229
NAGA MANI MIZO TRIPURA,1945,68.7,60.9,67.7,170.4,354.2,595.3,573.9,509.7,378.8,205.6,13.3,53.3,3051.9,3051.8,2057.7,0.6743,2184.4,1415.9033333333332,0.65229
NAGA MANI MIZO TRIPURA,1946,0.0,19.1,189.3,237.5,352.4,517.5,647.7,397.9,305.1,311.4,7.7,50.5,3036.2,3036.1,1868.1999999999998,0.6153,2184.4,1415.9033333333332,0.65229
NAGA MANI MIZO TRIPURA,1947,3.0,4.3,44.3,176.0,374.4,723.9,640.5,491.1,415.6,306.0,1.7,29.7,3210.2,3210.4999999999995,2271.1,0.7074,2184.4,1415.9033333333332,0.65229
NAGA MANI MIZO TRIPURA,1948,5.5,65.1,54.3,206.5,468.4,410.3,500.1,472.5,424.2,140.0,71.4,3.7,2822.1,2821.9999999999995,1807.1000000000001,0.6404,2184.4,1415.9033333333332,0.65229
NAGA MANI MIZO TRIPURA,1949,8.1,12.6,67.4,370.2,419.6,562.8,507.7,416.9,427.5,177.3,4.2,2.0,2976.3,2976.3,1914.9,0.6434,2184.4,1415.9033333333332,0.65229
NAGA MANI MIZO TRIPURA,1950,12.3,59.7,79.1,87.8,207.4,407.4,449.4,535.3,255.4,237.5,82.9,8.7,2423.0,2422.8999999999996,1647.5,0.68,2184.4,1415.9033333333332,0.65229
NAGA MANI MIZO TRIPURA,1951,3.9,0.2,62.4,360.1,233.7,495.0,436.2,440.5,191.1,310.6,54.9,20.8,2609.3,2609.4,1562.8,0.5989,2184.4,1415.9033333333332,0.65229
NAGA MANI MIZO TRIPURA,1952,9.6,6.5,97.1,208.2,345.9,442.6,556.8,422.8,320.5,323.6,76.2,1.1,2810.9,2810.8999999999996,1742.7,0.62,2184.4,1415.9033333333332,0.65229
NAGA MANI MIZO TRIPURA,1953,7.4,16.5,98.4,90.0,453.5,570.9,387.0,424.3,443.8,136.2,25.0,8.7,2661.6,2661.6999999999994,1826.0,0.686,2184.4,1415.9033333333332,0.65229
NAGA MANI MIZO TRIPURA,1954,12.8,52.4,37.7,165.3,300.2,619.8,491.4,558.3,361.7,294.2,2.4,8.8,2905.1,2904.9999999999995,2031.1999999999998,0.6992,2184.4,1415.9033333333332,0.65229
NAGA MANI MIZO TRIPURA,1955,6.2,5.7,161.3,213.6,280.6,461.4,559.2,514.7,253.8,183.5,220.2,5.1,2865.0,2865.3,1789.1000000000001,0.6244,2184.4,1415.9033333333332,0.65229
NAGA MANI MIZO TRIPURA,1956,18.3,1.3,102.2,115.5,474.0,758.9,529.8,469.6,257.5,187.1,101.1,7.4,3022.7,3022.7,2015.7999999999997,0.6669,2184.4,1415.9033333333332,0.65229
NAGA MANI MIZO TRIPURA,1957,59.1,60.6,10.2,104.8,300.1,409.1,425.7,429.1,354.4,148.3,0.8,1.7,2303.9,2303.9,1618.3000000000002,0.7024,2184.4,1415.9033333333332,0.65229
NAGA MANI MIZO TRIPURA,1958,6.2,87.2,18.3,93.7,400.6,256.4,308.3,254.8,299.5,238.5,2.3,2.7,1968.6,1968.5,1119.0,0.5685,2184.4,1415.9033333333332,0.65229
NAGA MANI MIZO TRIPURA,1959,39.9,77.7,148.0,74.0,260.0,378.5,396.3,357.3,239.1,352.8,0.1,3.9,2327.6,2327.6,1371.1999999999998,0.5891,2184.4,1415.9033333333332,0.65229
NAGA MANI MIZO TRIPURA,1960,0.0,6.1,24.9,34.2,193.8,406.4,374.9,286.6,255.6,165.9,51.3,0.3,1799.9,1800.0,1323.5,0.7353,2184.4,1415.9033333333332,0.65229
NAGA MANI MIZO TRIPURA,1961,9.5,37.5,193.3,76.9,212.1,332.5,316.5,342.8,258.8,96.1,24.4,0.8,1901.2,1901.2,1250.6,0.6578,2184.4,1415.9033333333332,0.65229
NAGA MANI MIZO TRIPURA,1962,11.2,26.6,5.4,139.8,156.6,554.6,298.8,356.6,142.5,130.4,0.0,0.0,1822.5,1822.5,1352.5,0.7421,2184.4,1415.9033333333332,0.65229
NAGA MANI MIZO TRIPURA,1963,0.0,4.6,50.7,179.3,278.5,687.9,510.3,383.0,494.6,373.4,6.5,1.2,2970.0,2970.0,2075.8,0.6989,2184.4,1415.9033333333332,0.65229
NAGA MANI MIZO TRIPURA,1964,4.0,37.1,67.9,280.6,303.2,357.8,484.4,242.0,213.3,284.7,46.3,7.5,2328.7,2328.8,1297.5,0.5572,2184.4,1415.9033333333332,0.65229
NAGA MANI MIZO TRIPURA,1965,1.9,61.5,35.9,59.4,169.5,520.5,373.4,323.0,262.2,164.1,22.6,37.0,2031.0,2030.9999999999998,1479.1000000000001,0.7283,2184.4,1415.9033333333332,0.65229
NAGA MANI MIZO TRIPURA,1966,15.0,2.7,39.8,85.3,190.3,666.8,399.3,405.0,361.5,207.0,40.9,65.1,2478.6,2478.7,1832.6,0.7393,2184.4,1415.9033333333332,0.65229
NAGA MANI MIZO TRIPURA,1967,51.5,33.6,129.5,195.8,247.8,311.7,388.0,334.0,341.3,184.8,10.9,1.1,2229.9,2230.0,1375.0,0.6166,2184.4,1415.9033333333332,0.65229
NAGA MANI MIZO TRIPURA,1968,17.3,20.9,80.9,142.2,253.8,396.1,531.9,391.0,178.3,68.9,28.7,0.0,2110.0,2109.9999999999995,1497.3,0.7096,2184.4,1415.9033333333332,0.65229
NAGA MANI MIZO TRIPURA,1969,20.1,2.4,124.6,189.8,73.5,606.6,868.3,1347.2,228.1,126.3,23.2,0.0,3610.0,3610.1,3050.2000000000003,0.8449,2184.4,1415.9033333333332,0.65229
NAGA MANI MIZO TRIPURA,1970,45.8,306.3,103.6,160.1,315.9,541.7,976.7,836.7,486.2,425.6,116.7,1.0,4316.2,4316.3,2841.3,0.6583,2184.4,1415.9033333333332,0.65229
NAGA MANI MIZO TRIPURA,1971,28.4,67.6,12.4,312.6,248.0,543.2,624.0,553.1,421.2,171.3,94.6,4.5,3080.7,3080.9,2141.5,0.6951,2184.4,1415.9033333333332,0.65229
NAGA MANI MIZO TRIPURA,1972,4.5,46.3,32.8,145.0,169.1,235.6,262.7,270.8,129.6,45.0,12.5,0.0,1353.8,1353.8999999999999,898.6999999999999,0.6638,2184.4,1415.9033333333332,0.65229
NAGA MANI MIZO TRIPURA,1973,16.8,46.0,29.3,135.3,329.0,367.2,260.0,323.9,232.7,159.7,162.6,43.6,2105.8,2106.1,1183.8,0.5621,2184.4,1415.9033333333332,0.65229
NAGA MANI MIZO TRIPURA,1974,8.9,2.4,98.7,160.7,218.8,438.1,517.3,361.5,273.4,167.8,81.8,0.2,2329.6,2329.6000000000004,1590.3000000000002,0.6826,2184.4,1415.9033333333332,0.65229
NAGA MANI MIZO TRIPURA,1975,1.2,24.5,17.5,164.2,243.7,348.8,526.6,252.9,278.9,205.1,146.1,0.3,2209.7,2209.8,1407.2000000000003,0.6368,2184.4,1415.9033333333332,0.65229
NAGA MANI MIZO TRIPURA,1976,3.3,51.3,113.7,187.8,287.1,861.1,507.8,365.0,175.1,64.8,34.2,0.1,2651.4,2651.3,1909.0,0.72,2184.4,1415.9033333333332,0.65229
NAGA MANI MIZO TRIPURA,1977,14.2,34.9,27.7,383.8,303.7,452.0,389.1,355.8,193.0,149.6,38.2,16.6,2358.5,2358.5999999999995,1389.9,0.5893,2184.4,1415.9033333333332,0.65229
NAGA MANI MIZO TRIPURA,1978,0.7,4.0,51.6,147.5,449.4,496.7,357.8,277.0,273.9,70.4,21.6,0.0,2150.8,2150.6,1405.4,0.6535,2184.4,1415.9033333333332,0.65229
NAGA MANI MIZO TRIPURA,1979,1.3,8.3,72.9,55.4,158.8,361.8,370.0,309.7,272.9,57.9,47.1,33.1,1749.2,1749.1999999999998,1314.4,0.7514,2184.4,1415.9033333333332,0.65229
NAGA MANI MIZO TRIPURA,1980,7.2,42.4,101.6,145.7,461.5,373.3,327.4,312.1,364.4,168.5,0.1,0.7,2305.0,2304.8999999999996,1377.2,0.5975,2184.4,1415.9033333333332,0.65229
NAGA MANI MIZO TRIPURA,1981,26.6,26.3,105.5,268.0,377.5,223.2,448.1,329.7,213.2,33.1,11.5,9.6,2072.2,2072.2999999999997,1214.2,0.5859,2184.4,1415.9033333333332,0.65229
NAGA MANI MIZO TRIPURA,1982,0.1,54.8,73.8,224.6,103.3,371.9,373.6,466.3,284.5,32.8,38.1,3.7,2027.5,2027.4999999999998,1496.3,0.738,2184.4,1415.9033333333332,0.65229
NAGA MANI MIZO TRIPURA,1983,19.2,49.3,244.9,303.8,402.4,380.9,329.7,392.8,239.7,189.0,6.2,30.2,2588.0,2588.0999999999995,1343.1,0.519,2184.4,1415.9033333333332,0.65229
NAGA MANI MIZO TRIPURA,1984,17.4,1.8,5.1,121.1,743.0,514.6,255.3,387.2,250.2,120.4,9.1,28.8,2454.0,2454.0,1407.3000000000002,0.5735,2184.4,1415.9033333333332,0.65229
NAGA MANI MIZO TRIPURA,1985,6.4,36.2,87.1,162.8,377.6,507.5,275.5,301.9,279.4,52.3,8.7,9.9,2105.3,2105.3,1364.3000000000002,0.648,2184.4,1415.9033333333332,0.65229
NAGA MANI MIZO TRIPURA,1986,8.8,7.3,17.7,263.4,153.0,325.5,376.9,364.6,355.8,311.7,131.2,26.3,2342.3,2342.2,1422.8,0.6075,2184.4,1415.9033333333332,0.65229
NAGA MANI MIZO TRIPURA,1987,7.7,13.1,68.9,195.0,144.9,420.8,447.2,422.7,388.6,172.2,74.0,6.1,2361.3,2361.2,1679.3000000000002,0.7112,2184.4,1415.9033333333332,0.65229
NAGA MANI MIZO TRIPURA,1988,0.4,33.6,83.5,141.9,470.2,466.4,540.0,407.4,298.6,298.6,75.3,4.3,2820.2,2820.2000000000003,1712.4,0.6072,2184.4,1415.9033333333332,0.65229
NAGA MANI MIZO TRIPURA,1989,0.7,27.1,17.2,139.1,206.9,367.1,470.6,393.6,376.3,352.9,5.3,2.3,2359.0,2359.1000000000004,1607.6000000000001,0.6814,2184.4,1415.9033333333332,0.65229
NAGA MANI MIZO TRIPURA,1990,0.2,32.5,197.6,274.9,314.6,380.0,387.9,344.7,339.4,168.2,99.3,42.9,2582.3,2582.2,1452.0,0.5623,2184.4,1415.9033333333332,0.65229
NAGA MANI MIZO TRIPURA,1991,27.5,41.9,64.1,253.5,619.4,456.6,297.3,326.0,387.3,291.4,28.0,58.9,2851.9,2851.9000000000005,1467.2,0.5145,2184.4,1415.9033333333332,0.65229
NAGA MANI MIZO TRIPURA,1992,4.4,67.1,23.3,95.7,250.2,343.8,439.1,397.2,323.6,243.2,25.4,8.5,2221.4,2221.5,1503.7000000000003,0.6769,2184.4,1415.9033333333332,0.65229
NAGA MANI MIZO TRIPURA,1993,11.1,139.3,92.8,155.4,499.4,539.6,530.9,428.9,302.9,165.4,16.0,0.0,2881.7,2881.7000000000003,1802.3000000000002,0.6254,2184.4,1415.9033333333332,0.65229
NAGA MANI MIZO TRIPURA,1994,9.5,30.1,219.3,134.7,130.7,256.2,305.7,335.7,161.6,102.0,27.0,0.0,1712.5,1712.5,1059.1999999999998,0.6185,2184.4,1415.9033333333332,0.65229
NAGA MANI MIZO TRIPURA,1995,5.4,36.5,52.0,68.7,254.5,425.8,403.6,495.9,312.5,129.7,155.3,0.2,2340.2,2340.1,1637.8000000000002,0.6999,2184.4,1415.9033333333332,0.65229
NAGA MANI MIZO TRIPURA,1996,8.1,30.0,153.9,97.3,284.2,314.0,395.1,363.5,341.3,179.7,18.8,8.7,2194.5,2194.6,1413.8999999999999,0.6443,2184.4,1415.9033333333332,0.65229
NAGA MANI MIZO TRIPURA,1997,11.3,23.7,134.4,112.0,255.0,334.0,598.5,273.9,361.6,48.6,17.8,41.3,2212.0,2212.1000000000004,1568.0,0.7088,2184.4,1415.9033333333332,0.65229
NAGA MANI MIZO TRIPURA,1998,28.1,31.6,136.4,164.6,352.2,297.6,480.6,367.3,222.3,97.9,46.5,0.3,2225.4,2225.4000000000005,1367.8,0.6146,2184.4,1415.9033333333332,0.65229
NAGA MANI MIZO TRIPURA,1999,2.2,0.0,33.5,26.3,397.5,358.4,422.7,391.3,338.5,227.7,16.5,18.3,2233.0,2232.9,1510.8999999999999,0.6767,2184.4,1415.9033333333332,0.65229
NAGA MANI MIZO TRIPURA,2000,22.5,26.1,129.1,214.2,403.6,325.4,269.2,465.0,298.3,185.2,24.2,1.1,2363.9,2363.8999999999996,1357.8999999999999,0.5744,2184.4,1415.9033333333332,0.65229
NAGA MANI MIZO TRIPURA,2001,1.5,46.9,38.8,83.6,313.8,478.0,322.6,263.0,269.0,266.4,65.4,0.2,2149.0,2149.2,1332.6,0.62,2184.4,1415.9033333333332,0.65229
NAGA MANI MIZO TRIPURA,2002,18.6,3.9,62.7,143.8,438.7,351.6,462.2,358.4,225.7,98.9,71.9,6.0,2242.3,2242.4,1397.8999999999999,0.6234,2184.4,1415.9033333333332,0.65229
NAGA MANI MIZO TRIPURA,2003,3.8,11.5,78.0,158.9,265.6,590.9,262.4,281.7,288.4,175.1,5.1,40.9,2162.2,2162.2999999999997,1423.4,0.6583,2184.4,1415.9033333333332,0.65229
NAGA MANI MIZO TRIPURA,2004,4.8,2.7,11.0,341.5,211.0,449.2,558.6,284.3,351.0,132.7,6.4,0.5,2353.7,2353.7000000000003,1643.1,0.6981,2184.4,1415.9033333333332,0.65229
NAGA MANI MIZO TRIPURA,2005,6.4,15.0,118.6,98.1,237.0,212.3,301.5,334.8,292.6,194.3,15.6,10.5,1836.7,1836.7,1141.1999999999998,0.6213,2184.4,1415.9033333333332,0.65229
NAGA MANI MIZO TRIPURA,2006,0.6,12.4,5.5,111.1,382.2,445.6,335.0,241.6,231.1,90.4,13.0,3.7,1872.0,1872.2,1253.3,0.6694,2184.4,1415.9033333333332,0.65229
NAGA MANI MIZO TRIPURA,2007,7.9,54.7,28.7,220.4,276.7,446.3,430.0,373.8,426.6,180.5,82.6,10.1,2538.2,2538.2999999999997,1676.6999999999998,0.6606,2184.4,1415.9033333333332,0.65229
NAGA MANI MIZO TRIPURA,2008,30.7,13.8,49.6,54.9,200.8,327.4,333.3,358.6,223.7,150.2,4.7,1.2,1748.9,1748.9,1243.0,0.7107,2184.4,1415.9033333333332,0.65229
NAGA MANI MIZO TRIPURA,2009,0.0,3.2,27.5,93.1,209.5,271.9,295.8,380.9,271.3,158.2,26.1,0.2,1737.7,1737.7,1219.9,0.702,2184.4,1415.9033333333332,0.65229
NAGA MANI MIZO TRIPURA,2010,1.0,7.9,85.8,161.5,294.0,411.6,367.5,393.2,309.8,220.2,9.2,33.5,2295.2,2295.2,1482.1,0.6457,2184.4,1415.9033333333332,0.65229
NAGA MANI MIZO TRIPURA,2011,12.6,3.6,51.4,81.1,334.9,374.2,313.3,367.6,258.3,92.6,2.4,0.2,1892.1,1892.1999999999998,1313.3999999999999,0.6941,2184.4,1415.9033333333332,0.65229
NAGA MANI MIZO TRIPURA,2012,24.5,10.2,20.3,243.5,163.5,396.2,280.1,342.7,248.7,160.9,32.0,0.4,1922.9,1923.0000000000005,1267.7,0.6592,2184.4,1415.9033333333332,0.65229
NAGA MANI MIZO TRIPURA,2013,0.2,5.7,19.7,60.3,348.9,206.6,255.9,291.3,241.4,125.6,0.3,1.2,1557.2,1557.1,995.1999999999999,0.6391,2184.4,1415.9033333333332,0.65229
NAGA MANI MIZO TRIPURA,2014,1.2,21.0,25.4,49.6,192.5,268.3,295.7,372.3,300.9,69.6,3.3,0.1,1599.9,1599.8999999999999,1237.1999999999998,0.7733,2184.4,1415.9033333333332,0.65229
NAGA MANI MIZO TRIPURA,2015,14.4,14.2,21.6,253.5,198.3,283.9,413.6,334.2,255.9,118.7,3.9,10.0,1922.4,1922.2000000000003,1287.6000000000001,0.6699,2184.4,1415.9033333333332,0.65229
SUB HIMALAYAN WEST BENGAL & SIKKIM,1901,26.5,14.8,14.1,29.2,195.5,488.4,524.8,501.1,242.7,55.5,17.9,2.6,2113.2,2113.1000000000004,1757.0,0.8315,2753.1266666666666,2076.983333333333,0.7519899999999999
SUB HIMALAYAN WEST BENGAL & SIKKIM,1902,1.2,0.7,87.1,126.1,271.3,539.2,671.0,603.8,799.9,74.4,5.6,0.0,3180.4,3180.2999999999997,2613.9,0.8219,2753.1266666666666,2076.983333333333,0.7519899999999999
SUB HIMALAYAN WEST BENGAL & SIKKIM,1903,5.5,8.7,19.6,18.6,163.6,541.2,431.5,708.8,365.2,141.3,0.3,0.0,2404.5,2404.3,2046.7,0.8513,2753.1266666666666,2076.983333333333,0.7519899999999999
SUB HIMALAYAN WEST BENGAL & SIKKIM,1904,3.4,29.2,0.9,124.3,333.6,274.2,500.4,468.5,260.6,164.8,8.9,1.1,2169.9,2169.9,1503.6999999999998,0.693,2753.1266666666666,2076.983333333333,0.7519899999999999
SUB HIMALAYAN WEST BENGAL & SIKKIM,1905,12.0,31.2,51.9,104.4,290.6,524.8,523.1,1036.6,321.1,87.9,2.7,18.7,3005.0,3004.9999999999995,2405.6,0.8005,2753.1266666666666,2076.983333333333,0.7519899999999999
SUB HIMALAYAN WEST BENGAL & SIKKIM,1906,9.3,49.2,30.4,13.0,198.1,438.0,706.4,816.0,208.6,140.5,8.0,0.4,2618.0,2617.9,2169.0,0.8285,2753.1266666666666,2076.983333333333,0.7519899999999999
SUB HIMALAYAN WEST BENGAL & SIKKIM,1907,10.4,20.8,71.1,108.8,156.2,408.1,889.8,358.8,456.1,40.0,5.8,4.1,2530.0,2530.0,2112.8,0.8351,2753.1266666666666,2076.983333333333,0.7519899999999999
SUB HIMALAYAN WEST BENGAL & SIKKIM,1908,10.6,32.9,9.8,53.8,315.0,368.6,449.1,268.5,441.6,36.0,2.3,0.0,1988.2,1988.2,1527.8000000000002,0.7684,2753.1266666666666,2076.983333333333,0.7519899999999999
SUB HIMALAYAN WEST BENGAL & SIKKIM,1909,2.1,8.6,0.0,147.8,191.9,896.0,340.9,600.5,340.2,136.8,3.6,1.8,2670.1,2670.2000000000003,2177.6,0.8155,2753.1266666666666,2076.983333333333,0.7519899999999999
SUB HIMALAYAN WEST BENGAL & SIKKIM,1910,2.5,17.4,73.2,47.4,170.4,833.7,859.8,489.2,353.1,188.0,11.2,0.2,3046.1,3046.0999999999995,2535.7999999999997,0.8325,2753.1266666666666,2076.983333333333,0.7519899999999999
SUB HIMALAYAN WEST BENGAL & SIKKIM,1911,22.9,6.7,40.8,117.3,315.2,575.4,853.2,430.4,493.3,326.4,12.4,0.1,3194.2,3194.1000000000004,2352.3,0.7365,2753.1266666666666,2076.983333333333,0.7519899999999999
SUB HIMALAYAN WEST BENGAL & SIKKIM,1912,2.3,12.0,81.8,134.7,277.3,397.8,743.5,553.3,335.6,133.0,121.9,0.5,2793.6,2793.7,2030.1999999999998,0.7267,2753.1266666666666,2076.983333333333,0.7519899999999999
SUB HIMALAYAN WEST BENGAL & SIKKIM,1913,0.7,35.1,46.5,52.2,301.4,736.9,596.1,477.7,476.6,153.7,4.8,53.2,2935.1,2934.8999999999996,2287.3,0.7793,2753.1266666666666,2076.983333333333,0.7519899999999999
SUB HIMALAYAN WEST BENGAL & SIKKIM,1914,2.2,70.0,9.1,139.2,247.7,402.2,351.3,741.7,392.8,43.0,14.8,0.3,2414.1,2414.3000000000006,1888.0,0.782,2753.1266666666666,2076.983333333333,0.7519899999999999
SUB HIMALAYAN WEST BENGAL & SIKKIM,1915,1.0,52.9,50.4,72.7,366.4,352.7,509.1,610.7,359.0,116.5,13.0,0.6,2504.9,2504.9999999999995,1831.5,0.7311,2753.1266666666666,2076.983333333333,0.7519899999999999
SUB HIMALAYAN WEST BENGAL & SIKKIM,1916,6.6,17.6,8.7,165.3,305.4,649.0,1020.8,514.9,571.9,209.9,5.6,1.1,3476.8,3476.7999999999997,2756.6,0.7929,2753.1266666666666,2076.983333333333,0.7519899999999999
SUB HIMALAYAN WEST BENGAL & SIKKIM,1917,1.0,21.4,15.1,23.4,226.1,619.4,740.5,410.5,428.0,354.3,1.7,0.4,2841.6,2841.8,2198.4,0.7736,2753.1266666666666,2076.983333333333,0.7519899999999999
SUB HIMALAYAN WEST BENGAL & SIKKIM,1918,0.8,1.5,17.2,141.9,306.3,682.6,703.8,746.9,345.0,33.6,2.0,0.1,2981.4,2981.7,2478.3,0.8312,2753.1266666666666,2076.983333333333,0.7519899999999999
SUB HIMALAYAN WEST BENGAL & SIKKIM,1919,19.6,5.0,5.5,93.4,177.8,558.0,704.0,285.9,518.2,170.5,6.1,0.4,2544.5,2544.3999999999996,2066.1000000000004,0.812,2753.1266666666666,2076.983333333333,0.7519899999999999
SUB HIMALAYAN WEST BENGAL & SIKKIM,1920,0.8,24.2,80.5,66.0,148.9,615.2,389.8,608.7,788.8,161.0,0.2,0.0,2884.1,2884.1,2402.5,0.833,2753.1266666666666,2076.983333333333,0.7519899999999999
SUB HIMALAYAN WEST BENGAL & SIKKIM,1921,37.9,6.0,54.9,157.4,503.1,589.2,970.2,521.4,479.6,183.8,2.7,7.1,3513.4,3513.2999999999997,2560.4,0.7288,2753.1266666666666,2076.983333333333,0.7519899999999999
SUB HIMALAYAN WEST BENGAL & SIKKIM,1922,17.8,2.5,5.6,45.4,217.1,803.0,719.8,526.3,571.2,87.2,1.9,3.9,3001.9,3001.7,2620.3,0.8729,2753.1266666666666,2076.983333333333,0.7519899999999999
SUB HIMALAYAN WEST BENGAL & SIKKIM,1923,0.0,40.2,3.8,104.2,336.5,536.9,656.3,228.1,504.1,76.5,0.6,1.7,2489.0,2488.8999999999996,1925.3999999999996,0.7736,2753.1266666666666,2076.983333333333,0.7519899999999999
SUB HIMALAYAN WEST BENGAL & SIKKIM,1924,0.8,3.5,4.1,110.9,264.7,693.1,732.0,491.2,439.0,128.2,81.4,1.9,2950.9,2950.7999999999997,2355.3,0.7982,2753.1266666666666,2076.983333333333,0.7519899999999999
SUB HIMALAYAN WEST BENGAL & SIKKIM,1925,3.0,6.1,13.1,261.6,284.6,554.1,446.0,664.5,568.6,69.3,14.8,0.8,2886.6,2886.5000000000005,2233.2,0.7737,2753.1266666666666,2076.983333333333,0.7519899999999999
SUB HIMALAYAN WEST BENGAL & SIKKIM,1926,12.7,2.9,66.5,43.7,236.1,580.8,853.8,396.4,331.8,102.8,0.2,9.9,2637.7,2637.6000000000004,2162.8,0.82,2753.1266666666666,2076.983333333333,0.7519899999999999
SUB HIMALAYAN WEST BENGAL & SIKKIM,1927,21.0,33.9,56.4,44.5,300.4,682.1,518.1,408.4,543.5,107.3,16.3,0.3,2732.2,2732.2000000000007,2152.1,0.7877,2753.1266666666666,2076.983333333333,0.7519899999999999
SUB HIMALAYAN WEST BENGAL & SIKKIM,1928,25.5,11.8,5.4,92.6,210.8,527.8,666.2,660.9,395.9,255.3,14.9,1.9,2868.9,2869.0000000000005,2250.8,0.7845,2753.1266666666666,2076.983333333333,0.7519899999999999
SUB HIMALAYAN WEST BENGAL & SIKKIM,1929,49.7,2.0,37.9,126.4,235.0,594.0,554.5,392.6,400.9,513.5,10.5,14.3,2931.3,2931.3,1942.0,0.6625,2753.1266666666666,2076.983333333333,0.7519899999999999
SUB HIMALAYAN WEST BENGAL & SIKKIM,1930,17.6,19.9,51.7,61.3,192.3,495.1,346.1,475.8,329.6,140.4,52.0,2.4,2184.5,2184.2000000000003,1646.6,0.7539,2753.1266666666666,2076.983333333333,0.7519899999999999
SUB HIMALAYAN WEST BENGAL & SIKKIM,1931,2.8,9.7,28.2,98.6,296.3,523.7,793.8,408.7,585.3,112.1,12.7,4.5,2876.5,2876.399999999999,2311.5,0.8036,2753.1266666666666,2076.983333333333,0.7519899999999999
SUB HIMALAYAN WEST BENGAL & SIKKIM,1932,3.0,7.0,8.6,72.4,255.9,731.3,363.5,582.9,380.1,154.4,132.1,24.4,2715.6,2715.6,2057.7999999999997,0.7578,2753.1266666666666,2076.983333333333,0.7519899999999999
SUB HIMALAYAN WEST BENGAL & SIKKIM,1933,16.5,9.4,0.5,112.4,206.0,565.3,653.3,512.3,284.1,149.3,3.9,1.1,2514.2,2514.1,2015.0,0.8015,2753.1266666666666,2076.983333333333,0.7519899999999999
SUB HIMALAYAN WEST BENGAL & SIKKIM,1934,10.5,60.2,0.4,86.8,227.5,517.2,656.2,455.6,436.3,151.4,4.0,6.8,2612.9,2612.9000000000005,2065.3,0.7904,2753.1266666666666,2076.983333333333,0.7519899999999999
SUB HIMALAYAN WEST BENGAL & SIKKIM,1935,9.5,28.4,16.6,24.2,248.9,609.2,365.4,935.1,521.7,18.0,6.3,1.8,2785.1,2785.1000000000004,2431.4,0.873,2753.1266666666666,2076.983333333333,0.7519899999999999
SUB HIMALAYAN WEST BENGAL & SIKKIM,1936,3.7,8.9,46.7,85.7,274.8,410.4,663.8,508.7,536.0,113.2,0.1,8.3,2660.3,2660.2999999999997,2118.8999999999996,0.7965,2753.1266666666666,2076.983333333333,0.7519899999999999
SUB HIMALAYAN WEST BENGAL & SIKKIM,1937,0.0,68.6,2.2,63.7,270.2,317.2,477.3,654.0,354.8,351.6,6.7,2.0,2568.4,2568.2999999999997,1803.3,0.7021,2753.1266666666666,2076.983333333333,0.7519899999999999
SUB HIMALAYAN WEST BENGAL & SIKKIM,1938,0.8,8.2,7.6,76.2,460.9,889.2,699.4,539.0,461.0,102.4,4.4,0.1,3249.3,3249.2000000000003,2588.6,0.7967,2753.1266666666666,2076.983333333333,0.7519899999999999
SUB HIMALAYAN WEST BENGAL & SIKKIM,1939,0.0,19.8,5.8,6.7,268.3,626.3,605.9,460.5,444.6,146.3,6.5,0.3,2591.1,2591.0000000000005,2137.2999999999997,0.8249,2753.1266666666666,2076.983333333333,0.7519899999999999
SUB HIMALAYAN WEST BENGAL & SIKKIM,1940,0.1,54.2,121.2,24.7,217.1,469.1,600.3,400.8,408.4,11.7,9.5,3.1,2320.2,2320.1999999999994,1878.6,0.8097,2753.1266666666666,2076.983333333333,0.7519899999999999
SUB HIMALAYAN WEST BENGAL & SIKKIM,1941,3.8,6.3,12.7,85.4,378.8,470.1,544.9,582.1,452.8,154.5,22.0,4.5,2718.0,2717.9,2049.9,0.7542,2753.1266666666666,2076.983333333333,0.7519899999999999
SUB HIMALAYAN WEST BENGAL & SIKKIM,1942,6.6,19.5,45.7,186.9,253.8,537.8,382.2,363.8,511.7,49.7,7.6,0.0,2365.4,2365.2999999999997,1795.5,0.7591,2753.1266666666666,2076.983333333333,0.7519899999999999
SUB HIMALAYAN WEST BENGAL & SIKKIM,1943,42.0,38.8,30.3,185.0,209.6,828.9,450.0,555.7,532.8,39.6,4.0,0.9,2917.6,2917.6000000000004,2367.4,0.8114,2753.1266666666666,2076.983333333333,0.7519899999999999
SUB HIMALAYAN WEST BENGAL & SIKKIM,1944,37.1,15.7,53.9,105.9,248.8,585.9,446.9,416.7,613.3,52.1,6.9,0.0,2583.2,2583.2,2062.8,0.7985,2753.1266666666666,2076.983333333333,0.7519899999999999
SUB HIMALAYAN WEST BENGAL & SIKKIM,1945,27.8,21.3,6.9,120.3,305.4,398.3,551.3,680.0,406.9,235.9,0.0,1.3,2755.4,2755.4000000000005,2036.5,0.7391,2753.1266666666666,2076.983333333333,0.7519899999999999
SUB HIMALAYAN WEST BENGAL & SIKKIM,1946,0.0,11.6,34.2,182.8,248.7,523.4,599.9,401.1,461.7,297.0,7.8,0.2,2768.5,2768.3999999999996,1986.1000000000001,0.7174,2753.1266666666666,2076.983333333333,0.7519899999999999
SUB HIMALAYAN WEST BENGAL & SIKKIM,1947,1.6,0.8,93.4,76.0,171.1,377.7,688.1,439.2,542.0,141.9,1.9,0.5,2534.1,2534.2,2047.0,0.8077,2753.1266666666666,2076.983333333333,0.7519899999999999
SUB HIMALAYAN WEST BENGAL & SIKKIM,1948,0.5,15.5,21.5,178.3,357.5,556.3,798.0,415.5,349.2,185.8,57.1,1.3,2936.6,2936.5,2119.0,0.7216,2753.1266666666666,2076.983333333333,0.7519899999999999
SUB HIMALAYAN WEST BENGAL & SIKKIM,1949,9.6,25.5,14.1,281.8,351.9,660.9,645.1,586.3,395.8,311.4,0.1,5.1,3287.7,3287.6,2288.1,0.696,2753.1266666666666,2076.983333333333,0.7519899999999999
SUB HIMALAYAN WEST BENGAL & SIKKIM,1950,0.3,19.6,27.9,48.4,210.4,747.5,570.9,639.9,366.2,131.0,0.2,0.3,2762.5,2762.6,2324.5,0.8414,2753.1266666666666,2076.983333333333,0.7519899999999999
SUB HIMALAYAN WEST BENGAL & SIKKIM,1951,1.0,0.5,22.7,69.3,239.8,546.5,778.3,503.7,326.1,158.0,37.3,0.0,2683.1,2683.2,2154.6,0.803,2753.1266666666666,2076.983333333333,0.7519899999999999
SUB HIMALAYAN WEST BENGAL & SIKKIM,1952,1.3,22.2,80.8,168.2,420.8,580.6,713.0,522.9,587.9,148.8,20.7,3.7,3270.7,3270.9,2404.4,0.7351,2753.1266666666666,2076.983333333333,0.7519899999999999
SUB HIMALAYAN WEST BENGAL & SIKKIM,1953,28.2,10.7,88.1,64.5,253.2,427.7,755.2,315.5,540.7,105.7,0.4,4.1,2594.0,2594.0,2039.1000000000001,0.7861,2753.1266666666666,2076.983333333333,0.7519899999999999
SUB HIMALAYAN WEST BENGAL & SIKKIM,1954,15.7,10.2,10.0,71.1,308.9,841.5,961.5,496.2,250.8,85.6,0.7,3.5,3055.6,3055.7,2550.0,0.8345,2753.1266666666666,2076.983333333333,0.7519899999999999
SUB HIMALAYAN WEST BENGAL & SIKKIM,1955,4.6,2.8,34.6,71.5,220.5,541.0,1064.6,626.2,365.0,51.3,6.1,4.6,2992.9,2992.8,2596.8,0.8677,2753.1266666666666,2076.983333333333,0.7519899999999999
SUB HIMALAYAN WEST BENGAL & SIKKIM,1956,14.8,1.4,42.6,164.9,420.9,747.9,471.4,486.8,285.2,215.8,30.1,3.6,2885.5,2885.4,1991.3,0.6901,2753.1266666666666,2076.983333333333,0.7519899999999999
SUB HIMALAYAN WEST BENGAL & SIKKIM,1957,103.0,8.9,25.5,10.6,167.7,430.2,650.6,535.4,208.4,73.7,7.7,3.8,2225.5,2225.5,1824.6,0.8199,2753.1266666666666,2076.983333333333,0.7519899999999999
SUB HIMALAYAN WEST BENGAL & SIKKIM,1958,8.1,17.5,14.8,120.6,269.4,487.8,500.3,898.1,353.2,145.6,1.8,3.0,2820.3,2820.2,2239.4,0.7941,2753.1266666666666,2076.983333333333,0.7519899999999999
SUB HIMALAYAN WEST BENGAL & SIKKIM,1959,99.8,5.7,64.3,111.6,218.7,565.9,538.6,291.7,337.9,345.0,0.9,0.1,2580.1,2580.2,1734.1,0.6721,2753.1266666666666,2076.983333333333,0.7519899999999999
SUB HIMALAYAN WEST BENGAL & SIKKIM,1960,0.1,6.5,52.0,4.8,293.2,407.2,764.5,387.2,623.0,71.9,0.0,0.0,2610.5,2610.4,2181.9,0.8358,2753.1266666666666,2076.983333333333,0.7519899999999999
SUB HIMALAYAN WEST BENGAL & SIKKIM,1961,11.5,38.9,19.6,39.3,279.2,448.3,448.9,542.0,341.5,127.5,2.1,5.4,2304.2,2304.2,1780.7,0.7728,2753.1266666666666,2076.983333333333,0.7519899999999999
SUB HIMALAYAN WEST BENGAL & SIKKIM,1962,33.0,21.7,14.4,57.2,318.7,537.1,516.6,663.2,279.5,77.4,0.4,2.6,2521.7,2521.8,1996.4,0.7917,2753.1266666666666,2076.983333333333,0.7519899999999999
SUB HIMALAYAN WEST BENGAL & SIKKIM,1963,2.1,0.7,32.2,103.9,323.6,409.4,676.1,611.9,267.7,152.5,21.7,3.0,2604.7,2604.7999999999997,1965.1000000000001,0.7544,2753.1266666666666,2076.983333333333,0.7519899999999999
SUB HIMALAYAN WEST BENGAL & SIKKIM,1964,0.0,1.2,9.4,127.0,184.7,613.2,959.1,445.6,486.8,151.0,3.4,0.1,2981.4,2981.5,2504.7000000000003,0.8401,2753.1266666666666,2076.983333333333,0.7519899999999999
SUB HIMALAYAN WEST BENGAL & SIKKIM,1965,0.2,22.0,48.2,69.5,232.4,444.6,697.6,830.2,345.7,39.5,32.7,0.2,2762.7,2762.7999999999993,2318.1,0.839,2753.1266666666666,2076.983333333333,0.7519899999999999
SUB HIMALAYAN WEST BENGAL & SIKKIM,1966,29.5,7.6,3.0,51.5,231.7,287.5,741.5,682.8,357.3,100.9,18.3,3.8,2515.3,2515.4000000000005,2069.1,0.8226,2753.1266666666666,2076.983333333333,0.7519899999999999
SUB HIMALAYAN WEST BENGAL & SIKKIM,1967,2.3,0.1,98.8,85.3,213.7,727.5,901.6,274.1,409.4,128.7,7.9,11.1,2860.5,2860.5,2312.6,0.8085,2753.1266666666666,2076.983333333333,0.7519899999999999
SUB HIMALAYAN WEST BENGAL & SIKKIM,1968,26.3,4.7,34.3,90.8,237.3,646.7,827.6,594.2,514.8,314.3,87.3,0.5,3378.8,3378.8,2583.3,0.7646,2753.1266666666666,2076.983333333333,0.7519899999999999
SUB HIMALAYAN WEST BENGAL & SIKKIM,1969,11.5,2.8,45.1,77.5,273.3,504.8,550.5,448.2,431.2,45.8,34.1,0.0,2424.9,2424.8,1934.7,0.7979,2753.1266666666666,2076.983333333333,0.7519899999999999
SUB HIMALAYAN WEST BENGAL & SIKKIM,1970,18.0,13.4,7.6,162.5,162.7,556.6,731.2,425.4,560.8,60.7,3.3,0.0,2702.3,2702.2,2274.0,0.8415,2753.1266666666666,2076.983333333333,0.7519899999999999
SUB HIMALAYAN WEST BENGAL & SIKKIM,1971,28.4,21.3,63.0,239.8,244.5,757.6,599.5,542.0,375.4,328.7,24.8,1.9,3226.8,3226.9,2274.5,0.7049,2753.1266666666666,2076.983333333333,0.7519899999999999
SUB HIMALAYAN WEST BENGAL & SIKKIM,1972,9.4,41.6,52.1,134.3,287.5,457.2,590.3,335.1,407.1,86.8,12.3,0.9,2414.6,2414.6000000000004,1789.6999999999998,0.7412,2753.1266666666666,2076.983333333333,0.7519899999999999
SUB HIMALAYAN WEST BENGAL & SIKKIM,1973,13.8,35.9,40.8,82.9,324.3,679.8,426.5,424.7,474.1,281.3,16.6,3.9,2804.6,2804.6000000000004,2005.1,0.7149,2753.1266666666666,2076.983333333333,0.7519899999999999
SUB HIMALAYAN WEST BENGAL & SIKKIM,1974,19.1,2.5,94.4,210.8,339.0,508.1,826.8,673.7,480.8,175.0,3.0,8.3,3341.6,3341.5000000000005,2489.4,0.745,2753.1266666666666,2076.983333333333,0.7519899999999999
SUB HIMALAYAN WEST BENGAL & SIKKIM,1975,20.4,29.9,15.6,83.7,251.1,493.2,808.2,263.8,515.7,174.6,1.0,6.6,2663.6,2663.7999999999997,2080.9,0.7812,2753.1266666666666,2076.983333333333,0.7519899999999999
SUB HIMALAYAN WEST BENGAL & SIKKIM,1976,8.8,51.0,27.3,112.8,303.5,649.2,531.9,671.7,288.0,113.1,35.5,1.2,2793.9,2793.9999999999995,2140.8,0.7662,2753.1266666666666,2076.983333333333,0.7519899999999999
SUB HIMALAYAN WEST BENGAL & SIKKIM,1977,6.6,16.0,67.6,245.6,308.1,466.0,502.9,627.8,316.0,263.7,60.8,25.3,2906.5,2906.4000000000005,1912.6999999999998,0.6581,2753.1266666666666,2076.983333333333,0.7519899999999999
SUB HIMALAYAN WEST BENGAL & SIKKIM,1978,14.7,17.9,49.3,136.7,313.3,515.5,545.2,274.0,376.5,62.9,61.1,10.8,2377.8,2377.9000000000005,1711.2,0.7196,2753.1266666666666,2076.983333333333,0.7519899999999999
SUB HIMALAYAN WEST BENGAL & SIKKIM,1979,8.1,26.8,15.1,100.6,142.0,261.7,741.7,432.4,427.0,286.5,31.7,38.1,2511.7,2511.7,1862.8000000000002,0.7416,2753.1266666666666,2076.983333333333,0.7519899999999999
SUB HIMALAYAN WEST BENGAL & SIKKIM,1980,11.6,44.8,77.3,130.4,300.1,485.9,774.4,692.5,477.5,151.2,0.9,2.0,3148.6,3148.6,2430.3,0.7719,2753.1266666666666,2076.983333333333,0.7519899999999999
SUB HIMALAYAN WEST BENGAL & SIKKIM,1981,48.8,23.0,77.8,185.6,273.7,468.6,833.1,540.9,453.2,38.1,9.2,17.3,2969.3,2969.2999999999997,2295.7999999999997,0.7732,2753.1266666666666,2076.983333333333,0.7519899999999999
SUB HIMALAYAN WEST BENGAL & SIKKIM,1982,0.2,9.9,47.0,125.6,174.5,499.0,749.5,305.5,341.6,54.1,20.0,10.6,2337.7,2337.5,1895.6,0.811,2753.1266666666666,2076.983333333333,0.7519899999999999
SUB HIMALAYAN WEST BENGAL & SIKKIM,1983,26.7,56.9,35.3,87.7,335.3,557.9,758.4,295.6,535.8,125.1,3.2,20.8,2838.8,2838.6999999999994,2147.7,0.7566,2753.1266666666666,2076.983333333333,0.7519899999999999
SUB HIMALAYAN WEST BENGAL & SIKKIM,1984,29.3,11.3,42.6,127.3,360.1,474.6,737.2,364.8,405.5,179.1,5.1,11.5,2748.4,2748.4,1982.1000000000001,0.7212,2753.1266666666666,2076.983333333333,0.7519899999999999
SUB HIMALAYAN WEST BENGAL & SIKKIM,1985,2.2,30.5,43.2,69.5,358.6,532.7,907.4,372.7,464.5,211.9,17.4,27.3,3037.9,3037.9,2277.3,0.7496,2753.1266666666666,2076.983333333333,0.7519899999999999
SUB HIMALAYAN WEST BENGAL & SIKKIM,1986,1.3,5.8,7.9,122.4,152.1,436.4,545.4,363.2,493.9,215.1,15.5,6.4,2365.4,2365.4,1838.9,0.7774,2753.1266666666666,2076.983333333333,0.7519899999999999
SUB HIMALAYAN WEST BENGAL & SIKKIM,1987,2.8,35.3,79.8,152.7,148.0,451.0,791.9,836.6,530.3,150.3,5.6,1.2,3185.5,3185.4999999999995,2609.8,0.8193,2753.1266666666666,2076.983333333333,0.7519899999999999
SUB HIMALAYAN WEST BENGAL & SIKKIM,1988,6.8,24.6,71.2,96.5,268.8,304.9,831.7,990.5,446.6,76.0,18.4,5.5,3141.4,3141.5,2573.7,0.8193,2753.1266666666666,2076.983333333333,0.7519899999999999
SUB HIMALAYAN WEST BENGAL & SIKKIM,1989,21.0,41.6,45.8,58.1,358.4,551.3,629.8,407.8,593.6,98.9,30.7,17.6,2854.6,2854.5999999999995,2182.5,0.7646,2753.1266666666666,2076.983333333333,0.7519899999999999
SUB HIMALAYAN WEST BENGAL & SIKKIM,1990,3.8,109.9,80.1,158.3,358.2,554.7,814.1,916.6,440.6,115.0,0.4,13.7,3565.3,3565.3999999999996,2726.0,0.7646,2753.1266666666666,2076.983333333333,0.7519899999999999
SUB HIMALAYAN WEST BENGAL & SIKKIM,1991,41.5,24.2,45.8,102.7,283.7,691.4,592.6,500.9,689.5,67.8,1.7,30.4,3072.4,3072.2000000000003,2474.4,0.8054,2753.1266666666666,2076.983333333333,0.7519899999999999
SUB HIMALAYAN WEST BENGAL & SIKKIM,1992,10.0,46.7,26.0,84.0,253.4,328.1,736.3,458.0,276.4,125.5,5.0,9.5,2358.8,2358.9,1798.8000000000002,0.7626,2753.1266666666666,2076.983333333333,0.7519899999999999
SUB HIMALAYAN WEST BENGAL & SIKKIM,1993,37.6,35.2,58.8,136.9,320.5,449.6,723.9,521.6,352.2,228.8,28.4,2.4,2895.9,2895.9,2047.3,0.707,2753.1266666666666,2076.983333333333,0.7519899999999999
SUB HIMALAYAN WEST BENGAL & SIKKIM,1994,49.6,55.0,114.1,126.6,243.3,388.0,357.3,396.1,302.1,84.3,8.5,2.2,2127.3,2127.1,1443.5,0.6786,2753.1266666666666,2076.983333333333,0.7519899999999999
SUB HIMALAYAN WEST BENGAL & SIKKIM,1995,17.9,41.1,50.6,84.2,349.6,859.0,775.3,539.2,638.5,99.7,88.6,14.0,3557.8,3557.6999999999994,2812.0,0.7904,2753.1266666666666,2076.983333333333,0.7519899999999999
SUB HIMALAYAN WEST BENGAL & SIKKIM,1996,30.9,34.2,59.5,85.0,401.7,334.6,863.6,545.1,337.9,107.3,0.4,0.0,2800.3,2800.2000000000003,2081.2000000000003,0.7432,2753.1266666666666,2076.983333333333,0.7519899999999999
SUB HIMALAYAN WEST BENGAL & SIKKIM,1997,18.9,31.3,76.4,119.5,166.9,613.3,488.1,479.0,443.9,41.3,16.3,56.5,2551.4,2551.4000000000005,2024.3000000000002,0.7934,2753.1266666666666,2076.983333333333,0.7519899999999999
SUB HIMALAYAN WEST BENGAL & SIKKIM,1998,13.6,37.0,125.1,154.1,254.2,653.0,854.6,860.4,478.9,209.1,13.1,2.1,3655.1,3655.2,2846.9,0.7789,2753.1266666666666,2076.983333333333,0.7519899999999999
SUB HIMALAYAN WEST BENGAL & SIKKIM,1999,8.7,6.2,17.9,156.0,335.4,550.5,831.7,751.6,404.1,246.0,10.7,4.5,3323.3,3323.2999999999997,2537.9,0.7637,2753.1266666666666,2076.983333333333,0.7519899999999999
SUB HIMALAYAN WEST BENGAL & SIKKIM,2000,10.7,36.2,55.1,185.1,326.5,649.6,574.3,498.1,465.8,82.9,22.6,1.2,2908.0,2908.1,2187.8,0.7523,2753.1266666666666,2076.983333333333,0.7519899999999999
SUB HIMALAYAN WEST BENGAL & SIKKIM,2001,4.0,20.5,50.2,134.8,347.2,472.2,399.0,424.5,434.9,282.8,36.6,5.9,2612.6,2612.6000000000004,1730.6,0.6624,2753.1266666666666,2076.983333333333,0.7519899999999999
SUB HIMALAYAN WEST BENGAL & SIKKIM,2002,30.1,10.0,95.6,237.1,181.7,407.2,743.3,406.6,340.1,75.7,8.7,10.8,2547.0,2546.8999999999996,1897.1999999999998,0.7449,2753.1266666666666,2076.983333333333,0.7519899999999999
SUB HIMALAYAN WEST BENGAL & SIKKIM,2003,17.0,79.2,90.1,171.4,211.7,516.6,703.0,354.0,321.4,223.0,16.4,19.2,2723.3,2723.0,1895.0,0.6959,2753.1266666666666,2076.983333333333,0.7519899999999999
SUB HIMALAYAN WEST BENGAL & SIKKIM,2004,19.9,11.5,40.5,163.5,287.5,489.5,739.5,356.4,394.7,198.4,9.0,4.4,2714.7,2714.8,1980.1000000000001,0.7294,2753.1266666666666,2076.983333333333,0.7519899999999999
SUB HIMALAYAN WEST BENGAL & SIKKIM,2005,19.5,21.0,132.1,155.5,254.0,446.5,704.3,564.5,229.9,271.1,8.8,0.5,2807.7,2807.7,1945.2,0.6928,2753.1266666666666,2076.983333333333,0.7519899999999999
SUB HIMALAYAN WEST BENGAL & SIKKIM,2006,0.7,17.0,39.8,119.3,270.5,446.2,470.2,295.0,456.8,118.4,20.3,7.9,2262.1,2262.1000000000004,1668.2,0.7375,2753.1266666666666,2076.983333333333,0.7519899999999999
SUB HIMALAYAN WEST BENGAL & SIKKIM,2007,3.1,81.1,46.6,160.1,215.1,485.1,686.3,412.4,458.6,79.5,8.8,2.0,2638.9,2638.7000000000003,2042.4,0.774,2753.1266666666666,2076.983333333333,0.7519899999999999
SUB HIMALAYAN WEST BENGAL & SIKKIM,2008,33.2,22.1,79.8,141.8,171.4,526.5,657.7,636.3,296.7,97.9,16.9,9.5,2689.9,2689.8,2117.2,0.7871,2753.1266666666666,2076.983333333333,0.7519899999999999
SUB HIMALAYAN WEST BENGAL & SIKKIM,2009,6.0,40.3,55.0,115.2,308.7,350.6,456.1,568.4,174.6,235.1,9.1,5.6,2324.6,2324.7,1549.6999999999998,0.6666,2753.1266666666666,2076.983333333333,0.7519899999999999
SUB HIMALAYAN WEST BENGAL & SIKKIM,2010,5.6,19.6,77.6,176.6,335.9,558.1,593.4,461.3,308.1,66.2,7.9,2.2,2612.3,2612.5,1920.9,0.7353,2753.1266666666666,2076.983333333333,0.7519899999999999
SUB HIMALAYAN WEST BENGAL & SIKKIM,2011,8.5,19.9,71.2,135.0,247.8,419.8,612.3,470.3,356.3,46.7,26.7,4.3,2418.7,2418.7999999999997,1858.6999999999998,0.7684,2753.1266666666666,2076.983333333333,0.7519899999999999
SUB HIMALAYAN WEST BENGAL & SIKKIM,2012,15.3,13.9,45.5,159.8,202.4,604.2,684.5,332.7,434.7,119.4,12.5,7.4,2632.2,2632.2999999999997,2056.1,0.7811,2753.1266666666666,2076.983333333333,0.7519899999999999
SUB HIMALAYAN WEST BENGAL & SIKKIM,2013,3.0,23.6,32.1,114.7,296.5,404.9,588.4,416.3,308.0,199.8,16.1,2.7,2406.1,2406.1,1717.6,0.7139,2753.1266666666666,2076.983333333333,0.7519899999999999
SUB HIMALAYAN WEST BENGAL & SIKKIM,2014,0.2,26.6,37.7,47.9,308.6,543.2,384.6,563.3,371.5,31.2,5.3,2.4,2322.6,2322.5000000000005,1862.6,0.802,2753.1266666666666,2076.983333333333,0.7519899999999999
SUB HIMALAYAN WEST BENGAL & SIKKIM,2015,15.7,15.0,64.8,149.0,304.6,508.2,393.3,626.6,354.9,53.6,23.8,9.0,2518.6,2518.5,1883.0,0.7477,2753.1266666666666,2076.983333333333,0.7519899999999999
GANGETIC WEST BENGAL,1901,37.1,58.4,3.9,64.1,121.7,198.0,280.8,275.7,313.5,51.1,83.4,0.0,1487.6,1487.7,1068.0,0.7179,1603.2466666666667,1212.4933333333333,0.75671
GANGETIC WEST BENGAL,1902,0.0,1.2,44.2,103.8,161.6,140.9,347.8,264.8,230.5,32.5,10.4,9.9,1347.7,1347.6000000000001,984.0,0.7302,1603.2466666666667,1212.4933333333333,0.75671
GANGETIC WEST BENGAL,1903,17.5,24.6,37.3,30.6,78.5,201.7,179.6,277.6,300.7,198.0,8.2,0.0,1354.3,1354.3,959.5999999999999,0.7086,1603.2466666666667,1212.4933333333333,0.75671
GANGETIC WEST BENGAL,1904,0.1,23.9,35.6,17.5,160.2,286.7,435.3,241.7,142.8,35.1,4.1,0.1,1383.1,1383.0999999999997,1106.5,0.8,1603.2466666666667,1212.4933333333333,0.75671
GANGETIC WEST BENGAL,1905,30.9,49.6,84.7,84.9,156.8,70.9,525.5,263.6,287.6,107.3,0.0,5.2,1666.9,1667.0,1147.6,0.6884,1603.2466666666667,1212.4933333333333,0.75671
GANGETIC WEST BENGAL,1906,46.8,123.6,53.3,1.1,81.3,172.0,307.1,264.6,193.2,140.0,12.5,0.0,1395.6,1395.5000000000002,936.9000000000001,0.6714,1603.2466666666667,1212.4933333333333,0.75671
GANGETIC WEST BENGAL,1907,0.7,24.2,94.9,39.7,92.3,347.6,217.5,249.9,232.3,13.3,0.0,24.7,1337.0,1337.1000000000001,1047.3,0.7833,1603.2466666666667,1212.4933333333333,0.75671
GANGETIC WEST BENGAL,1908,27.0,5.1,1.9,5.2,109.9,380.4,383.5,290.4,174.9,21.3,0.2,0.0,1400.0,1399.8000000000002,1229.2,0.8781,1603.2466666666667,1212.4933333333333,0.75671
GANGETIC WEST BENGAL,1909,5.6,6.4,0.6,145.2,97.2,335.0,232.4,504.3,273.0,75.3,1.3,21.4,1697.8,1697.7,1344.7,0.7921,1603.2466666666667,1212.4933333333333,0.75671
GANGETIC WEST BENGAL,1910,23.0,10.8,9.4,48.4,101.7,241.8,319.4,250.9,209.6,170.7,0.2,0.0,1385.9,1385.9,1021.7,0.7372,1603.2466666666667,1212.4933333333333,0.75671
GANGETIC WEST BENGAL,1911,1.2,2.9,42.8,35.3,110.4,276.6,168.4,261.5,260.2,93.3,12.3,0.0,1264.9,1264.8999999999999,966.7,0.7643,1603.2466666666667,1212.4933333333333,0.75671
GANGETIC WEST BENGAL,1912,1.8,23.6,71.6,48.9,109.3,199.4,325.3,255.0,134.3,99.5,78.7,0.0,1347.4,1347.4,914.0,0.6783,1603.2466666666667,1212.4933333333333,0.75671
GANGETIC WEST BENGAL,1913,4.1,110.7,35.1,12.8,157.0,512.0,367.7,290.3,186.2,122.6,18.5,9.8,1826.8,1826.8,1356.2,0.7424,1603.2466666666667,1212.4933333333333,0.75671
GANGETIC WEST BENGAL,1914,0.0,31.0,21.8,56.4,230.9,192.8,400.8,218.8,186.4,28.5,0.0,16.4,1383.9,1383.8000000000002,998.8000000000001,0.7218,1603.2466666666667,1212.4933333333333,0.75671
GANGETIC WEST BENGAL,1915,6.1,9.1,79.5,26.5,122.5,224.5,228.5,236.7,229.3,88.3,59.0,0.3,1310.3,1310.3,919.0,0.7014,1603.2466666666667,1212.4933333333333,0.75671
GANGETIC WEST BENGAL,1916,0.6,2.1,0.5,58.3,42.3,378.5,148.9,320.5,283.8,286.7,78.2,0.1,1600.5,1600.5,1131.7,0.7071,1603.2466666666667,1212.4933333333333,0.75671
GANGETIC WEST BENGAL,1917,0.4,33.6,19.7,29.4,171.4,366.8,321.8,259.9,204.7,358.3,9.7,0.0,1775.8,1775.7,1153.2,0.6494,1603.2466666666667,1212.4933333333333,0.75671
GANGETIC WEST BENGAL,1918,1.3,0.0,22.9,81.1,177.8,374.6,194.2,366.8,169.2,4.1,0.3,3.0,1395.4,1395.3,1104.8,0.7918,1603.2466666666667,1212.4933333333333,0.75671
GANGETIC WEST BENGAL,1919,41.9,19.3,10.5,61.8,125.3,306.0,299.0,385.9,148.9,48.0,35.7,0.0,1482.2,1482.3,1139.8,0.7689,1603.2466666666667,1212.4933333333333,0.75671
GANGETIC WEST BENGAL,1920,0.4,36.7,152.5,14.6,77.0,127.8,380.3,294.4,171.2,106.1,2.5,0.0,1363.6,1363.4999999999998,973.7,0.7141,1603.2466666666667,1212.4933333333333,0.75671
GANGETIC WEST BENGAL,1921,36.5,10.1,13.2,57.4,53.3,238.4,279.6,382.1,177.7,51.9,0.0,0.0,1300.2,1300.2,1077.8,0.8289,1603.2466666666667,1212.4933333333333,0.75671
GANGETIC WEST BENGAL,1922,7.4,3.1,1.2,22.0,72.3,553.0,269.7,400.8,244.3,75.8,4.7,1.4,1655.6,1655.7,1467.8,0.8865,1603.2466666666667,1212.4933333333333,0.75671
GANGETIC WEST BENGAL,1923,0.1,92.2,8.2,22.1,71.5,154.3,330.8,405.6,110.1,72.2,16.9,1.2,1285.2,1285.2000000000003,1000.8000000000001,0.7787,1603.2466666666667,1212.4933333333333,0.75671
GANGETIC WEST BENGAL,1924,8.2,5.3,0.3,38.5,64.9,181.2,308.0,260.7,254.8,82.1,62.5,0.0,1266.5,1266.4999999999998,1004.7,0.7933,1603.2466666666667,1212.4933333333333,0.75671
GANGETIC WEST BENGAL,1925,10.7,14.8,28.4,78.9,106.2,171.8,305.7,211.2,158.4,184.5,3.1,0.0,1273.6,1273.7,847.1,0.6651,1603.2466666666667,1212.4933333333333,0.75671
GANGETIC WEST BENGAL,1926,26.4,9.5,111.3,25.6,85.5,103.7,579.3,431.3,243.7,78.9,0.9,9.1,1705.4,1705.2,1358.0,0.7964,1603.2466666666667,1212.4933333333333,0.75671
GANGETIC WEST BENGAL,1927,31.6,37.4,9.1,22.3,96.7,227.7,317.4,224.6,161.6,58.6,3.7,0.0,1190.5,1190.6999999999998,931.3,0.7821,1603.2466666666667,1212.4933333333333,0.75671
GANGETIC WEST BENGAL,1928,12.8,3.2,1.6,51.3,110.9,427.0,428.1,325.1,113.3,149.9,1.7,0.1,1625.0,1625.0,1293.5,0.796,1603.2466666666667,1212.4933333333333,0.75671
GANGETIC WEST BENGAL,1929,42.8,13.2,38.8,41.8,52.5,208.1,398.6,297.3,168.3,264.6,0.0,31.4,1557.3,1557.4,1072.3,0.6885,1603.2466666666667,1212.4933333333333,0.75671
GANGETIC WEST BENGAL,1930,1.8,12.1,19.9,18.6,86.3,186.9,410.7,307.3,200.1,41.1,95.1,1.1,1380.8,1380.9999999999995,1105.0,0.8001,1603.2466666666667,1212.4933333333333,0.75671
GANGETIC WEST BENGAL,1931,2.2,74.6,27.1,22.7,111.5,157.2,368.5,286.7,197.0,168.3,59.0,0.9,1475.8,1475.7,1009.4000000000001,0.684,1603.2466666666667,1212.4933333333333,0.75671
GANGETIC WEST BENGAL,1932,0.0,12.9,5.1,31.9,196.6,151.1,297.5,259.6,177.7,64.2,110.2,0.0,1306.9,1306.8000000000002,885.9000000000001,0.6779,1603.2466666666667,1212.4933333333333,0.75671
GANGETIC WEST BENGAL,1933,16.3,53.3,3.7,75.6,171.6,326.3,384.9,420.8,266.9,144.8,2.1,0.8,1867.2,1867.0999999999995,1398.9,0.7492,1603.2466666666667,1212.4933333333333,0.75671
GANGETIC WEST BENGAL,1934,5.5,19.6,0.6,39.9,58.6,200.0,209.0,269.6,197.1,85.0,14.9,17.8,1117.4,1117.6000000000001,875.7,0.7836,1603.2466666666667,1212.4933333333333,0.75671
GANGETIC WEST BENGAL,1935,12.1,26.3,30.8,34.6,33.6,163.4,233.1,298.9,171.1,9.6,0.0,1.6,1015.1,1015.1,866.5,0.8536,1603.2466666666667,1212.4933333333333,0.75671
GANGETIC WEST BENGAL,1936,9.8,12.6,20.3,16.4,223.8,299.9,331.4,251.4,253.9,74.7,4.0,7.5,1505.6,1505.7,1136.6,0.7549,1603.2466666666667,1212.4933333333333,0.75671
GANGETIC WEST BENGAL,1937,0.0,112.8,8.6,16.8,130.3,300.8,265.6,280.4,295.7,109.2,1.9,0.4,1522.5,1522.5000000000002,1142.5,0.7504,1603.2466666666667,1212.4933333333333,0.75671
GANGETIC WEST BENGAL,1938,15.7,33.1,2.8,8.9,234.9,233.7,244.6,310.2,160.8,78.9,14.2,0.0,1337.8,1337.8,949.3,0.7096,1603.2466666666667,1212.4933333333333,0.75671
GANGETIC WEST BENGAL,1939,2.4,23.1,10.9,20.2,70.2,250.5,420.2,450.9,207.5,220.6,21.2,0.8,1698.4,1698.5,1329.1,0.7825,1603.2466666666667,1212.4933333333333,0.75671
GANGETIC WEST BENGAL,1940,0.1,30.3,103.9,18.3,98.9,218.1,236.2,384.3,199.6,58.9,7.3,2.8,1358.5,1358.6999999999998,1038.1999999999998,0.7641,1603.2466666666667,1212.4933333333333,0.75671
GANGETIC WEST BENGAL,1941,29.3,0.4,0.7,27.6,87.5,376.1,404.3,396.5,184.4,219.6,74.3,0.4,1801.1,1801.1000000000001,1361.3000000000002,0.7558,1603.2466666666667,1212.4933333333333,0.75671
GANGETIC WEST BENGAL,1942,1.2,16.7,14.7,52.0,64.2,144.5,374.9,406.9,384.1,142.6,13.9,0.0,1615.6,1615.6999999999998,1310.4,0.811,1603.2466666666667,1212.4933333333333,0.75671
GANGETIC WEST BENGAL,1943,39.4,25.7,16.9,85.4,53.6,209.5,418.5,320.5,186.8,90.0,0.0,0.0,1446.2,1446.3,1135.3,0.785,1603.2466666666667,1212.4933333333333,0.75671
GANGETIC WEST BENGAL,1944,60.0,24.4,40.2,44.8,36.1,147.5,349.8,477.4,147.0,79.1,0.1,0.0,1406.4,1406.3999999999996,1121.7,0.7976,1603.2466666666667,1212.4933333333333,0.75671
GANGETIC WEST BENGAL,1945,18.0,13.6,5.1,75.7,110.2,196.2,196.3,213.2,198.6,244.2,0.1,0.3,1271.5,1271.4999999999998,804.3000000000001,0.6326,1603.2466666666667,1212.4933333333333,0.75671
GANGETIC WEST BENGAL,1946,0.0,4.2,11.3,131.5,117.6,247.4,297.4,374.2,305.3,196.8,28.3,0.2,1714.2,1714.1999999999998,1224.3,0.7142,1603.2466666666667,1212.4933333333333,0.75671
GANGETIC WEST BENGAL,1947,3.4,13.1,43.3,18.4,104.0,172.7,348.9,292.0,237.4,95.9,0.5,33.5,1363.0,1363.1000000000001,1051.0,0.771,1603.2466666666667,1212.4933333333333,0.75671
GANGETIC WEST BENGAL,1948,13.2,44.9,48.4,52.6,135.9,200.4,268.4,323.6,214.3,116.7,113.6,0.0,1532.1,1532.0,1006.7,0.6571,1603.2466666666667,1212.4933333333333,0.75671
GANGETIC WEST BENGAL,1949,6.8,3.0,33.5,114.7,188.9,214.5,325.0,285.5,209.8,110.5,1.3,0.0,1493.7,1493.5,1034.8,0.6929,1603.2466666666667,1212.4933333333333,0.75671
GANGETIC WEST BENGAL,1950,0.0,6.5,25.9,14.1,101.2,371.1,338.8,373.3,176.4,93.3,115.2,0.0,1615.6,1615.8,1259.6000000000001,0.7796,1603.2466666666667,1212.4933333333333,0.75671
GANGETIC WEST BENGAL,1951,0.0,0.4,62.1,13.1,67.4,180.7,253.5,260.3,200.1,140.0,36.0,0.4,1214.0,1214.0,894.6,0.7369,1603.2466666666667,1212.4933333333333,0.75671
GANGETIC WEST BENGAL,1952,0.3,1.1,23.3,99.7,77.0,167.4,431.0,244.7,189.1,159.6,2.5,0.0,1395.7,1395.6999999999998,1032.1999999999998,0.7396,1603.2466666666667,1212.4933333333333,0.75671
GANGETIC WEST BENGAL,1953,25.8,14.1,4.8,13.6,61.9,311.1,358.3,343.1,278.5,56.0,38.6,0.0,1505.8,1505.8,1291.0,0.8574,1603.2466666666667,1212.4933333333333,0.75671
GANGETIC WEST BENGAL,1954,12.3,5.9,0.3,11.6,88.6,211.1,201.7,215.1,247.1,56.8,1.5,28.0,1080.0,1080.0,875.0,0.8102,1603.2466666666667,1212.4933333333333,0.75671
GANGETIC WEST BENGAL,1955,2.9,2.3,11.4,24.3,48.0,174.7,338.8,251.9,188.1,151.9,73.9,0.1,1268.2,1268.3000000000002,953.5,0.7518,1603.2466666666667,1212.4933333333333,0.75671
GANGETIC WEST BENGAL,1956,4.5,33.9,50.7,25.6,141.6,343.3,253.9,295.4,391.1,157.6,12.7,3.9,1714.2,1714.2,1283.7,0.7489,1603.2466666666667,1212.4933333333333,0.75671
GANGETIC WEST BENGAL,1957,50.2,26.6,8.7,6.0,16.4,231.8,312.1,201.1,239.4,38.2,0.1,0.0,1130.5,1130.6000000000001,984.4000000000001,0.8707,1603.2466666666667,1212.4933333333333,0.75671
GANGETIC WEST BENGAL,1958,12.7,25.6,13.3,37.9,58.3,95.2,280.1,215.1,294.7,109.3,8.9,0.0,1151.1,1151.1000000000001,885.0999999999999,0.7689,1603.2466666666667,1212.4933333333333,0.75671
GANGETIC WEST BENGAL,1959,33.5,12.7,17.3,28.2,91.4,208.5,273.3,328.5,487.3,331.2,0.3,0.4,1812.9,1812.6000000000001,1297.6,0.7159,1603.2466666666667,1212.4933333333333,0.75671
GANGETIC WEST BENGAL,1960,0.6,1.4,30.9,0.9,122.3,117.5,336.5,317.4,246.3,71.1,0.6,0.0,1245.5,1245.4999999999998,1017.7,0.8171,1603.2466666666667,1212.4933333333333,0.75671
GANGETIC WEST BENGAL,1961,11.1,75.8,6.8,13.6,91.2,275.0,171.4,252.8,290.9,101.0,0.8,0.1,1290.4,1290.4999999999998,990.1,0.7672,1603.2466666666667,1212.4933333333333,0.75671
GANGETIC WEST BENGAL,1962,8.8,13.1,6.0,54.5,80.3,185.6,241.1,209.3,233.6,141.0,0.0,0.1,1173.6,1173.3999999999999,869.6,0.7411,1603.2466666666667,1212.4933333333333,0.75671
GANGETIC WEST BENGAL,1963,0.4,2.4,5.7,61.6,103.6,258.8,277.6,167.1,270.9,131.5,9.5,0.5,1289.5,1289.6,974.4000000000001,0.7556,1603.2466666666667,1212.4933333333333,0.75671
GANGETIC WEST BENGAL,1964,2.7,11.1,18.0,58.3,84.7,136.2,404.2,211.3,219.9,124.0,8.0,0.0,1278.5,1278.4,971.6,0.76,1603.2466666666667,1212.4933333333333,0.75671
GANGETIC WEST BENGAL,1965,0.3,33.9,46.5,32.8,45.3,227.6,289.6,287.0,220.3,80.1,0.3,0.2,1263.7,1263.8999999999999,1024.5,0.8106,1603.2466666666667,1212.4933333333333,0.75671
GANGETIC WEST BENGAL,1966,33.1,4.4,5.1,18.3,43.4,296.0,168.7,236.6,187.2,84.9,34.7,6.3,1118.7,1118.7,888.5,0.7942,1603.2466666666667,1212.4933333333333,0.75671
GANGETIC WEST BENGAL,1967,52.5,3.3,44.9,65.3,53.0,131.6,247.8,368.8,326.2,52.3,1.3,1.4,1348.4,1348.4,1074.4,0.7968,1603.2466666666667,1212.4933333333333,0.75671
GANGETIC WEST BENGAL,1968,5.7,7.6,7.7,12.6,35.5,368.8,418.2,472.2,115.2,115.9,37.8,0.6,1597.7,1597.8,1374.4,0.8602,1603.2466666666667,1212.4933333333333,0.75671
GANGETIC WEST BENGAL,1969,4.7,5.1,20.9,80.2,89.0,139.8,276.2,418.0,300.9,45.9,23.2,0.2,1404.0,1404.1000000000004,1134.9,0.8083,1603.2466666666667,1212.4933333333333,0.75671
GANGETIC WEST BENGAL,1970,10.8,15.1,30.8,16.8,63.5,323.2,285.0,219.8,472.6,195.0,15.8,0.0,1648.5,1648.3999999999999,1300.6,0.789,1603.2466666666667,1212.4933333333333,0.75671
GANGETIC WEST BENGAL,1971,30.6,14.2,4.8,174.2,122.1,260.3,472.5,573.4,252.8,163.5,31.4,0.0,2099.8,2099.7999999999997,1558.9999999999998,0.7425,1603.2466666666667,1212.4933333333333,0.75671
GANGETIC WEST BENGAL,1972,2.8,43.1,4.1,16.4,25.1,125.9,288.3,543.2,222.5,59.7,2.1,0.0,1333.2,1333.2,1179.9,0.885,1603.2466666666667,1212.4933333333333,0.75671
GANGETIC WEST BENGAL,1973,1.3,8.9,67.6,26.0,134.2,204.2,304.9,335.0,401.6,206.6,20.9,23.9,1735.2,1735.1,1245.6999999999998,0.7179,1603.2466666666667,1212.4933333333333,0.75671
GANGETIC WEST BENGAL,1974,3.6,0.0,83.1,29.8,94.5,96.4,438.5,317.1,262.7,140.3,4.6,0.0,1470.7,1470.6,1114.7,0.758,1603.2466666666667,1212.4933333333333,0.75671
GANGETIC WEST BENGAL,1975,9.9,18.7,10.6,38.1,65.8,156.6,364.9,331.1,286.3,141.6,42.6,0.0,1466.2,1466.1999999999998,1138.9,0.7768,1603.2466666666667,1212.4933333333333,0.75671
GANGETIC WEST BENGAL,1976,0.0,32.8,20.7,47.5,133.1,148.9,296.6,279.6,197.5,52.1,31.2,0.6,1240.6,1240.6,922.6,0.7437,1603.2466666666667,1212.4933333333333,0.75671
GANGETIC WEST BENGAL,1977,11.7,24.2,7.3,89.9,176.4,409.4,450.9,329.4,171.3,86.6,48.0,35.5,1840.6,1840.5999999999997,1360.9999999999998,0.7394,1603.2466666666667,1212.4933333333333,0.75671
GANGETIC WEST BENGAL,1978,1.4,21.2,50.5,49.8,116.3,253.0,274.1,349.1,591.8,148.8,10.3,6.4,1872.5,1872.7,1468.0,0.7839,1603.2466666666667,1212.4933333333333,0.75671
GANGETIC WEST BENGAL,1979,16.0,27.3,8.4,28.0,22.3,282.9,296.4,229.6,167.0,48.0,11.5,20.4,1157.9,1157.8000000000002,975.9,0.8429,1603.2466666666667,1212.4933333333333,0.75671
GANGETIC WEST BENGAL,1980,15.5,22.6,60.9,21.8,109.9,303.6,403.2,243.3,181.0,158.6,0.0,0.4,1521.0,1520.8,1131.1,0.7438,1603.2466666666667,1212.4933333333333,0.75671
GANGETIC WEST BENGAL,1981,13.7,63.9,64.8,110.8,250.9,321.4,417.7,327.7,250.0,11.6,3.8,72.8,1909.0,1909.1,1316.8,0.6897,1603.2466666666667,1212.4933333333333,0.75671
GANGETIC WEST BENGAL,1982,2.4,35.8,87.2,70.9,37.1,196.0,224.5,308.9,101.1,29.2,17.9,0.0,1111.0,1111.0,830.5,0.7475,1603.2466666666667,1212.4933333333333,0.75671
GANGETIC WEST BENGAL,1983,9.1,39.2,47.0,44.2,132.5,188.9,207.6,365.4,247.4,167.6,1.1,13.6,1463.6,1463.6,1009.3,0.6896,1603.2466666666667,1212.4933333333333,0.75671
GANGETIC WEST BENGAL,1984,19.1,2.6,0.6,46.6,82.6,597.1,332.7,442.2,196.4,111.8,0.0,0.0,1831.7,1831.7,1568.4,0.8563,1603.2466666666667,1212.4933333333333,0.75671
GANGETIC WEST BENGAL,1985,10.9,22.0,8.8,24.1,99.6,280.4,286.3,340.6,201.8,137.2,1.8,0.0,1413.4,1413.4999999999998,1109.1000000000001,0.7846,1603.2466666666667,1212.4933333333333,0.75671
GANGETIC WEST BENGAL,1986,9.6,6.3,7.1,48.5,146.1,227.9,313.4,181.2,522.2,201.5,106.4,20.6,1791.0,1790.8,1244.7,0.6951,1603.2466666666667,1212.4933333333333,0.75671
GANGETIC WEST BENGAL,1987,1.8,7.1,18.9,76.6,91.7,146.9,427.4,473.0,262.6,34.1,43.7,7.7,1591.5,1591.5,1309.9,0.8231,1603.2466666666667,1212.4933333333333,0.75671
GANGETIC WEST BENGAL,1988,1.7,22.9,53.5,45.3,109.3,508.8,299.9,292.6,207.1,100.4,39.5,0.5,1681.5,1681.5,1308.4,0.7781,1603.2466666666667,1212.4933333333333,0.75671
GANGETIC WEST BENGAL,1989,0.4,4.9,6.1,5.4,173.6,318.2,414.5,291.4,284.2,105.5,3.7,18.3,1626.3,1626.2,1308.3,0.8045,1603.2466666666667,1212.4933333333333,0.75671
GANGETIC WEST BENGAL,1990,2.2,62.2,119.0,79.3,147.6,268.2,520.2,236.3,300.7,174.2,47.9,3.5,1961.3,1961.3000000000002,1325.4,0.6758,1603.2466666666667,1212.4933333333333,0.75671
GANGETIC WEST BENGAL,1991,27.8,11.4,41.7,34.5,66.1,257.4,381.2,331.3,249.2,125.6,15.6,67.5,1609.1,1609.2999999999997,1219.1,0.7575,1603.2466666666667,1212.4933333333333,0.75671
GANGETIC WEST BENGAL,1992,14.0,49.5,0.1,25.0,127.0,239.9,407.6,254.1,226.6,66.2,4.4,0.2,1414.6,1414.6000000000001,1128.2,0.7975,1603.2466666666667,1212.4933333333333,0.75671
GANGETIC WEST BENGAL,1993,0.3,3.8,40.8,78.6,116.2,328.5,280.0,357.7,421.4,94.2,38.2,0.0,1759.7,1759.7000000000003,1387.6,0.7885,1603.2466666666667,1212.4933333333333,0.75671
GANGETIC WEST BENGAL,1994,23.8,48.8,7.3,63.7,98.0,310.1,426.1,294.4,166.1,82.9,9.6,0.0,1530.8,1530.8,1196.6999999999998,0.7817,1603.2466666666667,1212.4933333333333,0.75671
GANGETIC WEST BENGAL,1995,20.2,30.1,8.7,10.1,202.9,185.4,401.1,413.0,411.5,86.4,160.5,6.2,1936.0,1936.1000000000001,1411.0,0.7288,1603.2466666666667,1212.4933333333333,0.75671
GANGETIC WEST BENGAL,1996,11.0,13.2,10.4,39.2,67.5,336.0,251.3,472.0,143.5,155.9,4.1,0.0,1504.0,1504.1,1202.8,0.7997,1603.2466666666667,1212.4933333333333,0.75671
GANGETIC WEST BENGAL,1997,18.7,23.6,44.2,101.8,98.2,219.6,437.3,387.3,244.0,27.8,30.5,24.9,1657.7,1657.9,1288.2,0.777,1603.2466666666667,1212.4933333333333,0.75671
GANGETIC WEST BENGAL,1998,52.9,31.0,128.8,53.0,87.1,154.3,295.2,265.7,296.3,191.4,77.1,0.0,1632.7,1632.8,1011.5,0.6195,1603.2466666666667,1212.4933333333333,0.75671
GANGETIC WEST BENGAL,1999,0.1,0.7,1.6,10.5,217.9,268.8,405.2,375.4,467.8,195.3,13.7,0.0,1957.0,1956.9999999999998,1517.2,0.7753,1603.2466666666667,1212.4933333333333,0.75671
GANGETIC WEST BENGAL,2000,9.5,57.9,3.8,54.0,215.0,205.6,341.5,178.4,428.4,76.2,1.6,0.1,1572.1,1571.9999999999998,1153.9,0.734,1603.2466666666667,1212.4933333333333,0.75671
GANGETIC WEST BENGAL,2001,0.3,1.9,32.8,49.4,175.8,384.2,269.3,248.7,205.9,163.6,8.8,0.0,1540.6,1540.7,1108.1000000000001,0.7192,1603.2466666666667,1212.4933333333333,0.75671
GANGETIC WEST BENGAL,2002,26.3,1.5,26.6,77.4,114.1,347.7,281.6,289.3,326.4,71.5,50.9,0.1,1613.3,1613.4,1245.0,0.7717,1603.2466666666667,1212.4933333333333,0.75671
GANGETIC WEST BENGAL,2003,0.5,11.7,70.0,36.3,81.9,280.5,253.4,239.3,155.0,341.5,8.9,17.7,1496.7,1496.7,928.2,0.6202,1603.2466666666667,1212.4933333333333,0.75671
GANGETIC WEST BENGAL,2004,3.3,1.6,14.9,62.8,72.9,287.5,250.7,389.9,264.3,220.7,0.0,0.8,1569.4,1569.3999999999999,1192.4,0.7598,1603.2466666666667,1212.4933333333333,0.75671
GANGETIC WEST BENGAL,2005,26.8,11.8,82.8,41.8,82.4,200.1,354.5,226.7,221.3,351.7,0.0,4.9,1604.9,1604.8000000000002,1002.5999999999999,0.6248,1603.2466666666667,1212.4933333333333,0.75671
GANGETIC WEST BENGAL,2006,0.8,3.0,10.6,60.5,120.8,221.0,486.6,320.3,380.9,49.7,5.9,0.3,1660.5,1660.4,1408.8000000000002,0.8485,1603.2466666666667,1212.4933333333333,0.75671
GANGETIC WEST BENGAL,2007,3.9,56.2,39.3,38.7,98.7,226.3,610.1,328.0,459.9,55.8,24.6,0.0,1941.4,1941.4999999999998,1624.3000000000002,0.8366,1603.2466666666667,1212.4933333333333,0.75671
GANGETIC WEST BENGAL,2008,49.4,12.4,11.5,42.8,94.4,414.5,338.4,252.2,267.3,72.3,0.0,0.2,1555.2,1555.3999999999999,1272.3999999999999,0.8181,1603.2466666666667,1212.4933333333333,0.75671
GANGETIC WEST BENGAL,2009,2.4,1.4,17.9,2.6,229.0,69.7,277.6,332.7,294.6,77.3,9.4,0.3,1315.0,1314.9,974.6,0.7412,1603.2466666666667,1212.4933333333333,0.75671
GANGETIC WEST BENGAL,2010,0.2,10.3,8.0,15.9,127.5,189.3,196.3,192.6,192.6,96.2,6.3,29.7,1064.8,1064.9,770.8000000000001,0.7238,1603.2466666666667,1212.4933333333333,0.75671
GANGETIC WEST BENGAL,2011,2.5,2.7,40.5,75.0,132.6,434.5,219.9,443.2,295.9,36.9,1.3,1.4,1686.5,1686.3999999999999,1393.5,0.8263,1603.2466666666667,1212.4933333333333,0.75671
GANGETIC WEST BENGAL,2012,40.7,15.3,4.4,57.7,44.2,146.6,315.0,261.4,246.9,64.2,47.0,24.6,1268.0,1268.0,969.9,0.7649,1603.2466666666667,1212.4933333333333,0.75671
GANGETIC WEST BENGAL,2013,2.5,10.0,4.8,45.6,195.9,233.4,263.2,401.4,254.0,353.2,0.0,0.0,1764.1,1764.0000000000002,1152.0,0.6531,1603.2466666666667,1212.4933333333333,0.75671
GANGETIC WEST BENGAL,2014,0.9,42.2,19.9,1.9,124.4,193.6,298.7,292.6,229.5,56.9,0.1,0.6,1261.4,1261.2999999999997,1014.4,0.8042,1603.2466666666667,1212.4933333333333,0.75671
GANGETIC WEST BENGAL,2015,12.9,5.5,19.3,88.7,57.6,247.2,633.1,260.6,164.0,32.7,2.3,6.3,1530.3,1530.2,1304.9,0.8528,1603.2466666666667,1212.4933333333333,0.75671
ORISSA,1901,39.5,65.1,16.1,51.6,79.0,78.2,288.4,307.7,185.3,76.6,96.7,0.0,1284.2,1284.1999999999998,859.5999999999999,0.6694,1438.12,1146.01,0.8002633333333333
ORISSA,1902,3.4,0.2,14.2,101.1,56.7,108.3,437.4,349.1,202.7,33.2,13.0,29.6,1349.0,1348.9,1097.5,0.8136,1438.12,1146.01,0.8002633333333333
ORISSA,1903,19.7,18.9,10.5,34.6,73.3,154.3,410.4,295.2,265.6,228.5,46.2,11.0,1568.3,1568.2,1125.5,0.7177,1438.12,1146.01,0.8002633333333333
ORISSA,1904,0.2,12.2,20.6,10.1,100.2,342.9,336.7,350.4,227.8,111.8,0.0,1.9,1514.8,1514.8,1257.8,0.8303,1438.12,1146.01,0.8002633333333333
ORISSA,1905,24.3,17.2,66.3,56.9,107.5,92.0,330.1,281.4,344.1,36.4,0.7,0.4,1357.3,1357.3000000000002,1047.6,0.7718,1438.12,1146.01,0.8002633333333333
ORISSA,1906,19.8,88.3,40.9,5.0,46.3,219.0,348.8,261.8,251.7,86.2,13.0,27.4,1408.2,1408.2000000000003,1081.3,0.7679,1438.12,1146.01,0.8002633333333333
ORISSA,1907,0.1,16.9,57.4,105.1,39.8,226.3,203.9,531.8,204.8,15.9,14.0,31.2,1447.1,1447.2,1166.8,0.8062,1438.12,1146.01,0.8002633333333333
ORISSA,1908,36.2,0.6,12.2,9.9,59.3,218.7,327.2,507.3,213.9,45.3,0.0,0.0,1430.6,1430.6,1267.1000000000001,0.8857,1438.12,1146.01,0.8002633333333333
ORISSA,1909,5.7,11.9,4.8,148.4,53.1,288.2,452.7,234.3,234.0,42.3,1.8,58.1,1535.5,1535.2999999999997,1209.2,0.7876,1438.12,1146.01,0.8002633333333333
ORISSA,1910,10.6,0.6,2.1,52.7,60.6,258.8,381.8,368.7,237.9,216.2,8.5,0.0,1598.5,1598.5000000000002,1247.2,0.7802,1438.12,1146.01,0.8002633333333333
ORISSA,1911,0.0,2.7,26.2,18.6,56.6,351.6,172.2,406.2,270.0,92.3,15.0,5.9,1417.3,1417.3000000000002,1200.0,0.8467,1438.12,1146.01,0.8002633333333333
ORISSA,1912,1.0,62.5,10.4,49.3,39.6,113.0,388.4,405.6,216.4,64.5,46.5,0.0,1397.2,1397.2000000000003,1123.4,0.804,1438.12,1146.01,0.8002633333333333
ORISSA,1913,1.2,56.3,9.6,12.3,87.1,230.0,448.0,356.4,166.3,149.7,25.7,1.7,1544.3,1544.3000000000002,1200.7,0.7775,1438.12,1146.01,0.8002633333333333
ORISSA,1914,0.0,20.2,12.7,64.6,175.0,255.8,397.7,309.7,342.2,12.9,1.0,6.8,1598.5,1598.6000000000001,1305.4,0.8166,1438.12,1146.01,0.8002633333333333
ORISSA,1915,15.4,21.4,37.3,25.2,74.5,165.1,239.4,313.0,270.8,149.2,125.6,0.0,1437.1,1436.8999999999999,988.3,0.6878,1438.12,1146.01,0.8002633333333333
ORISSA,1916,0.0,4.9,0.8,33.8,45.5,339.6,250.7,334.7,197.6,216.1,55.8,0.0,1479.4,1479.4999999999998,1122.6,0.7588,1438.12,1146.01,0.8002633333333333
ORISSA,1917,0.0,68.5,24.0,26.0,95.1,336.3,319.0,319.4,280.6,364.4,16.4,0.3,1850.1,1850.0000000000002,1255.3,0.6785,1438.12,1146.01,0.8002633333333333
ORISSA,1918,10.8,0.3,19.3,28.5,127.7,363.3,216.5,324.8,190.1,7.5,5.1,3.6,1297.4,1297.4999999999998,1094.6999999999998,0.8437,1438.12,1146.01,0.8002633333333333
ORISSA,1919,59.8,56.6,29.5,30.2,72.0,332.3,354.7,492.2,138.3,89.8,99.7,2.8,1758.1,1757.8999999999999,1317.5,0.7495,1438.12,1146.01,0.8002633333333333
ORISSA,1920,3.3,18.2,50.7,26.9,51.2,173.2,561.4,303.9,167.2,44.9,1.6,0.0,1402.6,1402.5,1205.7,0.8597,1438.12,1146.01,0.8002633333333333
ORISSA,1921,48.7,1.1,1.7,26.4,19.5,210.2,321.9,289.1,338.2,62.9,4.4,0.0,1324.0,1324.1000000000001,1159.3999999999999,0.8756,1438.12,1146.01,0.8002633333333333
ORISSA,1922,20.0,0.2,1.9,13.9,46.6,247.0,431.8,295.4,328.8,50.9,30.0,0.1,1466.5,1466.6000000000001,1303.0,0.8884,1438.12,1146.01,0.8002633333333333
ORISSA,1923,0.2,66.3,9.6,17.1,34.4,106.7,288.7,333.0,210.5,112.6,74.8,4.7,1258.6,1258.6,938.9,0.746,1438.12,1146.01,0.8002633333333333
ORISSA,1924,30.2,5.9,1.3,15.7,83.9,95.3,228.5,312.4,232.0,106.0,152.3,0.0,1263.4,1263.5,868.2,0.6871,1438.12,1146.01,0.8002633333333333
ORISSA,1925,2.0,0.0,6.0,52.2,111.8,353.5,433.7,429.9,201.5,201.8,4.8,10.7,1807.8,1807.8999999999999,1418.6,0.7847,1438.12,1146.01,0.8002633333333333
ORISSA,1926,34.8,11.3,83.2,34.1,59.2,71.7,296.5,565.3,288.9,88.1,0.0,2.6,1535.8,1535.6999999999998,1222.4,0.796,1438.12,1146.01,0.8002633333333333
ORISSA,1927,3.0,27.2,8.1,12.6,51.6,241.8,454.5,431.5,181.0,92.2,22.1,0.0,1525.5,1525.6,1308.8,0.8579,1438.12,1146.01,0.8002633333333333
ORISSA,1928,4.6,4.6,6.3,62.8,68.8,266.7,468.8,266.1,226.5,208.0,1.7,0.6,1585.6,1585.4999999999998,1228.1,0.7746,1438.12,1146.01,0.8002633333333333
ORISSA,1929,18.0,18.8,4.5,25.0,37.8,193.4,525.0,423.4,190.9,185.7,0.0,15.3,1637.8,1637.8000000000002,1332.7,0.8137,1438.12,1146.01,0.8002633333333333
ORISSA,1930,0.2,12.1,9.9,33.4,38.0,177.5,357.5,333.7,287.5,50.5,143.1,2.7,1446.4,1446.1,1156.2,0.7995,1438.12,1146.01,0.8002633333333333
ORISSA,1931,7.4,36.8,20.7,18.6,44.3,108.0,239.9,511.0,197.0,233.4,59.5,0.4,1477.2,1477.0000000000002,1055.9,0.7149,1438.12,1146.01,0.8002633333333333
ORISSA,1932,0.2,34.0,9.9,26.9,67.4,116.5,474.7,271.0,246.3,57.3,136.0,0.0,1440.2,1440.2,1108.5,0.7697,1438.12,1146.01,0.8002633333333333
ORISSA,1933,17.8,57.4,7.9,25.5,136.5,288.6,404.8,448.6,294.7,138.1,20.0,11.1,1851.0,1850.9999999999998,1436.7,0.7762,1438.12,1146.01,0.8002633333333333
ORISSA,1934,0.1,1.4,4.2,11.0,21.0,230.6,371.8,425.4,300.1,102.6,17.4,3.3,1488.9,1488.8999999999999,1327.9,0.8919,1438.12,1146.01,0.8002633333333333
ORISSA,1935,1.1,10.2,12.4,42.1,16.2,135.5,531.3,212.8,237.8,17.5,0.1,2.3,1219.4,1219.2999999999997,1117.3999999999999,0.9164,1438.12,1146.01,0.8002633333333333
ORISSA,1936,16.8,42.9,11.7,7.9,155.3,477.6,360.1,384.9,247.3,154.4,11.5,5.5,1876.0,1875.9000000000003,1469.8999999999999,0.7836,1438.12,1146.01,0.8002633333333333
ORISSA,1937,0.0,89.0,28.4,66.9,64.9,235.2,430.6,290.0,285.8,75.5,0.8,0.3,1567.3,1567.3999999999999,1241.6,0.7921,1438.12,1146.01,0.8002633333333333
ORISSA,1938,11.0,16.8,14.0,14.5,119.6,229.6,267.2,339.8,226.4,179.0,23.7,0.0,1441.6,1441.6000000000001,1063.0,0.7374,1438.12,1146.01,0.8002633333333333
ORISSA,1939,8.1,10.9,34.9,26.3,19.1,196.9,411.9,410.1,242.1,181.2,19.3,2.8,1563.4,1563.6,1261.0,0.8065,1438.12,1146.01,0.8002633333333333
ORISSA,1940,0.0,35.3,70.1,29.1,133.1,286.2,532.6,395.9,133.3,58.3,3.3,10.5,1687.7,1687.7,1347.9999999999998,0.7987,1438.12,1146.01,0.8002633333333333
ORISSA,1941,28.3,1.4,8.2,14.5,62.3,288.2,356.5,272.4,186.0,155.9,61.5,0.1,1435.2,1435.3,1103.1,0.7686,1438.12,1146.01,0.8002633333333333
ORISSA,1942,4.7,18.6,2.5,37.6,29.6,156.8,423.8,379.8,256.4,62.7,75.4,0.1,1448.3,1448.0000000000002,1216.8000000000002,0.8403,1438.12,1146.01,0.8002633333333333
ORISSA,1943,63.9,4.1,11.9,68.9,54.6,200.3,413.3,382.9,294.7,71.8,20.1,0.0,1586.5,1586.5,1291.2,0.8139,1438.12,1146.01,0.8002633333333333
ORISSA,1944,35.1,72.9,75.3,46.7,32.9,121.9,491.4,415.9,151.5,155.9,8.7,0.0,1608.1,1608.2,1180.6999999999998,0.7342,1438.12,1146.01,0.8002633333333333
ORISSA,1945,20.3,4.7,0.1,50.6,58.0,152.6,387.1,270.3,405.9,176.1,2.5,10.4,1538.6,1538.6,1215.9,0.7903,1438.12,1146.01,0.8002633333333333
ORISSA,1946,0.0,2.6,5.2,104.2,83.7,249.7,345.5,399.2,248.0,143.2,33.3,0.3,1614.9,1614.8999999999999,1242.4,0.7693,1438.12,1146.01,0.8002633333333333
ORISSA,1947,21.8,19.3,14.7,17.3,38.5,210.9,341.5,374.9,173.3,127.1,10.3,61.3,1410.9,1410.8999999999999,1100.6,0.7801,1438.12,1146.01,0.8002633333333333
ORISSA,1948,14.0,36.1,13.5,28.5,60.7,164.8,289.4,312.4,257.6,82.5,74.2,0.2,1333.8,1333.9,1024.1999999999998,0.7678,1438.12,1146.01,0.8002633333333333
ORISSA,1949,0.9,3.1,8.7,35.1,78.1,140.7,248.9,307.1,303.1,222.1,1.1,0.0,1348.9,1348.8999999999999,999.8000000000001,0.7412,1438.12,1146.01,0.8002633333333333
ORISSA,1950,0.0,21.2,69.7,7.7,49.4,199.4,326.9,327.4,197.9,55.1,138.1,0.0,1392.8,1392.7999999999997,1051.6,0.755,1438.12,1146.01,0.8002633333333333
ORISSA,1951,2.2,0.0,89.7,37.1,48.0,172.5,339.1,349.5,165.5,155.6,37.1,0.0,1396.2,1396.2999999999997,1026.6,0.7352,1438.12,1146.01,0.8002633333333333
ORISSA,1952,0.3,9.5,26.2,53.2,44.4,187.1,356.4,352.0,307.9,176.6,2.2,1.1,1516.7,1516.8999999999999,1203.4,0.7933,1438.12,1146.01,0.8002633333333333
ORISSA,1953,39.9,5.9,0.2,13.8,23.7,182.8,318.9,512.1,231.5,59.2,49.8,0.0,1437.7,1437.8000000000002,1245.3,0.8661,1438.12,1146.01,0.8002633333333333
ORISSA,1954,0.6,6.2,8.6,19.2,50.2,163.2,211.7,271.9,344.0,118.2,0.0,14.2,1208.0,1208.0,990.8,0.8202,1438.12,1146.01,0.8002633333333333
ORISSA,1955,0.1,0.2,8.4,29.6,76.5,201.7,238.0,355.9,371.4,262.7,52.3,0.3,1597.0,1597.1,1167.0,0.7307,1438.12,1146.01,0.8002633333333333
ORISSA,1956,1.4,37.9,18.2,11.9,118.1,345.2,470.0,434.5,249.8,191.7,6.7,0.0,1885.4,1885.4,1499.5,0.7953,1438.12,1146.01,0.8002633333333333
ORISSA,1957,12.3,26.6,30.4,12.4,33.6,153.5,349.2,415.4,194.5,49.5,0.1,0.0,1277.5,1277.5,1112.6,0.8709,1438.12,1146.01,0.8002633333333333
ORISSA,1958,11.5,42.8,16.0,32.8,39.0,125.2,404.1,319.1,364.2,217.4,51.8,0.1,1624.0,1624.0,1212.6000000000001,0.7467,1438.12,1146.01,0.8002633333333333
ORISSA,1959,28.5,2.4,2.7,22.2,47.1,202.7,357.4,341.6,316.5,170.5,1.5,2.7,1495.9,1495.8,1218.1999999999998,0.8144,1438.12,1146.01,0.8002633333333333
ORISSA,1960,5.4,0.8,51.6,12.4,42.7,211.4,444.1,461.7,214.6,130.8,3.6,13.9,1593.0,1593.0,1331.8,0.836,1438.12,1146.01,0.8002633333333333
ORISSA,1961,15.9,116.2,3.2,15.9,59.7,324.8,406.2,327.9,483.2,178.2,11.3,2.7,1945.3,1945.2000000000003,1542.1000000000001,0.7928,1438.12,1146.01,0.8002633333333333
ORISSA,1962,8.3,5.1,19.8,35.9,34.1,192.7,379.0,263.2,237.3,164.0,2.5,4.7,1346.5,1346.6,1072.2,0.7962,1438.12,1146.01,0.8002633333333333
ORISSA,1963,0.2,6.9,9.1,47.0,90.0,218.7,310.6,361.9,306.9,204.9,3.9,2.0,1562.0,1562.1000000000004,1198.1,0.767,1438.12,1146.01,0.8002633333333333
ORISSA,1964,1.7,28.3,11.9,33.2,48.8,142.5,372.4,427.9,195.5,84.1,8.2,0.0,1354.7,1354.4999999999998,1138.3,0.8404,1438.12,1146.01,0.8002633333333333
ORISSA,1965,10.6,17.3,59.1,37.9,37.6,123.1,392.9,187.3,222.9,83.9,1.0,1.0,1174.7,1174.6000000000001,926.1999999999999,0.7885,1438.12,1146.01,0.8002633333333333
ORISSA,1966,49.9,3.6,0.9,28.0,37.9,306.3,340.2,211.0,155.9,78.9,63.4,10.9,1286.8,1286.9000000000003,1013.4,0.7875,1438.12,1146.01,0.8002633333333333
ORISSA,1967,70.9,0.4,87.7,40.9,25.7,233.3,315.3,340.7,281.8,18.3,1.8,10.7,1427.5,1427.5,1171.1,0.8204,1438.12,1146.01,0.8002633333333333
ORISSA,1968,33.4,29.7,20.7,26.5,45.7,186.7,311.6,335.4,236.6,191.6,45.5,0.7,1464.1,1464.1,1070.3,0.731,1438.12,1146.01,0.8002633333333333
ORISSA,1969,0.7,1.0,4.0,27.3,80.7,158.6,432.5,293.5,197.7,41.8,38.9,6.4,1283.2,1283.1000000000001,1082.3,0.8435,1438.12,1146.01,0.8002633333333333
ORISSA,1970,4.6,27.5,47.2,32.3,60.8,307.9,307.8,348.8,205.9,66.9,2.4,0.2,1412.3,1412.3000000000002,1170.4,0.8287,1438.12,1146.01,0.8002633333333333
ORISSA,1971,16.1,23.5,1.9,76.9,82.2,290.8,290.9,411.0,171.5,229.9,2.1,0.0,1596.8,1596.8,1164.2,0.7291,1438.12,1146.01,0.8002633333333333
ORISSA,1972,0.0,22.0,2.6,25.9,16.3,133.9,333.9,383.4,282.7,83.1,40.9,0.3,1324.9,1324.9999999999998,1133.8999999999999,0.8558,1438.12,1146.01,0.8002633333333333
ORISSA,1973,1.7,5.7,33.4,8.7,67.5,103.2,434.9,380.9,266.5,244.7,13.3,13.0,1573.5,1573.5,1185.5,0.7534,1438.12,1146.01,0.8002633333333333
ORISSA,1974,0.0,1.3,27.4,12.1,44.8,128.9,223.3,306.5,131.7,103.0,8.0,0.0,987.0,987.0,790.4000000000001,0.8008,1438.12,1146.01,0.8002633333333333
ORISSA,1975,1.8,17.7,21.5,18.2,18.4,193.3,279.5,437.0,251.7,135.1,17.5,0.3,1392.0,1391.9999999999998,1161.5,0.8344,1438.12,1146.01,0.8002633333333333
ORISSA,1976,0.0,10.1,10.5,25.9,57.9,108.1,347.8,374.1,172.6,36.8,32.8,2.4,1178.8,1179.0,1002.6,0.8504,1438.12,1146.01,0.8002633333333333
ORISSA,1977,4.9,5.0,5.4,50.7,124.9,181.4,355.4,335.7,256.6,61.5,87.0,9.4,1477.9,1477.9,1129.1,0.764,1438.12,1146.01,0.8002633333333333
ORISSA,1978,4.0,31.0,45.3,28.7,37.4,183.5,336.2,462.1,199.0,80.1,21.8,9.8,1439.0,1438.8999999999996,1180.8000000000002,0.8206,1438.12,1146.01,0.8002633333333333
ORISSA,1979,6.7,14.9,3.2,22.7,25.1,198.5,240.2,251.8,171.7,46.5,7.3,7.4,995.9,995.9999999999999,862.2,0.8657,1438.12,1146.01,0.8002633333333333
ORISSA,1980,10.8,9.2,41.7,23.2,59.9,325.5,367.6,228.1,302.1,86.6,3.0,5.2,1462.9,1462.8999999999999,1223.3000000000002,0.8362,1438.12,1146.01,0.8002633333333333
ORISSA,1981,25.8,13.6,67.1,45.7,85.0,189.2,238.3,348.1,257.1,18.8,0.4,6.5,1295.7,1295.6000000000001,1032.7,0.7971,1438.12,1146.01,0.8002633333333333
ORISSA,1982,5.5,32.3,80.1,51.8,38.2,191.4,223.2,466.4,129.8,33.8,6.1,0.0,1258.5,1258.6,1010.8,0.8031,1438.12,1146.01,0.8002633333333333
ORISSA,1983,1.9,55.0,22.1,47.6,67.6,153.0,273.1,379.5,324.6,100.7,2.0,5.0,1432.0,1432.1000000000001,1130.2,0.7892,1438.12,1146.01,0.8002633333333333
ORISSA,1984,9.3,6.7,3.4,46.0,34.6,302.6,369.5,422.3,127.3,55.4,0.0,0.3,1377.6,1377.4,1221.7,0.887,1438.12,1146.01,0.8002633333333333
ORISSA,1985,24.2,35.0,4.7,16.4,52.9,195.4,305.7,460.9,335.2,175.8,1.1,0.0,1607.3,1607.2999999999997,1297.2,0.8071,1438.12,1146.01,0.8002633333333333
ORISSA,1986,25.8,35.8,12.6,41.9,74.5,291.7,348.7,301.8,183.0,134.9,92.2,17.0,1560.0,1559.9,1125.2,0.7213,1438.12,1146.01,0.8002633333333333
ORISSA,1987,10.6,3.6,18.4,30.3,55.3,112.3,338.8,190.3,150.2,83.9,102.3,1.7,1097.6,1097.7,791.6000000000001,0.7211,1438.12,1146.01,0.8002633333333333
ORISSA,1988,0.1,49.4,23.7,55.1,58.9,247.9,286.1,268.6,252.5,63.0,1.6,0.0,1306.9,1306.9,1055.1,0.8073,1438.12,1146.01,0.8002633333333333
ORISSA,1989,0.0,0.1,12.9,5.0,81.2,332.5,271.7,369.9,196.1,28.6,0.0,1.7,1299.7,1299.6999999999998,1170.2,0.9004,1438.12,1146.01,0.8002633333333333
ORISSA,1990,0.4,50.0,89.8,57.3,178.1,237.2,282.9,371.4,260.7,245.6,130.7,1.0,1905.0,1905.1,1152.1999999999998,0.6048,1438.12,1146.01,0.8002633333333333
ORISSA,1991,20.0,2.8,21.8,29.6,36.2,149.5,458.5,439.0,181.5,93.5,32.9,7.3,1472.8,1472.6000000000001,1228.5,0.8342,1438.12,1146.01,0.8002633333333333
ORISSA,1992,6.1,16.9,1.7,16.1,66.0,177.2,394.9,385.1,191.8,63.7,9.9,0.0,1329.5,1329.4,1149.0,0.8643,1438.12,1146.01,0.8002633333333333
ORISSA,1993,0.0,1.3,11.4,56.1,82.2,257.5,328.5,327.0,287.9,88.7,7.5,0.0,1448.0,1448.1000000000001,1200.9,0.8293,1438.12,1146.01,0.8002633333333333
ORISSA,1994,4.1,28.6,6.2,48.1,46.3,299.4,474.0,463.9,292.6,69.1,12.3,0.1,1744.6,1744.6999999999996,1529.9,0.8769,1438.12,1146.01,0.8002633333333333
ORISSA,1995,50.1,17.6,21.1,23.6,293.0,112.3,322.6,316.6,202.7,149.7,103.4,1.3,1614.0,1614.0000000000002,954.2,0.5912,1438.12,1146.01,0.8002633333333333
ORISSA,1996,14.6,10.1,11.7,28.1,28.6,211.9,264.8,319.4,113.2,49.9,8.4,0.9,1061.8,1061.6000000000001,909.3000000000001,0.8565,1438.12,1146.01,0.8002633333333333
ORISSA,1997,17.9,5.3,31.9,77.8,33.0,197.6,303.4,479.9,234.6,37.0,27.4,58.8,1504.5,1504.6,1215.5,0.8079,1438.12,1146.01,0.8002633333333333
ORISSA,1998,31.5,28.3,52.4,43.4,53.4,176.4,277.6,203.5,277.3,139.6,73.8,0.0,1357.1,1357.1999999999998,934.8,0.6888,1438.12,1146.01,0.8002633333333333
ORISSA,1999,0.1,0.7,0.9,3.2,164.8,222.9,270.2,325.9,266.4,215.4,13.9,0.0,1484.3,1484.4,1085.4,0.7312,1438.12,1146.01,0.8002633333333333
ORISSA,2000,0.9,33.3,1.1,21.3,74.7,233.7,272.3,273.6,158.0,26.6,1.6,0.1,1097.2,1097.1999999999998,937.6,0.8545,1438.12,1146.01,0.8002633333333333
ORISSA,2001,0.4,1.4,32.3,28.7,71.0,336.1,584.2,380.9,132.0,86.8,18.7,0.0,1672.5,1672.5,1433.2,0.8569,1438.12,1146.01,0.8002633333333333
ORISSA,2002,11.7,0.2,13.1,25.1,67.5,182.4,170.2,371.2,206.5,47.1,7.8,0.0,1102.8,1102.8,930.3,0.8436,1438.12,1146.01,0.8002633333333333
ORISSA,2003,0.1,16.2,21.6,24.7,22.6,178.9,367.5,425.1,264.3,287.4,11.0,28.8,1648.2,1648.2,1235.8,0.7498,1438.12,1146.01,0.8002633333333333
ORISSA,2004,6.8,8.0,6.4,49.2,29.7,216.4,328.0,346.4,148.1,149.6,1.8,0.0,1290.4,1290.3999999999999,1038.8999999999999,0.8051,1438.12,1146.01,0.8002633333333333
ORISSA,2005,29.4,4.0,24.3,20.9,44.9,199.4,410.3,201.0,342.8,206.9,12.4,7.1,1503.4,1503.4,1153.5,0.7673,1438.12,1146.01,0.8002633333333333
ORISSA,2006,0.2,0.0,29.9,25.0,105.6,175.2,454.0,624.9,254.7,26.4,21.0,0.0,1716.9,1716.9,1508.8,0.8788,1438.12,1146.01,0.8002633333333333
ORISSA,2007,0.7,32.5,8.0,21.0,62.8,321.0,285.1,420.6,401.7,66.4,14.0,0.0,1633.8,1633.8000000000002,1428.4,0.8743,1438.12,1146.01,0.8002633333333333
ORISSA,2008,27.5,10.4,17.5,28.2,37.4,343.5,306.4,388.3,355.0,22.1,2.7,0.0,1538.9,1539.0,1393.2,0.9053,1438.12,1146.01,0.8002633333333333
ORISSA,2009,1.9,0.5,2.7,1.1,68.2,87.3,586.0,286.9,162.5,105.8,27.3,0.1,1330.3,1330.2999999999997,1122.6999999999998,0.8439,1438.12,1146.01,0.8002633333333333
ORISSA,2010,8.8,1.2,5.6,7.8,93.0,146.4,304.9,282.7,236.0,133.0,35.6,37.2,1291.9,1292.2,970.0,0.7507,1438.12,1146.01,0.8002633333333333
ORISSA,2011,3.7,16.2,4.9,58.2,75.6,210.1,199.6,358.6,398.7,20.2,0.1,0.4,1346.2,1346.3,1167.0,0.8668,1438.12,1146.01,0.8002633333333333
ORISSA,2012,50.8,3.6,0.9,34.8,21.3,169.6,324.3,417.0,242.4,66.0,72.1,3.1,1405.9,1405.8999999999999,1153.3,0.8203,1438.12,1146.01,0.8002633333333333
ORISSA,2013,3.3,7.8,2.1,53.6,57.7,272.6,380.0,254.9,208.1,391.0,1.2,0.0,1632.4,1632.3,1115.6,0.6835,1438.12,1146.01,0.8002633333333333
ORISSA,2014,0.0,17.6,25.1,11.7,111.9,92.2,496.2,386.3,281.1,111.8,2.2,0.9,1536.9,1537.0,1255.8000000000002,0.817,1438.12,1146.01,0.8002633333333333
ORISSA,2015,15.1,3.3,10.5,67.6,32.6,238.6,294.8,264.0,237.0,24.7,6.2,15.6,1210.1,1210.0,1034.4,0.8549,1438.12,1146.01,0.8002633333333333
JHARKHAND,1901,92.7,66.6,11.1,18.4,33.5,70.9,269.4,415.1,248.0,37.3,11.5,0.0,1274.5,1274.5,1003.4,0.7873,1232.4166666666667,1031.9033333333332,0.8375566666666666
JHARKHAND,1902,4.2,7.7,13.2,28.5,59.8,89.9,456.1,204.9,306.6,17.6,5.9,3.2,1197.6,1197.6000000000001,1057.5,0.883,1232.4166666666667,1031.9033333333332,0.8375566666666666
JHARKHAND,1903,25.1,19.5,10.7,32.8,56.4,142.1,206.1,280.8,190.2,210.1,0.5,0.0,1174.3,1174.3,819.2,0.6976,1232.4166666666667,1031.9033333333332,0.8375566666666666
JHARKHAND,1904,2.5,17.0,38.1,9.1,116.1,308.9,494.1,336.1,125.6,30.6,2.3,0.4,1480.7,1480.8,1264.6999999999998,0.8541,1232.4166666666667,1031.9033333333332,0.8375566666666666
JHARKHAND,1905,38.4,53.3,61.6,32.9,66.2,41.5,420.3,293.7,322.8,21.3,0.0,2.7,1354.7,1354.7,1078.3,0.796,1232.4166666666667,1031.9033333333332,0.8375566666666666
JHARKHAND,1906,45.8,128.5,35.9,1.7,33.9,170.9,355.6,251.6,185.4,96.8,7.1,1.1,1314.3,1314.3,963.5,0.7331,1232.4166666666667,1031.9033333333332,0.8375566666666666
JHARKHAND,1907,2.0,59.3,76.0,26.3,27.4,338.1,230.4,469.4,200.2,1.7,0.0,24.8,1455.7,1455.6000000000001,1238.1000000000001,0.8506,1232.4166666666667,1031.9033333333332,0.8375566666666666
JHARKHAND,1908,12.2,46.4,4.8,0.6,48.6,210.1,326.2,368.0,171.6,25.5,0.1,0.1,1214.2,1214.1999999999998,1075.8999999999999,0.8861,1232.4166666666667,1031.9033333333332,0.8375566666666666
JHARKHAND,1909,32.2,10.1,0.9,78.8,27.2,314.0,319.9,360.3,267.8,23.4,0.0,13.3,1447.9,1447.8999999999999,1262.0,0.8716,1232.4166666666667,1031.9033333333332,0.8375566666666666
JHARKHAND,1910,20.7,9.0,2.4,24.4,43.7,255.5,268.6,334.5,244.7,84.2,9.4,0.3,1297.6,1297.4,1103.3,0.8504,1232.4166666666667,1031.9033333333332,0.8375566666666666
JHARKHAND,1911,0.7,0.2,31.5,7.7,25.5,391.6,164.2,410.3,303.5,100.5,39.7,0.0,1475.4,1475.4,1269.6,0.8605,1232.4166666666667,1031.9033333333332,0.8375566666666666
JHARKHAND,1912,1.7,25.1,15.2,29.7,42.4,125.2,361.7,347.6,108.7,34.3,51.2,0.0,1142.9,1142.8,943.2,0.8253,1232.4166666666667,1031.9033333333332,0.8375566666666666
JHARKHAND,1913,1.9,111.6,40.1,1.0,77.9,375.5,321.3,383.8,164.3,73.8,18.3,16.3,1585.6,1585.7999999999997,1244.8999999999999,0.785,1232.4166666666667,1031.9033333333332,0.8375566666666666
JHARKHAND,1914,0.1,24.6,19.4,23.6,150.1,123.8,354.4,337.0,159.5,16.7,0.0,6.2,1215.5,1215.4,974.7,0.802,1232.4166666666667,1031.9033333333332,0.8375566666666666
JHARKHAND,1915,7.7,36.7,33.4,10.7,58.6,149.7,270.2,220.5,214.7,60.0,39.9,0.1,1102.3,1102.2,855.0999999999999,0.7758,1232.4166666666667,1031.9033333333332,0.8375566666666666
JHARKHAND,1916,0.0,14.3,0.2,17.1,22.6,283.5,224.9,303.2,231.5,253.2,13.8,0.0,1364.3,1364.3,1043.1,0.7646,1232.4166666666667,1031.9033333333332,0.8375566666666666
JHARKHAND,1917,1.7,40.1,17.1,9.0,107.1,287.0,359.5,372.8,251.2,277.1,1.2,0.5,1724.4,1724.3,1270.5,0.7368,1232.4166666666667,1031.9033333333332,0.8375566666666666
JHARKHAND,1918,4.2,2.4,3.6,15.5,78.5,324.0,149.7,406.7,175.9,1.7,0.0,0.5,1162.6,1162.7,1056.3,0.9085,1232.4166666666667,1031.9033333333332,0.8375566666666666
JHARKHAND,1919,102.9,16.2,23.5,19.0,67.9,367.3,331.8,398.2,215.7,87.4,3.4,0.1,1633.5,1633.4000000000003,1313.0,0.8038,1232.4166666666667,1031.9033333333332,0.8375566666666666
JHARKHAND,1920,0.0,19.5,62.6,8.8,41.9,109.4,660.2,321.6,184.7,6.3,0.0,0.0,1415.0,1415.0,1275.9,0.9017,1232.4166666666667,1031.9033333333332,0.8375566666666666
JHARKHAND,1921,37.1,11.0,1.4,20.8,12.9,228.2,325.2,391.5,182.8,22.8,0.0,0.0,1233.8,1233.6999999999998,1127.7,0.9141,1232.4166666666667,1031.9033333333332,0.8375566666666666
JHARKHAND,1922,8.2,6.2,0.0,14.5,19.5,305.3,404.7,365.9,250.0,58.8,9.2,0.9,1443.2,1443.2,1325.9,0.9187,1232.4166666666667,1031.9033333333332,0.8375566666666666
JHARKHAND,1923,0.7,68.3,5.3,5.1,26.7,186.0,398.4,552.5,124.0,46.0,18.2,0.6,1431.9,1431.8,1260.9,0.8806,1232.4166666666667,1031.9033333333332,0.8375566666666666
JHARKHAND,1924,23.0,16.6,1.9,12.2,26.3,148.7,431.8,269.6,323.6,75.1,103.1,0.0,1431.8,1431.8999999999999,1173.7,0.8197,1232.4166666666667,1031.9033333333332,0.8375566666666666
JHARKHAND,1925,4.7,6.1,12.1,37.1,84.6,196.5,428.3,314.0,172.5,63.5,7.7,0.5,1327.6,1327.6000000000001,1111.3,0.8371,1232.4166666666667,1031.9033333333332,0.8375566666666666
JHARKHAND,1926,33.5,3.4,95.0,13.5,41.5,55.7,466.5,391.2,309.6,44.6,2.9,21.0,1478.4,1478.4,1223.0,0.8272,1232.4166666666667,1031.9033333333332,0.8375566666666666
JHARKHAND,1927,27.9,99.0,31.6,2.9,41.7,92.3,452.5,311.6,156.4,51.4,15.8,0.0,1283.1,1283.1000000000001,1012.8,0.7893,1232.4166666666667,1031.9033333333332,0.8375566666666666
JHARKHAND,1928,51.4,11.8,3.0,26.4,48.1,313.4,396.7,213.7,131.7,183.3,0.1,4.4,1384.0,1384.0,1055.5,0.7626,1232.4166666666667,1031.9033333333332,0.8375566666666666
JHARKHAND,1929,63.9,15.2,12.7,11.4,29.5,111.4,541.7,412.2,124.6,236.4,0.0,52.5,1611.5,1611.5,1189.8999999999999,0.7384,1232.4166666666667,1031.9033333333332,0.8375566666666666
JHARKHAND,1930,0.9,4.3,7.7,18.1,16.5,125.5,506.8,361.4,222.8,44.5,121.1,4.4,1434.0,1433.9999999999998,1216.5,0.8483,1232.4166666666667,1031.9033333333332,0.8375566666666666
JHARKHAND,1931,7.0,116.9,18.0,2.2,37.1,109.0,357.0,355.2,201.2,112.7,33.4,0.8,1350.4,1350.5000000000002,1022.4000000000001,0.7571,1232.4166666666667,1031.9033333333332,0.8375566666666666
JHARKHAND,1932,0.0,32.8,4.0,15.0,45.8,96.5,374.1,297.8,221.1,50.2,55.5,0.9,1193.8,1193.7,989.5000000000001,0.8289,1232.4166666666667,1031.9033333333332,0.8375566666666666
JHARKHAND,1933,61.2,58.7,8.9,37.0,94.0,218.1,366.8,397.3,209.6,74.5,4.1,5.5,1535.6,1535.6999999999998,1191.8,0.7761,1232.4166666666667,1031.9033333333332,0.8375566666666666
JHARKHAND,1934,24.0,10.3,1.8,13.1,13.6,166.7,324.2,341.4,230.5,55.9,12.0,3.9,1197.4,1197.4,1062.8,0.8876,1232.4166666666667,1031.9033333333332,0.8375566666666666
JHARKHAND,1935,35.8,21.7,10.0,23.4,6.7,120.5,295.8,435.6,200.0,1.6,0.0,0.5,1151.6,1151.6,1051.9,0.9134,1232.4166666666667,1031.9033333333332,0.8375566666666666
JHARKHAND,1936,15.9,18.9,13.5,5.4,93.0,279.1,378.9,346.2,356.8,135.2,11.4,10.1,1664.3,1664.4,1361.0,0.8177,1232.4166666666667,1031.9033333333332,0.8375566666666666
JHARKHAND,1937,0.0,96.4,4.9,20.7,72.1,186.1,363.2,300.8,276.2,129.6,0.4,0.0,1450.6,1450.4,1126.3,0.7765,1232.4166666666667,1031.9033333333332,0.8375566666666666
JHARKHAND,1938,29.0,36.1,0.2,0.8,102.1,201.0,269.0,344.1,200.4,45.1,1.9,0.0,1229.8,1229.7,1014.5,0.825,1232.4166666666667,1031.9033333333332,0.8375566666666666
JHARKHAND,1939,14.7,47.8,41.7,15.4,18.3,237.0,367.3,378.2,257.0,139.8,1.0,1.6,1519.7,1519.8,1239.5,0.8156,1232.4166666666667,1031.9033333333332,0.8375566666666666
JHARKHAND,1940,0.2,38.1,89.6,15.6,42.3,123.3,339.6,387.3,130.1,41.2,0.0,24.6,1231.9,1231.8999999999999,980.3000000000001,0.7958,1232.4166666666667,1031.9033333333332,0.8375566666666666
JHARKHAND,1941,41.6,4.2,2.5,7.0,52.3,287.8,357.2,365.3,196.3,164.7,34.6,0.1,1513.5,1513.5999999999997,1206.6,0.7972,1232.4166666666667,1031.9033333333332,0.8375566666666666
JHARKHAND,1942,8.8,61.4,19.9,31.2,22.7,140.5,482.3,433.3,356.2,25.9,5.8,1.0,1589.0,1589.0,1412.3,0.8888,1232.4166666666667,1031.9033333333332,0.8375566666666666
JHARKHAND,1943,76.4,12.5,0.7,34.9,38.9,127.5,452.1,488.0,245.0,80.1,0.0,0.0,1556.1,1556.1,1312.6,0.8435,1232.4166666666667,1031.9033333333332,0.8375566666666666
JHARKHAND,1944,34.5,65.3,46.6,29.1,18.7,129.4,368.5,428.3,149.0,112.5,4.3,0.3,1386.3,1386.5,1075.2,0.7755,1232.4166666666667,1031.9033333333332,0.8375566666666666
JHARKHAND,1945,45.8,27.4,0.4,25.6,45.2,168.4,276.6,293.1,277.2,144.6,3.2,1.2,1308.7,1308.7,1015.3,0.7758,1232.4166666666667,1031.9033333333332,0.8375566666666666
JHARKHAND,1946,0.0,16.1,16.7,68.5,84.1,270.1,329.4,345.0,253.0,135.6,34.6,0.1,1553.2,1553.1999999999998,1197.5,0.771,1232.4166666666667,1031.9033333333332,0.8375566666666666
JHARKHAND,1947,12.1,24.1,45.9,2.8,35.7,143.8,291.1,302.8,253.5,106.2,2.3,14.3,1234.5,1234.6,991.2,0.8029,1232.4166666666667,1031.9033333333332,0.8375566666666666
JHARKHAND,1948,26.7,18.7,17.7,8.4,47.0,185.9,386.0,318.0,207.3,96.9,89.9,0.2,1402.6,1402.7000000000003,1097.2,0.7822,1232.4166666666667,1031.9033333333332,0.8375566666666666
JHARKHAND,1949,21.8,16.2,15.5,57.4,107.8,187.3,364.0,384.7,215.0,66.0,0.0,1.0,1436.7,1436.7,1151.0,0.8011,1232.4166666666667,1031.9033333333332,0.8375566666666666
JHARKHAND,1950,1.0,14.8,31.4,1.9,36.4,318.4,389.6,389.6,173.1,21.1,11.9,3.7,1393.0,1392.8999999999999,1270.6999999999998,0.9123,1232.4166666666667,1031.9033333333332,0.8375566666666666
JHARKHAND,1951,5.1,0.4,48.9,24.2,25.1,177.5,259.1,267.0,186.1,69.2,9.0,0.0,1071.7,1071.6,889.7,0.8303,1232.4166666666667,1031.9033333333332,0.8375566666666666
JHARKHAND,1952,3.9,10.7,24.2,36.0,58.0,210.7,357.7,355.7,237.9,89.7,1.4,1.4,1387.4,1387.3000000000004,1162.0,0.8376,1232.4166666666667,1031.9033333333332,0.8375566666666666
JHARKHAND,1953,35.3,11.0,0.8,7.4,28.5,213.0,440.0,416.2,314.5,23.4,19.3,0.0,1509.4,1509.4,1383.7,0.9167,1232.4166666666667,1031.9033333333332,0.8375566666666666
JHARKHAND,1954,12.4,8.4,4.3,3.5,29.7,160.9,272.2,267.4,257.8,35.3,0.6,7.0,1059.5,1059.4999999999998,958.3,0.9045,1232.4166666666667,1031.9033333333332,0.8375566666666666
JHARKHAND,1955,43.6,9.8,5.9,5.1,23.9,137.7,347.1,240.5,155.4,96.9,14.8,0.1,1080.8,1080.8,880.6999999999999,0.8149,1232.4166666666667,1031.9033333333332,0.8375566666666666
JHARKHAND,1956,13.9,25.7,50.3,5.8,78.5,259.3,301.6,344.6,312.9,140.9,14.3,7.9,1555.7,1555.7,1218.4,0.7832,1232.4166666666667,1031.9033333333332,0.8375566666666666
JHARKHAND,1957,56.3,24.7,30.6,2.4,6.5,163.6,498.7,293.2,283.0,18.2,0.0,0.2,1377.5,1377.4,1238.5,0.8992,1232.4166666666667,1031.9033333333332,0.8375566666666666
JHARKHAND,1958,11.5,39.8,20.0,24.8,12.2,93.6,336.1,263.3,267.2,111.3,0.7,0.0,1180.5,1180.5,960.2,0.8134,1232.4166666666667,1031.9033333333332,0.8375566666666666
JHARKHAND,1959,51.6,5.6,5.2,17.5,56.4,188.5,332.6,305.8,363.9,272.8,0.0,0.0,1599.9,1599.8999999999999,1190.8000000000002,0.7443,1232.4166666666667,1031.9033333333332,0.8375566666666666
JHARKHAND,1960,6.6,0.5,29.3,1.9,32.1,115.6,310.1,432.7,274.6,44.8,0.6,0.0,1248.8,1248.8,1133.0,0.9073,1232.4166666666667,1031.9033333333332,0.8375566666666666
JHARKHAND,1961,8.9,84.3,1.0,4.6,30.0,298.6,296.3,358.2,317.2,155.3,1.6,4.6,1560.5,1560.6,1270.3000000000002,0.814,1232.4166666666667,1031.9033333333332,0.8375566666666666
JHARKHAND,1962,8.2,15.0,4.3,31.1,26.5,167.4,251.5,265.5,213.5,55.8,0.0,8.9,1047.7,1047.7,897.9,0.857,1232.4166666666667,1031.9033333333332,0.8375566666666666
JHARKHAND,1963,2.8,7.8,9.9,23.3,67.7,171.5,301.6,249.0,241.3,228.6,11.2,0.2,1315.0,1314.9,963.4000000000001,0.7327,1232.4166666666667,1031.9033333333332,0.8375566666666666
JHARKHAND,1964,2.2,12.2,4.7,18.9,53.8,200.4,306.4,262.0,214.4,71.5,3.9,0.0,1150.3,1150.4,983.1999999999999,0.8547,1232.4166666666667,1031.9033333333332,0.8375566666666666
JHARKHAND,1965,0.8,8.7,26.6,31.3,14.8,113.1,354.6,215.9,206.2,39.2,0.3,0.9,1012.4,1012.4,889.8,0.8789,1232.4166666666667,1031.9033333333332,0.8375566666666666
JHARKHAND,1966,24.7,3.8,0.2,10.5,22.1,233.2,174.1,263.4,87.9,35.8,15.9,8.1,879.8,879.6999999999999,758.5999999999999,0.8623,1232.4166666666667,1031.9033333333332,0.8375566666666666
JHARKHAND,1967,8.6,1.0,39.9,24.2,43.7,71.9,283.5,450.8,268.5,19.8,1.1,12.3,1225.3,1225.2999999999997,1074.7,0.8771,1232.4166666666667,1031.9033333333332,0.8375566666666666
JHARKHAND,1968,34.4,9.4,5.5,4.7,22.0,272.6,351.5,420.5,97.2,71.2,0.5,3.7,1293.4,1293.2,1141.8,0.8829,1232.4166666666667,1031.9033333333332,0.8375566666666666
JHARKHAND,1969,6.2,4.0,5.0,34.7,86.1,130.2,299.0,337.4,209.4,25.1,20.9,0.1,1158.1,1158.1,975.9999999999999,0.8428,1232.4166666666667,1031.9033333333332,0.8375566666666666
JHARKHAND,1970,24.3,16.6,28.0,8.4,29.7,182.4,300.0,252.8,380.7,67.0,1.5,0.0,1291.5,1291.4,1115.9,0.8641,1232.4166666666667,1031.9033333333332,0.8375566666666666
JHARKHAND,1971,43.4,24.3,2.1,95.6,83.5,272.3,503.1,526.1,237.5,104.0,6.7,0.1,1898.6,1898.7,1539.0,0.8106,1232.4166666666667,1031.9033333333332,0.8375566666666666
JHARKHAND,1972,8.6,46.5,0.2,9.1,3.2,75.9,248.5,352.7,175.1,54.4,21.6,0.4,996.1,996.2,852.1999999999999,0.8555,1232.4166666666667,1031.9033333333332,0.8375566666666666
JHARKHAND,1973,10.6,15.2,23.9,7.1,56.4,184.3,224.3,294.6,365.4,245.1,13.7,0.6,1441.0,1441.1999999999998,1068.6,0.7415,1232.4166666666667,1031.9033333333332,0.8375566666666666
JHARKHAND,1974,2.6,0.5,24.3,3.3,51.9,64.9,334.9,331.7,235.0,76.6,0.3,1.0,1127.0,1126.9999999999998,966.5,0.8576,1232.4166666666667,1031.9033333333332,0.8375566666666666
JHARKHAND,1975,17.2,13.4,26.0,10.1,30.1,121.0,477.6,339.2,224.3,102.5,0.1,0.0,1361.3,1361.5,1162.1,0.8535,1232.4166666666667,1031.9033333333332,0.8375566666666666
JHARKHAND,1976,0.0,23.1,7.2,25.2,58.2,107.0,297.5,263.0,394.5,9.3,3.2,3.5,1191.8,1191.7,1062.0,0.8912,1232.4166666666667,1031.9033333333332,0.8375566666666666
JHARKHAND,1977,19.2,8.1,3.8,47.9,102.5,281.1,458.3,316.4,184.8,50.3,27.3,21.8,1521.5,1521.5,1240.6000000000001,0.8154,1232.4166666666667,1031.9033333333332,0.8375566666666666
JHARKHAND,1978,10.5,50.9,45.3,28.4,33.8,283.7,252.8,341.1,376.5,114.3,7.0,12.0,1556.1,1556.3,1254.1,0.8058,1232.4166666666667,1031.9033333333332,0.8375566666666666
JHARKHAND,1979,22.4,38.7,6.1,19.5,6.1,129.1,286.0,174.9,134.2,36.1,18.7,11.0,882.8,882.8000000000001,724.2,0.8203,1232.4166666666667,1031.9033333333332,0.8375566666666666
JHARKHAND,1980,13.6,14.9,37.1,21.0,40.0,273.7,350.7,281.2,232.1,73.8,0.0,2.3,1340.6,1340.3999999999999,1137.6999999999998,0.8488,1232.4166666666667,1031.9033333333332,0.8375566666666666
JHARKHAND,1981,40.7,33.5,20.1,40.9,94.9,143.3,355.3,226.4,189.5,6.1,3.1,13.4,1167.2,1167.1999999999998,914.5,0.7835,1232.4166666666667,1031.9033333333332,0.8375566666666666
JHARKHAND,1982,8.4,23.6,77.3,30.9,33.4,183.9,180.8,358.7,118.1,52.7,15.7,1.8,1085.3,1085.3,841.5000000000001,0.7754,1232.4166666666667,1031.9033333333332,0.8375566666666666
JHARKHAND,1983,4.3,33.1,9.9,44.4,83.3,131.8,280.0,240.6,308.8,110.7,0.2,14.7,1261.7,1261.8000000000002,961.2,0.7618,1232.4166666666667,1031.9033333333332,0.8375566666666666
JHARKHAND,1984,33.4,26.2,1.6,14.1,31.0,479.6,350.4,387.3,155.8,50.2,0.1,0.1,1529.9,1529.7999999999997,1373.1,0.8976,1232.4166666666667,1031.9033333333332,0.8375566666666666
JHARKHAND,1985,19.1,9.1,1.6,8.8,48.2,131.2,338.0,312.6,216.6,153.7,0.5,0.9,1240.3,1240.3000000000002,998.4,0.805,1232.4166666666667,1031.9033333333332,0.8375566666666666
JHARKHAND,1986,6.9,21.2,3.8,25.0,74.8,253.0,352.2,212.9,188.5,128.2,31.1,37.9,1335.6,1335.5,1006.6,0.7537,1232.4166666666667,1031.9033333333332,0.8375566666666666
JHARKHAND,1987,5.9,10.1,10.9,30.3,44.9,93.1,410.8,371.1,299.1,19.7,31.4,5.4,1332.7,1332.7000000000003,1174.1,0.881,1232.4166666666667,1031.9033333333332,0.8375566666666666
JHARKHAND,1988,3.1,37.1,42.2,23.7,23.6,303.6,273.5,276.1,127.8,38.7,2.6,1.6,1153.7,1153.6,981.0,0.8504,1232.4166666666667,1031.9033333333332,0.8375566666666666
JHARKHAND,1989,1.9,0.3,2.8,0.1,66.4,246.0,285.6,258.9,219.0,39.6,8.6,19.7,1149.0,1148.8999999999999,1009.5,0.8787,1232.4166666666667,1031.9033333333332,0.8375566666666666
JHARKHAND,1990,0.8,48.0,22.2,15.4,90.6,197.4,430.7,230.8,226.0,128.1,14.2,0.3,1404.2,1404.4999999999998,1084.9,0.7724,1232.4166666666667,1031.9033333333332,0.8375566666666666
JHARKHAND,1991,19.3,8.0,31.1,11.2,33.7,171.3,252.9,384.0,274.0,29.4,1.9,34.2,1250.9,1251.0000000000002,1082.2,0.8651,1232.4166666666667,1031.9033333333332,0.8375566666666666
JHARKHAND,1992,2.3,6.1,0.6,8.8,51.8,129.8,295.7,265.2,148.5,22.5,1.6,0.3,933.0,933.1999999999999,839.2,0.8993,1232.4166666666667,1031.9033333333332,0.8375566666666666
JHARKHAND,1993,1.7,2.0,16.1,32.0,50.5,203.2,214.4,245.9,372.4,49.6,16.2,0.0,1204.0,1203.9999999999998,1035.9,0.8604,1232.4166666666667,1031.9033333333332,0.8375566666666666
JHARKHAND,1994,17.7,23.8,0.6,20.0,29.2,391.3,451.6,360.7,162.8,118.9,2.7,0.1,1579.4,1579.4,1366.4,0.8651,1232.4166666666667,1031.9033333333332,0.8375566666666666
JHARKHAND,1995,13.7,9.7,22.4,4.3,30.3,134.2,312.3,301.5,395.9,37.5,84.7,20.1,1366.5,1366.6,1143.9,0.837,1232.4166666666667,1031.9033333333332,0.8375566666666666
JHARKHAND,1996,17.1,24.4,4.9,8.0,18.5,302.7,274.1,384.3,133.6,23.9,0.1,0.0,1191.7,1191.6,1094.6999999999998,0.9187,1232.4166666666667,1031.9033333333332,0.8375566666666666
JHARKHAND,1997,9.5,3.7,1.5,29.4,25.2,230.4,400.5,431.6,199.6,54.3,39.0,36.6,1461.3,1461.3,1262.1,0.8637,1232.4166666666667,1031.9033333333332,0.8375566666666666
JHARKHAND,1998,76.3,20.6,54.1,33.8,45.5,109.9,302.4,263.2,288.6,132.3,26.3,0.7,1353.8,1353.7,964.1,0.7122,1232.4166666666667,1031.9033333333332,0.8375566666666666
JHARKHAND,1999,0.6,0.1,0.1,1.5,95.4,240.2,416.0,373.1,315.8,140.6,3.3,0.2,1586.9,1586.8999999999999,1345.1000000000001,0.8476,1232.4166666666667,1031.9033333333332,0.8375566666666666
JHARKHAND,2000,3.6,21.2,6.3,19.6,67.7,185.3,358.4,152.8,356.9,19.1,0.4,0.2,1191.5,1191.5000000000002,1053.4,0.8841,1232.4166666666667,1031.9033333333332,0.8375566666666666
JHARKHAND,2001,1.9,4.0,30.0,14.0,57.4,324.7,354.6,219.4,132.8,115.5,0.2,0.0,1254.4,1254.5,1031.5,0.8222,1232.4166666666667,1031.9033333333332,0.8375566666666666
JHARKHAND,2002,9.0,5.4,10.7,11.5,38.7,184.9,186.8,277.4,253.4,55.0,1.3,0.8,1034.9,1034.9,902.5,0.8721,1232.4166666666667,1031.9033333333332,0.8375566666666666
JHARKHAND,2003,3.3,30.5,33.6,17.9,21.5,152.4,247.5,245.1,224.0,255.5,6.2,7.4,1245.0,1244.9000000000003,869.0,0.698,1232.4166666666667,1031.9033333333332,0.8375566666666666
JHARKHAND,2004,5.5,2.7,3.1,41.0,31.1,184.4,200.7,327.0,211.5,128.1,0.1,1.6,1136.6,1136.7999999999997,923.6,0.8125,1232.4166666666667,1031.9033333333332,0.8375566666666666
JHARKHAND,2005,22.1,17.5,17.7,9.6,23.5,157.2,266.4,214.5,141.5,83.1,1.3,6.1,960.4,960.5,779.5999999999999,0.8117,1232.4166666666667,1031.9033333333332,0.8375566666666666
JHARKHAND,2006,0.3,0.2,22.4,15.7,107.4,198.3,447.1,337.2,298.7,24.6,7.4,0.0,1459.5,1459.3000000000002,1281.3000000000002,0.878,1232.4166666666667,1031.9033333333332,0.8375566666666666
JHARKHAND,2007,1.7,48.4,25.5,22.3,58.1,125.4,430.4,353.6,324.7,39.6,7.6,0.0,1437.3,1437.3,1234.1,0.8586,1232.4166666666667,1031.9033333333332,0.8375566666666666
JHARKHAND,2008,19.4,3.6,6.2,10.7,42.9,366.3,377.9,310.5,152.9,34.0,1.0,0.0,1325.3,1325.4,1207.6000000000001,0.9111,1232.4166666666667,1031.9033333333332,0.8375566666666666
JHARKHAND,2009,1.8,0.8,2.0,0.8,78.1,62.7,266.6,248.0,248.8,82.2,4.0,0.5,996.1,996.3,826.0999999999999,0.8292,1232.4166666666667,1031.9033333333332,0.8375566666666666
JHARKHAND,2010,0.2,2.3,0.9,6.3,29.2,92.6,170.2,155.1,160.5,55.1,4.7,20.0,697.1,697.1,578.4,0.8297,1232.4166666666667,1031.9033333333332,0.8375566666666666
JHARKHAND,2011,3.3,2.5,6.4,25.4,55.0,349.0,181.8,403.2,324.6,23.3,0.0,0.1,1374.7,1374.6000000000001,1258.6,0.9156,1232.4166666666667,1031.9033333333332,0.8375566666666666
JHARKHAND,2012,34.6,10.3,1.5,9.6,6.6,121.1,287.2,282.4,217.6,37.8,48.6,7.6,1065.0,1064.8999999999999,908.3,0.8529,1232.4166666666667,1031.9033333333332,0.8375566666666666
JHARKHAND,2013,1.1,17.9,1.6,22.3,85.0,181.5,211.1,278.1,173.8,281.1,0.0,0.0,1253.6,1253.5,844.5,0.6737,1232.4166666666667,1031.9033333333332,0.8375566666666666
JHARKHAND,2014,9.9,47.5,22.9,1.9,98.2,139.7,321.3,290.9,178.2,44.9,0.0,1.2,1156.6,1156.6000000000001,930.0999999999999,0.8042,1232.4166666666667,1031.9033333333332,0.8375566666666666
JHARKHAND,2015,12.2,2.6,21.6,55.5,25.5,183.3,429.7,240.7,85.1,22.7,0.2,2.7,1081.8,1081.8000000000002,938.8000000000001,0.8678,1232.4166666666667,1031.9033333333332,0.8375566666666666
BIHAR,1901,51.8,19.6,11.9,1.1,65.6,66.3,245.9,319.4,155.1,8.3,7.3,0.1,952.3,952.4,786.6999999999999,0.826,1152.66,980.6766666666666,0.8501333333333334
BIHAR,1902,4.6,0.7,24.3,17.3,66.3,118.2,361.0,225.5,358.7,28.5,1.1,0.0,1206.2,1206.1999999999998,1063.4,0.8816,1152.66,980.6766666666666,0.8501333333333334
BIHAR,1903,5.3,4.7,2.0,4.7,28.2,192.9,115.0,342.6,173.9,147.0,0.1,0.0,1016.3,1016.4000000000001,824.4,0.8111,1152.66,980.6766666666666,0.8501333333333334
BIHAR,1904,6.3,1.7,3.5,5.3,118.7,191.6,394.4,351.3,84.4,98.1,10.6,3.8,1269.5,1269.6999999999998,1021.6999999999999,0.8047,1152.66,980.6766666666666,0.8501333333333334
BIHAR,1905,16.0,30.1,32.6,21.4,77.5,50.5,409.1,495.3,353.9,11.6,0.0,0.6,1498.5,1498.6,1308.8000000000002,0.8733,1152.66,980.6766666666666,0.8501333333333334
BIHAR,1906,14.4,56.9,8.6,0.9,44.7,191.3,366.2,430.1,118.7,32.9,0.4,0.0,1265.1,1265.1000000000001,1106.3,0.8745,1152.66,980.6766666666666,0.8501333333333334
BIHAR,1907,1.3,55.2,39.4,27.0,32.9,232.2,282.4,242.2,206.9,4.8,0.0,2.1,1126.4,1126.3999999999999,963.6999999999999,0.8556,1152.66,980.6766666666666,0.8501333333333334
BIHAR,1908,14.7,38.6,6.1,2.2,36.7,94.0,202.3,167.3,149.9,25.4,0.0,0.3,737.5,737.5,613.5,0.8319,1152.66,980.6766666666666,0.8501333333333334
BIHAR,1909,7.0,6.3,0.0,72.8,25.8,446.0,256.2,352.4,175.4,43.1,0.0,5.6,1390.5,1390.6,1230.0,0.8845,1152.66,980.6766666666666,0.8501333333333334
BIHAR,1910,2.4,4.8,6.6,5.7,51.5,279.5,365.1,328.8,258.5,73.8,21.7,0.0,1398.5,1398.4,1231.9,0.8809,1152.66,980.6766666666666,0.8501333333333334
BIHAR,1911,9.4,0.1,28.2,13.1,41.7,312.3,199.0,425.5,279.1,122.8,17.8,0.0,1449.2,1449.0,1215.9,0.8391,1152.66,980.6766666666666,0.8501333333333334
BIHAR,1912,5.5,8.5,23.9,25.4,62.7,146.8,362.4,302.9,104.7,14.0,72.6,0.0,1129.4,1129.3999999999999,916.8,0.8118,1152.66,980.6766666666666,0.8501333333333334
BIHAR,1913,0.0,38.0,18.1,1.4,106.1,379.9,258.8,363.0,270.3,61.0,0.5,32.8,1529.7,1529.8999999999999,1272.0,0.8314,1152.66,980.6766666666666,0.8501333333333334
BIHAR,1914,0.2,22.7,8.0,29.0,77.0,84.4,269.1,460.4,98.4,10.1,0.0,0.6,1059.8,1059.8999999999999,912.3,0.8607,1152.66,980.6766666666666,0.8501333333333334
BIHAR,1915,8.2,57.1,22.5,6.4,72.5,149.1,321.3,415.0,185.1,75.3,36.7,0.3,1349.4,1349.4999999999998,1070.5,0.7933,1152.66,980.6766666666666,0.8501333333333334
BIHAR,1916,0.6,16.5,0.3,25.3,25.1,270.3,445.6,325.2,265.2,130.1,0.4,0.0,1504.6,1504.6000000000001,1306.3000000000002,0.8682,1152.66,980.6766666666666,0.8501333333333334
BIHAR,1917,2.7,19.7,7.9,5.8,103.3,227.8,328.7,249.3,272.1,116.5,0.0,0.2,1334.1,1334.0000000000002,1077.9,0.808,1152.66,980.6766666666666,0.8501333333333334
BIHAR,1918,0.6,0.1,1.8,29.5,105.4,251.6,240.3,519.2,254.4,8.6,0.1,0.0,1411.7,1411.6,1265.5,0.8965,1152.66,980.6766666666666,0.8501333333333334
BIHAR,1919,40.2,7.7,3.8,11.6,42.3,195.0,417.8,230.1,244.8,58.6,0.0,0.7,1252.7,1252.6000000000001,1087.7,0.8684,1152.66,980.6766666666666,0.8501333333333334
BIHAR,1920,0.0,19.2,31.0,2.6,28.8,108.9,361.6,228.5,337.6,5.6,0.0,0.0,1123.9,1123.8,1036.6,0.9224,1152.66,980.6766666666666,0.8501333333333334
BIHAR,1921,26.8,0.6,6.5,21.2,26.3,132.4,303.8,422.0,295.8,37.0,0.0,0.0,1272.2,1272.4,1154.0,0.9069,1152.66,980.6766666666666,0.8501333333333334
BIHAR,1922,12.2,4.6,0.0,9.6,22.0,345.8,427.3,363.5,241.3,15.7,0.7,6.5,1449.2,1449.2,1377.8999999999999,0.9508,1152.66,980.6766666666666,0.8501333333333334
BIHAR,1923,1.3,35.1,1.5,13.5,38.1,171.7,253.9,243.2,148.9,74.4,0.7,0.4,982.8,982.6999999999999,817.6999999999999,0.8321,1152.66,980.6766666666666,0.8501333333333334
BIHAR,1924,2.5,12.7,1.8,8.8,14.8,170.6,514.0,295.7,320.3,53.1,61.7,0.2,1456.3,1456.2,1300.6,0.8931,1152.66,980.6766666666666,0.8501333333333334
BIHAR,1925,7.7,1.8,7.7,52.9,38.6,130.4,322.9,331.5,269.4,17.6,11.0,0.0,1191.5,1191.5,1054.1999999999998,0.8848,1152.66,980.6766666666666,0.8501333333333334
BIHAR,1926,16.3,0.6,29.7,12.8,47.0,48.1,451.5,276.0,211.6,17.6,1.8,8.7,1121.8,1121.6999999999998,987.2,0.8801,1152.66,980.6766666666666,0.8501333333333334
BIHAR,1927,24.2,36.4,31.9,3.1,52.9,115.9,301.5,242.7,231.4,21.5,38.6,0.2,1100.2,1100.3,891.4999999999999,0.8102,1152.66,980.6766666666666,0.8501333333333334
BIHAR,1928,41.2,21.5,0.1,18.3,54.3,208.0,377.2,272.9,83.3,164.3,0.9,7.6,1249.8,1249.6,941.4,0.7534,1152.66,980.6766666666666,0.8501333333333334
BIHAR,1929,51.6,1.1,11.4,16.2,33.1,190.2,328.8,326.3,124.7,231.4,0.0,44.4,1359.2,1359.2000000000003,970.0,0.7137,1152.66,980.6766666666666,0.8501333333333334
BIHAR,1930,11.6,7.6,13.6,6.6,28.6,144.6,298.2,247.8,290.9,30.4,24.0,10.4,1114.3,1114.3000000000002,981.4999999999999,0.8808,1152.66,980.6766666666666,0.8501333333333334
BIHAR,1931,1.3,32.4,11.4,1.6,27.5,75.9,441.3,218.8,248.2,76.1,11.2,0.7,1146.3,1146.4,984.2,0.8585,1152.66,980.6766666666666,0.8501333333333334
BIHAR,1932,0.0,8.2,0.5,14.8,26.6,152.1,164.3,249.3,191.2,32.4,78.7,8.9,926.9,927.0,756.9000000000001,0.8165,1152.66,980.6766666666666,0.8501333333333334
BIHAR,1933,28.3,13.1,0.7,62.1,90.3,197.0,377.3,377.8,167.8,77.6,0.3,0.3,1392.6,1392.5999999999997,1119.8999999999999,0.8042,1152.66,980.6766666666666,0.8501333333333334
BIHAR,1934,30.1,13.7,3.0,9.1,22.0,165.5,432.6,251.3,231.2,55.2,9.8,2.8,1226.1,1226.3,1080.6000000000001,0.8812,1152.66,980.6766666666666,0.8501333333333334
BIHAR,1935,21.0,19.6,0.6,0.7,21.9,127.9,193.8,481.7,370.3,2.6,0.1,0.1,1240.4,1240.2999999999997,1173.7,0.9463,1152.66,980.6766666666666,0.8501333333333334
BIHAR,1936,7.7,6.9,4.6,7.7,84.3,188.9,462.2,261.5,449.2,88.8,0.4,10.3,1572.5,1572.5,1361.8,0.866,1152.66,980.6766666666666,0.8501333333333334
BIHAR,1937,0.0,66.3,0.8,10.7,80.0,113.6,217.9,441.8,179.3,194.6,0.3,1.1,1306.4,1306.3999999999996,952.5999999999999,0.7292,1152.66,980.6766666666666,0.8501333333333334
BIHAR,1938,12.4,17.0,0.0,2.9,115.5,382.4,362.1,385.1,201.4,27.1,0.8,0.0,1506.7,1506.7,1331.0,0.8834,1152.66,980.6766666666666,0.8501333333333334
BIHAR,1939,5.0,42.3,11.3,1.7,41.5,230.4,315.0,277.1,262.0,56.9,0.0,0.0,1243.2,1243.2000000000003,1084.5,0.8723,1152.66,980.6766666666666,0.8501333333333334
BIHAR,1940,0.9,43.8,65.5,5.0,31.9,114.6,317.6,314.9,171.6,4.9,0.0,17.5,1088.3,1088.2,918.7,0.8442,1152.66,980.6766666666666,0.8501333333333334
BIHAR,1941,16.2,2.8,0.7,4.6,67.1,177.7,248.8,466.0,190.2,47.8,1.1,0.0,1223.1,1222.9999999999998,1082.7,0.8853,1152.66,980.6766666666666,0.8501333333333334
BIHAR,1942,34.4,43.5,14.7,18.2,28.1,174.7,253.5,330.4,347.2,7.0,0.0,0.9,1252.5,1252.6000000000001,1105.8,0.8828,1152.66,980.6766666666666,0.8501333333333334
BIHAR,1943,34.7,16.9,0.2,40.7,37.0,169.8,296.0,322.1,215.4,37.0,0.0,0.0,1169.9,1169.8,1003.3000000000001,0.8577,1152.66,980.6766666666666,0.8501333333333334
BIHAR,1944,27.3,32.6,42.0,34.1,21.9,223.9,253.5,322.8,221.3,48.5,0.2,0.8,1228.8,1228.8999999999999,1021.5,0.8312,1152.66,980.6766666666666,0.8501333333333334
BIHAR,1945,50.7,24.0,1.4,32.4,57.8,120.5,226.9,265.6,305.5,154.8,0.0,3.2,1242.9,1242.8000000000002,918.5,0.7391,1152.66,980.6766666666666,0.8501333333333334
BIHAR,1946,0.0,21.3,5.0,52.3,88.6,168.7,354.7,267.8,271.8,148.7,14.9,0.0,1393.7,1393.8,1063.0,0.7627,1152.66,980.6766666666666,0.8501333333333334
BIHAR,1947,5.6,5.6,10.2,7.5,57.7,89.4,394.4,244.6,215.3,61.5,0.1,0.3,1092.1,1092.1999999999998,943.7,0.864,1152.66,980.6766666666666,0.8501333333333334
BIHAR,1948,11.1,7.5,3.6,11.3,46.3,114.6,409.0,329.8,248.9,81.0,36.2,0.0,1299.2,1299.3000000000002,1102.3000000000002,0.8484,1152.66,980.6766666666666,0.8501333333333334
BIHAR,1949,16.5,42.8,5.7,35.5,93.1,200.2,341.7,386.5,217.9,103.4,1.1,0.0,1444.4,1444.4,1146.3,0.7936,1152.66,980.6766666666666,0.8501333333333334
BIHAR,1950,9.8,11.8,22.1,2.2,43.3,346.5,257.0,313.3,113.4,3.0,0.1,2.1,1124.6,1124.6,1030.2,0.9161,1152.66,980.6766666666666,0.8501333333333334
BIHAR,1951,7.3,1.5,5.8,8.2,22.8,144.5,307.8,204.5,114.3,28.7,4.7,0.1,850.2,850.2,771.0999999999999,0.907,1152.66,980.6766666666666,0.8501333333333334
BIHAR,1952,1.1,10.3,20.1,24.6,57.0,272.5,212.5,291.9,297.7,15.4,3.4,0.4,1206.8,1206.9000000000003,1074.6,0.8904,1152.66,980.6766666666666,0.8501333333333334
BIHAR,1953,29.7,4.2,8.7,16.7,37.4,224.7,431.8,263.3,342.2,18.4,0.9,0.8,1378.7,1378.8000000000002,1262.0,0.9153,1152.66,980.6766666666666,0.8501333333333334
BIHAR,1954,12.5,8.4,0.8,0.6,40.9,166.6,366.1,308.6,129.5,15.1,0.2,1.3,1050.5,1050.6,970.8000000000001,0.924,1152.66,980.6766666666666,0.8501333333333334
BIHAR,1955,20.0,6.7,2.3,11.9,28.2,172.5,505.7,268.7,192.2,35.7,0.3,0.1,1244.2,1244.3,1139.1000000000001,0.9155,1152.66,980.6766666666666,0.8501333333333334
BIHAR,1956,19.3,4.7,9.6,5.3,75.4,319.4,200.6,286.3,359.8,168.8,36.0,8.1,1493.4,1493.2999999999997,1166.1,0.7809,1152.66,980.6766666666666,0.8501333333333334
BIHAR,1957,75.2,2.8,11.6,0.5,1.3,115.6,334.5,295.8,115.2,11.6,0.0,2.7,966.9,966.8000000000001,861.1000000000001,0.8907,1152.66,980.6766666666666,0.8501333333333334
BIHAR,1958,16.0,2.7,4.7,26.4,16.1,120.7,222.8,451.1,224.2,81.5,0.7,0.6,1167.4,1167.5,1018.8,0.8726,1152.66,980.6766666666666,0.8501333333333334
BIHAR,1959,81.2,1.5,9.4,18.6,35.7,132.3,245.8,264.2,157.1,233.8,0.0,0.1,1179.6,1179.7,799.4,0.6776,1152.66,980.6766666666666,0.8501333333333334
BIHAR,1960,1.4,0.1,42.7,5.2,49.9,117.6,357.4,285.5,348.1,37.9,2.0,0.0,1247.9,1247.8000000000002,1108.6,0.8884,1152.66,980.6766666666666,0.8501333333333334
BIHAR,1961,11.7,35.8,1.4,2.0,33.9,239.7,211.6,317.5,157.5,236.0,0.8,10.1,1258.1,1257.9999999999998,926.3,0.7363,1152.66,980.6766666666666,0.8501333333333334
BIHAR,1962,13.0,7.8,9.5,20.8,38.8,156.4,244.3,395.4,216.3,72.5,0.0,3.2,1178.1,1178.0,1012.4000000000001,0.8594,1152.66,980.6766666666666,0.8501333333333334
BIHAR,1963,3.4,1.7,9.4,17.5,78.9,154.0,375.4,273.5,255.7,138.7,17.8,0.2,1326.1,1326.2,1058.6,0.7982,1152.66,980.6766666666666,0.8501333333333334
BIHAR,1964,1.4,3.3,2.4,21.9,59.3,134.7,453.6,157.7,219.0,66.3,2.7,0.0,1122.5,1122.3,965.0,0.8598,1152.66,980.6766666666666,0.8501333333333334
BIHAR,1965,0.4,1.2,15.7,7.1,7.7,98.8,302.2,328.3,215.0,22.2,1.8,2.4,1002.7,1002.8000000000001,944.3,0.9417,1152.66,980.6766666666666,0.8501333333333334
BIHAR,1966,21.2,6.9,0.1,0.9,39.5,114.5,155.5,308.3,83.1,18.3,17.1,1.6,767.0,767.0000000000001,661.4,0.8623,1152.66,980.6766666666666,0.8501333333333334
BIHAR,1967,0.2,0.1,38.6,30.6,23.6,80.7,278.2,282.1,253.8,10.3,0.1,1.5,999.9,999.8000000000001,894.8,0.895,1152.66,980.6766666666666,0.8501333333333334
BIHAR,1968,29.1,1.7,7.0,3.0,17.3,261.8,329.6,293.1,79.2,113.3,0.0,4.9,1140.1,1140.0000000000002,963.7000000000002,0.8454,1152.66,980.6766666666666,0.8501333333333334
BIHAR,1969,5.2,9.3,9.7,20.7,64.4,193.1,348.4,379.4,219.1,15.3,23.6,0.3,1288.6,1288.4999999999995,1140.0,0.8847,1152.66,980.6766666666666,0.8501333333333334
BIHAR,1970,22.1,13.4,3.2,17.9,39.2,194.6,284.2,235.6,229.5,34.5,0.4,0.0,1074.7,1074.6,943.9,0.8784,1152.66,980.6766666666666,0.8501333333333334
BIHAR,1971,17.3,14.6,5.1,91.4,81.5,278.0,307.0,367.9,129.2,138.6,1.9,0.0,1432.6,1432.5,1082.1,0.7554,1152.66,980.6766666666666,0.8501333333333334
BIHAR,1972,12.9,38.0,2.7,3.2,3.4,56.7,163.4,154.9,209.7,48.4,24.6,0.0,717.9,717.9000000000001,584.7,0.8145,1152.66,980.6766666666666,0.8501333333333334
BIHAR,1973,22.9,10.2,3.8,4.4,65.0,200.9,185.1,258.9,271.4,158.2,8.3,0.0,1189.0,1189.1,916.3,0.7706,1152.66,980.6766666666666,0.8501333333333334
BIHAR,1974,3.9,0.7,21.9,9.9,39.1,129.4,451.6,317.5,229.2,28.0,0.3,3.7,1235.2,1235.2,1127.7,0.913,1152.66,980.6766666666666,0.8501333333333334
BIHAR,1975,9.1,4.1,12.0,11.0,34.4,143.2,403.1,155.2,245.3,51.7,0.0,0.0,1069.1,1069.1,946.8,0.8856,1152.66,980.6766666666666,0.8501333333333334
BIHAR,1976,2.3,12.4,0.9,8.9,80.1,147.1,221.0,292.8,372.6,22.4,0.7,0.5,1161.7,1161.7,1033.5,0.8896,1152.66,980.6766666666666,0.8501333333333334
BIHAR,1977,5.3,2.9,1.3,17.0,83.7,102.5,375.5,266.0,121.0,147.1,8.1,17.3,1147.5,1147.6999999999998,865.0,0.7537,1152.66,980.6766666666666,0.8501333333333334
BIHAR,1978,13.4,27.8,16.8,24.5,51.8,190.4,313.6,252.6,248.6,142.8,4.8,3.7,1290.8,1290.8,1005.2,0.7787,1152.66,980.6766666666666,0.8501333333333334
BIHAR,1979,23.4,19.4,2.3,21.3,6.2,90.6,435.5,166.1,113.0,88.5,25.2,10.3,1001.9,1001.8000000000001,805.2,0.8038,1152.66,980.6766666666666,0.8501333333333334
BIHAR,1980,4.7,2.4,9.5,7.9,80.9,160.2,389.9,375.3,190.5,29.5,0.2,1.0,1252.2,1252.0,1115.8999999999999,0.8913,1152.66,980.6766666666666,0.8501333333333334
BIHAR,1981,31.3,5.7,14.3,47.9,86.3,107.9,580.1,311.3,168.8,1.0,6.1,3.9,1364.7,1364.6,1168.1,0.856,1152.66,980.6766666666666,0.8501333333333334
BIHAR,1982,4.4,6.1,28.2,14.7,31.0,222.4,227.2,164.5,170.5,42.1,21.5,1.0,933.5,933.6,784.6,0.8404,1152.66,980.6766666666666,0.8501333333333334
BIHAR,1983,13.1,1.7,8.0,45.0,81.1,101.2,353.8,195.8,220.6,69.9,0.0,14.1,1104.2,1104.3,871.4,0.7891,1152.66,980.6766666666666,0.8501333333333334
BIHAR,1984,28.6,33.9,1.3,11.2,65.6,353.4,476.4,216.9,219.0,15.4,1.5,3.0,1426.2,1426.2,1265.7,0.8875,1152.66,980.6766666666666,0.8501333333333334
BIHAR,1985,8.8,0.5,0.5,8.0,69.2,163.2,481.5,238.0,289.0,188.0,1.2,7.1,1455.0,1455.0,1171.7,0.8053,1152.66,980.6766666666666,0.8501333333333334
BIHAR,1986,1.1,13.9,0.5,16.0,94.3,168.4,395.7,263.5,221.1,124.2,1.3,22.1,1322.1,1322.1,1048.7,0.7932,1152.66,980.6766666666666,0.8501333333333334
BIHAR,1987,0.7,3.7,5.4,37.7,40.1,143.6,452.0,539.8,379.7,52.8,2.7,2.3,1660.4,1660.5,1515.1000000000001,0.9124,1152.66,980.6766666666666,0.8501333333333334
BIHAR,1988,1.2,15.3,27.3,46.9,46.2,174.5,364.5,459.4,153.2,33.7,1.5,13.8,1337.4,1337.5,1151.6,0.861,1152.66,980.6766666666666,0.8501333333333334
BIHAR,1989,8.9,8.7,6.9,0.2,100.3,152.9,446.0,171.9,330.9,28.2,1.0,14.0,1269.9,1269.8999999999999,1101.6999999999998,0.8675,1152.66,980.6766666666666,0.8501333333333334
BIHAR,1990,0.3,30.2,13.8,14.0,83.3,156.6,485.5,204.4,201.2,49.7,0.0,0.2,1239.4,1239.2,1047.7,0.8455,1152.66,980.6766666666666,0.8501333333333334
BIHAR,1991,14.5,6.3,7.9,8.9,31.2,176.2,179.7,324.2,270.5,7.2,0.0,19.2,1045.7,1045.8,950.5999999999999,0.909,1152.66,980.6766666666666,0.8501333333333334
BIHAR,1992,2.6,3.1,0.1,2.6,61.1,83.9,284.8,219.2,85.9,52.4,1.4,0.4,797.6,797.5,673.8000000000001,0.8449,1152.66,980.6766666666666,0.8501333333333334
BIHAR,1993,9.4,4.0,24.5,24.5,51.1,154.8,209.1,357.3,320.0,34.3,19.3,0.1,1208.3,1208.3999999999999,1041.2,0.8616,1152.66,980.6766666666666,0.8501333333333334
BIHAR,1994,28.3,29.1,1.0,7.0,32.7,130.9,217.7,257.6,226.5,32.9,4.4,1.2,969.4,969.3,832.7,0.8591,1152.66,980.6766666666666,0.8501333333333334
BIHAR,1995,6.8,11.6,2.0,0.1,6.7,162.9,227.5,335.7,279.1,11.4,44.4,23.8,1111.9,1112.0000000000002,1005.1999999999999,0.904,1152.66,980.6766666666666,0.8501333333333334
BIHAR,1996,26.0,21.7,0.2,3.0,18.2,220.1,238.5,350.9,162.5,66.2,0.0,0.0,1107.2,1107.3,972.0,0.8778,1152.66,980.6766666666666,0.8501333333333334
BIHAR,1997,10.5,1.1,2.9,29.3,42.2,211.0,463.9,287.6,185.8,27.8,11.0,30.6,1303.7,1303.6999999999998,1148.3,0.8808,1152.66,980.6766666666666,0.8501333333333334
BIHAR,1998,8.4,11.2,23.6,26.6,38.2,96.6,465.1,377.4,188.0,83.0,14.5,0.0,1332.5,1332.6,1127.1,0.8458,1152.66,980.6766666666666,0.8501333333333334
BIHAR,1999,0.1,0.2,0.4,3.8,83.6,265.1,380.8,347.5,199.6,114.1,6.9,0.6,1402.7,1402.6999999999998,1193.0,0.8505,1152.66,980.6766666666666,0.8501333333333334
BIHAR,2000,0.5,12.1,3.6,37.2,96.2,267.2,264.3,201.4,314.8,9.6,0.0,0.1,1207.0,1206.9999999999998,1047.7,0.868,1152.66,980.6766666666666,0.8501333333333334
BIHAR,2001,1.0,0.5,3.0,12.6,98.4,224.4,224.7,225.9,274.8,181.3,0.5,0.0,1247.0,1247.1,949.8,0.7616,1152.66,980.6766666666666,0.8501333333333334
BIHAR,2002,13.4,11.3,2.2,25.0,74.8,116.6,386.1,247.7,192.8,33.8,1.4,0.7,1105.8,1105.8000000000002,943.2,0.853,1152.66,980.6766666666666,0.8501333333333334
BIHAR,2003,13.2,39.7,10.2,21.9,41.4,230.9,356.8,310.6,183.9,142.0,0.2,3.0,1353.9,1353.8000000000002,1082.2,0.7994,1152.66,980.6766666666666,0.8501333333333334
BIHAR,2004,22.7,2.1,2.2,32.0,72.7,246.8,418.4,175.9,115.3,56.4,3.1,0.0,1147.8,1147.6,956.4,0.8334,1152.66,980.6766666666666,0.8501333333333334
BIHAR,2005,13.9,14.3,12.1,7.7,28.6,82.5,300.0,309.1,105.1,34.3,0.0,0.2,907.8,907.8000000000001,796.7,0.8776,1152.66,980.6766666666666,0.8501333333333334
BIHAR,2006,0.1,0.0,1.9,19.2,73.2,200.0,290.7,160.4,285.2,17.6,2.9,1.6,1052.8,1052.7999999999997,936.3,0.8893,1152.66,980.6766666666666,0.8501333333333334
BIHAR,2007,0.2,34.2,25.4,20.3,94.4,170.4,549.4,340.6,309.0,39.6,9.1,7.5,1600.2,1600.1,1369.4,0.8558,1152.66,980.6766666666666,0.8501333333333334
BIHAR,2008,25.6,4.4,3.2,10.4,48.9,291.2,397.2,278.1,117.1,21.4,0.1,0.0,1197.7,1197.6,1083.6,0.9048,1152.66,980.6766666666666,0.8501333333333334
BIHAR,2009,0.3,0.4,1.1,2.9,98.5,67.7,213.6,298.9,127.6,72.6,5.1,0.8,889.3,889.5,707.8000000000001,0.7957,1152.66,980.6766666666666,0.8501333333333334
BIHAR,2010,0.1,1.1,0.2,6.5,44.4,80.9,191.2,158.4,105.7,33.6,5.0,2.1,629.2,629.2,536.2,0.8522,1152.66,980.6766666666666,0.8501333333333334
BIHAR,2011,4.2,7.7,9.2,23.9,74.5,211.0,241.1,278.7,234.1,10.0,2.0,0.9,1097.1,1097.3,964.9,0.8793,1152.66,980.6766666666666,0.8501333333333334
BIHAR,2012,18.1,2.7,7.3,20.4,18.8,96.2,354.0,240.4,233.8,34.3,6.4,0.0,1032.4,1032.4,924.4000000000001,0.8954,1152.66,980.6766666666666,0.8501333333333334
BIHAR,2013,5.1,22.6,0.6,32.3,89.5,183.3,182.0,213.6,143.3,197.1,0.4,0.0,1069.9,1069.8,722.2,0.6751,1152.66,980.6766666666666,0.8501333333333334
BIHAR,2014,17.0,33.5,8.4,0.7,103.9,115.2,265.4,307.6,160.3,47.8,0.0,1.2,1061.0,1061.0,848.5,0.7997,1152.66,980.6766666666666,0.8501333333333334
BIHAR,2015,12.8,1.8,27.2,38.7,39.5,122.1,231.5,287.0,101.7,10.4,0.0,0.0,872.7,872.7,742.3000000000001,0.8506,1152.66,980.6766666666666,0.8501333333333334
EAST UTTAR PRADESH,1901,62.6,31.3,8.2,1.1,13.6,21.8,226.5,285.6,215.4,4.9,0.1,2.1,873.2,873.2,749.3000000000001,0.8581,832.1333333333333,734.4966666666667,0.8808266666666668
EAST UTTAR PRADESH,1902,6.1,2.3,2.4,2.0,21.4,32.5,411.5,155.4,257.2,13.2,1.2,0.0,905.2,905.2,856.5999999999999,0.9463,832.1333333333333,734.4966666666667,0.8808266666666668
EAST UTTAR PRADESH,1903,8.2,0.4,1.3,0.7,15.3,71.6,115.3,420.2,258.7,324.7,0.0,0.0,1216.4,1216.4,865.8,0.7118,832.1333333333333,734.4966666666667,0.8808266666666668
EAST UTTAR PRADESH,1904,7.3,1.5,8.3,0.4,28.7,148.0,359.4,328.8,95.0,50.6,17.0,26.3,1071.2,1071.2999999999997,931.2,0.8692,832.1333333333333,734.4966666666667,0.8808266666666668
EAST UTTAR PRADESH,1905,16.8,23.6,20.0,5.4,15.4,17.3,302.4,316.2,169.5,3.3,0.0,1.6,891.6,891.4999999999999,805.4,0.9034,832.1333333333333,734.4966666666667,0.8808266666666668
EAST UTTAR PRADESH,1906,5.7,58.2,6.7,0.0,13.5,140.6,341.2,290.9,135.5,5.1,0.0,0.1,997.7,997.5,908.1999999999999,0.9105,832.1333333333333,734.4966666666667,0.8808266666666668
EAST UTTAR PRADESH,1907,2.1,74.9,19.2,20.3,11.1,48.6,173.5,290.9,25.7,0.0,0.0,0.1,666.3,666.4,538.7,0.8084,832.1333333333333,734.4966666666667,0.8808266666666668
EAST UTTAR PRADESH,1908,19.2,15.7,7.7,0.8,5.2,63.3,230.5,304.0,86.1,11.9,0.0,0.3,744.7,744.6999999999999,683.9,0.9184,832.1333333333333,734.4966666666667,0.8808266666666668
EAST UTTAR PRADESH,1909,8.4,5.4,0.0,66.6,6.6,248.9,399.0,206.9,135.3,9.0,0.0,20.5,1106.9,1106.6,990.0999999999999,0.8947,832.1333333333333,734.4966666666667,0.8808266666666668
EAST UTTAR PRADESH,1910,4.4,0.2,0.5,1.6,28.6,163.8,231.1,341.4,213.5,103.0,28.0,0.2,1116.4,1116.3,949.8,0.8508,832.1333333333333,734.4966666666667,0.8808266666666668
EAST UTTAR PRADESH,1911,40.1,0.1,29.1,2.2,4.0,121.8,85.9,320.7,373.4,99.4,37.1,0.1,1113.9,1113.8999999999999,901.8,0.8096,832.1333333333333,734.4966666666667,0.8808266666666668
EAST UTTAR PRADESH,1912,16.0,7.3,6.5,5.7,18.8,60.6,336.5,279.1,117.6,0.7,30.2,0.5,879.6,879.5000000000001,793.8000000000001,0.9026,832.1333333333333,734.4966666666667,0.8808266666666668
EAST UTTAR PRADESH,1913,0.6,37.1,32.0,0.5,68.7,175.0,222.0,200.0,95.7,15.5,0.0,14.5,861.4,861.6,692.7,0.804,832.1333333333333,734.4966666666667,0.8808266666666668
EAST UTTAR PRADESH,1914,1.3,16.1,21.8,8.3,55.3,37.2,407.7,346.1,92.1,2.6,0.1,0.2,988.8,988.8000000000002,883.1,0.8931,832.1333333333333,734.4966666666667,0.8808266666666668
EAST UTTAR PRADESH,1915,12.5,45.5,25.6,5.8,20.1,107.9,285.4,417.2,387.4,98.6,1.9,1.9,1409.8,1409.8000000000002,1197.9,0.8497,832.1333333333333,734.4966666666667,0.8808266666666668
EAST UTTAR PRADESH,1916,0.0,20.1,0.0,6.9,7.3,243.5,314.8,351.2,197.4,55.5,5.1,0.0,1201.9,1201.8,1106.9,0.921,832.1333333333333,734.4966666666667,0.8808266666666668
EAST UTTAR PRADESH,1917,7.9,32.2,8.4,3.9,43.8,171.4,356.7,230.0,302.2,55.4,0.0,4.6,1216.5,1216.5,1060.3,0.8716,832.1333333333333,734.4966666666667,0.8808266666666668
EAST UTTAR PRADESH,1918,0.6,0.1,5.3,4.3,20.3,142.0,110.4,261.6,104.0,0.1,1.1,0.9,650.7,650.7,618.0,0.9497,832.1333333333333,734.4966666666667,0.8808266666666668
EAST UTTAR PRADESH,1919,46.2,9.6,2.9,6.5,12.2,68.8,347.4,237.4,228.9,59.1,0.1,4.4,1023.4,1023.5,882.5,0.8622,832.1333333333333,734.4966666666667,0.8808266666666668
EAST UTTAR PRADESH,1920,0.0,12.5,13.6,0.8,16.0,86.2,468.4,161.4,98.2,3.1,0.0,0.0,860.2,860.2,814.2,0.9465,832.1333333333333,734.4966666666667,0.8808266666666668
EAST UTTAR PRADESH,1921,41.2,0.7,2.5,8.5,0.5,166.8,203.6,460.7,218.2,11.1,0.0,1.0,1114.7,1114.8,1049.3,0.9412,832.1333333333333,734.4966666666667,0.8808266666666668
EAST UTTAR PRADESH,1922,27.6,5.7,0.0,4.4,2.9,130.2,436.8,438.1,299.1,3.1,0.6,15.5,1364.0,1364.0,1304.2,0.9562,832.1333333333333,734.4966666666667,0.8808266666666668
EAST UTTAR PRADESH,1923,1.2,38.1,0.1,0.1,5.4,41.9,276.6,340.5,261.7,93.2,1.0,16.2,1076.2,1076.0000000000002,920.7,0.8557,832.1333333333333,734.4966666666667,0.8808266666666668
EAST UTTAR PRADESH,1924,11.5,7.3,1.0,0.2,2.2,42.1,500.9,239.9,266.3,29.2,11.1,8.3,1119.9,1119.9999999999998,1049.2,0.9368,832.1333333333333,734.4966666666667,0.8808266666666668
EAST UTTAR PRADESH,1925,5.2,0.0,0.4,16.7,20.9,140.8,443.9,236.3,233.1,6.0,10.9,0.0,1114.1,1114.2,1054.1,0.9461,832.1333333333333,734.4966666666667,0.8808266666666668
EAST UTTAR PRADESH,1926,11.3,2.5,44.6,14.0,19.0,18.7,365.5,259.8,225.2,26.8,0.5,1.5,989.5,989.4000000000001,869.2,0.8785,832.1333333333333,734.4966666666667,0.8808266666666668
EAST UTTAR PRADESH,1927,6.4,21.3,15.5,1.6,29.7,67.8,280.5,306.3,151.8,73.4,72.9,3.9,1031.2,1031.1000000000001,806.4000000000001,0.7821,832.1333333333333,734.4966666666667,0.8808266666666668
EAST UTTAR PRADESH,1928,24.9,84.3,0.7,12.7,11.7,118.4,290.8,112.1,65.2,68.6,0.3,15.1,804.8,804.8000000000001,586.5000000000001,0.7288,832.1333333333333,734.4966666666667,0.8808266666666668
EAST UTTAR PRADESH,1929,42.4,1.4,13.0,1.7,6.6,163.7,286.7,354.6,48.5,53.3,0.0,43.0,1014.8,1014.9,853.5,0.841,832.1333333333333,734.4966666666667,0.8808266666666668
EAST UTTAR PRADESH,1930,11.3,16.8,5.2,3.5,6.1,54.2,367.0,265.0,284.8,38.6,3.5,13.4,1069.5,1069.4,971.0,0.908,832.1333333333333,734.4966666666667,0.8808266666666668
EAST UTTAR PRADESH,1931,0.5,27.4,1.8,0.2,8.6,36.8,297.0,240.2,332.0,102.3,0.2,0.1,1047.1,1047.1,906.0,0.8652,832.1333333333333,734.4966666666667,0.8808266666666668
EAST UTTAR PRADESH,1932,0.0,5.5,2.2,1.4,7.6,89.4,170.1,287.4,125.7,16.8,29.5,2.9,738.5,738.4999999999999,672.6,0.9108,832.1333333333333,734.4966666666667,0.8808266666666668
EAST UTTAR PRADESH,1933,14.8,18.5,2.9,37.0,46.8,128.0,223.7,247.3,158.1,100.5,0.0,0.0,977.5,977.6,757.1,0.7744,832.1333333333333,734.4966666666667,0.8808266666666668
EAST UTTAR PRADESH,1934,33.7,1.6,12.5,1.0,1.5,148.7,360.7,257.3,236.4,9.5,1.5,3.9,1068.4,1068.3000000000002,1003.1,0.939,832.1333333333333,734.4966666666667,0.8808266666666668
EAST UTTAR PRADESH,1935,19.9,18.0,0.0,10.8,0.2,73.9,259.0,325.3,198.1,0.0,0.0,14.6,919.8,919.8000000000001,856.3000000000001,0.931,832.1333333333333,734.4966666666667,0.8808266666666668
EAST UTTAR PRADESH,1936,6.3,31.1,4.1,4.6,24.2,219.5,598.8,354.2,252.5,28.4,3.3,18.4,1545.5,1545.4,1425.0,0.9221,832.1333333333333,734.4966666666667,0.8808266666666668
EAST UTTAR PRADESH,1937,0.0,58.3,1.4,6.0,21.2,94.9,313.5,363.9,102.2,70.5,0.1,3.3,1035.3,1035.3,874.5,0.8447,832.1333333333333,734.4966666666667,0.8808266666666668
EAST UTTAR PRADESH,1938,24.5,11.5,0.0,1.7,37.4,285.7,376.8,378.9,224.2,33.1,0.3,0.0,1374.2,1374.1,1265.6000000000001,0.921,832.1333333333333,734.4966666666667,0.8808266666666668
EAST UTTAR PRADESH,1939,14.0,21.0,4.3,1.1,2.5,146.8,284.4,227.6,222.6,20.7,0.0,0.0,945.0,945.0000000000001,881.4,0.9327,832.1333333333333,734.4966666666667,0.8808266666666668
EAST UTTAR PRADESH,1940,8.3,20.9,31.5,5.0,10.5,66.2,256.7,315.2,121.0,5.9,0.0,25.8,866.8,866.9999999999999,759.0999999999999,0.8755,832.1333333333333,734.4966666666667,0.8808266666666668
EAST UTTAR PRADESH,1941,19.0,5.6,0.4,0.2,19.1,138.3,142.8,297.5,171.0,4.0,0.2,0.0,798.2,798.1000000000001,749.6,0.9392,832.1333333333333,734.4966666666667,0.8808266666666668
EAST UTTAR PRADESH,1942,56.2,55.8,7.9,4.7,4.9,99.6,277.8,312.4,203.0,0.2,0.0,6.2,1028.6,1028.7,892.8,0.8679,832.1333333333333,734.4966666666667,0.8808266666666668
EAST UTTAR PRADESH,1943,24.3,7.3,0.1,20.7,15.6,75.4,231.3,444.4,266.5,15.4,0.0,0.0,1101.1,1101.0,1017.6,0.9243,832.1333333333333,734.4966666666667,0.8808266666666668
EAST UTTAR PRADESH,1944,19.2,41.6,63.7,12.4,6.3,105.9,278.4,304.7,178.5,47.5,0.0,3.2,1061.5,1061.4,867.5,0.8173,832.1333333333333,734.4966666666667,0.8808266666666668
EAST UTTAR PRADESH,1945,46.5,1.8,1.7,14.9,12.0,70.3,239.3,211.5,267.9,108.9,0.0,5.7,980.4,980.5,789.0,0.8047,832.1333333333333,734.4966666666667,0.8808266666666668
EAST UTTAR PRADESH,1946,0.0,25.7,0.5,26.9,35.0,88.2,395.5,219.5,142.6,92.5,10.5,2.0,1038.9,1038.9,845.8000000000001,0.8141,832.1333333333333,734.4966666666667,0.8808266666666668
EAST UTTAR PRADESH,1947,17.3,7.3,11.3,0.7,14.5,88.0,419.4,229.5,189.0,27.7,0.0,1.6,1006.3,1006.3000000000001,925.9,0.9201,832.1333333333333,734.4966666666667,0.8808266666666668
EAST UTTAR PRADESH,1948,28.3,9.9,0.5,0.7,14.0,100.2,420.4,391.7,275.5,66.8,15.1,0.0,1323.1,1323.1,1187.8,0.8977,832.1333333333333,734.4966666666667,0.8808266666666668
EAST UTTAR PRADESH,1949,3.8,41.3,1.2,3.8,28.5,52.7,287.8,352.4,272.4,86.7,0.5,0.0,1131.0,1131.1000000000001,965.3,0.8534,832.1333333333333,734.4966666666667,0.8808266666666668
EAST UTTAR PRADESH,1950,28.8,7.5,19.8,0.2,10.6,147.1,250.9,366.8,91.2,3.3,0.1,25.1,951.4,951.4000000000001,856.0,0.8997,832.1333333333333,734.4966666666667,0.8808266666666668
EAST UTTAR PRADESH,1951,27.4,10.9,21.6,6.1,2.5,114.4,139.2,247.4,168.3,12.7,2.0,0.1,752.5,752.6,669.3,0.8893,832.1333333333333,734.4966666666667,0.8808266666666668
EAST UTTAR PRADESH,1952,2.8,12.8,33.7,2.7,9.4,244.8,161.9,350.1,110.8,4.4,0.0,2.6,935.9,936.0,867.6,0.9269,832.1333333333333,734.4966666666667,0.8808266666666668
EAST UTTAR PRADESH,1953,32.4,6.3,1.3,3.4,14.9,138.4,497.5,323.7,243.6,3.6,0.0,1.7,1266.9,1266.8,1203.1999999999998,0.9498,832.1333333333333,734.4966666666667,0.8808266666666668
EAST UTTAR PRADESH,1954,36.5,32.1,1.7,0.0,3.6,65.2,309.9,300.4,186.5,33.6,0.0,0.2,969.7,969.7,862.0,0.8889,832.1333333333333,734.4966666666667,0.8808266666666668
EAST UTTAR PRADESH,1955,34.4,9.6,1.2,1.9,4.5,202.1,529.9,310.8,230.7,99.1,0.0,0.1,1424.3,1424.2999999999997,1273.5,0.8941,832.1333333333333,734.4966666666667,0.8808266666666668
EAST UTTAR PRADESH,1956,21.5,5.7,12.3,1.2,39.7,165.2,220.3,281.1,292.3,167.2,38.9,8.7,1254.1,1254.1000000000001,958.9000000000001,0.7646,832.1333333333333,734.4966666666667,0.8808266666666668
EAST UTTAR PRADESH,1957,44.2,0.4,18.0,1.0,1.0,56.4,367.3,293.5,163.3,5.1,0.1,5.4,955.7,955.6999999999999,880.5,0.9213,832.1333333333333,734.4966666666667,0.8808266666666668
EAST UTTAR PRADESH,1958,14.6,3.2,5.8,4.4,1.3,52.6,247.3,388.5,184.4,111.9,0.0,2.9,1016.9,1016.9,872.8000000000001,0.8583,832.1333333333333,734.4966666666667,0.8808266666666668
EAST UTTAR PRADESH,1959,53.2,4.2,4.8,4.1,36.0,44.4,234.1,274.6,85.9,125.9,2.0,0.0,869.2,869.1999999999999,639.0,0.7352,832.1333333333333,734.4966666666667,0.8808266666666668
EAST UTTAR PRADESH,1960,9.6,0.1,36.3,2.9,5.9,75.2,411.0,317.2,174.5,136.7,0.6,0.0,1170.0,1170.0,977.9,0.8358,832.1333333333333,734.4966666666667,0.8808266666666668
EAST UTTAR PRADESH,1961,24.7,25.6,0.0,1.6,6.6,92.7,285.1,407.0,154.8,203.5,0.6,11.9,1214.3,1214.1,939.5999999999999,0.7739,832.1333333333333,734.4966666666667,0.8808266666666668
EAST UTTAR PRADESH,1962,28.6,17.0,9.2,4.8,3.2,81.7,226.3,428.1,265.4,2.3,0.0,5.4,1072.0,1072.0000000000002,1001.5,0.9342,832.1333333333333,734.4966666666667,0.8808266666666668
EAST UTTAR PRADESH,1963,14.8,2.4,10.0,8.6,19.4,99.9,320.8,339.9,146.1,24.9,8.0,1.7,996.3,996.5,906.7,0.9099,832.1333333333333,734.4966666666667,0.8808266666666668
EAST UTTAR PRADESH,1964,1.6,6.6,0.2,3.7,43.4,82.9,398.7,179.9,292.2,18.3,0.8,8.5,1036.6,1036.8,953.7,0.9198,832.1333333333333,734.4966666666667,0.8808266666666668
EAST UTTAR PRADESH,1965,2.1,0.7,9.9,19.3,2.7,21.4,204.5,213.6,161.7,47.9,0.5,1.2,685.5,685.5000000000001,601.2,0.877,832.1333333333333,734.4966666666667,0.8808266666666668
EAST UTTAR PRADESH,1966,13.5,8.8,0.2,0.0,8.4,185.7,149.3,274.3,23.1,15.0,18.3,11.1,707.8,707.7,632.4,0.8936,832.1333333333333,734.4966666666667,0.8808266666666668
EAST UTTAR PRADESH,1967,2.1,0.1,30.5,9.2,8.1,81.0,264.7,443.3,155.9,2.7,0.7,31.0,1029.4,1029.3000000000002,944.9,0.918,832.1333333333333,734.4966666666667,0.8808266666666668
EAST UTTAR PRADESH,1968,28.8,5.5,4.5,2.6,1.7,95.1,311.3,251.1,104.1,32.9,0.0,2.3,840.0,839.9,761.6,0.9068,832.1333333333333,734.4966666666667,0.8808266666666668
EAST UTTAR PRADESH,1969,2.8,2.6,2.9,7.0,37.3,59.2,370.1,322.2,200.5,6.8,13.3,0.0,1024.6,1024.7,952.0,0.9291,832.1333333333333,734.4966666666667,0.8808266666666668
EAST UTTAR PRADESH,1970,31.3,41.3,8.4,2.1,30.3,178.1,197.9,226.1,365.5,51.2,0.1,0.0,1132.3,1132.3,967.6,0.8545,832.1333333333333,734.4966666666667,0.8808266666666668
EAST UTTAR PRADESH,1971,15.7,11.6,7.1,39.6,54.5,202.5,295.3,386.7,221.8,75.8,0.5,0.0,1311.1,1311.1,1106.3,0.8438,832.1333333333333,734.4966666666667,0.8808266666666668
EAST UTTAR PRADESH,1972,9.7,23.4,3.0,1.1,1.0,26.9,185.8,208.3,167.8,24.6,14.8,0.4,666.9,666.8,588.8,0.883,832.1333333333333,734.4966666666667,0.8808266666666668
EAST UTTAR PRADESH,1973,11.7,18.3,0.7,0.0,17.9,119.7,245.1,257.8,174.5,109.7,0.1,0.1,955.7,955.6000000000001,797.1,0.8341,832.1333333333333,734.4966666666667,0.8808266666666668
EAST UTTAR PRADESH,1974,0.5,3.2,4.9,0.2,7.0,53.3,375.6,257.4,126.6,38.2,1.5,13.7,882.2,882.1000000000001,812.9,0.9216,832.1333333333333,734.4966666666667,0.8808266666666668
EAST UTTAR PRADESH,1975,13.5,7.6,13.1,0.8,8.0,234.9,405.9,312.5,188.9,40.3,0.0,0.0,1225.5,1225.5,1142.2,0.932,832.1333333333333,734.4966666666667,0.8808266666666668
EAST UTTAR PRADESH,1976,6.1,3.5,0.2,5.7,23.4,61.4,254.0,309.3,254.8,4.8,0.3,0.1,923.5,923.6,879.5,0.9523,832.1333333333333,734.4966666666667,0.8808266666666668
EAST UTTAR PRADESH,1977,10.3,3.7,0.1,9.8,30.9,57.9,397.2,193.5,128.5,66.4,0.7,15.1,914.1,914.1,777.0999999999999,0.8501,832.1333333333333,734.4966666666667,0.8808266666666668
EAST UTTAR PRADESH,1978,27.9,27.2,31.6,9.6,6.5,187.1,327.2,262.6,219.1,12.2,1.6,3.9,1116.3,1116.5,996.0,0.8921,832.1333333333333,734.4966666666667,0.8808266666666668
EAST UTTAR PRADESH,1979,27.6,30.6,2.3,6.8,12.0,85.2,320.6,118.1,31.6,18.5,33.6,9.6,696.5,696.5000000000001,555.5,0.7976,832.1333333333333,734.4966666666667,0.8808266666666668
EAST UTTAR PRADESH,1980,3.0,4.2,8.9,0.3,15.5,153.4,553.1,449.7,269.8,19.8,0.2,10.7,1488.5,1488.6000000000001,1426.0,0.9579,832.1333333333333,734.4966666666667,0.8808266666666668
EAST UTTAR PRADESH,1981,19.6,3.7,11.8,4.8,29.2,80.0,436.0,216.8,293.0,1.4,10.9,3.1,1110.1,1110.3000000000002,1025.8,0.9239,832.1333333333333,734.4966666666667,0.8808266666666668
EAST UTTAR PRADESH,1982,34.7,9.9,40.3,11.1,44.9,120.1,215.2,316.6,281.9,10.4,20.5,5.0,1110.6,1110.6,933.8,0.8408,832.1333333333333,734.4966666666667,0.8808266666666668
EAST UTTAR PRADESH,1983,20.0,1.6,0.7,24.9,45.9,104.2,271.0,242.5,364.2,110.4,0.0,19.6,1204.8,1205.0,981.9000000000001,0.8149,832.1333333333333,734.4966666666667,0.8808266666666668
EAST UTTAR PRADESH,1984,24.0,23.5,1.4,9.4,10.7,286.9,329.7,203.7,164.1,18.5,0.0,4.7,1076.7,1076.6,984.4,0.9144,832.1333333333333,734.4966666666667,0.8808266666666668
EAST UTTAR PRADESH,1985,20.8,0.0,0.5,2.2,10.4,69.7,351.8,215.7,333.3,158.3,0.0,13.2,1175.9,1175.8999999999999,970.5,0.8253,832.1333333333333,734.4966666666667,0.8808266666666668
EAST UTTAR PRADESH,1986,7.1,36.5,0.9,5.6,26.0,116.9,301.0,245.3,121.2,31.6,1.0,42.5,935.3,935.6,784.4000000000001,0.8384,832.1333333333333,734.4966666666667,0.8808266666666668
EAST UTTAR PRADESH,1987,11.1,6.4,2.6,6.4,22.2,20.7,215.9,167.6,289.5,78.7,0.0,3.5,824.7,824.6,693.7,0.8413,832.1333333333333,734.4966666666667,0.8808266666666668
EAST UTTAR PRADESH,1988,2.3,11.1,17.4,14.0,17.4,107.0,375.4,365.0,102.3,54.7,0.0,18.5,1085.1,1085.1,949.6999999999999,0.8752,832.1333333333333,734.4966666666667,0.8808266666666668
EAST UTTAR PRADESH,1989,14.5,4.3,9.3,0.0,7.3,138.4,370.7,194.7,207.4,7.9,1.8,13.6,969.9,969.9,911.1999999999999,0.9395,832.1333333333333,734.4966666666667,0.8808266666666668
EAST UTTAR PRADESH,1990,0.0,42.6,9.5,1.8,42.3,135.7,488.8,212.2,153.9,12.0,0.0,7.4,1106.1,1106.2000000000003,990.6,0.8955,832.1333333333333,734.4966666666667,0.8808266666666668
EAST UTTAR PRADESH,1991,8.6,10.9,7.9,3.9,4.1,98.2,123.0,395.9,201.6,0.2,2.7,18.3,875.2,875.3000000000001,818.6999999999999,0.9353,832.1333333333333,734.4966666666667,0.8808266666666668
EAST UTTAR PRADESH,1992,9.0,8.7,0.3,1.2,14.0,51.4,243.3,233.2,191.1,103.9,7.3,0.0,863.4,863.3999999999999,719.0,0.8328,832.1333333333333,734.4966666666667,0.8808266666666668
EAST UTTAR PRADESH,1993,1.7,5.1,23.2,8.9,33.9,162.5,142.6,206.6,240.7,7.8,0.5,0.3,834.0,833.8,752.4000000000001,0.9024,832.1333333333333,734.4966666666667,0.8808266666666668
EAST UTTAR PRADESH,1994,22.2,24.7,0.1,9.5,7.6,127.5,230.8,300.1,177.5,10.0,0.3,0.0,910.2,910.3,835.9000000000001,0.9183,832.1333333333333,734.4966666666667,0.8808266666666668
EAST UTTAR PRADESH,1995,19.2,23.1,1.9,2.0,2.1,133.8,173.0,290.4,187.2,2.4,16.7,8.4,860.5,860.2,784.4000000000001,0.9119,832.1333333333333,734.4966666666667,0.8808266666666668
EAST UTTAR PRADESH,1996,55.6,39.6,0.6,2.5,1.2,145.1,201.0,337.9,147.1,79.8,0.0,0.0,1010.3,1010.4,831.1,0.8225,832.1333333333333,734.4966666666667,0.8808266666666668
EAST UTTAR PRADESH,1997,6.0,0.4,0.6,13.3,15.8,69.5,291.3,41.5,32.1,8.1,4.1,10.8,493.3,493.50000000000006,434.40000000000003,0.8802,832.1333333333333,734.4966666666667,0.8808266666666668
EAST UTTAR PRADESH,1998,9.5,8.6,14.2,6.6,20.1,55.4,218.3,247.0,63.8,14.5,3.0,0.0,661.0,661.0,584.5,0.8843,832.1333333333333,734.4966666666667,0.8808266666666668
EAST UTTAR PRADESH,1999,8.7,6.8,0.0,0.2,23.6,112.6,254.2,261.5,211.1,71.0,1.0,2.0,952.8,952.6999999999999,839.4,0.8811,832.1333333333333,734.4966666666667,0.8808266666666668
EAST UTTAR PRADESH,2000,2.6,5.3,2.9,10.5,38.6,199.1,240.9,204.7,222.7,1.3,18.1,0.2,946.8,946.9,867.4000000000001,0.916,832.1333333333333,734.4966666666667,0.8808266666666668
EAST UTTAR PRADESH,2001,1.1,1.4,1.3,4.2,26.7,229.0,294.0,185.9,152.1,75.3,2.8,0.0,973.8,973.8,861.0,0.8842,832.1333333333333,734.4966666666667,0.8808266666666668
EAST UTTAR PRADESH,2002,15.0,26.1,0.6,2.5,29.2,50.6,101.7,212.1,226.7,20.6,1.4,2.7,689.1,689.2,591.0999999999999,0.8577,832.1333333333333,734.4966666666667,0.8808266666666668
EAST UTTAR PRADESH,2003,13.8,36.9,2.6,8.8,2.0,124.9,255.2,301.4,333.8,7.6,0.0,9.3,1096.4,1096.2999999999997,1015.3,0.9261,832.1333333333333,734.4966666666667,0.8808266666666668
EAST UTTAR PRADESH,2004,22.8,1.8,0.0,8.7,25.8,161.0,219.5,147.6,126.5,33.0,0.1,0.1,746.9,746.9000000000001,654.6,0.8764,832.1333333333333,734.4966666666667,0.8808266666666668
EAST UTTAR PRADESH,2005,14.0,14.0,10.3,0.9,8.0,57.5,290.3,227.3,119.7,25.2,0.0,2.9,770.3,770.1,694.8000000000001,0.9022,832.1333333333333,734.4966666666667,0.8808266666666668
EAST UTTAR PRADESH,2006,0.0,0.0,10.7,7.8,27.1,107.4,269.1,146.7,51.5,9.1,1.2,1.5,632.1,632.1,574.7,0.9092,832.1333333333333,734.4966666666667,0.8808266666666668
EAST UTTAR PRADESH,2007,0.1,46.6,25.8,3.2,28.3,64.5,265.2,180.4,111.5,14.6,0.0,1.1,741.2,741.3000000000001,621.6,0.8385,832.1333333333333,734.4966666666667,0.8808266666666668
EAST UTTAR PRADESH,2008,3.1,2.4,0.2,3.0,16.1,223.7,341.6,239.6,112.7,10.3,0.6,0.0,953.4,953.3000000000001,917.6,0.9626,832.1333333333333,734.4966666666667,0.8808266666666668
EAST UTTAR PRADESH,2009,0.0,1.1,0.8,0.6,22.8,29.9,149.4,177.0,139.6,80.9,4.9,3.0,610.2,610.0,495.9,0.813,832.1333333333333,734.4966666666667,0.8808266666666668
EAST UTTAR PRADESH,2010,2.2,10.0,0.0,0.0,14.7,23.9,220.8,215.9,184.5,15.5,4.5,0.1,692.2,692.1,645.1,0.9321,832.1333333333333,734.4966666666667,0.8808266666666668
EAST UTTAR PRADESH,2011,1.0,2.7,1.6,2.9,32.2,163.8,197.9,232.1,146.4,0.6,0.0,0.0,781.2,781.2,740.2,0.9475,832.1333333333333,734.4966666666667,0.8808266666666668
EAST UTTAR PRADESH,2012,20.3,1.2,3.4,2.8,0.2,18.5,234.2,156.0,164.4,0.7,0.3,0.7,602.7,602.7,573.1,0.9509,832.1333333333333,734.4966666666667,0.8808266666666668
EAST UTTAR PRADESH,2013,6.1,59.6,2.7,8.7,1.1,309.7,230.0,246.1,78.2,97.4,0.5,1.1,1041.4,1041.2,864.0000000000001,0.8298,832.1333333333333,734.4966666666667,0.8808266666666668
EAST UTTAR PRADESH,2014,47.4,25.8,15.4,1.7,10.7,47.8,224.5,138.1,106.7,74.7,0.0,8.4,701.2,701.2,517.1,0.7375,832.1333333333333,734.4966666666667,0.8808266666666668
EAST UTTAR PRADESH,2015,30.0,4.1,48.2,23.2,8.6,95.3,179.0,175.8,21.9,11.8,0.5,4.9,603.3,603.3,472.0,0.7824,832.1333333333333,734.4966666666667,0.8808266666666668
WEST UTTAR PRADESH,1901,51.4,25.6,9.5,0.7,5.6,23.8,201.9,374.3,67.7,7.6,0.0,7.9,775.9,776.0,667.7,0.8604,725.4133333333334,637.1,0.8710066666666666
WEST UTTAR PRADESH,1902,4.6,4.6,0.6,4.8,7.2,54.5,325.9,180.6,143.1,9.6,0.9,0.2,736.6,736.6,704.1,0.9559,725.4133333333334,637.1,0.8710066666666666
WEST UTTAR PRADESH,1903,13.4,0.4,1.2,0.0,8.2,32.7,145.4,279.1,150.4,177.3,0.0,0.4,808.4,808.5000000000001,607.6,0.7515,725.4133333333334,637.1,0.8710066666666666
WEST UTTAR PRADESH,1904,6.3,2.0,29.7,0.4,24.8,68.5,358.8,311.1,97.1,2.7,15.7,28.2,945.2,945.3000000000002,835.5000000000001,0.8838,725.4133333333334,637.1,0.8710066666666666
WEST UTTAR PRADESH,1905,32.3,26.6,14.8,3.6,7.1,18.9,139.8,95.0,92.2,0.2,0.0,2.9,433.5,433.4,345.90000000000003,0.7981,725.4133333333334,637.1,0.8710066666666666
WEST UTTAR PRADESH,1906,3.3,63.2,21.5,0.2,3.4,206.5,240.5,172.6,260.6,1.1,0.0,5.7,978.7,978.6000000000001,880.2,0.8994,725.4133333333334,637.1,0.8710066666666666
WEST UTTAR PRADESH,1907,13.8,64.8,17.6,27.2,9.6,15.8,176.5,263.9,0.5,0.0,0.0,0.0,589.5,589.7,456.7,0.7745,725.4133333333334,637.1,0.8710066666666666
WEST UTTAR PRADESH,1908,22.4,11.4,1.7,1.9,12.0,44.4,325.2,409.1,35.8,0.2,0.7,1.3,866.3,866.1,814.5,0.9404,725.4133333333334,637.1,0.8710066666666666
WEST UTTAR PRADESH,1909,16.7,6.1,0.1,69.0,2.8,163.3,350.6,155.1,106.8,1.1,0.0,31.4,903.0,903.0,775.8000000000001,0.8591,725.4133333333334,637.1,0.8710066666666666
WEST UTTAR PRADESH,1910,11.1,2.5,0.0,1.4,13.5,88.0,120.3,274.5,205.4,149.5,9.1,0.4,875.9,875.7,688.2,0.7859,725.4133333333334,637.1,0.8710066666666666
WEST UTTAR PRADESH,1911,63.8,0.5,31.6,0.8,0.3,58.8,57.4,135.6,346.2,17.2,38.9,0.6,751.6,751.7,598.0,0.7955,725.4133333333334,637.1,0.8710066666666666
WEST UTTAR PRADESH,1912,24.5,6.0,8.5,4.1,5.0,27.5,238.1,224.8,254.8,0.1,9.5,1.4,804.5,804.3,745.2,0.9265,725.4133333333334,637.1,0.8710066666666666
WEST UTTAR PRADESH,1913,0.2,37.4,27.0,1.8,52.0,124.2,123.7,101.2,19.7,0.9,0.7,6.4,495.3,495.19999999999993,368.8,0.7447,725.4133333333334,637.1,0.8710066666666666
WEST UTTAR PRADESH,1914,0.1,8.5,21.8,17.9,30.5,48.3,335.2,195.6,212.8,11.3,5.5,0.0,887.5,887.5,791.9000000000001,0.8923,725.4133333333334,637.1,0.8710066666666666
WEST UTTAR PRADESH,1915,20.2,60.7,50.3,7.4,11.9,58.5,196.0,241.3,136.0,18.4,0.0,1.8,802.5,802.4999999999999,631.8,0.7873,725.4133333333334,637.1,0.8710066666666666
WEST UTTAR PRADESH,1916,0.1,17.9,0.0,2.5,10.4,139.9,299.7,356.9,230.5,48.9,7.4,0.0,1114.2,1114.2000000000003,1027.0,0.9217,725.4133333333334,637.1,0.8710066666666666
WEST UTTAR PRADESH,1917,9.7,25.6,11.7,16.8,48.5,101.8,298.1,235.5,288.9,80.1,0.0,3.5,1120.2,1120.1999999999998,924.3000000000001,0.8251,725.4133333333334,637.1,0.8710066666666666
WEST UTTAR PRADESH,1918,7.2,0.7,10.9,4.9,5.5,83.6,72.9,161.0,20.3,0.2,4.1,0.6,371.9,371.90000000000003,337.8,0.9083,725.4133333333334,637.1,0.8710066666666666
WEST UTTAR PRADESH,1919,68.6,4.4,3.3,5.8,14.2,19.5,311.4,381.6,129.6,12.1,3.7,14.7,969.1,968.9000000000001,842.1,0.8691,725.4133333333334,637.1,0.8710066666666666
WEST UTTAR PRADESH,1920,5.2,9.3,9.7,0.4,19.6,128.1,332.4,88.2,28.1,1.8,0.0,0.0,622.8,622.8,576.8000000000001,0.9261,725.4133333333334,637.1,0.8710066666666666
WEST UTTAR PRADESH,1921,50.0,0.7,1.1,3.4,0.5,141.8,164.5,384.6,232.7,12.6,0.0,0.3,992.3,992.1999999999999,923.6000000000001,0.9309,725.4133333333334,637.1,0.8710066666666666
WEST UTTAR PRADESH,1922,36.8,4.1,0.0,1.6,2.6,77.6,326.3,336.9,190.7,2.9,0.9,20.4,1000.8,1000.7999999999998,931.5,0.9308,725.4133333333334,637.1,0.8710066666666666
WEST UTTAR PRADESH,1923,4.9,39.7,0.3,0.0,7.4,8.1,209.8,350.4,204.1,39.7,1.4,36.4,902.3,902.1999999999999,772.4,0.8561,725.4133333333334,637.1,0.8710066666666666
WEST UTTAR PRADESH,1924,29.1,20.3,2.2,0.2,7.7,17.8,308.8,256.6,354.7,41.7,1.6,23.4,1064.1,1064.1000000000001,937.9000000000001,0.8814,725.4133333333334,637.1,0.8710066666666666
WEST UTTAR PRADESH,1925,4.2,0.2,0.1,5.5,12.5,207.5,403.3,227.0,58.5,5.3,19.8,0.0,943.8,943.8999999999999,896.3,0.9496,725.4133333333334,637.1,0.8710066666666666
WEST UTTAR PRADESH,1926,13.0,8.2,53.7,14.6,24.9,15.9,282.3,312.4,168.2,22.2,1.3,0.4,917.0,917.1,778.8,0.8492,725.4133333333334,637.1,0.8710066666666666
WEST UTTAR PRADESH,1927,0.0,23.0,19.2,4.4,19.1,73.4,252.6,316.0,66.7,104.4,42.0,13.4,934.2,934.2,708.7,0.7586,725.4133333333334,637.1,0.8710066666666666
WEST UTTAR PRADESH,1928,28.6,89.9,1.9,7.8,8.6,55.9,262.4,85.1,33.7,43.2,8.6,18.9,644.6,644.6000000000001,437.09999999999997,0.6781,725.4133333333334,637.1,0.8710066666666666
WEST UTTAR PRADESH,1929,26.3,2.5,1.9,5.7,1.5,83.0,210.7,234.7,32.7,18.4,0.8,32.2,650.1,650.4,561.1,0.8627,725.4133333333334,637.1,0.8710066666666666
WEST UTTAR PRADESH,1930,23.8,18.3,0.6,2.6,4.3,64.0,369.6,219.7,50.4,30.9,0.2,4.0,788.1,788.4000000000001,703.6999999999999,0.8926,725.4133333333334,637.1,0.8710066666666666
WEST UTTAR PRADESH,1931,0.5,25.9,6.3,0.4,6.3,16.2,217.0,224.3,349.5,84.0,0.2,0.2,930.8,930.8000000000002,807.0,0.867,725.4133333333334,637.1,0.8710066666666666
WEST UTTAR PRADESH,1932,0.0,4.2,13.0,4.2,2.9,24.3,175.3,178.7,286.7,0.1,8.6,7.9,706.0,705.9,665.0,0.9421,725.4133333333334,637.1,0.8710066666666666
WEST UTTAR PRADESH,1933,5.5,14.7,6.0,19.6,33.3,239.0,205.5,224.0,199.6,85.9,1.0,1.4,1035.3,1035.5000000000002,868.1,0.8383,725.4133333333334,637.1,0.8710066666666666
WEST UTTAR PRADESH,1934,28.1,1.8,27.7,1.0,0.9,120.7,217.2,343.3,144.1,1.0,0.8,11.1,897.7,897.7,825.3000000000001,0.9193,725.4133333333334,637.1,0.8710066666666666
WEST UTTAR PRADESH,1935,28.4,22.0,2.8,15.9,0.2,16.8,321.4,170.9,174.6,2.3,2.9,26.5,784.6,784.6999999999999,683.7,0.8713,725.4133333333334,637.1,0.8710066666666666
WEST UTTAR PRADESH,1936,3.5,16.9,11.9,2.5,17.5,291.2,353.9,284.1,194.1,1.5,12.9,28.6,1218.4,1218.6,1123.3,0.9218,725.4133333333334,637.1,0.8710066666666666
WEST UTTAR PRADESH,1937,0.3,64.6,1.8,11.5,10.5,66.1,211.8,164.8,131.7,2.2,0.9,10.7,676.7,676.9000000000002,574.4,0.8486,725.4133333333334,637.1,0.8710066666666666
WEST UTTAR PRADESH,1938,39.2,5.9,0.1,1.1,7.9,158.8,273.6,182.2,42.6,18.5,0.5,0.0,730.4,730.4,657.2,0.8998,725.4133333333334,637.1,0.8710066666666666
WEST UTTAR PRADESH,1939,8.0,21.2,6.3,0.6,2.9,130.2,235.5,101.7,211.5,3.2,0.0,0.0,721.1,721.1,678.9,0.9415,725.4133333333334,637.1,0.8710066666666666
WEST UTTAR PRADESH,1940,21.1,39.3,19.1,5.8,5.7,40.4,232.4,348.7,53.9,1.5,0.2,15.8,783.9,783.9,675.4,0.8616,725.4133333333334,637.1,0.8710066666666666
WEST UTTAR PRADESH,1941,35.6,8.3,1.6,0.0,16.0,87.6,56.2,221.6,83.0,4.4,0.0,2.0,516.4,516.3,448.4,0.8685,725.4133333333334,637.1,0.8710066666666666
WEST UTTAR PRADESH,1942,33.2,54.3,1.3,5.9,5.4,98.0,362.4,320.1,193.9,0.0,0.0,13.7,1088.2,1088.2,974.4,0.8954,725.4133333333334,637.1,0.8710066666666666
WEST UTTAR PRADESH,1943,25.8,0.5,2.8,13.9,11.2,75.7,186.6,379.5,149.8,4.5,0.0,0.1,850.4,850.4,791.5999999999999,0.9309,725.4133333333334,637.1,0.8710066666666666
WEST UTTAR PRADESH,1944,32.3,43.2,44.4,25.1,0.4,76.5,255.4,183.2,87.1,21.0,0.6,1.2,770.3,770.4000000000001,602.1999999999999,0.7817,725.4133333333334,637.1,0.8710066666666666
WEST UTTAR PRADESH,1945,35.5,0.0,0.5,4.6,4.4,31.0,309.5,260.0,278.8,41.6,0.0,0.1,966.0,966.0,879.3,0.9102,725.4133333333334,637.1,0.8710066666666666
WEST UTTAR PRADESH,1946,0.1,19.3,0.7,11.9,20.4,92.2,378.2,277.6,40.0,31.5,18.2,6.7,896.6,896.8000000000001,788.0,0.8787,725.4133333333334,637.1,0.8710066666666666
WEST UTTAR PRADESH,1947,18.1,12.2,11.0,0.2,2.9,47.4,237.3,197.8,263.6,11.1,0.0,7.4,809.2,809.0000000000001,746.1,0.9222,725.4133333333334,637.1,0.8710066666666666
WEST UTTAR PRADESH,1948,37.2,18.8,11.9,0.3,5.3,9.2,310.3,422.8,179.7,22.5,9.6,0.5,1028.1,1028.1,922.0,0.8968,725.4133333333334,637.1,0.8710066666666666
WEST UTTAR PRADESH,1949,0.6,38.3,3.4,3.2,10.7,14.5,339.0,267.7,207.8,21.3,0.0,0.1,906.7,906.6,829.0,0.9144,725.4133333333334,637.1,0.8710066666666666
WEST UTTAR PRADESH,1950,21.1,5.8,21.2,0.7,7.1,47.7,265.9,311.2,138.4,0.2,0.0,14.8,834.0,834.1,763.1999999999999,0.915,725.4133333333334,637.1,0.8710066666666666
WEST UTTAR PRADESH,1951,16.4,8.2,34.9,6.6,11.5,31.7,141.0,253.4,199.9,6.5,18.7,0.0,728.9,728.8000000000001,626.0,0.8589,725.4133333333334,637.1,0.8710066666666666
WEST UTTAR PRADESH,1952,6.6,20.0,23.4,2.6,8.1,190.8,198.8,379.1,36.2,2.3,0.1,7.3,875.3,875.3000000000001,804.9000000000001,0.9196,725.4133333333334,637.1,0.8710066666666666
WEST UTTAR PRADESH,1953,36.9,0.5,0.0,5.9,7.4,64.6,366.8,192.8,85.1,1.1,0.0,0.5,761.8,761.6000000000001,709.3000000000001,0.9313,725.4133333333334,637.1,0.8710066666666666
WEST UTTAR PRADESH,1954,34.9,67.6,11.0,0.1,0.7,40.8,232.5,222.7,169.0,99.9,0.0,0.0,879.3,879.1999999999999,665.0,0.7564,725.4133333333334,637.1,0.8710066666666666
WEST UTTAR PRADESH,1955,44.8,5.7,2.4,3.3,2.1,98.1,199.4,295.2,216.2,193.7,0.0,0.0,1060.9,1060.9,808.9000000000001,0.7625,725.4133333333334,637.1,0.8710066666666666
WEST UTTAR PRADESH,1956,23.1,4.3,22.2,0.4,12.4,67.2,334.7,289.8,96.8,206.5,4.5,2.6,1064.4,1064.4999999999998,788.5,0.7407,725.4133333333334,637.1,0.8710066666666666
WEST UTTAR PRADESH,1957,59.7,0.3,29.1,5.4,2.4,42.3,282.3,271.1,278.9,18.2,3.2,12.3,1005.2,1005.2,874.6,0.8701,725.4133333333334,637.1,0.8710066666666666
WEST UTTAR PRADESH,1958,7.7,2.8,3.5,5.5,0.7,42.1,397.1,327.3,246.7,122.4,0.2,9.4,1165.3,1165.4000000000003,1013.2,0.8694,725.4133333333334,637.1,0.8710066666666666
WEST UTTAR PRADESH,1959,46.3,3.9,5.7,1.3,34.1,18.9,203.5,281.1,106.8,50.2,16.5,0.0,768.3,768.3,610.3,0.7944,725.4133333333334,637.1,0.8710066666666666
WEST UTTAR PRADESH,1960,11.6,0.0,33.9,2.3,5.8,64.9,334.9,391.9,94.7,187.7,0.0,1.9,1129.8,1129.6000000000001,886.4,0.7847,725.4133333333334,637.1,0.8710066666666666
WEST UTTAR PRADESH,1961,44.5,33.1,0.1,2.1,7.6,73.4,302.5,467.5,113.5,141.4,1.9,10.5,1198.3,1198.1000000000001,956.9,0.7987,725.4133333333334,637.1,0.8710066666666666
WEST UTTAR PRADESH,1962,34.0,18.6,15.1,0.8,2.2,45.9,221.2,238.0,214.6,0.1,1.6,6.1,798.2,798.2,719.6999999999999,0.9017,725.4133333333334,637.1,0.8710066666666666
WEST UTTAR PRADESH,1963,13.6,5.0,5.2,3.5,9.7,70.9,165.4,361.4,279.5,0.3,10.9,4.3,929.7,929.6999999999999,877.2,0.9435,725.4133333333334,637.1,0.8710066666666666
WEST UTTAR PRADESH,1964,2.3,0.8,1.9,0.6,20.2,38.8,416.3,246.7,261.0,1.6,0.2,11.6,1002.0,1002.0,962.8,0.9609,725.4133333333334,637.1,0.8710066666666666
WEST UTTAR PRADESH,1965,8.0,10.4,10.6,21.1,10.6,3.7,215.4,219.4,148.4,25.3,0.0,0.7,673.5,673.6,586.9,0.8713,725.4133333333334,637.1,0.8710066666666666
WEST UTTAR PRADESH,1966,6.0,13.0,0.8,0.2,20.5,143.3,146.5,356.5,49.3,9.3,7.8,2.9,756.0,756.0999999999998,695.5999999999999,0.92,725.4133333333334,637.1,0.8710066666666666
WEST UTTAR PRADESH,1967,0.5,0.1,34.4,1.3,3.8,51.8,263.6,509.6,223.5,4.8,2.1,61.6,1157.2,1157.0999999999997,1048.5,0.9061,725.4133333333334,637.1,0.8710066666666666
WEST UTTAR PRADESH,1968,21.8,8.4,10.0,0.3,0.1,46.4,319.3,205.0,64.7,15.6,0.0,1.5,693.3,693.1,635.4000000000001,0.9168,725.4133333333334,637.1,0.8710066666666666
WEST UTTAR PRADESH,1969,5.8,3.0,10.0,4.8,16.6,17.1,311.4,262.4,231.2,0.4,15.4,0.0,878.1,878.0999999999999,822.0999999999999,0.9362,725.4133333333334,637.1,0.8710066666666666
WEST UTTAR PRADESH,1970,37.8,44.6,9.3,0.1,15.5,129.0,133.6,316.3,160.8,16.9,0.0,0.0,863.8,863.9,739.7,0.8562,725.4133333333334,637.1,0.8710066666666666
WEST UTTAR PRADESH,1971,10.9,12.5,2.9,11.5,44.7,139.1,284.6,280.5,125.7,84.3,6.2,0.0,1003.1,1002.9000000000001,829.9000000000001,0.8275,725.4133333333334,637.1,0.8710066666666666
WEST UTTAR PRADESH,1972,4.0,26.3,4.5,3.1,0.4,31.9,165.9,211.5,119.0,7.5,9.4,1.6,585.1,585.1,528.3,0.9029,725.4133333333334,637.1,0.8710066666666666
WEST UTTAR PRADESH,1973,7.5,12.7,2.6,0.0,7.9,79.9,263.5,292.0,87.1,51.0,0.1,1.7,805.9,806.0000000000001,722.5,0.8964,725.4133333333334,637.1,0.8710066666666666
WEST UTTAR PRADESH,1974,0.2,0.7,0.8,0.1,7.9,25.8,356.6,191.5,27.6,39.1,0.0,18.6,668.9,668.9000000000001,601.5000000000001,0.8992,725.4133333333334,637.1,0.8710066666666666
WEST UTTAR PRADESH,1975,13.4,7.8,7.0,0.8,2.5,159.7,273.1,245.6,256.9,22.6,0.0,0.0,989.5,989.4,935.3,0.9453,725.4133333333334,637.1,0.8710066666666666
WEST UTTAR PRADESH,1976,1.5,11.9,2.9,2.3,11.0,69.8,228.8,246.1,75.2,2.6,0.6,0.3,653.2,653.0000000000001,619.9000000000001,0.9493,725.4133333333334,637.1,0.8710066666666666
WEST UTTAR PRADESH,1977,15.9,2.8,0.2,20.0,22.7,78.5,440.6,192.3,176.1,27.8,0.3,17.2,994.3,994.4,887.5000000000001,0.8925,725.4133333333334,637.1,0.8710066666666666
WEST UTTAR PRADESH,1978,6.0,31.7,57.1,8.3,0.7,206.2,279.7,397.0,244.9,3.5,2.7,6.2,1244.2,1244.0000000000002,1127.8,0.9066,725.4133333333334,637.1,0.8710066666666666
WEST UTTAR PRADESH,1979,45.1,48.6,10.6,2.3,29.9,56.7,240.8,69.7,26.6,1.7,18.6,7.4,558.0,558.0,393.8,0.7057,725.4133333333334,637.1,0.8710066666666666
WEST UTTAR PRADESH,1980,4.5,4.8,19.3,0.4,2.2,104.7,349.4,364.4,99.3,16.1,1.4,18.1,984.7,984.5999999999999,917.8,0.9322,725.4133333333334,637.1,0.8710066666666666
WEST UTTAR PRADESH,1981,19.0,5.2,13.4,1.3,22.7,102.2,314.5,131.4,101.9,3.1,20.6,4.2,739.6,739.5000000000001,650.0,0.879,725.4133333333334,637.1,0.8710066666666666
WEST UTTAR PRADESH,1982,30.5,8.3,61.8,23.8,40.5,53.1,231.1,403.4,81.8,8.7,14.4,11.6,969.1,969.0,769.3999999999999,0.794,725.4133333333334,637.1,0.8710066666666666
WEST UTTAR PRADESH,1983,28.1,5.4,5.5,59.8,33.7,89.7,306.7,385.5,212.6,50.7,0.0,14.0,1191.7,1191.7,994.5,0.8345,725.4133333333334,637.1,0.8710066666666666
WEST UTTAR PRADESH,1984,24.7,27.5,0.6,7.4,0.3,134.5,200.2,268.3,116.6,0.4,0.0,0.7,781.3,781.2,719.6,0.9211,725.4133333333334,637.1,0.8710066666666666
WEST UTTAR PRADESH,1985,7.5,0.0,1.7,6.9,6.1,44.3,305.5,221.8,204.4,143.8,0.0,15.2,957.2,957.2,776.0,0.8107,725.4133333333334,637.1,0.8710066666666666
WEST UTTAR PRADESH,1986,14.8,46.5,5.7,3.9,29.8,95.3,202.6,181.0,105.5,15.1,2.1,13.0,715.2,715.3000000000001,584.4,0.817,725.4133333333334,637.1,0.8710066666666666
WEST UTTAR PRADESH,1987,15.2,13.1,2.7,1.8,39.8,34.6,105.0,124.2,92.4,30.8,0.0,7.3,466.8,466.9,356.20000000000005,0.7629,725.4133333333334,637.1,0.8710066666666666
WEST UTTAR PRADESH,1988,3.5,11.4,26.6,8.0,6.1,85.6,318.0,412.7,139.6,14.9,0.0,9.1,1035.6,1035.5,955.9,0.9231,725.4133333333334,637.1,0.8710066666666666
WEST UTTAR PRADESH,1989,24.6,1.1,15.4,0.0,1.6,88.5,132.1,222.0,153.6,0.4,4.1,14.0,657.3,657.4,596.2,0.9069,725.4133333333334,637.1,0.8710066666666666
WEST UTTAR PRADESH,1990,0.0,67.5,9.2,0.7,29.8,45.9,334.2,195.9,250.4,3.7,3.5,17.4,958.0,958.1999999999999,826.4,0.8625,725.4133333333334,637.1,0.8710066666666666
WEST UTTAR PRADESH,1991,2.9,18.9,7.5,2.9,2.7,44.8,108.6,406.2,124.7,0.0,7.9,21.7,748.7,748.8000000000001,684.3,0.9139,725.4133333333334,637.1,0.8710066666666666
WEST UTTAR PRADESH,1992,14.2,9.7,4.0,0.3,7.9,25.9,196.9,306.1,179.4,67.4,8.9,0.0,820.6,820.6999999999999,708.3000000000001,0.863,725.4133333333334,637.1,0.8710066666666666
WEST UTTAR PRADESH,1993,3.7,13.5,21.2,1.0,15.2,82.0,156.6,136.9,326.8,15.1,0.1,0.0,771.9,772.1000000000001,702.3,0.9096,725.4133333333334,637.1,0.8710066666666666
WEST UTTAR PRADESH,1994,24.0,17.3,0.0,12.4,6.5,72.5,364.3,290.2,19.7,0.0,0.0,0.1,806.8,807.0000000000001,746.7,0.9253,725.4133333333334,637.1,0.8710066666666666
WEST UTTAR PRADESH,1995,30.1,11.2,7.9,3.7,0.0,72.2,188.3,389.2,122.1,0.1,0.2,1.9,826.8,826.9,771.8000000000001,0.9334,725.4133333333334,637.1,0.8710066666666666
WEST UTTAR PRADESH,1996,24.8,55.8,2.7,0.4,3.7,86.1,210.3,350.4,170.7,36.2,0.0,0.0,941.2,941.1000000000001,817.5,0.8687,725.4133333333334,637.1,0.8710066666666666
WEST UTTAR PRADESH,1997,3.8,0.7,2.4,19.2,22.8,79.9,235.7,34.6,24.0,7.5,3.2,11.4,445.2,445.2,374.20000000000005,0.8405,725.4133333333334,637.1,0.8710066666666666
WEST UTTAR PRADESH,1998,3.3,8.1,23.5,9.0,10.4,71.4,273.4,343.7,84.2,39.6,0.7,0.0,867.2,867.3000000000001,772.7,0.8909,725.4133333333334,637.1,0.8710066666666666
WEST UTTAR PRADESH,1999,19.3,1.1,0.0,0.0,8.3,66.3,215.1,180.5,261.6,33.4,0.1,0.7,786.4,786.4000000000001,723.5,0.92,725.4133333333334,637.1,0.8710066666666666
WEST UTTAR PRADESH,2000,8.8,22.9,1.7,2.1,23.6,143.0,251.2,238.9,79.1,0.0,0.0,0.0,771.4,771.3,712.2,0.9234,725.4133333333334,637.1,0.8710066666666666
WEST UTTAR PRADESH,2001,2.5,2.3,2.6,12.0,29.6,164.4,282.0,122.1,26.7,16.3,1.1,0.1,661.7,661.7,595.2,0.8995,725.4133333333334,637.1,0.8710066666666666
WEST UTTAR PRADESH,2002,16.8,37.6,2.0,0.7,21.5,29.0,29.6,252.3,218.1,6.7,0.4,10.5,625.2,625.2,529.0,0.8461,725.4133333333334,637.1,0.8710066666666666
WEST UTTAR PRADESH,2003,18.6,40.4,2.5,4.4,5.9,74.1,315.6,214.2,356.6,0.7,0.8,13.6,1047.5,1047.4,960.5000000000001,0.917,725.4133333333334,637.1,0.8710066666666666
WEST UTTAR PRADESH,2004,20.6,0.7,0.0,20.0,21.7,59.3,124.2,250.5,84.0,60.5,0.7,0.2,642.3,642.4000000000001,518.0,0.8064,725.4133333333334,637.1,0.8710066666666666
WEST UTTAR PRADESH,2005,10.1,17.9,22.6,1.2,6.9,67.1,298.2,96.0,202.5,2.5,0.0,0.6,725.7,725.6,663.8,0.9148,725.4133333333334,637.1,0.8710066666666666
WEST UTTAR PRADESH,2006,0.5,0.0,20.2,4.0,34.1,66.6,241.6,78.1,65.7,16.7,0.7,1.0,529.3,529.2,451.99999999999994,0.8541,725.4133333333334,637.1,0.8710066666666666
WEST UTTAR PRADESH,2007,0.4,66.9,37.4,0.9,11.0,88.4,155.1,152.2,57.0,1.8,0.0,1.4,572.5,572.4999999999999,452.7,0.7907,725.4133333333334,637.1,0.8710066666666666
WEST UTTAR PRADESH,2008,0.9,0.2,0.0,4.0,24.8,193.8,258.5,217.4,90.9,5.1,4.0,0.0,799.8,799.6,760.6,0.9512,725.4133333333334,637.1,0.8710066666666666
WEST UTTAR PRADESH,2009,1.3,3.9,1.2,8.7,12.8,17.1,118.3,184.5,125.4,59.3,13.9,2.8,549.2,549.1999999999999,445.29999999999995,0.8108,725.4133333333334,637.1,0.8710066666666666
WEST UTTAR PRADESH,2010,3.2,13.7,0.2,0.4,9.3,12.5,282.0,213.8,263.9,4.7,12.8,4.1,820.7,820.6,772.2,0.941,725.4133333333334,637.1,0.8710066666666666
WEST UTTAR PRADESH,2011,2.1,10.4,3.9,2.8,29.6,175.9,215.9,232.3,101.7,0.7,0.5,1.5,777.4,777.3000000000002,725.8000000000001,0.9337,725.4133333333334,637.1,0.8710066666666666
WEST UTTAR PRADESH,2012,14.5,0.1,1.4,4.7,0.3,4.0,145.1,149.1,67.8,0.5,0.1,2.0,389.6,389.6,366.0,0.9394,725.4133333333334,637.1,0.8710066666666666
WEST UTTAR PRADESH,2013,20.4,69.5,3.5,1.6,2.1,190.6,233.9,287.1,52.2,61.2,1.7,8.9,932.8,932.7000000000002,763.8000000000001,0.8189,725.4133333333334,637.1,0.8710066666666666
WEST UTTAR PRADESH,2014,48.3,29.4,22.6,5.3,11.0,22.0,151.6,81.0,84.7,14.6,0.0,16.3,486.9,486.79999999999995,339.3,0.697,725.4133333333334,637.1,0.8710066666666666
WEST UTTAR PRADESH,2015,31.6,7.2,66.8,21.0,8.1,72.0,194.2,143.5,26.5,6.9,2.0,3.0,582.7,582.8,436.2,0.7485,725.4133333333334,637.1,0.8710066666666666
UTTARAKHAND,1901,134.5,81.4,44.5,5.9,60.8,33.6,381.1,612.3,167.1,16.3,0.0,24.9,1562.5,1562.3999999999999,1194.1,0.7643,1374.4766666666667,1055.97,0.7645933333333333
UTTARAKHAND,1902,0.0,17.0,52.2,63.7,52.1,113.1,444.1,327.5,220.4,31.9,2.1,0.0,1324.2,1324.1000000000001,1105.1000000000001,0.8346,1374.4766666666667,1055.97,0.7645933333333333
UTTARAKHAND,1903,68.0,7.9,87.6,10.3,37.5,83.0,251.6,442.7,249.3,57.5,0.0,11.3,1306.5,1306.6999999999998,1026.6,0.7856,1374.4766666666667,1055.97,0.7645933333333333
UTTARAKHAND,1904,40.0,5.2,78.3,13.6,61.1,180.1,449.6,417.2,174.1,6.3,35.6,31.0,1492.0,1492.0999999999997,1221.0,0.8183,1374.4766666666667,1055.97,0.7645933333333333
UTTARAKHAND,1905,115.4,80.7,99.8,26.1,70.3,111.5,299.9,349.5,129.5,0.0,1.0,18.5,1302.1,1302.2,890.4,0.6838,1374.4766666666667,1055.97,0.7645933333333333
UTTARAKHAND,1906,26.1,162.0,36.8,10.1,44.6,195.6,363.9,440.9,232.2,11.6,0.4,13.8,1537.9,1538.0,1232.6,0.8014,1374.4766666666667,1055.97,0.7645933333333333
UTTARAKHAND,1907,49.4,131.6,144.4,41.7,57.6,74.8,342.3,323.8,28.2,0.4,0.0,0.1,1194.4,1194.3,769.1000000000001,0.644,1374.4766666666667,1055.97,0.7645933333333333
UTTARAKHAND,1908,49.4,74.6,6.3,31.8,46.3,144.9,411.4,423.5,56.2,2.5,2.6,6.6,1256.2,1256.1,1036.0,0.8248,1374.4766666666667,1055.97,0.7645933333333333
UTTARAKHAND,1909,75.8,43.1,8.7,64.6,16.5,306.5,565.8,464.2,94.4,8.0,0.7,69.5,1717.7,1717.8000000000002,1430.9,0.833,1374.4766666666667,1055.97,0.7645933333333333
UTTARAKHAND,1910,34.6,38.8,12.1,21.4,59.3,231.0,505.6,526.8,253.9,264.6,8.4,7.4,1963.9,1963.9,1517.3000000000002,0.7726,1374.4766666666667,1055.97,0.7645933333333333
UTTARAKHAND,1911,211.4,4.2,190.3,20.4,19.5,204.1,149.3,381.9,266.4,19.7,75.7,0.0,1542.9,1542.9,1001.6999999999999,0.6492,1374.4766666666667,1055.97,0.7645933333333333
UTTARAKHAND,1912,79.0,31.1,44.5,27.8,51.4,103.1,333.5,423.2,259.3,2.2,26.9,12.3,1394.5,1394.3,1119.1,0.8026,1374.4766666666667,1055.97,0.7645933333333333
UTTARAKHAND,1913,11.4,91.8,70.3,24.4,98.3,289.1,261.8,188.7,49.5,12.1,7.3,32.9,1137.6,1137.6,789.1000000000001,0.6937,1374.4766666666667,1055.97,0.7645933333333333
UTTARAKHAND,1914,0.9,119.9,115.7,50.2,82.3,141.3,563.3,377.8,439.6,27.1,22.3,0.5,1940.9,1940.8999999999999,1522.0,0.7842,1374.4766666666667,1055.97,0.7645933333333333
UTTARAKHAND,1915,32.4,126.3,101.0,40.6,57.2,129.8,370.2,539.9,178.3,12.9,0.0,12.6,1601.3,1601.2,1218.2,0.7608,1374.4766666666667,1055.97,0.7645933333333333
UTTARAKHAND,1916,3.9,35.6,1.9,20.6,49.0,373.8,432.3,397.7,280.1,83.8,0.0,0.0,1678.8,1678.7,1483.9,0.884,1374.4766666666667,1055.97,0.7645933333333333
UTTARAKHAND,1917,7.6,55.4,64.9,80.1,118.2,298.1,561.2,372.7,405.7,115.8,0.0,23.3,2102.9,2103.0000000000005,1637.7,0.7787,1374.4766666666667,1055.97,0.7645933333333333
UTTARAKHAND,1918,17.2,0.0,73.9,85.6,46.5,237.6,225.8,397.2,101.0,4.0,18.4,8.2,1215.2,1215.4,961.5999999999999,0.7912,1374.4766666666667,1055.97,0.7645933333333333
UTTARAKHAND,1919,158.9,46.7,44.1,40.2,51.0,278.4,372.5,295.9,242.6,14.2,9.7,29.1,1583.1,1583.2999999999997,1189.3999999999999,0.7512,1374.4766666666667,1055.97,0.7645933333333333
UTTARAKHAND,1920,6.1,52.7,100.7,10.0,65.3,221.7,472.5,307.1,76.9,12.9,0.0,2.6,1328.4,1328.5,1078.2,0.8116,1374.4766666666667,1055.97,0.7645933333333333
UTTARAKHAND,1921,101.0,5.6,12.5,19.7,3.6,364.1,329.3,652.8,299.5,55.8,0.2,4.7,1848.7,1848.8,1645.7,0.8901,1374.4766666666667,1055.97,0.7645933333333333
UTTARAKHAND,1922,86.4,34.4,11.7,21.0,12.1,125.1,507.1,685.2,320.9,3.8,1.3,51.1,1860.0,1860.1,1638.3000000000002,0.8808,1374.4766666666667,1055.97,0.7645933333333333
UTTARAKHAND,1923,80.5,146.6,18.5,10.8,26.9,84.8,372.5,427.9,289.9,69.4,10.0,45.1,1582.9,1582.9,1175.1,0.7424,1374.4766666666667,1055.97,0.7645933333333333
UTTARAKHAND,1924,42.5,60.1,27.7,6.8,43.4,39.4,450.2,414.0,651.5,128.1,0.6,62.8,1927.1,1927.0999999999997,1555.1,0.807,1374.4766666666667,1055.97,0.7645933333333333
UTTARAKHAND,1925,34.3,17.7,11.7,43.5,57.0,309.1,554.5,384.5,65.9,20.1,36.7,0.0,1535.0,1535.0,1314.0,0.856,1374.4766666666667,1055.97,0.7645933333333333
UTTARAKHAND,1926,22.0,28.2,143.0,52.0,57.8,34.8,475.3,400.7,133.3,10.2,22.0,2.0,1381.2,1381.3,1044.1,0.7559,1374.4766666666667,1055.97,0.7645933333333333
UTTARAKHAND,1927,13.7,121.8,53.2,24.5,66.8,210.2,308.9,516.8,159.9,120.8,43.7,9.5,1649.9,1649.8,1195.8,0.7248,1374.4766666666667,1055.97,0.7645933333333333
UTTARAKHAND,1928,89.5,150.1,27.2,40.2,18.6,114.5,468.0,251.4,29.7,6.3,17.4,28.9,1241.9,1241.8000000000002,863.6,0.6954,1374.4766666666667,1055.97,0.7645933333333333
UTTARAKHAND,1929,52.9,33.2,16.9,21.7,20.6,138.7,279.7,403.2,65.2,44.5,0.0,135.5,1212.2,1212.1000000000001,886.8,0.7316,1374.4766666666667,1055.97,0.7645933333333333
UTTARAKHAND,1930,65.7,72.7,52.1,34.8,39.6,126.5,399.7,348.3,76.5,21.6,8.1,25.6,1271.2,1271.1999999999998,951.0,0.7481,1374.4766666666667,1055.97,0.7645933333333333
UTTARAKHAND,1931,7.8,89.9,45.1,1.9,56.9,55.0,319.1,307.2,335.3,105.8,6.8,3.4,1334.1,1334.2,1016.5999999999999,0.762,1374.4766666666667,1055.97,0.7645933333333333
UTTARAKHAND,1932,1.9,18.5,34.3,12.8,27.0,95.7,343.5,438.9,326.9,6.3,5.5,58.4,1369.6,1369.7,1205.0,0.8798,1374.4766666666667,1055.97,0.7645933333333333
UTTARAKHAND,1933,51.7,67.2,23.4,52.6,89.4,227.0,466.8,337.3,151.2,128.0,0.0,1.2,1595.8,1595.8000000000002,1182.3,0.7409,1374.4766666666667,1055.97,0.7645933333333333
UTTARAKHAND,1934,66.3,10.4,21.0,8.6,20.6,201.7,459.4,410.4,97.1,1.6,0.5,41.5,1339.0,1339.1,1168.6,0.8727,1374.4766666666667,1055.97,0.7645933333333333
UTTARAKHAND,1935,93.0,34.5,26.7,37.8,4.2,44.0,385.1,308.1,174.8,3.6,8.8,16.5,1137.2,1137.1,912.0,0.802,1374.4766666666667,1055.97,0.7645933333333333
UTTARAKHAND,1936,6.9,54.7,42.2,33.6,92.8,345.1,570.8,390.4,241.2,19.8,2.1,112.7,1912.3,1912.3,1547.5,0.8092,1374.4766666666667,1055.97,0.7645933333333333
UTTARAKHAND,1937,10.5,149.3,7.2,43.9,47.6,172.7,398.7,439.6,211.7,15.8,2.0,34.5,1533.6,1533.5,1222.7,0.7973,1374.4766666666667,1055.97,0.7645933333333333
UTTARAKHAND,1938,122.5,85.4,7.5,4.5,37.0,293.6,459.2,396.4,110.8,11.4,0.8,0.1,1529.3,1529.1999999999998,1259.9999999999998,0.824,1374.4766666666667,1055.97,0.7645933333333333
UTTARAKHAND,1939,21.1,82.1,39.2,15.5,9.1,213.1,352.9,199.3,186.2,24.2,0.0,0.0,1142.6,1142.7,951.5,0.8327,1374.4766666666667,1055.97,0.7645933333333333
UTTARAKHAND,1940,49.2,100.5,57.3,21.8,44.2,136.0,395.1,300.0,82.6,1.4,0.4,35.3,1223.7,1223.8,913.7,0.7466,1374.4766666666667,1055.97,0.7645933333333333
UTTARAKHAND,1941,58.2,37.3,14.0,4.4,67.4,200.3,171.5,354.1,95.7,32.3,0.5,25.9,1061.6,1061.6000000000001,821.6000000000001,0.7739,1374.4766666666667,1055.97,0.7645933333333333
UTTARAKHAND,1942,109.0,81.8,17.6,53.4,34.9,191.5,481.0,455.8,223.8,1.0,0.1,61.6,1711.4,1711.4999999999998,1352.1,0.79,1374.4766666666667,1055.97,0.7645933333333333
UTTARAKHAND,1943,61.2,17.6,27.8,53.5,15.9,134.4,283.2,590.9,181.4,0.2,0.1,0.3,1366.7,1366.5,1189.9,0.8708,1374.4766666666667,1055.97,0.7645933333333333
UTTARAKHAND,1944,76.6,72.0,62.6,51.2,18.4,192.0,354.4,194.7,144.5,21.4,0.7,10.3,1198.9,1198.8,885.5999999999999,0.7387,1374.4766666666667,1055.97,0.7645933333333333
UTTARAKHAND,1945,120.2,4.5,39.3,42.7,16.5,90.6,468.6,379.8,391.8,92.0,0.1,1.8,1648.0,1647.8999999999999,1330.8,0.8076,1374.4766666666667,1055.97,0.7645933333333333
UTTARAKHAND,1946,0.5,47.9,20.4,64.8,121.5,193.1,565.1,311.5,114.9,48.7,18.2,20.1,1526.7,1526.7,1184.6000000000001,0.7759,1374.4766666666667,1055.97,0.7645933333333333
UTTARAKHAND,1947,46.8,52.2,47.7,1.6,49.0,126.8,383.4,274.2,350.5,16.6,0.4,10.8,1359.8,1360.0,1134.9,0.8345,1374.4766666666667,1055.97,0.7645933333333333
UTTARAKHAND,1948,1.6,103.0,121.6,23.8,35.1,53.2,337.1,592.5,205.1,50.7,3.1,8.7,1535.4,1535.5,1187.8999999999999,0.7736,1374.4766666666667,1055.97,0.7645933333333333
UTTARAKHAND,1949,7.3,135.5,32.4,29.0,59.7,52.4,450.2,414.5,204.0,22.2,0.2,4.8,1412.1,1412.2,1121.1,0.7939,1374.4766666666667,1055.97,0.7645933333333333
UTTARAKHAND,1950,59.5,30.3,55.0,2.7,40.2,240.1,492.8,493.4,160.8,2.7,0.0,6.6,1584.1,1584.1,1387.1,0.8756,1374.4766666666667,1055.97,0.7645933333333333
UTTARAKHAND,1951,54.0,41.8,46.8,30.7,61.7,74.0,200.9,403.0,204.2,13.5,43.8,0.1,1174.3,1174.4999999999998,882.0999999999999,0.751,1374.4766666666667,1055.97,0.7645933333333333
UTTARAKHAND,1952,39.4,61.1,125.5,19.9,34.8,241.0,346.1,506.4,82.4,11.2,3.6,6.4,1477.8,1477.8000000000002,1175.9,0.7957,1374.4766666666667,1055.97,0.7645933333333333
UTTARAKHAND,1953,118.1,14.8,18.3,34.7,71.2,181.8,617.5,338.9,125.8,9.8,0.0,35.0,1565.8,1565.9,1263.9999999999998,0.8072,1374.4766666666667,1055.97,0.7645933333333333
UTTARAKHAND,1954,117.9,155.7,22.3,5.2,27.6,111.6,472.6,567.3,217.2,148.6,3.4,13.4,1862.9,1862.8000000000002,1368.7,0.7348,1374.4766666666667,1055.97,0.7645933333333333
UTTARAKHAND,1955,84.7,14.2,51.9,41.1,19.8,151.4,356.1,429.0,236.3,271.2,0.0,11.3,1666.9,1667.0,1172.8,0.7035,1374.4766666666667,1055.97,0.7645933333333333
UTTARAKHAND,1956,40.5,24.9,105.3,15.1,132.4,213.9,466.4,359.3,182.7,370.4,5.9,26.1,1943.0,1942.9,1222.3,0.6291,1374.4766666666667,1055.97,0.7645933333333333
UTTARAKHAND,1957,166.4,6.6,77.5,73.3,75.9,113.4,532.1,286.5,308.3,57.7,20.1,62.9,1780.7,1780.7,1240.3,0.6965,1374.4766666666667,1055.97,0.7645933333333333
UTTARAKHAND,1958,59.2,16.5,38.7,23.3,26.3,95.3,436.6,436.2,233.4,78.9,2.5,52.1,1499.0,1499.0000000000002,1201.5,0.8015,1374.4766666666667,1055.97,0.7645933333333333
UTTARAKHAND,1959,68.0,93.3,58.1,20.3,49.0,118.8,483.5,442.3,294.6,87.9,26.2,0.9,1743.0,1742.9000000000003,1339.1999999999998,0.7684,1374.4766666666667,1055.97,0.7645933333333333
UTTARAKHAND,1960,80.0,1.4,97.1,33.5,24.0,132.4,466.7,420.7,189.2,76.6,2.2,16.3,1540.1,1540.1,1209.0,0.785,1374.4766666666667,1055.97,0.7645933333333333
UTTARAKHAND,1961,126.3,133.7,24.1,20.5,41.0,181.2,490.1,511.6,226.4,122.7,13.1,57.5,1948.3,1948.2,1409.3000000000002,0.7234,1374.4766666666667,1055.97,0.7645933333333333
UTTARAKHAND,1962,79.5,86.3,68.7,27.3,21.5,150.9,402.2,398.2,341.5,8.6,29.0,33.9,1647.4,1647.6000000000001,1292.8,0.7847,1374.4766666666667,1055.97,0.7645933333333333
UTTARAKHAND,1963,17.4,35.5,130.9,51.4,49.3,193.1,360.9,523.4,345.1,10.8,43.9,40.2,1802.0,1801.9,1422.5,0.7894,1374.4766666666667,1055.97,0.7645933333333333
UTTARAKHAND,1964,89.7,72.5,75.0,48.4,95.2,162.7,463.8,402.0,327.6,1.3,0.0,31.3,1769.6,1769.5,1356.1,0.7664,1374.4766666666667,1055.97,0.7645933333333333
UTTARAKHAND,1965,44.4,159.5,119.3,62.1,44.1,50.3,388.0,302.8,87.5,33.0,11.8,2.9,1305.7,1305.7,828.6,0.6346,1374.4766666666667,1055.97,0.7645933333333333
UTTARAKHAND,1966,3.2,86.6,48.9,17.8,76.7,270.0,363.0,410.3,125.7,35.1,15.3,13.3,1465.8,1465.8999999999999,1169.0,0.7975,1374.4766666666667,1055.97,0.7645933333333333
UTTARAKHAND,1967,11.0,35.0,112.5,26.0,23.2,122.6,436.3,518.7,146.5,22.0,22.4,79.9,1556.2,1556.1000000000001,1224.1,0.7866,1374.4766666666667,1055.97,0.7645933333333333
UTTARAKHAND,1968,173.1,122.8,62.9,49.0,15.0,218.6,393.6,280.6,109.6,13.0,1.4,38.9,1478.6,1478.5,1002.4000000000001,0.678,1374.4766666666667,1055.97,0.7645933333333333
UTTARAKHAND,1969,79.8,43.1,49.0,60.7,77.0,89.6,381.0,483.5,345.6,25.3,0.2,1.0,1635.7,1635.8000000000002,1299.7,0.7945,1374.4766666666667,1055.97,0.7645933333333333
UTTARAKHAND,1970,85.9,44.0,32.7,5.7,68.9,192.9,319.2,355.3,157.8,30.0,0.8,0.2,1293.5,1293.3999999999999,1025.2,0.7926,1374.4766666666667,1055.97,0.7645933333333333
UTTARAKHAND,1971,52.4,101.4,45.3,69.0,270.2,297.8,332.8,377.0,155.9,79.5,22.0,0.3,1803.8,1803.6,1163.5,0.6451,1374.4766666666667,1055.97,0.7645933333333333
UTTARAKHAND,1972,30.3,91.7,44.7,50.5,7.4,62.8,315.4,218.8,212.6,18.8,7.9,17.0,1077.8,1077.8999999999999,809.6,0.7511,1374.4766666666667,1055.97,0.7645933333333333
UTTARAKHAND,1973,73.0,65.7,47.8,1.8,44.8,254.3,265.9,297.9,130.8,46.8,1.6,9.2,1239.7,1239.5999999999997,948.9000000000001,0.7655,1374.4766666666667,1055.97,0.7645933333333333
UTTARAKHAND,1974,56.8,28.0,18.2,12.2,22.1,86.5,392.9,347.3,102.6,46.9,4.5,43.6,1161.8,1161.6,929.3000000000001,0.8,1374.4766666666667,1055.97,0.7645933333333333
UTTARAKHAND,1975,75.4,70.5,69.6,1.1,36.4,219.9,403.1,359.6,322.8,21.8,0.0,0.0,1580.3,1580.1999999999998,1305.4,0.8261,1374.4766666666667,1055.97,0.7645933333333333
UTTARAKHAND,1976,12.7,58.4,31.2,22.1,40.5,87.6,269.2,328.5,129.3,5.6,0.1,1.1,986.3,986.3000000000001,814.5999999999999,0.8259,1374.4766666666667,1055.97,0.7645933333333333
UTTARAKHAND,1977,47.0,7.8,4.5,65.2,101.1,122.0,487.0,292.3,208.3,30.1,2.9,48.1,1416.3,1416.3,1109.6,0.7834,1374.4766666666667,1055.97,0.7645933333333333
UTTARAKHAND,1978,34.6,83.1,187.3,51.2,51.8,291.0,414.3,528.4,324.8,16.9,43.7,4.3,2031.4,2031.3999999999999,1558.4999999999998,0.7672,1374.4766666666667,1055.97,0.7645933333333333
UTTARAKHAND,1979,50.6,68.4,65.9,23.6,64.0,110.2,323.5,276.1,37.7,11.7,8.2,32.4,1072.3,1072.3000000000002,747.5,0.6971,1374.4766666666667,1055.97,0.7645933333333333
UTTARAKHAND,1980,21.7,55.7,60.3,15.6,21.3,175.0,466.0,322.7,133.5,37.3,2.4,21.9,1333.5,1333.4,1097.2,0.8229,1374.4766666666667,1055.97,0.7645933333333333
UTTARAKHAND,1981,67.6,27.8,81.3,23.7,77.4,162.1,488.1,263.5,103.1,4.6,42.1,15.0,1356.1,1356.2999999999997,1016.8000000000001,0.7497,1374.4766666666667,1055.97,0.7645933333333333
UTTARAKHAND,1982,61.9,58.6,143.2,78.2,77.1,90.6,264.0,435.1,110.7,17.8,1.4,33.5,1372.1,1372.1000000000001,900.4000000000001,0.6562,1374.4766666666667,1055.97,0.7645933333333333
UTTARAKHAND,1983,80.9,45.5,92.1,132.9,101.0,114.1,261.3,312.9,320.0,53.8,1.6,9.1,1525.3,1525.1999999999996,1008.3,0.6611,1374.4766666666667,1055.97,0.7645933333333333
UTTARAKHAND,1984,19.6,128.9,14.6,42.0,27.5,300.1,359.3,237.7,173.5,3.2,2.6,30.1,1339.1,1339.1,1070.6000000000001,0.7995,1374.4766666666667,1055.97,0.7645933333333333
UTTARAKHAND,1985,54.3,9.6,14.0,40.9,63.5,104.4,451.7,389.4,228.2,220.5,3.0,74.1,1653.7,1653.6000000000001,1173.7,0.7098,1374.4766666666667,1055.97,0.7645933333333333
UTTARAKHAND,1986,3.8,68.4,85.4,70.7,149.7,141.6,418.3,281.7,155.5,61.6,13.8,63.9,1514.5,1514.4,997.0999999999999,0.6584,1374.4766666666667,1055.97,0.7645933333333333
UTTARAKHAND,1987,29.8,61.7,30.3,48.8,148.0,55.9,190.3,261.0,123.9,20.2,0.2,17.1,987.3,987.2,631.1,0.6393,1374.4766666666667,1055.97,0.7645933333333333
UTTARAKHAND,1988,18.1,81.6,136.5,26.3,45.3,129.7,490.9,390.8,202.0,16.6,0.9,63.7,1602.4,1602.4,1213.3999999999999,0.7572,1374.4766666666667,1055.97,0.7645933333333333
UTTARAKHAND,1989,91.0,14.7,30.3,9.9,28.5,117.9,333.4,386.6,183.5,12.3,17.3,38.2,1263.8,1263.6000000000001,1021.4,0.8083,1374.4766666666667,1055.97,0.7645933333333333
UTTARAKHAND,1990,0.8,97.1,91.3,20.4,81.6,120.3,473.0,413.6,179.1,14.6,6.1,67.1,1564.9,1564.9999999999995,1186.0,0.7578,1374.4766666666667,1055.97,0.7645933333333333
UTTARAKHAND,1991,13.2,58.0,52.0,51.6,21.2,81.8,219.8,346.7,126.4,0.5,10.1,39.4,1020.7,1020.6999999999999,774.6999999999999,0.759,1374.4766666666667,1055.97,0.7645933333333333
UTTARAKHAND,1992,71.3,32.5,46.1,2.9,31.5,117.5,254.4,385.1,152.4,9.0,5.4,0.0,1108.1,1108.1000000000001,909.4,0.8207,1374.4766666666667,1055.97,0.7645933333333333
UTTARAKHAND,1993,77.1,70.3,162.8,19.8,71.7,144.7,309.4,282.3,447.0,1.5,7.4,0.0,1594.1,1594.0,1183.4,0.7424,1374.4766666666667,1055.97,0.7645933333333333
UTTARAKHAND,1994,56.7,84.2,11.0,69.8,75.6,112.1,476.9,428.2,98.0,5.3,1.7,22.3,1441.7,1441.8,1115.2,0.7735,1374.4766666666667,1055.97,0.7645933333333333
UTTARAKHAND,1995,98.9,123.6,79.9,41.4,34.6,138.5,358.3,430.7,282.8,5.1,2.1,20.2,1616.1,1616.1,1210.3,0.7489,1374.4766666666667,1055.97,0.7645933333333333
UTTARAKHAND,1996,49.7,89.6,67.1,28.4,18.3,181.6,308.1,441.1,185.6,31.4,0.5,0.0,1401.4,1401.4,1116.4,0.7966,1374.4766666666667,1055.97,0.7645933333333333
UTTARAKHAND,1997,42.1,14.9,31.2,90.5,56.1,129.8,290.0,73.3,36.4,9.9,10.8,18.5,803.4,803.4999999999999,529.5,0.659,1374.4766666666667,1055.97,0.7645933333333333
UTTARAKHAND,1998,9.6,68.4,106.2,73.0,78.5,163.3,242.9,260.0,120.0,75.5,1.2,0.0,1198.6,1198.6000000000001,786.2,0.6559,1374.4766666666667,1055.97,0.7645933333333333
UTTARAKHAND,1999,33.0,11.4,1.4,1.2,50.5,158.9,389.0,285.5,217.9,32.0,0.1,4.7,1185.5,1185.6,1051.3,0.8867,1374.4766666666667,1055.97,0.7645933333333333
UTTARAKHAND,2000,29.9,69.4,37.9,18.1,83.3,313.9,420.1,536.1,195.3,1.1,7.0,0.7,1712.9,1712.8,1465.3999999999999,0.8556,1374.4766666666667,1055.97,0.7645933333333333
UTTARAKHAND,2001,22.7,27.9,83.4,48.2,109.1,297.3,493.0,371.7,68.3,6.3,1.4,15.1,1544.4,1544.3999999999999,1230.3,0.7966,1374.4766666666667,1055.97,0.7645933333333333
UTTARAKHAND,2002,53.8,123.2,100.0,76.3,82.3,139.6,205.7,465.4,301.3,19.9,3.0,4.2,1574.7,1574.7000000000003,1112.0,0.7062,1374.4766666666667,1055.97,0.7645933333333333
UTTARAKHAND,2003,40.7,126.0,99.7,54.1,67.1,145.2,515.3,416.2,239.9,1.8,4.8,23.6,1734.3,1734.3999999999999,1316.6000000000001,0.7591,1374.4766666666667,1055.97,0.7645933333333333
UTTARAKHAND,2004,58.5,11.7,0.0,51.5,66.0,130.7,400.9,326.3,96.8,70.7,0.8,5.7,1219.6,1219.6,954.6999999999998,0.7828,1374.4766666666667,1055.97,0.7645933333333333
UTTARAKHAND,2005,64.1,83.2,54.2,12.8,52.1,74.0,400.1,249.2,337.9,14.1,2.2,4.3,1348.2,1348.1999999999998,1061.1999999999998,0.7871,1374.4766666666667,1055.97,0.7645933333333333
UTTARAKHAND,2006,48.7,9.6,71.7,52.2,120.5,104.2,345.6,294.7,79.1,18.8,6.8,27.0,1178.9,1178.8999999999999,823.6,0.6986,1374.4766666666667,1055.97,0.7645933333333333
UTTARAKHAND,2007,1.7,138.9,123.1,41.1,78.8,139.9,522.9,502.8,325.6,25.1,7.8,16.7,1924.3,1924.4,1491.1999999999998,0.7749,1374.4766666666667,1055.97,0.7645933333333333
UTTARAKHAND,2008,55.6,11.7,18.1,93.0,67.3,332.4,313.3,245.8,190.8,23.1,11.9,0.6,1363.7,1363.5999999999997,1082.3,0.7937,1374.4766666666667,1055.97,0.7645933333333333
UTTARAKHAND,2009,1.8,27.6,18.8,18.4,77.6,41.9,157.5,202.6,206.6,81.3,12.6,0.9,847.8,847.6,608.6,0.718,1374.4766666666667,1055.97,0.7645933333333333
UTTARAKHAND,2010,11.4,62.1,3.8,13.8,47.0,72.7,455.8,335.7,389.7,8.0,4.5,19.5,1424.0,1424.0,1253.9,0.8805,1374.4766666666667,1055.97,0.7645933333333333
UTTARAKHAND,2011,30.9,65.2,18.0,30.9,84.2,223.1,433.3,523.7,148.4,3.4,1.2,2.3,1564.7,1564.6000000000001,1328.5,0.8491,1374.4766666666667,1055.97,0.7645933333333333
UTTARAKHAND,2012,38.8,11.9,28.1,39.2,9.1,46.0,387.1,419.5,220.6,4.7,3.4,15.5,1223.9,1223.9,1073.2,0.8769,1374.4766666666667,1055.97,0.7645933333333333
UTTARAKHAND,2013,73.0,188.3,22.0,24.7,18.2,488.9,413.4,359.4,111.3,29.1,3.2,3.8,1735.4,1735.3,1372.9999999999998,0.7912,1374.4766666666667,1055.97,0.7645933333333333
UTTARAKHAND,2014,45.9,99.9,68.4,37.6,52.9,62.9,462.7,264.2,107.9,40.8,0.0,44.3,1287.4,1287.5,897.6999999999999,0.6972,1374.4766666666667,1055.97,0.7645933333333333
UTTARAKHAND,2015,54.5,62.6,127.3,57.3,38.0,186.6,337.0,305.3,52.6,16.8,2.4,7.2,1247.6,1247.6,881.5000000000001,0.7066,1374.4766666666667,1055.97,0.7645933333333333
HARYANA DELHI & CHANDIGARH,1901,35.4,28.9,11.1,0.0,5.1,13.2,126.4,151.5,10.5,2.0,0.0,6.1,390.1,390.20000000000005,301.6,0.7729,508.9533333333333,416.62,0.80684
HARYANA DELHI & CHANDIGARH,1902,0.0,0.7,2.9,10.2,15.8,74.6,149.3,97.1,59.8,9.3,0.0,0.0,419.8,419.70000000000005,380.8,0.9073,508.9533333333333,416.62,0.80684
HARYANA DELHI & CHANDIGARH,1903,14.7,0.5,2.3,0.5,8.5,8.6,151.6,138.2,97.7,4.0,0.0,2.3,428.9,428.9,396.09999999999997,0.9235,508.9533333333333,416.62,0.80684
HARYANA DELHI & CHANDIGARH,1904,7.6,0.7,48.0,0.5,29.3,34.3,109.7,162.9,102.3,1.5,10.4,20.3,527.8,527.5,409.2,0.7757,508.9533333333333,416.62,0.80684
HARYANA DELHI & CHANDIGARH,1905,44.8,20.8,14.0,1.3,7.4,20.1,93.6,23.1,92.6,0.0,0.0,5.1,322.9,322.8,229.39999999999998,0.7107,508.9533333333333,416.62,0.80684
HARYANA DELHI & CHANDIGARH,1906,3.6,64.1,31.4,0.1,1.4,70.2,128.9,103.8,185.2,0.0,0.0,5.0,593.6,593.7,488.1,0.8221,508.9533333333333,416.62,0.80684
HARYANA DELHI & CHANDIGARH,1907,14.3,42.8,25.9,33.5,7.8,20.0,123.2,175.3,1.0,0.1,0.0,0.0,443.9,443.90000000000003,319.5,0.7198,508.9533333333333,416.62,0.80684
HARYANA DELHI & CHANDIGARH,1908,31.4,6.1,0.1,7.6,22.4,14.5,196.6,398.2,10.1,0.3,1.1,0.6,689.0,689.0,619.4,0.899,508.9533333333333,416.62,0.80684
HARYANA DELHI & CHANDIGARH,1909,5.9,13.1,0.0,78.1,2.8,123.7,228.7,118.9,162.4,3.1,0.0,32.7,769.3,769.4,633.6999999999999,0.8236,508.9533333333333,416.62,0.80684
HARYANA DELHI & CHANDIGARH,1910,19.7,5.1,0.1,2.1,3.1,69.0,107.9,150.4,159.7,87.3,0.0,0.8,605.2,605.1999999999998,487.0,0.8047,508.9533333333333,416.62,0.80684
HARYANA DELHI & CHANDIGARH,1911,66.5,1.3,53.3,0.7,0.1,53.1,26.3,49.3,208.7,10.7,39.7,0.0,509.7,509.7,337.4,0.662,508.9533333333333,416.62,0.80684
HARYANA DELHI & CHANDIGARH,1912,43.4,12.5,9.0,9.2,2.8,26.5,161.1,134.2,119.5,0.0,10.5,0.5,529.3,529.2,441.29999999999995,0.8339,508.9533333333333,416.62,0.80684
HARYANA DELHI & CHANDIGARH,1913,1.1,42.9,22.4,1.9,69.7,111.8,142.9,82.3,22.6,0.7,0.9,9.3,508.4,508.50000000000006,359.6,0.7072,508.9533333333333,416.62,0.80684
HARYANA DELHI & CHANDIGARH,1914,2.3,7.0,4.7,22.7,21.0,51.1,252.0,100.0,182.9,18.7,2.0,0.3,664.7,664.7,586.0,0.8816,508.9533333333333,416.62,0.80684
HARYANA DELHI & CHANDIGARH,1915,30.7,49.1,40.9,7.1,8.0,39.9,66.9,69.9,101.7,6.4,0.0,1.8,422.4,422.4,278.40000000000003,0.6591,508.9533333333333,416.62,0.80684
HARYANA DELHI & CHANDIGARH,1916,0.5,15.7,0.2,2.3,12.5,71.2,139.7,217.7,107.8,61.6,0.0,0.0,629.1,629.1999999999999,536.4,0.8525,508.9533333333333,416.62,0.80684
HARYANA DELHI & CHANDIGARH,1917,6.1,7.4,3.2,34.5,25.8,64.6,164.3,210.9,361.5,101.0,0.0,7.5,986.7,986.8,801.3,0.812,508.9533333333333,416.62,0.80684
HARYANA DELHI & CHANDIGARH,1918,10.0,0.0,11.1,9.9,1.1,34.3,20.0,142.1,5.0,0.3,0.8,0.0,234.7,234.60000000000002,201.39999999999998,0.8585,508.9533333333333,416.62,0.80684
HARYANA DELHI & CHANDIGARH,1919,61.0,2.7,8.4,2.3,14.8,7.0,208.7,172.1,50.6,0.0,3.4,22.8,553.7,553.8,438.4,0.7916,508.9533333333333,416.62,0.80684
HARYANA DELHI & CHANDIGARH,1920,11.2,12.9,13.2,0.2,21.6,73.0,194.8,30.8,9.6,1.4,0.0,0.1,368.8,368.8,308.20000000000005,0.8357,508.9533333333333,416.62,0.80684
HARYANA DELHI & CHANDIGARH,1921,21.3,1.2,0.5,1.4,0.0,13.7,100.2,189.5,86.1,29.5,0.0,3.0,446.5,446.4,389.5,0.8725,508.9533333333333,416.62,0.80684
HARYANA DELHI & CHANDIGARH,1922,14.3,4.5,0.6,0.6,1.4,86.7,139.6,99.7,176.5,1.7,0.0,27.1,552.9,552.7,502.5,0.9092,508.9533333333333,416.62,0.80684
HARYANA DELHI & CHANDIGARH,1923,17.0,52.7,0.8,0.1,19.7,24.8,183.7,221.3,17.6,9.1,0.3,34.4,581.5,581.4999999999999,447.40000000000003,0.7694,508.9533333333333,416.62,0.80684
HARYANA DELHI & CHANDIGARH,1924,48.5,18.9,2.0,1.3,5.5,18.5,98.3,151.3,247.5,45.5,2.5,15.0,654.8,654.8,515.6,0.7874,508.9533333333333,416.62,0.80684
HARYANA DELHI & CHANDIGARH,1925,4.8,0.1,0.1,3.1,11.2,153.8,247.0,108.6,10.2,5.7,12.2,0.3,557.2,557.1000000000001,519.6,0.9327,508.9533333333333,416.62,0.80684
HARYANA DELHI & CHANDIGARH,1926,9.4,9.3,39.2,10.3,33.4,18.4,190.0,257.4,45.5,0.6,2.4,0.1,615.9,616.0,511.29999999999995,0.83,508.9533333333333,416.62,0.80684
HARYANA DELHI & CHANDIGARH,1927,0.2,34.1,14.8,7.4,13.9,12.2,160.9,163.9,42.7,18.1,1.7,32.5,502.5,502.4,379.7,0.7558,508.9533333333333,416.62,0.80684
HARYANA DELHI & CHANDIGARH,1928,21.5,28.3,3.4,5.9,3.7,36.5,131.0,77.6,35.6,7.6,20.3,16.8,388.2,388.20000000000005,280.7,0.7231,508.9533333333333,416.62,0.80684
HARYANA DELHI & CHANDIGARH,1929,15.2,0.1,0.0,9.5,3.7,18.7,135.2,82.8,11.4,3.8,0.0,26.2,306.6,306.59999999999997,248.1,0.8092,508.9533333333333,416.62,0.80684
HARYANA DELHI & CHANDIGARH,1930,28.4,11.4,4.0,1.8,3.4,68.6,266.5,78.4,32.3,2.8,0.9,2.1,500.5,500.6,445.8,0.8905,508.9533333333333,416.62,0.80684
HARYANA DELHI & CHANDIGARH,1931,0.4,17.0,14.2,0.3,7.8,11.1,198.7,122.5,109.5,37.4,0.0,0.1,519.2,519.0,441.79999999999995,0.8513,508.9533333333333,416.62,0.80684
HARYANA DELHI & CHANDIGARH,1932,3.0,2.0,26.2,4.8,6.1,14.3,136.8,113.4,117.5,0.0,0.0,15.8,440.1,439.90000000000003,382.0,0.8684,508.9533333333333,416.62,0.80684
HARYANA DELHI & CHANDIGARH,1933,1.1,19.5,10.8,6.7,43.2,105.1,131.4,227.3,293.1,17.0,0.4,1.3,856.9,856.9,756.9000000000001,0.8833,508.9533333333333,416.62,0.80684
HARYANA DELHI & CHANDIGARH,1934,21.6,1.0,47.6,0.7,2.0,64.6,140.8,199.1,18.3,0.0,0.0,5.6,501.4,501.3,422.8,0.8434,508.9533333333333,416.62,0.80684
HARYANA DELHI & CHANDIGARH,1935,35.1,25.1,7.1,29.2,0.7,5.3,208.9,132.3,97.0,7.5,6.0,14.2,568.3,568.4000000000001,443.5,0.7803,508.9533333333333,416.62,0.80684
HARYANA DELHI & CHANDIGARH,1936,1.6,18.2,6.8,0.7,3.3,141.3,124.4,125.7,61.3,0.1,1.2,26.5,511.1,511.1,452.70000000000005,0.8857,508.9533333333333,416.62,0.80684
HARYANA DELHI & CHANDIGARH,1937,0.8,75.8,5.3,20.3,5.2,43.7,171.6,39.3,109.8,0.4,0.3,9.1,481.7,481.6,364.40000000000003,0.7566,508.9533333333333,416.62,0.80684
HARYANA DELHI & CHANDIGARH,1938,38.2,7.7,0.4,1.1,7.4,61.7,89.7,56.9,8.1,7.6,0.1,0.0,278.8,278.90000000000003,216.4,0.7759,508.9533333333333,416.62,0.80684
HARYANA DELHI & CHANDIGARH,1939,1.9,38.5,20.2,0.5,0.3,88.8,62.7,32.9,63.3,1.2,0.0,0.0,310.2,310.29999999999995,247.7,0.7983,508.9533333333333,416.62,0.80684
HARYANA DELHI & CHANDIGARH,1940,28.2,35.6,11.9,6.7,1.7,38.7,117.4,142.3,12.6,0.2,0.0,0.4,395.7,395.7,311.00000000000006,0.7859,508.9533333333333,416.62,0.80684
HARYANA DELHI & CHANDIGARH,1941,59.2,5.1,2.2,0.0,16.2,96.3,41.0,90.1,46.4,3.9,0.0,3.5,363.9,363.9,273.8,0.7524,508.9533333333333,416.62,0.80684
HARYANA DELHI & CHANDIGARH,1942,24.9,48.6,2.2,11.7,7.3,48.2,257.5,237.6,154.2,0.3,0.0,11.9,804.5,804.4,697.5,0.8671,508.9533333333333,416.62,0.80684
HARYANA DELHI & CHANDIGARH,1943,19.6,2.1,2.4,14.7,8.5,28.8,129.6,112.4,89.7,0.0,0.0,0.1,407.9,407.90000000000003,360.5,0.8838,508.9533333333333,416.62,0.80684
HARYANA DELHI & CHANDIGARH,1944,21.5,32.9,35.1,27.6,0.5,52.2,150.7,99.0,38.8,24.8,0.6,0.6,484.2,484.30000000000007,340.7,0.7035,508.9533333333333,416.62,0.80684
HARYANA DELHI & CHANDIGARH,1945,41.5,0.0,2.4,6.5,7.9,36.5,120.0,122.3,312.5,5.1,0.0,0.0,654.6,654.7,591.3,0.9032,508.9533333333333,416.62,0.80684
HARYANA DELHI & CHANDIGARH,1946,0.1,9.7,1.7,3.4,27.0,72.0,122.9,155.4,17.3,15.6,1.0,11.6,437.8,437.7000000000001,367.6,0.8398,508.9533333333333,416.62,0.80684
HARYANA DELHI & CHANDIGARH,1947,17.2,15.8,7.2,0.6,3.0,13.7,22.9,80.6,292.9,4.5,0.0,6.2,464.5,464.59999999999997,410.09999999999997,0.8827,508.9533333333333,416.62,0.80684
HARYANA DELHI & CHANDIGARH,1948,34.4,31.4,18.8,1.1,4.8,16.0,212.4,233.0,34.6,4.3,0.9,0.3,592.1,591.9999999999999,496.0,0.8378,508.9533333333333,416.62,0.80684
HARYANA DELHI & CHANDIGARH,1949,3.4,27.9,0.7,1.2,5.9,12.1,287.9,58.3,84.7,1.2,0.0,2.0,485.3,485.29999999999995,443.0,0.9128,508.9533333333333,416.62,0.80684
HARYANA DELHI & CHANDIGARH,1950,22.2,6.5,18.1,0.5,6.1,9.7,220.4,147.6,118.7,0.0,0.0,1.4,551.1,551.2,496.4,0.9006,508.9533333333333,416.62,0.80684
HARYANA DELHI & CHANDIGARH,1951,8.2,0.4,33.6,11.6,9.1,21.3,56.0,135.4,35.0,0.2,27.4,0.0,338.2,338.2,247.7,0.7324,508.9533333333333,416.62,0.80684
HARYANA DELHI & CHANDIGARH,1952,8.2,17.8,12.0,2.6,10.8,67.1,122.5,311.0,1.3,0.0,0.0,3.2,556.3,556.5,501.90000000000003,0.9019,508.9533333333333,416.62,0.80684
HARYANA DELHI & CHANDIGARH,1953,39.5,1.6,0.0,4.1,5.9,58.9,241.0,154.9,48.4,0.9,0.0,6.6,561.9,561.8,503.19999999999993,0.8957,508.9533333333333,416.62,0.80684
HARYANA DELHI & CHANDIGARH,1954,26.1,91.0,10.1,0.4,3.9,26.7,152.3,45.6,136.6,43.9,0.3,0.0,537.0,536.9,361.2,0.6728,508.9533333333333,416.62,0.80684
HARYANA DELHI & CHANDIGARH,1955,32.8,1.9,7.7,7.3,12.7,66.1,100.3,173.1,159.3,129.4,2.8,0.6,694.1,694.0,498.8,0.7187,508.9533333333333,416.62,0.80684
HARYANA DELHI & CHANDIGARH,1956,16.6,3.1,25.6,0.8,2.4,50.8,239.1,159.5,19.5,131.3,4.4,0.6,653.8,653.7,468.9,0.7173,508.9533333333333,416.62,0.80684
HARYANA DELHI & CHANDIGARH,1957,53.2,0.2,28.9,2.8,6.9,24.4,190.6,101.6,149.6,26.6,7.7,24.7,617.2,617.2000000000002,466.20000000000005,0.7553,508.9533333333333,416.62,0.80684
HARYANA DELHI & CHANDIGARH,1958,4.1,0.7,5.4,1.9,4.4,17.0,150.0,182.7,273.4,21.8,1.0,10.6,673.0,672.9999999999999,623.0999999999999,0.9259,508.9533333333333,416.62,0.80684
HARYANA DELHI & CHANDIGARH,1959,28.4,8.0,3.8,0.4,13.2,25.3,103.8,163.8,102.8,16.1,19.3,0.1,484.9,485.00000000000006,395.7,0.8159,508.9533333333333,416.62,0.80684
HARYANA DELHI & CHANDIGARH,1960,11.3,0.0,24.4,4.2,1.3,33.1,249.9,339.0,15.6,35.2,0.0,8.9,722.9,722.9000000000001,637.6,0.882,508.9533333333333,416.62,0.80684
HARYANA DELHI & CHANDIGARH,1961,40.2,29.9,0.4,4.6,11.0,46.2,150.1,251.4,52.4,25.8,6.6,9.2,627.9,627.8,500.1,0.7966,508.9533333333333,416.62,0.80684
HARYANA DELHI & CHANDIGARH,1962,21.1,10.4,7.7,1.3,1.5,14.0,144.7,111.5,189.4,0.0,2.9,6.5,511.0,511.0,459.6,0.8994,508.9533333333333,416.62,0.80684
HARYANA DELHI & CHANDIGARH,1963,3.1,4.1,4.4,2.0,3.9,40.7,55.3,307.6,85.3,0.0,9.0,6.3,521.8,521.7,488.90000000000003,0.9371,508.9533333333333,416.62,0.80684
HARYANA DELHI & CHANDIGARH,1964,4.7,1.5,0.9,0.4,14.6,8.8,370.7,191.5,111.2,0.6,0.1,6.0,710.9,711.0,682.2,0.9595,508.9533333333333,416.62,0.80684
HARYANA DELHI & CHANDIGARH,1965,6.2,11.5,7.3,8.6,20.4,2.1,120.3,133.3,60.9,11.0,0.1,0.2,381.9,381.90000000000003,316.59999999999997,0.829,508.9533333333333,416.62,0.80684
HARYANA DELHI & CHANDIGARH,1966,3.3,34.0,6.7,1.7,45.3,128.9,98.2,312.8,69.1,6.7,1.0,0.2,707.7,707.9000000000002,609.0000000000001,0.8603,508.9533333333333,416.62,0.80684
HARYANA DELHI & CHANDIGARH,1967,0.0,2.4,43.4,0.9,13.0,33.1,224.3,336.0,96.3,7.8,13.8,68.9,839.9,839.8999999999999,689.7,0.8212,508.9533333333333,416.62,0.80684
HARYANA DELHI & CHANDIGARH,1968,14.1,15.9,17.3,0.0,2.3,28.3,211.2,90.1,0.1,7.0,0.0,2.0,388.3,388.29999999999995,329.70000000000005,0.8491,508.9533333333333,416.62,0.80684
HARYANA DELHI & CHANDIGARH,1969,1.5,6.8,9.7,3.6,21.0,11.3,130.9,132.7,158.8,0.3,0.6,0.0,477.2,477.20000000000005,433.7,0.9088,508.9533333333333,416.62,0.80684
HARYANA DELHI & CHANDIGARH,1970,35.4,35.4,9.4,0.0,11.5,67.2,65.7,207.9,104.9,0.8,0.0,0.0,538.2,538.1999999999999,445.70000000000005,0.8281,508.9533333333333,416.62,0.80684
HARYANA DELHI & CHANDIGARH,1971,17.0,18.9,1.1,7.5,58.7,61.3,148.4,259.2,51.6,11.3,1.8,0.0,636.8,636.7999999999998,520.5,0.8174,508.9533333333333,416.62,0.80684
HARYANA DELHI & CHANDIGARH,1972,6.8,12.1,5.6,11.6,0.1,24.9,137.1,186.0,12.6,7.7,33.1,3.2,440.8,440.8,360.6,0.8181,508.9533333333333,416.62,0.80684
HARYANA DELHI & CHANDIGARH,1973,15.8,5.2,3.2,0.5,32.9,75.1,118.3,189.8,57.6,19.7,0.0,9.0,527.2,527.1,440.8,0.8363,508.9533333333333,416.62,0.80684
HARYANA DELHI & CHANDIGARH,1974,0.5,1.3,1.6,0.9,4.6,37.9,201.5,94.5,12.2,16.4,0.0,13.5,384.9,384.9,346.09999999999997,0.8992,508.9533333333333,416.62,0.80684
HARYANA DELHI & CHANDIGARH,1975,20.3,2.9,9.3,0.3,5.6,57.9,182.6,180.1,142.4,20.6,0.0,0.0,622.1,622.0,563.0,0.9051,508.9533333333333,416.62,0.80684
HARYANA DELHI & CHANDIGARH,1976,8.8,23.1,6.8,2.7,32.4,80.2,216.2,317.4,38.0,0.2,0.1,0.8,726.7,726.6999999999999,651.8,0.8969,508.9533333333333,416.62,0.80684
HARYANA DELHI & CHANDIGARH,1977,50.1,1.5,0.8,22.8,23.6,50.6,288.4,165.7,118.3,8.4,0.5,9.4,740.1,740.0999999999999,623.0,0.8418,508.9533333333333,416.62,0.80684
HARYANA DELHI & CHANDIGARH,1978,0.2,24.8,51.7,4.2,1.5,71.5,202.7,184.8,104.5,2.1,2.8,0.5,651.1,651.3000000000001,563.5,0.8652,508.9533333333333,416.62,0.80684
HARYANA DELHI & CHANDIGARH,1979,23.2,45.5,10.7,3.5,30.0,33.6,122.7,39.7,19.9,3.6,2.8,6.3,341.5,341.5,215.9,0.6322,508.9533333333333,416.62,0.80684
HARYANA DELHI & CHANDIGARH,1980,5.8,2.3,22.0,0.4,8.9,45.5,236.5,102.0,50.2,13.4,4.9,21.4,513.2,513.3,434.2,0.8459,508.9533333333333,416.62,0.80684
HARYANA DELHI & CHANDIGARH,1981,25.7,13.3,34.6,0.5,18.0,63.3,196.7,63.7,34.7,0.1,42.1,0.6,493.4,493.3,358.4,0.7265,508.9533333333333,416.62,0.80684
HARYANA DELHI & CHANDIGARH,1982,21.4,20.0,70.7,33.1,57.3,29.9,99.2,150.4,5.4,3.2,2.4,13.6,506.6,506.59999999999997,284.9,0.5624,508.9533333333333,416.62,0.80684
HARYANA DELHI & CHANDIGARH,1983,38.0,5.3,6.4,82.5,35.3,29.5,218.3,240.7,79.8,5.4,0.0,3.3,744.5,744.4999999999999,568.3,0.7633,508.9533333333333,416.62,0.80684
HARYANA DELHI & CHANDIGARH,1984,1.9,14.5,0.4,2.7,0.7,48.6,154.2,179.5,75.5,0.9,0.0,0.3,479.2,479.2,457.79999999999995,0.9553,508.9533333333333,416.62,0.80684
HARYANA DELHI & CHANDIGARH,1985,3.5,0.3,1.1,8.1,3.1,44.2,256.9,152.4,35.9,42.6,0.0,24.3,572.4,572.4,489.4,0.855,508.9533333333333,416.62,0.80684
HARYANA DELHI & CHANDIGARH,1986,7.2,31.0,12.7,3.3,36.0,85.1,92.5,108.9,52.9,11.2,0.7,9.5,450.9,451.0,339.4,0.7525,508.9533333333333,416.62,0.80684
HARYANA DELHI & CHANDIGARH,1987,21.3,27.8,12.4,6.4,62.5,27.7,26.4,106.6,18.0,3.2,0.0,6.3,318.6,318.6,178.7,0.5609,508.9533333333333,416.62,0.80684
HARYANA DELHI & CHANDIGARH,1988,1.5,13.2,34.5,3.6,3.4,82.4,288.5,222.5,183.4,0.0,0.1,12.0,845.0,845.1,776.8,0.9192,508.9533333333333,416.62,0.80684
HARYANA DELHI & CHANDIGARH,1989,40.1,0.4,11.7,0.6,2.3,31.6,90.8,152.5,68.7,0.2,5.2,12.4,416.5,416.49999999999994,343.59999999999997,0.825,508.9533333333333,416.62,0.80684
HARYANA DELHI & CHANDIGARH,1990,0.0,79.5,4.9,2.2,21.9,25.3,201.2,137.7,194.5,2.7,14.1,19.2,703.1,703.2000000000002,558.7,0.7945,508.9533333333333,416.62,0.80684
HARYANA DELHI & CHANDIGARH,1991,0.1,19.7,2.9,13.2,6.0,50.4,55.3,187.9,36.9,1.4,3.8,16.2,393.9,393.79999999999995,330.5,0.8393,508.9533333333333,416.62,0.80684
HARYANA DELHI & CHANDIGARH,1992,20.3,16.4,0.5,1.2,7.8,17.2,124.5,171.6,59.0,3.8,7.2,0.0,429.7,429.5,372.29999999999995,0.8668,508.9533333333333,416.62,0.80684
HARYANA DELHI & CHANDIGARH,1993,4.5,16.1,11.3,5.4,8.8,42.0,274.6,35.6,125.4,0.0,0.0,0.0,523.8,523.7,477.6,0.912,508.9533333333333,416.62,0.80684
HARYANA DELHI & CHANDIGARH,1994,20.1,11.3,0.6,7.6,8.5,51.3,275.8,160.6,28.2,0.0,0.1,0.2,564.4,564.3000000000002,515.9000000000001,0.9142,508.9533333333333,416.62,0.80684
HARYANA DELHI & CHANDIGARH,1995,38.8,21.7,9.8,4.9,0.6,47.2,115.0,405.3,175.3,0.2,0.1,0.3,819.1,819.1999999999999,742.8,0.9067,508.9533333333333,416.62,0.80684
HARYANA DELHI & CHANDIGARH,1996,16.0,30.5,11.6,0.6,5.1,109.4,85.8,249.2,116.3,19.9,0.0,0.3,644.6,644.6999999999999,560.6999999999999,0.8697,508.9533333333333,416.62,0.80684
HARYANA DELHI & CHANDIGARH,1997,6.6,2.2,14.6,35.3,38.0,60.2,133.6,226.8,36.9,53.7,13.4,47.3,668.6,668.5999999999999,457.5,0.6843,508.9533333333333,416.62,0.80684
HARYANA DELHI & CHANDIGARH,1998,0.4,24.6,25.4,9.1,6.1,68.4,154.8,161.6,150.9,78.2,5.8,0.0,685.3,685.3,535.7,0.7817,508.9533333333333,416.62,0.80684
HARYANA DELHI & CHANDIGARH,1999,31.7,0.7,1.4,0.0,20.1,42.2,109.8,78.7,54.7,4.8,0.0,0.4,344.4,344.49999999999994,285.4,0.8284,508.9533333333333,416.62,0.80684
HARYANA DELHI & CHANDIGARH,2000,17.1,29.1,1.4,1.3,22.8,58.9,146.8,87.9,17.5,0.0,0.4,1.2,384.4,384.3999999999999,311.1,0.8093,508.9533333333333,416.62,0.80684
HARYANA DELHI & CHANDIGARH,2001,17.8,5.2,7.2,19.8,47.8,117.2,145.2,103.5,10.3,11.1,0.1,0.2,485.5,485.40000000000003,376.2,0.775,508.9533333333333,416.62,0.80684
HARYANA DELHI & CHANDIGARH,2002,11.6,31.1,9.0,1.1,52.0,21.2,19.4,78.2,123.0,1.9,0.0,8.8,357.2,357.3,241.8,0.6767,508.9533333333333,416.62,0.80684
HARYANA DELHI & CHANDIGARH,2003,14.7,29.9,4.0,1.8,7.5,26.6,277.6,165.3,58.9,0.0,0.1,11.0,597.6,597.4000000000001,528.4000000000001,0.8845,508.9533333333333,416.62,0.80684
HARYANA DELHI & CHANDIGARH,2004,25.4,0.3,0.0,18.1,40.7,52.5,19.9,252.9,22.1,54.1,0.0,1.2,487.3,487.20000000000005,347.40000000000003,0.7131,508.9533333333333,416.62,0.80684
HARYANA DELHI & CHANDIGARH,2005,13.9,35.7,29.9,2.7,7.6,53.9,175.6,52.6,146.7,0.0,0.8,0.0,519.5,519.3999999999999,428.8,0.8256,508.9533333333333,416.62,0.80684
HARYANA DELHI & CHANDIGARH,2006,2.3,0.1,30.4,0.6,24.8,45.4,135.2,32.1,49.9,3.8,1.2,5.2,330.9,330.99999999999994,262.59999999999997,0.7934,508.9533333333333,416.62,0.80684
HARYANA DELHI & CHANDIGARH,2007,0.5,76.0,40.1,2.0,12.4,88.7,82.0,87.9,55.2,0.1,0.3,1.4,446.6,446.6,313.8,0.7026,508.9533333333333,416.62,0.80684
HARYANA DELHI & CHANDIGARH,2008,2.4,0.4,0.6,13.4,72.9,193.5,124.3,174.2,114.5,8.4,5.5,0.2,710.4,710.3000000000001,606.5,0.8539,508.9533333333333,416.62,0.80684
HARYANA DELHI & CHANDIGARH,2009,4.1,5.9,5.7,11.7,17.7,15.2,106.4,63.8,160.8,2.5,1.1,0.4,395.4,395.3,346.20000000000005,0.8758,508.9533333333333,416.62,0.80684
HARYANA DELHI & CHANDIGARH,2010,4.8,10.2,0.5,0.8,5.9,29.1,189.3,198.5,183.9,1.1,3.5,12.8,640.5,640.4,600.8,0.9382,508.9533333333333,416.62,0.80684
HARYANA DELHI & CHANDIGARH,2011,0.7,26.7,6.9,8.9,28.7,94.4,85.0,127.3,133.1,0.0,0.0,0.4,512.0,512.1,439.79999999999995,0.8588,508.9533333333333,416.62,0.80684
HARYANA DELHI & CHANDIGARH,2012,8.2,0.2,0.1,11.8,3.8,5.3,68.1,196.6,90.7,2.4,0.6,3.5,391.4,391.3,360.7,0.9218,508.9533333333333,416.62,0.80684
HARYANA DELHI & CHANDIGARH,2013,21.1,52.2,5.3,3.3,1.4,62.1,96.5,161.9,42.8,10.9,1.7,2.1,461.2,461.3,363.3,0.7876,508.9533333333333,416.62,0.80684
HARYANA DELHI & CHANDIGARH,2014,13.0,17.3,26.8,7.5,20.3,25.9,72.3,34.8,67.3,10.5,0.2,9.6,305.5,305.5,200.3,0.6556,508.9533333333333,416.62,0.80684
HARYANA DELHI & CHANDIGARH,2015,12.4,6.6,71.8,34.8,8.4,43.7,130.3,89.2,32.1,3.7,2.3,0.2,435.3,435.5,295.3,0.6781,508.9533333333333,416.62,0.80684
PUNJAB,1901,55.7,50.1,25.2,2.1,25.2,10.4,178.2,145.0,24.4,3.7,0.0,3.3,523.5,523.3,358.0,0.6841,553.3199999999999,434.71666666666664,0.77519
PUNJAB,1902,0.0,0.8,9.9,10.9,29.6,49.9,125.6,94.9,67.2,9.0,0.0,0.1,398.0,397.90000000000003,337.59999999999997,0.8485,553.3199999999999,434.71666666666664,0.77519
PUNJAB,1903,29.5,0.5,45.0,1.3,9.2,5.2,212.2,119.1,132.5,6.9,0.0,9.5,571.0,570.9,469.0,0.8215,553.3199999999999,434.71666666666664,0.77519
PUNJAB,1904,24.2,1.7,87.8,1.2,13.8,22.0,59.9,124.0,73.8,7.4,9.8,25.9,451.5,451.5,279.7,0.6195,553.3199999999999,434.71666666666664,0.77519
PUNJAB,1905,53.0,40.3,24.3,0.5,2.2,19.2,122.6,50.3,111.1,1.2,0.0,9.4,434.3,434.09999999999997,303.19999999999993,0.6985,553.3199999999999,434.71666666666664,0.77519
PUNJAB,1906,5.3,83.1,50.5,1.5,4.7,38.3,99.4,190.5,181.5,0.5,0.0,22.2,677.5,677.5,509.7,0.7523,553.3199999999999,434.71666666666664,0.77519
PUNJAB,1907,27.3,95.4,53.1,50.7,3.3,20.2,82.8,249.0,6.8,0.4,0.0,0.0,589.2,588.9999999999999,358.8,0.6092,553.3199999999999,434.71666666666664,0.77519
PUNJAB,1908,46.9,11.8,0.3,31.3,12.1,13.0,183.8,399.1,37.3,1.2,1.7,2.0,740.4,740.5,633.2,0.8551,553.3199999999999,434.71666666666664,0.77519
PUNJAB,1909,34.0,21.0,0.2,48.6,1.8,81.3,240.9,178.7,197.2,1.5,0.0,40.5,846.1,845.7,698.0999999999999,0.8255,553.3199999999999,434.71666666666664,0.77519
PUNJAB,1910,27.1,5.6,1.1,2.7,1.4,111.4,143.9,217.9,79.5,21.0,0.0,4.8,616.3,616.4,552.7,0.8967,553.3199999999999,434.71666666666664,0.77519
PUNJAB,1911,112.1,7.3,108.5,3.7,1.0,64.9,26.4,103.5,34.0,11.7,32.6,0.1,505.6,505.8,228.8,0.4524,553.3199999999999,434.71666666666664,0.77519
PUNJAB,1912,53.3,5.2,8.5,19.9,10.0,10.6,173.3,197.4,37.5,0.0,18.5,2.2,536.4,536.4000000000001,418.8,0.7808,553.3199999999999,434.71666666666664,0.77519
PUNJAB,1913,0.9,58.7,47.5,0.6,52.8,86.9,111.5,159.0,22.6,2.2,2.6,15.8,561.2,561.1,380.0,0.6772,553.3199999999999,434.71666666666664,0.77519
PUNJAB,1914,19.8,26.9,15.8,44.6,17.3,58.9,290.9,75.6,193.1,34.7,8.1,8.7,794.4,794.4000000000001,618.5,0.7786,553.3199999999999,434.71666666666664,0.77519
PUNJAB,1915,28.7,59.8,48.3,9.3,4.3,22.5,54.1,67.4,105.5,19.3,0.0,2.4,421.7,421.6,249.5,0.5918,553.3199999999999,434.71666666666664,0.77519
PUNJAB,1916,2.8,20.9,2.8,4.4,8.2,33.9,238.3,184.1,71.3,21.1,0.0,0.6,588.4,588.4,527.5999999999999,0.8967,553.3199999999999,434.71666666666664,0.77519
PUNJAB,1917,6.5,3.1,12.5,71.9,31.3,82.6,172.4,211.4,369.1,156.5,0.0,9.4,1126.7,1126.7,835.5,0.7415,553.3199999999999,434.71666666666664,0.77519
PUNJAB,1918,3.1,1.2,61.4,38.5,0.6,31.9,38.7,140.5,15.5,0.2,3.5,4.5,339.6,339.59999999999997,226.6,0.6673,553.3199999999999,434.71666666666664,0.77519
PUNJAB,1919,81.4,12.3,11.1,4.9,11.9,6.4,202.0,137.0,46.2,0.4,3.3,32.9,549.9,549.8,391.59999999999997,0.7123,553.3199999999999,434.71666666666664,0.77519
PUNJAB,1920,25.7,18.3,21.3,0.6,20.0,42.7,148.0,81.3,23.3,0.4,0.0,1.5,383.1,383.1,295.3,0.7708,553.3199999999999,434.71666666666664,0.77519
PUNJAB,1921,19.3,3.9,0.7,0.7,1.0,19.9,116.8,113.9,46.6,27.0,0.0,20.5,370.4,370.30000000000007,297.2,0.8026,553.3199999999999,434.71666666666664,0.77519
PUNJAB,1922,23.8,14.0,3.1,3.0,1.7,65.1,132.8,85.6,148.5,2.5,0.0,33.5,513.6,513.6,432.0,0.8411,553.3199999999999,434.71666666666664,0.77519
PUNJAB,1923,36.4,63.0,7.3,4.9,38.0,21.8,222.2,279.1,12.8,5.7,2.5,44.1,737.9,737.8000000000001,535.9,0.7263,553.3199999999999,434.71666666666664,0.77519
PUNJAB,1924,39.1,42.3,2.6,1.1,17.7,2.3,185.8,109.0,155.0,0.5,1.1,34.4,590.8,590.9,452.1,0.7651,553.3199999999999,434.71666666666664,0.77519
PUNJAB,1925,18.1,2.1,1.1,7.7,21.1,104.7,284.4,158.8,14.4,7.5,9.8,0.0,629.6,629.6999999999999,562.3,0.893,553.3199999999999,434.71666666666664,0.77519
PUNJAB,1926,14.1,7.5,50.2,16.2,34.9,7.2,189.0,228.4,54.1,0.1,1.3,4.4,607.3,607.4,478.70000000000005,0.7881,553.3199999999999,434.71666666666664,0.77519
PUNJAB,1927,0.7,39.8,15.7,6.6,18.1,18.6,226.1,95.2,24.8,5.5,2.3,27.7,481.0,481.1,364.7,0.7581,553.3199999999999,434.71666666666664,0.77519
PUNJAB,1928,25.6,21.3,6.3,10.2,2.8,34.9,92.3,120.2,58.8,1.0,27.0,36.9,437.1,437.29999999999995,306.2,0.7002,553.3199999999999,434.71666666666664,0.77519
PUNJAB,1929,8.9,1.1,0.0,11.5,1.7,45.6,163.3,111.6,8.5,10.2,0.0,60.6,423.0,423.00000000000006,329.0,0.7778,553.3199999999999,434.71666666666664,0.77519
PUNJAB,1930,25.6,27.0,6.7,13.3,7.1,55.0,258.4,57.4,91.7,1.1,0.2,13.9,557.2,557.4,462.49999999999994,0.8297,553.3199999999999,434.71666666666664,0.77519
PUNJAB,1931,12.6,27.1,21.1,2.0,19.4,9.5,183.8,222.1,68.8,21.8,0.0,0.5,588.6,588.6999999999999,484.2,0.8225,553.3199999999999,434.71666666666664,0.77519
PUNJAB,1932,19.0,13.2,28.8,7.3,11.6,19.9,190.7,136.1,32.0,1.5,0.3,29.9,490.3,490.3,378.7,0.7724,553.3199999999999,434.71666666666664,0.77519
PUNJAB,1933,6.2,26.4,35.7,7.2,25.7,37.1,180.0,327.3,202.7,8.4,2.9,0.9,860.6,860.4999999999999,747.0999999999999,0.8682,553.3199999999999,434.71666666666664,0.77519
PUNJAB,1934,18.3,1.7,37.5,2.4,6.0,51.0,150.9,136.6,14.9,0.0,0.0,9.9,429.2,429.19999999999993,353.4,0.8234,553.3199999999999,434.71666666666664,0.77519
PUNJAB,1935,73.7,40.9,12.8,44.2,2.1,8.2,203.9,144.6,45.1,2.7,11.6,8.2,598.2,598.0000000000001,401.8,0.6719,553.3199999999999,434.71666666666664,0.77519
PUNJAB,1936,1.3,58.8,17.3,10.9,5.4,105.0,170.2,165.5,57.7,6.2,0.2,27.9,626.4,626.4000000000001,498.4,0.7957,553.3199999999999,434.71666666666664,0.77519
PUNJAB,1937,5.8,96.0,10.2,41.8,8.8,55.4,218.6,30.5,70.2,7.3,0.3,26.2,571.1,571.1,374.7,0.6561,553.3199999999999,434.71666666666664,0.77519
PUNJAB,1938,77.5,22.2,1.8,9.1,3.4,112.8,102.3,85.4,5.8,9.9,0.0,0.6,430.9,430.8,306.3,0.711,553.3199999999999,434.71666666666664,0.77519
PUNJAB,1939,6.2,61.0,58.1,8.3,0.8,49.8,100.5,78.6,37.9,2.6,0.0,0.0,403.7,403.80000000000007,266.8,0.6607,553.3199999999999,434.71666666666664,0.77519
PUNJAB,1940,36.8,45.1,13.7,2.9,6.5,60.3,159.3,179.6,27.4,0.1,0.1,0.5,532.2,532.3000000000001,426.6,0.8014,553.3199999999999,434.71666666666664,0.77519
PUNJAB,1941,55.3,8.5,12.4,1.0,15.2,89.5,111.4,152.1,41.0,9.8,0.0,10.2,506.3,506.4,394.0,0.778,553.3199999999999,434.71666666666664,0.77519
PUNJAB,1942,27.2,57.2,15.4,19.6,13.4,52.4,253.3,256.4,131.7,5.1,0.0,39.8,871.6,871.4999999999999,693.8,0.7961,553.3199999999999,434.71666666666664,0.77519
PUNJAB,1943,55.6,1.9,7.9,7.8,9.8,29.2,130.4,132.6,46.6,0.4,0.0,0.2,422.3,422.40000000000003,338.8,0.8021,553.3199999999999,434.71666666666664,0.77519
PUNJAB,1944,32.3,54.6,49.5,46.5,0.6,21.8,183.8,145.8,67.2,14.6,1.6,8.4,626.9,626.7000000000002,418.6,0.6679,553.3199999999999,434.71666666666664,0.77519
PUNJAB,1945,71.4,0.0,14.5,15.9,3.2,38.3,156.9,138.6,359.8,6.0,0.5,0.2,805.3,805.3000000000002,693.5999999999999,0.8613,553.3199999999999,434.71666666666664,0.77519
PUNJAB,1946,2.6,16.1,7.0,4.2,19.3,63.1,129.5,150.5,7.4,32.0,7.6,38.7,478.1,478.0,350.5,0.7333,553.3199999999999,434.71666666666664,0.77519
PUNJAB,1947,23.2,14.5,9.4,0.0,5.4,3.5,57.4,177.4,270.8,3.0,0.0,36.3,600.9,600.9,509.1,0.8472,553.3199999999999,434.71666666666664,0.77519
PUNJAB,1948,19.9,53.1,66.5,6.7,2.2,11.2,195.7,209.6,38.3,0.6,0.3,16.2,620.2,620.3,454.8,0.7332,553.3199999999999,434.71666666666664,0.77519
PUNJAB,1949,9.3,58.4,4.8,5.2,9.8,26.9,320.0,93.7,51.0,1.4,0.0,4.5,584.9,585.0,491.59999999999997,0.8403,553.3199999999999,434.71666666666664,0.77519
PUNJAB,1950,53.1,25.4,50.1,2.4,8.1,14.1,209.2,232.3,396.8,0.4,0.0,0.1,992.0,992.0,852.4000000000001,0.8593,553.3199999999999,434.71666666666664,0.77519
PUNJAB,1951,23.9,4.3,53.5,10.4,21.5,5.1,207.8,122.2,12.5,1.9,34.5,1.9,499.5,499.49999999999994,347.6,0.6959,553.3199999999999,434.71666666666664,0.77519
PUNJAB,1952,19.7,20.4,34.0,0.7,6.4,59.8,137.0,282.3,1.7,0.1,0.1,3.8,565.9,566.0,480.8,0.8495,553.3199999999999,434.71666666666664,0.77519
PUNJAB,1953,47.1,1.5,0.0,8.2,2.2,54.3,262.7,153.3,72.1,0.5,0.4,9.3,611.5,611.5999999999999,542.4,0.8869,553.3199999999999,434.71666666666664,0.77519
PUNJAB,1954,30.8,92.2,9.5,0.1,2.4,27.6,181.8,45.7,226.5,16.6,0.0,0.0,633.2,633.1999999999999,481.6,0.7606,553.3199999999999,434.71666666666664,0.77519
PUNJAB,1955,33.0,3.6,24.9,20.5,18.6,38.0,148.7,169.7,144.2,370.3,0.0,2.6,973.9,974.1,500.59999999999997,0.5139,553.3199999999999,434.71666666666664,0.77519
PUNJAB,1956,21.6,6.8,45.3,5.1,0.7,53.5,236.5,208.7,26.7,140.1,0.2,5.3,750.4,750.5000000000001,525.4,0.7001,553.3199999999999,434.71666666666664,0.77519
PUNJAB,1957,105.0,4.0,26.6,10.6,10.8,19.5,197.5,167.4,106.1,17.2,10.3,35.5,710.5,710.5,490.5,0.6904,553.3199999999999,434.71666666666664,0.77519
PUNJAB,1958,9.5,3.5,6.9,4.4,0.4,28.0,186.2,128.4,372.3,43.4,0.0,45.0,828.0,827.9999999999999,714.9000000000001,0.8634,553.3199999999999,434.71666666666664,0.77519
PUNJAB,1959,43.3,21.4,10.0,4.8,20.3,21.5,188.0,210.1,133.9,24.0,21.9,0.5,699.8,699.6999999999999,553.5,0.7911,553.3199999999999,434.71666666666664,0.77519
PUNJAB,1960,14.2,0.1,33.3,4.7,4.0,44.1,243.1,234.1,8.6,0.5,0.0,20.3,606.9,607.0,529.9,0.873,553.3199999999999,434.71666666666664,0.77519
PUNJAB,1961,51.7,39.5,3.0,14.2,4.6,43.0,216.1,199.3,87.0,22.8,2.8,6.1,690.1,690.1,545.4000000000001,0.7903,553.3199999999999,434.71666666666664,0.77519
PUNJAB,1962,39.6,14.2,43.2,4.2,4.7,26.0,167.5,126.8,321.2,0.5,14.8,6.7,769.3,769.4,641.5,0.8338,553.3199999999999,434.71666666666664,0.77519
PUNJAB,1963,0.4,14.5,34.3,3.0,12.7,31.3,116.7,199.4,42.6,0.6,7.0,13.6,476.2,476.1,390.0,0.8192,553.3199999999999,434.71666666666664,0.77519
PUNJAB,1964,11.0,5.7,3.9,5.2,19.2,10.2,359.3,189.8,95.0,0.0,0.0,9.6,708.8,708.9,654.3,0.923,553.3199999999999,434.71666666666664,0.77519
PUNJAB,1965,13.1,23.9,15.3,21.3,34.3,1.6,192.6,91.6,14.2,10.4,4.5,0.5,423.2,423.2999999999999,299.99999999999994,0.7087,553.3199999999999,434.71666666666664,0.77519
PUNJAB,1966,0.2,38.9,18.5,3.6,37.6,85.1,109.8,200.0,132.6,9.5,0.0,2.3,638.2,638.0999999999999,527.5,0.8267,553.3199999999999,434.71666666666664,0.77519
PUNJAB,1967,0.2,13.1,84.8,1.8,1.1,14.7,211.6,197.8,61.5,14.2,1.9,77.6,680.4,680.3,485.6,0.7138,553.3199999999999,434.71666666666664,0.77519
PUNJAB,1968,24.7,30.5,32.7,2.1,1.6,42.6,239.4,142.1,0.5,11.7,0.5,7.8,536.2,536.2,424.6,0.7919,553.3199999999999,434.71666666666664,0.77519
PUNJAB,1969,14.2,21.7,24.4,12.0,17.2,10.8,145.9,122.9,120.9,1.1,3.7,0.0,494.8,494.8,400.5,0.8094,553.3199999999999,434.71666666666664,0.77519
PUNJAB,1970,40.1,20.6,7.3,0.3,12.8,119.8,75.4,260.7,109.4,4.2,0.0,0.0,650.6,650.6,565.3,0.8689,553.3199999999999,434.71666666666664,0.77519
PUNJAB,1971,5.2,42.0,3.3,11.8,42.6,99.0,251.4,255.9,27.2,1.6,8.1,0.0,748.0,748.1000000000001,633.5,0.8468,553.3199999999999,434.71666666666664,0.77519
PUNJAB,1972,9.1,31.9,10.8,6.5,0.1,23.8,192.9,132.3,26.1,7.9,19.6,10.1,470.9,471.1000000000001,375.1,0.7962,553.3199999999999,434.71666666666664,0.77519
PUNJAB,1973,26.0,32.4,8.2,1.8,41.2,111.4,170.5,256.3,43.3,19.6,0.0,32.4,743.1,743.0999999999999,581.5,0.7825,553.3199999999999,434.71666666666664,0.77519
PUNJAB,1974,3.2,2.0,3.1,1.3,6.9,71.0,136.7,101.3,14.4,0.6,0.0,15.8,356.2,356.3,323.4,0.9077,553.3199999999999,434.71666666666664,0.77519
PUNJAB,1975,21.1,20.4,20.0,1.3,3.3,60.0,230.6,195.1,148.8,5.2,0.0,0.0,705.9,705.8,634.5,0.899,553.3199999999999,434.71666666666664,0.77519
PUNJAB,1976,29.2,53.7,22.7,9.4,12.5,63.1,195.3,318.7,85.1,4.4,0.0,0.5,794.7,794.6,662.2,0.8334,553.3199999999999,434.71666666666664,0.77519
PUNJAB,1977,37.7,0.5,1.0,37.1,41.9,62.3,208.1,175.9,120.1,6.6,0.4,21.1,712.6,712.7,566.4,0.7947,553.3199999999999,434.71666666666664,0.77519
PUNJAB,1978,4.1,30.0,65.1,2.8,1.9,99.2,229.4,231.6,45.7,2.3,8.1,0.5,720.6,720.7,605.9000000000001,0.8407,553.3199999999999,434.71666666666664,0.77519
PUNJAB,1979,25.9,71.9,45.7,6.8,22.2,37.3,147.5,46.6,45.1,2.0,7.8,5.1,464.0,463.9000000000001,276.5,0.596,553.3199999999999,434.71666666666664,0.77519
PUNJAB,1980,19.4,12.4,24.3,3.7,1.4,53.5,316.7,122.2,39.1,11.6,16.2,41.2,661.7,661.7000000000002,531.5,0.8032,553.3199999999999,434.71666666666664,0.77519
PUNJAB,1981,48.1,20.6,53.8,2.2,9.6,21.7,215.5,58.3,23.0,0.3,50.7,0.0,503.7,503.8,318.5,0.6322,553.3199999999999,434.71666666666664,0.77519
PUNJAB,1982,35.8,27.7,87.5,49.9,57.2,17.0,83.5,172.7,3.7,4.0,9.8,22.6,571.3,571.4,276.9,0.4846,553.3199999999999,434.71666666666664,0.77519
PUNJAB,1983,65.3,26.7,27.4,113.2,48.2,26.6,151.9,208.1,69.7,12.2,0.0,1.7,751.1,751.0000000000002,456.3,0.6076,553.3199999999999,434.71666666666664,0.77519
PUNJAB,1984,2.4,67.2,13.9,9.3,1.3,50.2,220.2,214.5,125.7,0.2,0.6,4.9,710.5,710.4000000000001,610.6,0.8595,553.3199999999999,434.71666666666664,0.77519
PUNJAB,1985,4.8,0.9,3.6,21.2,6.2,55.7,269.5,243.3,51.9,50.2,0.6,45.1,752.9,753.0000000000001,620.4,0.8239,553.3199999999999,434.71666666666664,0.77519
PUNJAB,1986,0.7,42.1,24.6,18.9,32.3,92.2,156.4,153.0,55.1,16.0,9.5,11.2,611.9,612.0000000000001,456.70000000000005,0.7462,553.3199999999999,434.71666666666664,0.77519
PUNJAB,1987,23.1,30.8,23.3,14.9,98.3,44.7,44.1,82.2,10.5,34.1,0.2,3.3,409.6,409.50000000000006,181.5,0.4432,553.3199999999999,434.71666666666664,0.77519
PUNJAB,1988,5.0,22.5,86.4,3.3,3.6,42.7,356.1,234.3,434.1,0.4,0.7,33.5,1222.6,1222.6000000000001,1067.2,0.8729,553.3199999999999,434.71666666666664,0.77519
PUNJAB,1989,45.7,4.1,17.6,1.7,4.9,39.6,164.1,151.9,20.7,0.3,8.0,21.8,480.3,480.40000000000003,376.3,0.7833,553.3199999999999,434.71666666666664,0.77519
PUNJAB,1990,1.9,57.7,32.7,4.2,13.8,18.6,200.3,188.8,194.4,0.6,5.6,36.1,754.7,754.7,602.1,0.7978,553.3199999999999,434.71666666666664,0.77519
PUNJAB,1991,0.1,39.8,16.0,34.8,10.8,73.5,86.8,144.3,41.7,1.0,0.2,26.8,475.9,475.8,346.3,0.7278,553.3199999999999,434.71666666666664,0.77519
PUNJAB,1992,38.8,34.2,11.9,2.2,8.6,24.7,144.5,146.5,50.0,3.2,13.0,0.5,478.2,478.09999999999997,365.7,0.7649,553.3199999999999,434.71666666666664,0.77519
PUNJAB,1993,8.5,12.7,29.5,9.4,13.3,38.7,352.6,17.4,98.4,0.3,2.1,0.0,583.1,582.9,507.1,0.87,553.3199999999999,434.71666666666664,0.77519
PUNJAB,1994,27.6,23.3,2.8,6.4,7.2,29.5,167.4,222.2,89.0,0.4,0.0,5.1,580.9,580.9,508.1,0.8747,553.3199999999999,434.71666666666664,0.77519
PUNJAB,1995,50.8,56.0,17.2,8.8,1.3,51.0,160.0,375.5,145.6,1.3,1.4,0.3,869.1,869.1999999999999,732.1,0.8423,553.3199999999999,434.71666666666664,0.77519
PUNJAB,1996,32.7,38.9,19.0,2.8,3.7,118.6,87.9,194.1,72.4,18.8,0.0,0.7,589.7,589.6,473.0,0.8022,553.3199999999999,434.71666666666664,0.77519
PUNJAB,1997,14.5,5.4,8.9,35.8,30.4,55.3,144.1,261.5,24.3,39.0,28.8,42.1,690.1,690.0999999999999,485.2,0.7031,553.3199999999999,434.71666666666664,0.77519
PUNJAB,1998,2.8,55.8,25.5,19.1,2.7,42.4,160.6,90.1,139.5,49.9,0.0,0.2,588.6,588.6,432.6,0.735,553.3199999999999,434.71666666666664,0.77519
PUNJAB,1999,43.4,5.6,4.3,0.0,22.6,35.6,139.6,82.0,30.7,0.5,0.1,0.2,364.4,364.6,287.9,0.7896,553.3199999999999,434.71666666666664,0.77519
PUNJAB,2000,25.4,26.6,6.9,1.3,15.3,50.1,164.8,70.0,42.0,0.0,0.7,2.2,405.3,405.29999999999995,326.9,0.8066,553.3199999999999,434.71666666666664,0.77519
PUNJAB,2001,8.0,2.1,6.2,24.5,36.9,93.8,173.9,69.5,19.9,1.5,0.9,3.8,441.0,440.99999999999994,357.09999999999997,0.8098,553.3199999999999,434.71666666666664,0.77519
PUNJAB,2002,2.4,6.6,6.8,3.3,20.8,24.7,50.4,58.4,95.0,2.6,0.0,3.7,274.7,274.7,228.5,0.8318,553.3199999999999,434.71666666666664,0.77519
PUNJAB,2003,10.6,56.4,19.4,3.0,3.9,40.7,136.7,94.7,52.2,0.0,2.2,5.0,424.6,424.79999999999995,324.29999999999995,0.7634,553.3199999999999,434.71666666666664,0.77519
PUNJAB,2004,32.4,5.7,0.0,15.5,27.2,48.8,52.1,124.2,8.9,31.2,0.8,5.0,351.7,351.79999999999995,234.00000000000003,0.6652,553.3199999999999,434.71666666666664,0.77519
PUNJAB,2005,35.8,60.3,28.6,8.4,5.2,34.6,176.7,95.3,106.7,0.4,0.0,0.0,552.0,552.0,413.29999999999995,0.7487,553.3199999999999,434.71666666666664,0.77519
PUNJAB,2006,15.0,3.7,46.1,1.3,32.1,73.0,220.3,90.8,120.7,24.6,13.4,6.7,647.7,647.7,504.8,0.7794,553.3199999999999,434.71666666666664,0.77519
PUNJAB,2007,1.2,68.8,48.2,10.0,5.9,64.4,95.1,215.4,73.7,0.6,0.9,10.6,594.8,594.8000000000001,448.59999999999997,0.7542,553.3199999999999,434.71666666666664,0.77519
PUNJAB,2008,12.0,4.1,0.0,19.7,40.6,155.5,101.9,312.2,59.8,9.9,0.6,0.9,717.1,717.1999999999999,629.3999999999999,0.8776,553.3199999999999,434.71666666666664,0.77519
PUNJAB,2009,9.4,14.4,10.5,14.0,5.6,10.6,158.0,76.8,54.7,4.0,2.7,0.4,361.2,361.09999999999997,300.09999999999997,0.8311,553.3199999999999,434.71666666666664,0.77519
PUNJAB,2010,3.8,13.8,1.9,0.7,6.0,41.8,143.8,96.7,112.8,4.7,1.1,24.4,451.5,451.5,395.1,0.8751,553.3199999999999,434.71666666666664,0.77519
PUNJAB,2011,3.5,35.6,8.2,17.8,18.9,162.9,120.9,193.5,140.2,0.0,1.0,2.6,705.2,705.1,617.5,0.8758,553.3199999999999,434.71666666666664,0.77519
PUNJAB,2012,62.6,3.2,1.9,31.1,1.6,11.9,120.2,135.1,112.3,2.2,0.4,11.0,493.6,493.5,379.5,0.769,553.3199999999999,434.71666666666664,0.77519
PUNJAB,2013,9.3,50.1,11.6,3.4,3.6,120.3,117.9,217.1,24.4,16.2,6.1,6.6,586.6,586.6000000000001,479.69999999999993,0.8178,553.3199999999999,434.71666666666664,0.77519
PUNJAB,2014,21.8,20.1,30.3,24.5,20.8,20.6,76.3,41.9,105.8,6.0,0.7,14.1,382.7,382.9,244.60000000000002,0.6388,553.3199999999999,434.71666666666664,0.77519
PUNJAB,2015,17.7,31.3,68.5,29.8,16.7,48.3,130.2,88.6,69.2,9.0,0.8,0.7,510.8,510.8,336.3,0.6584,553.3199999999999,434.71666666666664,0.77519
HIMACHAL PRADESH,1901,137.8,174.5,75.0,19.2,89.6,32.7,280.5,459.7,53.0,3.9,0.0,19.1,1345.1,1345.0,825.9,0.6141,1201.7,711.2433333333333,0.5896966666666666
HIMACHAL PRADESH,1902,6.5,27.0,104.4,76.2,61.3,78.8,258.6,199.3,113.4,23.6,2.5,0.0,951.6,951.6000000000001,650.1,0.6832,1201.7,711.2433333333333,0.5896966666666666
HIMACHAL PRADESH,1903,76.5,21.4,213.7,25.4,54.7,32.2,157.7,256.5,107.9,5.8,0.2,41.4,993.3,993.3999999999999,554.3,0.558,1201.7,711.2433333333333,0.5896966666666666
HIMACHAL PRADESH,1904,79.3,22.4,131.7,48.0,90.3,33.1,241.1,184.3,56.4,51.6,17.3,32.0,987.6,987.5,514.9,0.5214,1201.7,711.2433333333333,0.5896966666666666
HIMACHAL PRADESH,1905,81.3,76.8,160.2,39.3,50.4,43.6,191.1,132.8,119.1,0.3,0.9,34.4,930.2,930.1999999999999,486.6,0.5231,1201.7,711.2433333333333,0.5896966666666666
HIMACHAL PRADESH,1906,44.1,143.9,89.5,5.3,29.9,152.6,168.7,433.7,230.9,2.9,0.0,15.9,1317.5,1317.4000000000003,985.9,0.7484,1201.7,711.2433333333333,0.5896966666666666
HIMACHAL PRADESH,1907,124.2,145.1,144.9,73.0,34.2,23.7,95.7,200.6,18.9,14.9,0.0,0.0,875.4,875.2000000000002,338.9,0.3872,1201.7,711.2433333333333,0.5896966666666666
HIMACHAL PRADESH,1908,38.4,76.1,12.3,181.7,43.6,46.8,225.6,287.4,43.0,2.8,7.3,22.5,987.6,987.4999999999999,602.8,0.6104,1201.7,711.2433333333333,0.5896966666666666
HIMACHAL PRADESH,1909,111.0,82.1,25.4,31.7,19.0,107.6,292.4,234.5,105.9,17.6,0.0,49.9,1077.0,1077.1,740.4,0.6874,1201.7,711.2433333333333,0.5896966666666666
HIMACHAL PRADESH,1910,49.9,48.9,42.7,48.9,46.8,133.5,408.3,355.4,174.2,37.0,5.5,55.8,1406.9,1406.9,1071.3999999999999,0.7615,1201.7,711.2433333333333,0.5896966666666666
HIMACHAL PRADESH,1911,246.3,21.9,277.3,35.1,8.8,121.0,103.2,240.9,174.4,24.0,75.2,5.8,1333.8,1333.9,639.5,0.4794,1201.7,711.2433333333333,0.5896966666666666
HIMACHAL PRADESH,1912,95.6,34.7,55.7,60.1,54.3,36.9,357.6,346.8,126.6,1.0,26.9,11.4,1207.6,1207.6000000000001,867.9,0.7187,1201.7,711.2433333333333,0.5896966666666666
HIMACHAL PRADESH,1913,21.3,126.6,72.4,35.5,114.6,168.0,215.4,239.0,40.3,14.1,20.3,51.8,1119.3,1119.2999999999997,662.6999999999999,0.5921,1201.7,711.2433333333333,0.5896966666666666
HIMACHAL PRADESH,1914,15.9,88.8,105.5,110.8,76.1,135.1,495.4,292.7,269.6,71.6,22.5,51.9,1735.9,1735.9,1192.8000000000002,0.6871,1201.7,711.2433333333333,0.5896966666666666
HIMACHAL PRADESH,1915,62.2,100.4,90.0,66.6,19.4,67.5,249.0,380.6,157.7,23.4,0.0,20.0,1236.8,1236.8000000000002,854.8,0.6911,1201.7,711.2433333333333,0.5896966666666666
HIMACHAL PRADESH,1916,10.4,75.3,33.7,41.8,35.3,238.9,275.8,254.9,118.9,86.9,0.0,0.2,1172.1,1172.1000000000001,888.5,0.758,1201.7,711.2433333333333,0.5896966666666666
HIMACHAL PRADESH,1917,20.4,30.0,61.8,162.9,79.8,135.1,376.3,309.8,330.3,174.4,0.0,22.7,1703.6,1703.5,1151.5,0.676,1201.7,711.2433333333333,0.5896966666666666
HIMACHAL PRADESH,1918,21.2,22.3,171.2,103.4,14.3,135.6,200.6,208.9,21.5,7.9,51.0,26.9,984.7,984.8,566.6,0.5753,1201.7,711.2433333333333,0.5896966666666666
HIMACHAL PRADESH,1919,141.3,47.4,75.6,60.4,43.5,80.1,417.3,227.8,66.5,0.7,9.8,42.9,1213.1,1213.3,791.7,0.6525,1201.7,711.2433333333333,0.5896966666666666
HIMACHAL PRADESH,1920,53.0,58.1,126.1,32.8,109.4,55.6,385.1,168.0,76.0,3.3,0.0,17.4,1084.8,1084.8,684.7,0.6312,1201.7,711.2433333333333,0.5896966666666666
HIMACHAL PRADESH,1921,87.8,20.9,9.1,29.6,32.0,42.6,264.1,465.6,195.7,57.9,0.0,106.1,1311.2,1311.4,968.0,0.7381,1201.7,711.2433333333333,0.5896966666666666
HIMACHAL PRADESH,1922,106.6,57.5,68.2,87.7,13.0,106.8,425.8,508.1,274.0,14.2,6.5,50.2,1718.6,1718.6000000000001,1314.7,0.765,1201.7,711.2433333333333,0.5896966666666666
HIMACHAL PRADESH,1923,113.4,151.2,51.0,27.2,93.0,64.3,320.1,512.1,125.5,60.1,17.5,85.6,1620.9,1621.0,1022.0,0.6305,1201.7,711.2433333333333,0.5896966666666666
HIMACHAL PRADESH,1924,50.2,135.1,63.0,26.6,86.7,26.6,419.3,345.5,418.6,12.4,14.9,61.7,1660.7,1660.6000000000001,1210.0,0.7287,1201.7,711.2433333333333,0.5896966666666666
HIMACHAL PRADESH,1925,86.2,61.7,33.5,65.4,86.6,167.5,450.2,388.1,48.5,33.2,88.5,0.0,1509.3,1509.3999999999999,1054.3000000000002,0.6985,1201.7,711.2433333333333,0.5896966666666666
HIMACHAL PRADESH,1926,52.9,48.6,179.7,86.3,114.4,23.9,349.6,422.9,127.9,4.2,25.1,14.3,1450.0,1449.8,924.3,0.6375,1201.7,711.2433333333333,0.5896966666666666
HIMACHAL PRADESH,1927,17.5,132.5,48.2,51.4,79.1,37.9,384.7,542.4,78.0,37.9,5.8,19.3,1435.0,1434.6999999999998,1043.0,0.727,1201.7,711.2433333333333,0.5896966666666666
HIMACHAL PRADESH,1928,129.0,112.9,48.1,94.6,14.5,82.9,276.5,329.2,67.3,2.0,59.9,91.9,1308.9,1308.8000000000002,755.8999999999999,0.5776,1201.7,711.2433333333333,0.5896966666666666
HIMACHAL PRADESH,1929,109.0,52.3,17.6,48.0,24.9,101.7,363.9,423.7,50.3,57.3,0.0,176.0,1424.7,1424.6999999999998,939.5999999999999,0.6595,1201.7,711.2433333333333,0.5896966666666666
HIMACHAL PRADESH,1930,98.8,64.1,52.7,87.7,28.2,120.8,424.5,307.0,77.7,13.0,5.2,25.7,1305.5,1305.4,930.0,0.7124,1201.7,711.2433333333333,0.5896966666666666
HIMACHAL PRADESH,1931,58.5,149.6,79.9,14.6,84.5,25.0,263.6,339.6,202.5,47.8,0.2,0.6,1266.3,1266.4,830.7,0.656,1201.7,711.2433333333333,0.5896966666666666
HIMACHAL PRADESH,1932,43.0,52.8,62.1,17.1,61.4,54.6,409.2,451.3,183.1,6.1,9.5,68.4,1418.9,1418.6,1098.2,0.7741,1201.7,711.2433333333333,0.5896966666666666
HIMACHAL PRADESH,1933,60.2,93.6,109.4,80.2,54.7,106.0,259.3,244.2,172.7,49.1,8.2,2.8,1240.4,1240.4,782.2,0.6306,1201.7,711.2433333333333,0.5896966666666666
HIMACHAL PRADESH,1934,91.8,12.8,40.3,82.3,59.9,70.7,281.0,241.1,30.4,0.9,1.3,69.5,982.1,981.9999999999999,623.1999999999999,0.6346,1201.7,711.2433333333333,0.5896966666666666
HIMACHAL PRADESH,1935,136.7,73.4,60.3,83.6,18.4,40.3,233.6,216.6,88.0,28.5,26.5,22.1,1027.9,1028.0,578.5,0.5627,1201.7,711.2433333333333,0.5896966666666666
HIMACHAL PRADESH,1936,11.5,111.1,118.2,61.0,42.8,193.6,240.9,173.8,107.9,9.1,0.5,87.5,1158.0,1157.9,716.1999999999999,0.6185,1201.7,711.2433333333333,0.5896966666666666
HIMACHAL PRADESH,1937,57.3,141.0,53.7,60.3,35.1,116.4,282.9,325.7,227.3,53.8,9.5,101.9,1465.0,1464.9,952.3,0.6501,1201.7,711.2433333333333,0.5896966666666666
HIMACHAL PRADESH,1938,175.5,124.3,48.1,38.9,11.1,125.3,211.8,156.5,16.8,6.7,6.7,5.7,927.5,927.4000000000001,510.40000000000003,0.5504,1201.7,711.2433333333333,0.5896966666666666
HIMACHAL PRADESH,1939,56.4,112.3,97.9,47.1,9.9,103.0,201.0,110.5,108.6,30.9,0.0,0.0,877.8,877.6,523.1,0.5961,1201.7,711.2433333333333,0.5896966666666666
HIMACHAL PRADESH,1940,64.1,79.9,69.4,60.4,56.4,103.3,321.6,220.7,84.8,1.4,2.3,24.3,1088.6,1088.6,730.4,0.671,1201.7,711.2433333333333,0.5896966666666666
HIMACHAL PRADESH,1941,44.5,49.4,70.1,21.5,70.6,92.8,182.0,231.6,83.5,12.5,2.9,34.1,895.5,895.5000000000001,589.9,0.6587,1201.7,711.2433333333333,0.5896966666666666
HIMACHAL PRADESH,1942,74.8,156.8,28.3,84.6,73.5,66.6,273.8,348.6,153.6,7.8,0.0,59.8,1328.3,1328.1999999999998,842.6,0.6344,1201.7,711.2433333333333,0.5896966666666666
HIMACHAL PRADESH,1943,171.1,26.1,96.7,74.8,78.1,36.6,237.2,377.7,111.5,0.0,0.2,13.1,1223.1,1223.1,763.0,0.6238,1201.7,711.2433333333333,0.5896966666666666
HIMACHAL PRADESH,1944,108.3,112.5,106.2,51.0,16.9,51.0,277.4,226.7,80.2,23.9,7.2,67.4,1128.8,1128.7000000000003,635.3,0.5629,1201.7,711.2433333333333,0.5896966666666666
HIMACHAL PRADESH,1945,196.0,10.3,105.0,81.0,24.5,74.2,424.4,352.5,331.0,40.0,2.9,5.2,1646.9,1647.0000000000002,1182.1,0.7177,1201.7,711.2433333333333,0.5896966666666666
HIMACHAL PRADESH,1946,45.2,85.9,77.9,42.0,56.6,159.3,462.3,379.1,41.1,79.1,49.0,61.5,1539.0,1539.0,1041.8,0.6769,1201.7,711.2433333333333,0.5896966666666666
HIMACHAL PRADESH,1947,78.0,38.2,82.8,4.5,32.2,50.3,260.1,257.3,438.1,14.6,0.0,57.3,1313.2,1313.3999999999999,1005.8000000000001,0.7658,1201.7,711.2433333333333,0.5896966666666666
HIMACHAL PRADESH,1948,33.5,185.0,382.0,47.5,13.7,55.5,380.0,456.6,115.4,16.5,0.0,73.0,1758.7,1758.7000000000003,1007.5,0.5729,1201.7,711.2433333333333,0.5896966666666666
HIMACHAL PRADESH,1949,28.0,140.0,81.6,45.0,35.2,48.2,548.7,265.2,99.5,4.7,0.0,15.0,1310.9,1311.1000000000001,961.6000000000001,0.7334,1201.7,711.2433333333333,0.5896966666666666
HIMACHAL PRADESH,1950,211.0,67.0,155.0,51.7,65.1,83.6,392.8,319.3,329.8,2.2,0.0,7.0,1684.4,1684.5,1125.5,0.6682,1201.7,711.2433333333333,0.5896966666666666
HIMACHAL PRADESH,1951,112.3,69.4,87.4,90.4,89.1,38.8,217.3,309.3,124.5,19.3,69.6,11.1,1238.5,1238.4999999999998,689.9000000000001,0.557,1201.7,711.2433333333333,0.5896966666666666
HIMACHAL PRADESH,1952,86.4,82.8,191.4,35.2,66.8,146.9,198.1,371.1,26.7,12.9,2.8,42.5,1263.7,1263.6000000000001,742.8000000000001,0.5878,1201.7,711.2433333333333,0.5896966666666666
HIMACHAL PRADESH,1953,149.2,51.9,98.3,86.6,36.9,107.6,390.9,330.3,90.2,11.6,9.3,62.8,1425.7,1425.6,919.0,0.6446,1201.7,711.2433333333333,0.5896966666666666
HIMACHAL PRADESH,1954,196.4,271.8,87.2,13.0,52.2,47.5,336.6,348.9,293.4,46.2,7.6,16.7,1717.6,1717.5,1026.4,0.5976,1201.7,711.2433333333333,0.5896966666666666
HIMACHAL PRADESH,1955,165.0,42.0,141.4,87.7,114.7,86.2,320.9,337.5,194.4,413.6,0.3,15.5,1919.2,1919.2,938.9999999999999,0.4893,1201.7,711.2433333333333,0.5896966666666666
HIMACHAL PRADESH,1956,96.5,44.7,206.5,58.0,26.8,118.8,293.9,266.1,113.1,222.3,8.3,86.6,1541.6,1541.5999999999997,791.9,0.5137,1201.7,711.2433333333333,0.5896966666666666
HIMACHAL PRADESH,1957,181.0,37.9,133.8,146.4,151.9,79.0,321.3,253.9,263.7,84.5,56.3,112.9,1822.7,1822.6000000000001,917.9000000000001,0.5036,1201.7,711.2433333333333,0.5896966666666666
HIMACHAL PRADESH,1958,84.0,22.4,72.8,61.7,65.0,34.7,452.0,265.3,265.9,75.2,2.2,171.1,1572.3,1572.2999999999997,1017.9,0.6474,1201.7,711.2433333333333,0.5896966666666666
HIMACHAL PRADESH,1959,136.1,243.1,94.7,43.3,52.8,52.0,418.6,243.7,219.5,81.7,53.9,1.0,1640.3,1640.4,933.8,0.5693,1201.7,711.2433333333333,0.5896966666666666
HIMACHAL PRADESH,1960,82.9,0.7,134.2,66.2,20.8,78.3,355.3,226.8,72.9,7.2,3.8,66.2,1115.1,1115.3000000000002,733.3000000000001,0.6575,1201.7,711.2433333333333,0.5896966666666666
HIMACHAL PRADESH,1961,153.8,157.2,68.8,104.2,34.2,88.7,320.3,314.3,153.1,46.2,37.6,37.2,1515.5,1515.6,876.4,0.5783,1201.7,711.2433333333333,0.5896966666666666
HIMACHAL PRADESH,1962,45.0,102.9,82.9,102.6,55.4,86.5,242.7,255.8,303.7,5.8,66.5,43.8,1393.5,1393.6,888.7,0.6377,1201.7,711.2433333333333,0.5896966666666666
HIMACHAL PRADESH,1963,14.1,57.2,201.2,49.5,47.2,108.9,325.7,308.1,111.3,2.4,76.8,52.2,1354.5,1354.6000000000001,854.0,0.6304,1201.7,711.2433333333333,0.5896966666666666
HIMACHAL PRADESH,1964,176.6,58.8,83.6,97.7,86.8,86.2,278.9,246.8,197.1,0.1,1.8,39.6,1354.1,1353.9999999999998,809.0,0.5975,1201.7,711.2433333333333,0.5896966666666666
HIMACHAL PRADESH,1965,52.5,209.1,170.9,126.6,143.9,24.9,278.3,117.3,39.9,25.8,12.8,18.3,1220.4,1220.3,460.4,0.3773,1201.7,711.2433333333333,0.5896966666666666
HIMACHAL PRADESH,1966,0.3,145.0,78.4,77.2,95.7,187.1,250.5,298.0,153.3,30.8,13.9,40.8,1371.0,1371.0,888.9000000000001,0.6484,1201.7,711.2433333333333,0.5896966666666666
HIMACHAL PRADESH,1967,30.8,99.1,181.5,31.4,48.1,99.3,386.3,403.3,105.7,36.9,23.8,112.4,1558.5,1558.6000000000001,994.6000000000001,0.6381,1201.7,711.2433333333333,0.5896966666666666
HIMACHAL PRADESH,1968,188.5,114.1,80.8,50.9,44.9,99.3,277.2,181.1,16.3,47.2,9.1,58.8,1168.2,1168.1999999999998,573.9,0.4913,1201.7,711.2433333333333,0.5896966666666666
HIMACHAL PRADESH,1969,66.0,78.6,72.7,130.4,111.0,31.0,201.8,306.7,117.2,8.4,2.4,1.5,1127.6,1127.7000000000003,656.7,0.5823,1201.7,711.2433333333333,0.5896966666666666
HIMACHAL PRADESH,1970,116.5,39.0,37.9,7.3,43.5,163.2,223.4,280.4,164.4,6.6,0.2,0.3,1082.5,1082.6999999999998,831.4,0.7679,1201.7,711.2433333333333,0.5896966666666666
HIMACHAL PRADESH,1971,53.1,76.5,13.7,57.5,71.8,252.7,352.8,301.2,67.0,13.8,12.2,2.6,1275.1,1274.8999999999999,973.7,0.7637,1201.7,711.2433333333333,0.5896966666666666
HIMACHAL PRADESH,1972,55.0,77.0,55.0,82.1,21.3,43.8,184.2,159.9,57.6,31.1,21.3,54.0,842.3,842.3000000000001,445.5,0.5289,1201.7,711.2433333333333,0.5896966666666666
HIMACHAL PRADESH,1973,116.8,80.6,68.4,15.7,40.0,99.1,167.8,213.9,86.3,32.1,5.4,29.1,955.2,955.1999999999998,567.0999999999999,0.5937,1201.7,711.2433333333333,0.5896966666666666
HIMACHAL PRADESH,1974,75.0,44.6,33.7,24.6,41.8,76.4,168.8,204.6,30.5,28.8,2.4,45.1,776.1,776.3,480.3,0.6187,1201.7,711.2433333333333,0.5896966666666666
HIMACHAL PRADESH,1975,137.8,124.7,126.3,25.4,35.1,86.9,214.0,191.8,95.3,13.8,0.2,2.7,1054.1,1054.0,588.0,0.5579,1201.7,711.2433333333333,0.5896966666666666
HIMACHAL PRADESH,1976,66.7,105.5,126.6,49.1,30.1,85.5,368.9,238.0,72.6,20.2,1.7,14.6,1179.3,1179.5,765.0,0.6486,1201.7,711.2433333333333,0.5896966666666666
HIMACHAL PRADESH,1977,85.5,4.7,12.9,97.5,87.2,86.1,339.7,236.4,197.1,18.8,9.9,69.2,1245.0,1245.0,859.3,0.6902,1201.7,711.2433333333333,0.5896966666666666
HIMACHAL PRADESH,1978,63.7,102.6,157.9,53.5,31.1,156.1,280.0,300.1,137.7,3.6,75.9,9.0,1371.2,1371.2,873.9000000000001,0.6373,1201.7,711.2433333333333,0.5896966666666666
HIMACHAL PRADESH,1979,170.0,115.3,157.4,31.9,85.1,64.8,163.4,119.0,43.5,7.0,34.0,29.6,1021.0,1021.0,390.7,0.3827,1201.7,711.2433333333333,0.5896966666666666
HIMACHAL PRADESH,1980,83.2,87.1,71.7,28.5,26.1,106.8,477.1,128.8,52.5,25.3,27.3,40.5,1155.0,1154.8999999999999,765.2,0.6626,1201.7,711.2433333333333,0.5896966666666666
HIMACHAL PRADESH,1981,114.5,96.3,162.0,54.4,67.1,94.7,233.5,163.4,71.6,11.4,70.4,7.9,1147.1,1147.2000000000003,563.2,0.4909,1201.7,711.2433333333333,0.5896966666666666
HIMACHAL PRADESH,1982,187.3,147.7,228.9,146.2,152.5,58.3,160.4,170.2,31.5,42.5,21.8,75.7,1423.0,1423.0,420.4,0.2954,1201.7,711.2433333333333,0.5896966666666666
HIMACHAL PRADESH,1983,91.7,97.6,162.8,136.7,86.1,59.2,166.7,204.2,121.5,48.2,1.0,13.9,1189.6,1189.6000000000001,551.5999999999999,0.4637,1201.7,711.2433333333333,0.5896966666666666
HIMACHAL PRADESH,1984,24.3,134.5,38.7,68.6,14.7,105.0,194.4,192.5,121.5,10.6,25.1,38.4,968.3,968.3000000000001,613.4,0.6335,1201.7,711.2433333333333,0.5896966666666666
HIMACHAL PRADESH,1985,70.4,23.0,36.2,65.6,54.3,54.1,301.3,252.7,118.0,127.6,2.8,88.0,1193.9,1194.0,726.1,0.6081,1201.7,711.2433333333333,0.5896966666666666
HIMACHAL PRADESH,1986,7.3,119.3,159.4,105.3,99.1,86.4,240.9,246.9,52.4,43.4,72.7,89.5,1322.6,1322.6000000000001,626.6,0.4738,1201.7,711.2433333333333,0.5896966666666666
HIMACHAL PRADESH,1987,68.1,84.6,77.9,132.1,214.2,81.0,90.4,147.8,50.3,76.7,0.8,11.6,1035.6,1035.4999999999998,369.50000000000006,0.3568,1201.7,711.2433333333333,0.5896966666666666
HIMACHAL PRADESH,1988,41.6,128.3,353.9,27.2,39.3,84.0,411.3,304.7,360.2,2.2,4.9,123.5,1881.1,1881.1000000000001,1160.2,0.6168,1201.7,711.2433333333333,0.5896966666666666
HIMACHAL PRADESH,1989,111.0,62.5,89.2,39.4,92.5,59.7,291.1,247.3,64.9,7.3,52.9,59.4,1177.2,1177.2000000000003,663.0,0.5632,1201.7,711.2433333333333,0.5896966666666666
HIMACHAL PRADESH,1990,36.2,161.2,217.7,52.5,61.8,80.2,302.3,221.8,162.8,15.6,10.1,140.6,1462.7,1462.7999999999997,767.0999999999999,0.5244,1201.7,711.2433333333333,0.5896966666666666
HIMACHAL PRADESH,1991,24.0,143.1,120.6,104.5,69.7,67.1,141.6,258.3,128.5,2.2,4.3,40.9,1104.8,1104.8000000000002,595.5,0.539,1201.7,711.2433333333333,0.5896966666666666
HIMACHAL PRADESH,1992,123.9,75.8,199.4,36.9,83.9,53.0,277.5,374.0,127.6,7.0,19.4,4.7,1383.1,1383.1000000000001,832.1,0.6016,1201.7,711.2433333333333,0.5896966666666666
HIMACHAL PRADESH,1993,109.2,69.7,164.1,20.6,56.7,70.9,386.9,89.1,143.1,0.3,17.7,0.0,1128.3,1128.3,690.0,0.6115,1201.7,711.2433333333333,0.5896966666666666
HIMACHAL PRADESH,1994,88.7,124.7,29.0,131.3,65.5,114.2,367.0,311.0,92.7,8.5,0.1,77.6,1410.2,1410.3,884.9000000000001,0.6275,1201.7,711.2433333333333,0.5896966666666666
HIMACHAL PRADESH,1995,61.5,140.0,96.7,85.8,44.2,66.5,332.4,345.1,284.5,5.4,13.9,17.7,1493.9,1493.7,1028.5,0.6886,1201.7,711.2433333333333,0.5896966666666666
HIMACHAL PRADESH,1996,118.6,117.8,112.5,50.6,68.5,173.7,210.6,348.3,138.5,38.3,0.6,6.4,1384.4,1384.4,871.0999999999999,0.6292,1201.7,711.2433333333333,0.5896966666666666
HIMACHAL PRADESH,1997,50.9,58.5,60.4,97.4,66.1,92.3,198.7,476.1,113.8,44.4,87.4,108.5,1454.5,1454.5000000000002,880.9,0.6056,1201.7,711.2433333333333,0.5896966666666666
HIMACHAL PRADESH,1998,13.5,133.8,139.4,71.5,41.3,152.3,210.7,239.8,251.5,119.4,5.9,2.4,1381.6,1381.5000000000002,854.3,0.6184,1201.7,711.2433333333333,0.5896966666666666
HIMACHAL PRADESH,1999,109.2,54.3,33.4,7.1,98.3,104.7,304.1,284.6,111.4,6.4,28.9,2.5,1144.9,1144.9000000000003,804.8000000000001,0.7029,1201.7,711.2433333333333,0.5896966666666666
HIMACHAL PRADESH,2000,118.2,119.0,68.1,25.6,79.9,198.0,265.1,126.7,50.1,0.0,10.5,6.9,1068.4,1068.1000000000001,639.9000000000001,0.5991,1201.7,711.2433333333333,0.5896966666666666
HIMACHAL PRADESH,2001,30.5,35.7,105.8,66.9,67.3,153.8,239.5,202.3,26.9,5.0,20.8,37.3,991.8,991.7999999999998,622.5,0.6276,1201.7,711.2433333333333,0.5896966666666666
HIMACHAL PRADESH,2002,66.7,136.5,136.9,124.0,27.0,56.1,81.8,225.6,123.1,8.2,0.7,3.9,990.4,990.5000000000001,486.6,0.4913,1201.7,711.2433333333333,0.5896966666666666
HIMACHAL PRADESH,2003,39.5,116.6,113.0,52.9,35.9,61.4,187.7,228.7,135.5,0.3,22.5,40.4,1034.5,1034.4,613.3,0.5929,1201.7,711.2433333333333,0.5896966666666666
HIMACHAL PRADESH,2004,86.2,43.0,5.9,54.7,57.6,76.1,141.3,202.5,47.6,104.7,9.3,49.4,878.5,878.3,467.5,0.5323,1201.7,711.2433333333333,0.5896966666666666
HIMACHAL PRADESH,2005,147.8,222.9,143.3,35.2,52.4,52.6,317.2,114.2,156.3,1.8,0.3,4.5,1248.5,1248.5,640.3,0.5129,1201.7,711.2433333333333,0.5896966666666666
HIMACHAL PRADESH,2006,102.5,38.2,137.3,44.3,68.4,104.8,260.3,274.2,92.8,17.5,26.9,51.2,1218.4,1218.4,732.0999999999999,0.6009,1201.7,711.2433333333333,0.5896966666666666
HIMACHAL PRADESH,2007,1.3,121.0,177.0,9.6,39.3,155.7,155.2,234.3,85.7,18.7,1.0,35.6,1034.5,1034.4,630.9000000000001,0.6099,1201.7,711.2433333333333,0.5896966666666666
HIMACHAL PRADESH,2008,129.9,63.2,6.3,44.4,42.9,187.3,194.9,224.7,142.6,33.9,5.3,38.9,1114.2,1114.3000000000002,749.5000000000001,0.6726,1201.7,711.2433333333333,0.5896966666666666
HIMACHAL PRADESH,2009,54.8,45.9,43.4,91.2,53.5,45.5,170.2,162.6,172.1,16.4,93.1,7.8,956.5,956.5,550.4,0.5754,1201.7,711.2433333333333,0.5896966666666666
HIMACHAL PRADESH,2010,25.5,96.6,45.1,60.3,81.4,108.5,291.8,274.1,176.7,30.5,10.8,58.1,1259.4,1259.3999999999999,851.1000000000001,0.6758,1201.7,711.2433333333333,0.5896966666666666
HIMACHAL PRADESH,2011,43.9,97.4,49.7,62.4,45.1,118.3,177.7,380.2,120.3,6.0,0.3,6.9,1108.3,1108.2,796.5,0.7187,1201.7,711.2433333333333,0.5896966666666666
HIMACHAL PRADESH,2012,92.3,51.3,28.4,55.9,9.4,31.1,241.5,280.6,133.1,3.1,3.2,21.8,951.6,951.7,686.3000000000001,0.7211,1201.7,711.2433333333333,0.5896966666666666
HIMACHAL PRADESH,2013,79.9,182.6,76.6,28.9,32.6,233.6,208.8,240.0,65.8,21.8,16.6,24.8,1211.9,1211.9999999999998,748.1999999999999,0.6173,1201.7,711.2433333333333,0.5896966666666666
HIMACHAL PRADESH,2014,69.6,124.9,125.2,60.6,68.9,51.7,203.6,146.7,84.6,19.3,4.5,49.3,1008.7,1008.9,486.6,0.4823,1201.7,711.2433333333333,0.5896966666666666
HIMACHAL PRADESH,2015,67.2,156.6,192.5,84.9,45.0,85.8,249.9,195.9,75.5,17.7,14.5,25.0,1210.5,1210.5,607.1,0.5015,1201.7,711.2433333333333,0.5896966666666666
JAMMU & KASHMIR,1901,66.4,69.3,69.6,132.2,105.8,53.4,171.7,181.3,101.8,24.1,0.0,4.4,979.9,980.0,508.2,0.5186,1265.1416666666667,571.02,0.45613333333333334
JAMMU & KASHMIR,1902,6.5,9.7,91.3,100.5,70.7,113.3,108.4,136.9,62.2,15.1,44.0,1.8,760.5,760.4,420.8,0.5534,1265.1416666666667,571.02,0.45613333333333334
JAMMU & KASHMIR,1903,96.2,21.5,238.6,58.7,57.3,18.9,332.5,218.6,176.9,10.7,15.0,41.8,1286.6,1286.7,746.9,0.5805,1265.1416666666667,571.02,0.45613333333333334
JAMMU & KASHMIR,1904,110.6,17.3,145.2,64.5,67.8,25.9,182.3,132.2,62.3,50.0,24.8,99.2,982.2,982.0999999999999,402.7,0.41,1265.1416666666667,571.02,0.45613333333333334
JAMMU & KASHMIR,1905,146.7,76.3,161.4,71.7,65.2,43.3,145.2,111.5,239.7,5.8,0.6,90.2,1157.7,1157.6,539.7,0.4662,1265.1416666666667,571.02,0.45613333333333334
JAMMU & KASHMIR,1906,81.0,160.4,167.2,49.3,39.4,52.2,107.0,257.4,237.0,5.3,0.0,36.9,1193.1,1193.1000000000001,653.5999999999999,0.5478,1265.1416666666667,571.02,0.45613333333333334
JAMMU & KASHMIR,1907,99.6,195.8,132.2,151.0,57.0,85.9,85.1,220.3,24.9,13.9,3.1,0.8,1069.6,1069.6,416.2,0.3891,1265.1416666666667,571.02,0.45613333333333334
JAMMU & KASHMIR,1908,86.4,51.4,28.1,195.8,45.3,26.1,233.3,345.9,118.9,9.0,1.2,86.0,1227.3,1227.4,724.1999999999999,0.59,1265.1416666666667,571.02,0.45613333333333334
JAMMU & KASHMIR,1909,91.9,149.3,56.1,48.0,43.1,68.2,252.2,264.7,237.7,55.2,0.1,73.4,1339.9,1339.9,822.8,0.6141,1265.1416666666667,571.02,0.45613333333333334
JAMMU & KASHMIR,1910,123.6,85.1,65.6,99.7,33.0,126.2,193.7,276.1,39.4,0.4,0.1,66.7,1109.4,1109.6,635.4,0.5726,1265.1416666666667,571.02,0.45613333333333334
JAMMU & KASHMIR,1911,344.8,52.3,285.4,53.1,18.7,76.7,95.1,144.4,72.8,15.1,93.6,28.1,1280.2,1280.1,389.00000000000006,0.3039,1265.1416666666667,571.02,0.45613333333333334
JAMMU & KASHMIR,1912,169.8,39.7,107.5,102.8,61.1,22.9,192.7,152.9,14.0,4.6,21.4,47.3,936.7,936.6999999999999,382.5,0.4083,1265.1416666666667,571.02,0.45613333333333334
JAMMU & KASHMIR,1913,68.4,141.9,95.0,81.0,54.4,99.1,152.2,173.9,24.4,12.8,33.4,63.7,1000.2,1000.1999999999999,449.59999999999997,0.4495,1265.1416666666667,571.02,0.45613333333333334
JAMMU & KASHMIR,1914,47.8,228.9,155.4,153.7,91.9,86.1,369.9,159.3,103.3,157.3,43.0,95.6,1692.1,1692.1999999999996,718.5999999999999,0.4247,1265.1416666666667,571.02,0.45613333333333334
JAMMU & KASHMIR,1915,47.4,218.3,109.7,132.3,18.2,54.4,87.7,174.6,71.7,27.6,0.0,21.9,963.9,963.8000000000001,388.4,0.403,1265.1416666666667,571.02,0.45613333333333334
JAMMU & KASHMIR,1916,37.5,159.4,69.0,67.7,58.6,92.9,244.3,216.5,46.9,30.9,3.4,7.2,1034.3,1034.3000000000002,600.6,0.5807,1265.1416666666667,571.02,0.45613333333333334
JAMMU & KASHMIR,1917,63.6,34.2,92.7,145.0,67.9,155.4,170.3,231.4,219.5,129.6,0.0,76.5,1386.1,1386.1,776.6,0.5603,1265.1416666666667,571.02,0.45613333333333334
JAMMU & KASHMIR,1918,25.8,27.7,269.0,173.9,4.7,59.6,95.3,118.1,19.0,14.9,19.6,88.9,916.5,916.4999999999999,292.0,0.3186,1265.1416666666667,571.02,0.45613333333333334
JAMMU & KASHMIR,1919,187.7,98.3,121.6,73.3,49.5,36.9,247.2,208.5,37.7,1.4,0.3,126.8,1189.2,1189.2,530.3,0.4459,1265.1416666666667,571.02,0.45613333333333334
JAMMU & KASHMIR,1920,82.9,126.4,199.8,97.2,63.3,40.2,81.2,98.1,48.0,17.3,0.8,34.7,889.9,889.9000000000001,267.5,0.3006,1265.1416666666667,571.02,0.45613333333333334
JAMMU & KASHMIR,1921,140.6,71.3,60.4,44.9,21.8,56.7,137.7,209.3,65.8,76.8,3.1,169.3,1057.6,1057.6999999999998,469.5,0.4439,1265.1416666666667,571.02,0.45613333333333334
JAMMU & KASHMIR,1922,87.9,60.6,82.4,67.4,26.5,63.4,163.9,99.1,149.7,28.7,1.5,59.7,890.8,890.8000000000002,476.09999999999997,0.5345,1265.1416666666667,571.02,0.45613333333333334
JAMMU & KASHMIR,1923,185.9,163.2,106.9,60.9,135.7,23.8,176.7,244.9,33.0,71.4,9.3,52.6,1264.3,1264.3,478.4,0.3784,1265.1416666666667,571.02,0.45613333333333334
JAMMU & KASHMIR,1924,89.2,218.7,91.6,87.6,132.2,4.0,138.2,203.9,103.2,1.3,22.3,89.8,1182.2,1181.9999999999998,449.3,0.3801,1265.1416666666667,571.02,0.45613333333333334
JAMMU & KASHMIR,1925,90.4,86.8,45.7,70.9,106.1,80.7,242.3,179.3,25.9,32.7,52.5,0.0,1013.3,1013.3000000000001,528.2,0.5213,1265.1416666666667,571.02,0.45613333333333334
JAMMU & KASHMIR,1926,52.6,61.7,182.4,123.9,92.0,33.9,185.8,245.1,109.2,0.3,2.5,34.1,1123.6,1123.4999999999998,574.0,0.5109,1265.1416666666667,571.02,0.45613333333333334
JAMMU & KASHMIR,1927,84.6,117.3,80.8,53.2,82.6,27.9,226.2,220.3,27.7,7.6,4.5,40.3,973.1,972.9999999999999,502.09999999999997,0.516,1265.1416666666667,571.02,0.45613333333333334
JAMMU & KASHMIR,1928,142.9,192.2,125.9,109.2,18.4,46.2,115.7,177.1,121.6,1.2,102.4,138.3,1291.0,1291.1000000000001,460.6,0.3568,1265.1416666666667,571.02,0.45613333333333334
JAMMU & KASHMIR,1929,121.2,66.4,40.3,53.0,42.6,60.0,182.6,266.7,20.9,60.4,2.0,186.6,1102.7,1102.6999999999998,530.1999999999999,0.4808,1265.1416666666667,571.02,0.45613333333333334
JAMMU & KASHMIR,1930,201.8,116.1,114.6,209.2,53.1,55.1,211.0,105.9,49.0,43.7,0.9,7.6,1168.0,1168.0000000000002,421.0,0.3604,1265.1416666666667,571.02,0.45613333333333334
JAMMU & KASHMIR,1931,124.7,142.4,47.1,35.5,109.0,11.1,205.0,192.6,30.4,43.9,7.9,5.3,955.0,954.9,439.09999999999997,0.4598,1265.1416666666667,571.02,0.45613333333333334
JAMMU & KASHMIR,1932,99.4,102.7,122.7,32.8,87.1,58.6,255.0,174.1,11.5,9.9,1.6,84.0,1039.4,1039.4,499.20000000000005,0.4803,1265.1416666666667,571.02,0.45613333333333334
JAMMU & KASHMIR,1933,104.0,137.4,187.1,107.2,31.1,63.7,175.2,217.7,101.9,48.1,12.2,2.1,1187.7,1187.7,558.5,0.4702,1265.1416666666667,571.02,0.45613333333333334
JAMMU & KASHMIR,1934,110.1,27.2,71.1,96.8,36.2,60.7,146.3,158.9,16.8,3.5,2.0,73.5,803.1,803.0999999999999,382.7,0.4765,1265.1416666666667,571.02,0.45613333333333334
JAMMU & KASHMIR,1935,193.3,95.7,129.9,145.5,20.1,44.7,154.3,183.4,30.4,19.5,48.9,19.7,1085.5,1085.4,412.79999999999995,0.3803,1265.1416666666667,571.02,0.45613333333333334
JAMMU & KASHMIR,1936,59.9,168.9,242.1,62.4,21.8,96.0,163.6,140.2,54.7,16.7,19.9,94.7,1140.8,1140.9,454.5,0.3984,1265.1416666666667,571.02,0.45613333333333334
JAMMU & KASHMIR,1937,67.9,160.0,91.0,80.7,19.5,32.2,133.0,73.5,57.5,88.7,14.7,121.1,939.6,939.8000000000001,296.2,0.3152,1265.1416666666667,571.02,0.45613333333333334
JAMMU & KASHMIR,1938,183.1,194.2,132.6,76.4,14.8,118.7,123.0,136.7,11.2,31.0,11.1,29.0,1061.7,1061.8,389.59999999999997,0.3669,1265.1416666666667,571.02,0.45613333333333334
JAMMU & KASHMIR,1939,89.1,221.0,179.9,68.5,19.6,34.6,164.2,95.2,72.7,57.4,0.0,1.1,1003.5,1003.3000000000002,366.7,0.3655,1265.1416666666667,571.02,0.45613333333333334
JAMMU & KASHMIR,1940,96.8,61.1,108.9,71.9,69.0,85.2,127.4,151.9,69.9,8.5,8.6,19.2,878.3,878.4000000000001,434.4,0.4945,1265.1416666666667,571.02,0.45613333333333334
JAMMU & KASHMIR,1941,81.7,52.5,109.6,40.1,41.3,44.0,120.2,100.8,163.2,11.4,19.9,87.0,871.6,871.6999999999998,428.2,0.4912,1265.1416666666667,571.02,0.45613333333333334
JAMMU & KASHMIR,1942,127.7,196.9,39.4,85.9,88.0,35.5,200.0,274.5,80.3,21.7,9.8,80.2,1239.8,1239.9,590.3,0.4761,1265.1416666666667,571.02,0.45613333333333334
JAMMU & KASHMIR,1943,245.5,37.5,145.0,94.9,124.8,27.6,135.1,228.8,94.0,1.1,3.6,29.8,1167.7,1167.6999999999998,485.5,0.4158,1265.1416666666667,571.02,0.45613333333333334
JAMMU & KASHMIR,1944,114.9,142.5,98.8,72.5,26.4,37.2,193.9,183.2,51.1,18.4,37.8,74.2,1051.0,1050.8999999999999,465.40000000000003,0.4429,1265.1416666666667,571.02,0.45613333333333334
JAMMU & KASHMIR,1945,131.7,23.0,138.2,101.8,37.8,49.8,129.7,104.1,94.3,26.1,9.5,10.3,856.2,856.3,377.90000000000003,0.4413,1265.1416666666667,571.02,0.45613333333333334
JAMMU & KASHMIR,1946,36.6,89.7,87.1,26.0,32.4,82.6,159.0,173.8,16.3,43.5,70.8,104.5,922.3,922.3,431.7,0.4681,1265.1416666666667,571.02,0.45613333333333334
JAMMU & KASHMIR,1947,64.7,81.9,68.3,5.7,61.3,39.2,130.0,182.0,177.9,14.6,8.9,79.4,914.0,913.9,529.1,0.5789,1265.1416666666667,571.02,0.45613333333333334
JAMMU & KASHMIR,1948,47.9,133.7,261.1,43.4,21.4,66.9,278.3,182.0,60.6,6.2,5.5,76.1,1183.1,1183.1,587.8000000000001,0.4968,1265.1416666666667,571.02,0.45613333333333334
JAMMU & KASHMIR,1949,101.3,194.0,127.7,59.1,54.9,69.2,144.6,85.1,38.6,24.0,11.0,37.5,946.9,947.0000000000001,337.5,0.3564,1265.1416666666667,571.02,0.45613333333333334
JAMMU & KASHMIR,1950,367.8,96.1,115.4,119.3,55.5,20.9,182.2,175.6,371.1,12.8,0.7,5.7,1523.1,1523.0999999999997,749.8,0.4923,1265.1416666666667,571.02,0.45613333333333334
JAMMU & KASHMIR,1951,107.3,99.3,120.6,90.1,94.6,64.8,116.9,160.6,27.4,23.0,25.4,32.8,963.0,962.7999999999998,369.69999999999993,0.384,1265.1416666666667,571.02,0.45613333333333334
JAMMU & KASHMIR,1952,88.2,94.1,199.5,42.7,62.8,77.4,175.9,216.9,19.4,1.4,16.0,75.2,1069.6,1069.5,489.6,0.4578,1265.1416666666667,571.02,0.45613333333333334
JAMMU & KASHMIR,1953,135.5,46.6,98.6,97.2,29.6,75.4,248.7,257.5,117.5,51.3,16.0,55.8,1229.6,1229.6999999999998,699.1,0.5685,1265.1416666666667,571.02,0.45613333333333334
JAMMU & KASHMIR,1954,308.4,250.6,60.7,16.2,73.7,26.1,96.1,123.2,286.0,38.1,15.9,12.3,1307.1,1307.3000000000002,531.4,0.4065,1265.1416666666667,571.02,0.45613333333333334
JAMMU & KASHMIR,1955,47.9,14.9,124.4,64.4,113.5,20.8,160.0,329.4,89.2,170.6,0.0,21.4,1156.4,1156.5000000000002,599.4,0.5183,1265.1416666666667,571.02,0.45613333333333334
JAMMU & KASHMIR,1956,136.4,63.9,180.9,115.1,18.5,113.0,356.8,292.5,49.3,134.0,2.5,57.8,1520.8,1520.7,811.5999999999999,0.5337,1265.1416666666667,571.02,0.45613333333333334
JAMMU & KASHMIR,1957,184.1,144.7,110.9,222.7,144.4,73.5,143.8,203.2,29.9,113.6,86.9,62.6,1520.3,1520.3,450.4,0.2963,1265.1416666666667,571.02,0.45613333333333334
JAMMU & KASHMIR,1958,38.7,85.8,116.0,101.0,91.6,34.5,253.5,265.1,229.3,25.3,16.3,93.3,1350.4,1350.3999999999999,782.4000000000001,0.5794,1265.1416666666667,571.02,0.45613333333333334
JAMMU & KASHMIR,1959,113.5,120.8,114.6,33.3,57.4,19.8,454.6,243.7,243.0,47.3,85.2,17.0,1550.3,1550.2,961.1,0.62,1265.1416666666667,571.02,0.45613333333333334
JAMMU & KASHMIR,1960,48.2,9.9,144.7,47.0,29.3,23.3,202.3,183.3,34.2,1.1,4.1,39.0,766.4,766.4000000000001,443.1,0.5782,1265.1416666666667,571.02,0.45613333333333334
JAMMU & KASHMIR,1961,103.3,57.9,54.5,107.5,55.1,107.3,199.6,217.4,118.3,28.8,53.2,35.0,1138.2,1137.9,642.5999999999999,0.5647,1265.1416666666667,571.02,0.45613333333333334
JAMMU & KASHMIR,1962,20.5,97.0,51.0,117.5,34.0,41.1,132.7,137.1,171.3,11.9,52.7,63.5,930.3,930.3000000000001,482.2,0.5183,1265.1416666666667,571.02,0.45613333333333334
JAMMU & KASHMIR,1963,0.0,36.4,251.8,188.9,82.4,24.8,68.4,67.0,32.9,12.8,83.5,60.2,909.2,909.0999999999999,193.1,0.2124,1265.1416666666667,571.02,0.45613333333333334
JAMMU & KASHMIR,1964,126.2,60.7,96.0,134.6,41.3,92.7,167.4,99.4,64.0,1.3,4.6,58.0,946.2,946.1999999999999,423.5,0.4476,1265.1416666666667,571.02,0.45613333333333334
JAMMU & KASHMIR,1965,62.2,138.1,99.9,179.8,153.4,32.4,83.9,62.0,16.4,26.2,33.0,25.2,912.6,912.5000000000001,194.70000000000002,0.2134,1265.1416666666667,571.02,0.45613333333333334
JAMMU & KASHMIR,1966,1.5,199.3,155.2,148.5,114.0,59.9,169.7,203.9,217.4,83.6,3.5,22.4,1378.9,1378.9,650.9,0.472,1265.1416666666667,571.02,0.45613333333333334
JAMMU & KASHMIR,1967,17.5,114.0,156.9,88.1,54.5,52.0,137.9,160.6,115.9,47.1,15.7,131.2,1091.3,1091.4,466.4,0.4273,1265.1416666666667,571.02,0.45613333333333334
JAMMU & KASHMIR,1968,117.2,72.4,85.2,63.0,58.6,52.1,259.3,183.2,20.9,65.6,29.8,58.2,1065.6,1065.5,515.5,0.4838,1265.1416666666667,571.02,0.45613333333333334
JAMMU & KASHMIR,1969,81.2,139.7,112.1,174.1,107.7,33.3,156.6,176.4,45.0,62.8,5.6,1.1,1095.6,1095.5999999999997,411.29999999999995,0.3754,1265.1416666666667,571.02,0.45613333333333334
JAMMU & KASHMIR,1970,51.7,44.5,94.1,36.0,37.5,79.5,67.2,99.8,84.4,57.3,0.0,4.9,657.0,656.9,330.9,0.5037,1265.1416666666667,571.02,0.45613333333333334
JAMMU & KASHMIR,1971,28.1,112.0,10.4,111.0,34.5,93.2,117.6,192.7,13.5,3.6,27.1,20.8,764.7,764.5,417.0,0.5455,1265.1416666666667,571.02,0.45613333333333334
JAMMU & KASHMIR,1972,70.2,128.5,169.3,119.5,84.1,31.8,122.4,142.8,67.5,96.7,25.8,87.1,1145.6,1145.6999999999998,364.5,0.3181,1265.1416666666667,571.02,0.45613333333333334
JAMMU & KASHMIR,1973,134.1,83.4,131.3,65.9,57.2,29.1,180.9,299.7,45.5,21.6,0.0,51.8,1100.5,1100.5,555.2,0.5045,1265.1416666666667,571.02,0.45613333333333334
JAMMU & KASHMIR,1974,118.1,100.6,64.3,46.2,76.0,122.3,90.1,49.1,44.0,12.0,0.6,79.2,802.6,802.5000000000001,305.5,0.3807,1265.1416666666667,571.02,0.45613333333333334
JAMMU & KASHMIR,1975,71.5,94.3,180.1,83.5,98.4,39.6,262.7,256.5,73.5,1.8,12.8,5.8,1180.4,1180.4999999999998,632.3,0.5356,1265.1416666666667,571.02,0.45613333333333334
JAMMU & KASHMIR,1976,96.6,156.4,116.8,72.4,41.1,47.6,108.2,266.9,58.8,35.1,0.0,23.5,1023.7,1023.4000000000001,481.5,0.4705,1265.1416666666667,571.02,0.45613333333333334
JAMMU & KASHMIR,1977,150.2,21.3,21.1,145.3,68.8,56.5,183.7,115.0,63.2,36.1,20.8,73.1,955.0,955.1,418.4,0.4381,1265.1416666666667,571.02,0.45613333333333334
JAMMU & KASHMIR,1978,50.2,73.0,253.6,60.6,40.4,76.7,172.0,173.4,70.1,1.1,89.7,0.8,1061.6,1061.6,492.20000000000005,0.4636,1265.1416666666667,571.02,0.45613333333333334
JAMMU & KASHMIR,1979,65.6,98.4,228.6,58.4,147.1,51.6,103.8,115.9,71.0,7.6,89.9,39.5,1077.4,1077.4,342.3,0.3177,1265.1416666666667,571.02,0.45613333333333334
JAMMU & KASHMIR,1980,84.1,171.6,136.8,36.1,61.4,106.9,161.9,68.7,57.8,28.0,47.3,57.1,1017.9,1017.6999999999999,395.3,0.3884,1265.1416666666667,571.02,0.45613333333333334
JAMMU & KASHMIR,1981,146.1,131.2,227.3,88.9,76.7,72.3,216.0,90.3,26.7,15.3,37.4,7.3,1135.5,1135.5,405.3,0.3569,1265.1416666666667,571.02,0.45613333333333334
JAMMU & KASHMIR,1982,91.9,139.0,222.4,128.7,104.6,42.0,89.6,134.5,33.3,64.2,55.9,96.0,1202.2,1202.1000000000001,299.40000000000003,0.2491,1265.1416666666667,571.02,0.45613333333333334
JAMMU & KASHMIR,1983,118.8,97.2,318.8,207.8,108.8,67.1,154.0,222.1,115.1,39.7,14.6,21.2,1485.2,1485.1999999999998,558.3,0.3759,1265.1416666666667,571.02,0.45613333333333334
JAMMU & KASHMIR,1984,33.6,181.2,90.5,128.2,52.3,63.2,159.6,234.7,96.4,2.0,45.4,70.2,1157.4,1157.3000000000002,553.9,0.4786,1265.1416666666667,571.02,0.45613333333333334
JAMMU & KASHMIR,1985,80.1,23.7,42.1,71.4,106.9,54.4,295.5,154.8,54.7,90.0,13.9,179.7,1167.1,1167.2,559.4,0.4793,1265.1416666666667,571.02,0.45613333333333334
JAMMU & KASHMIR,1986,20.9,110.9,235.0,163.7,72.4,63.5,230.8,217.9,36.9,45.5,164.1,159.5,1521.0,1521.1000000000001,549.1,0.361,1265.1416666666667,571.02,0.45613333333333334
JAMMU & KASHMIR,1987,45.0,150.1,140.4,134.7,234.4,125.1,71.9,128.4,47.0,122.8,0.3,15.9,1216.0,1216.0,372.4,0.3062,1265.1416666666667,571.02,0.45613333333333334
JAMMU & KASHMIR,1988,78.2,155.5,280.2,46.8,39.9,76.3,413.8,165.7,308.6,5.4,7.0,93.6,1670.9,1671.0,964.4,0.5771,1265.1416666666667,571.02,0.45613333333333334
JAMMU & KASHMIR,1989,74.9,78.2,134.1,114.6,139.0,69.1,293.8,114.9,39.3,40.3,50.7,67.1,1216.0,1216.0,517.0999999999999,0.4252,1265.1416666666667,571.02,0.45613333333333334
JAMMU & KASHMIR,1990,110.2,206.5,309.8,98.4,28.6,69.1,193.3,133.5,115.6,38.6,10.5,259.7,1574.0,1573.8,511.5,0.325,1265.1416666666667,571.02,0.45613333333333334
JAMMU & KASHMIR,1991,71.3,216.5,176.1,233.2,93.5,75.6,162.8,204.4,148.9,10.6,5.6,50.5,1448.8,1449.0,591.7,0.4084,1265.1416666666667,571.02,0.45613333333333334
JAMMU & KASHMIR,1992,161.9,91.2,194.7,86.8,110.7,44.6,168.8,306.1,226.6,22.6,36.4,27.6,1478.1,1478.0,746.1,0.5048,1265.1416666666667,571.02,0.45613333333333334
JAMMU & KASHMIR,1993,114.9,123.6,233.1,31.8,106.5,93.6,324.7,63.4,84.3,13.2,54.4,0.2,1243.8,1243.7000000000003,565.9999999999999,0.4551,1265.1416666666667,571.02,0.45613333333333334
JAMMU & KASHMIR,1994,139.9,133.0,82.3,136.6,99.2,107.9,344.7,329.1,88.6,32.4,2.7,236.0,1732.5,1732.3999999999999,870.3000000000001,0.5024,1265.1416666666667,571.02,0.45613333333333334
JAMMU & KASHMIR,1995,101.4,210.2,129.3,124.9,74.4,56.0,408.0,241.3,140.1,38.8,45.6,49.6,1619.6,1619.5999999999997,845.4,0.522,1265.1416666666667,571.02,0.45613333333333334
JAMMU & KASHMIR,1996,127.5,115.7,213.6,85.4,125.5,182.0,136.0,441.5,52.3,96.4,25.8,18.8,1620.4,1620.4999999999998,811.8,0.501,1265.1416666666667,571.02,0.45613333333333334
JAMMU & KASHMIR,1997,68.4,55.6,164.1,144.5,89.1,81.2,126.6,270.2,75.4,77.3,84.3,59.2,1295.9,1295.9,553.4,0.427,1265.1416666666667,571.02,0.45613333333333334
JAMMU & KASHMIR,1998,75.0,297.2,185.4,192.8,75.1,59.3,161.0,131.1,97.9,49.2,1.8,0.0,1325.9,1325.8000000000002,449.29999999999995,0.3389,1265.1416666666667,571.02,0.45613333333333334
JAMMU & KASHMIR,1999,183.5,56.0,91.6,24.3,47.6,51.9,133.8,145.0,84.8,3.5,68.4,0.2,890.3,890.6,415.50000000000006,0.4665,1265.1416666666667,571.02,0.45613333333333334
JAMMU & KASHMIR,2000,159.5,106.6,90.4,30.4,51.1,95.5,193.7,123.6,73.2,1.4,21.0,38.2,984.6,984.6000000000001,485.99999999999994,0.4936,1265.1416666666667,571.02,0.45613333333333334
JAMMU & KASHMIR,2001,17.4,54.3,81.7,92.8,69.6,121.7,243.9,126.7,53.9,12.7,51.6,26.4,952.7,952.7,546.2,0.5733,1265.1416666666667,571.02,0.45613333333333334
JAMMU & KASHMIR,2002,58.7,101.2,105.5,86.3,33.0,94.2,78.7,217.4,97.9,15.2,0.7,14.6,903.5,903.4000000000001,488.20000000000005,0.5404,1265.1416666666667,571.02,0.45613333333333334
JAMMU & KASHMIR,2003,26.9,267.2,170.9,117.5,111.3,41.0,136.0,185.5,126.1,13.3,33.7,81.7,1311.1,1311.1,488.6,0.3727,1265.1416666666667,571.02,0.45613333333333334
JAMMU & KASHMIR,2004,176.0,70.6,21.2,118.9,87.5,95.2,118.0,77.9,40.5,73.3,23.3,42.4,944.9,944.8,331.6,0.351,1265.1416666666667,571.02,0.45613333333333334
JAMMU & KASHMIR,2005,296.0,403.5,189.7,64.9,92.0,41.6,440.3,77.7,50.0,14.6,21.8,0.5,1692.7,1692.5999999999997,609.6,0.3602,1265.1416666666667,571.02,0.45613333333333334
JAMMU & KASHMIR,2006,200.3,92.3,96.8,34.4,43.8,74.3,209.0,331.5,203.0,46.2,72.5,115.8,1519.8,1519.9,817.8,0.5381,1265.1416666666667,571.02,0.45613333333333334
JAMMU & KASHMIR,2007,12.3,116.7,259.3,15.0,65.6,143.9,132.4,196.8,33.0,1.6,0.0,47.0,1023.5,1023.6,506.1,0.4944,1265.1416666666667,571.02,0.45613333333333334
JAMMU & KASHMIR,2008,153.5,130.8,9.9,97.7,63.3,134.9,266.3,166.0,44.7,42.4,25.2,89.8,1224.5,1224.5000000000002,611.9000000000001,0.4997,1265.1416666666667,571.02,0.45613333333333334
JAMMU & KASHMIR,2009,120.3,117.9,63.7,113.5,64.3,64.1,163.2,96.5,50.5,8.1,14.0,47.15,1098.05,923.25,374.29999999999995,0.4054,1265.1416666666667,571.02,0.45613333333333334
JAMMU & KASHMIR,2010,30.9,142.2,34.9,63.9,128.3,67.4,137.3,253.2,65.0,25.0,13.6,36.1,997.9,997.8000000000002,522.9,0.5241,1265.1416666666667,571.02,0.45613333333333334
JAMMU & KASHMIR,2011,43.4,211.6,97.8,89.0,32.4,72.5,81.6,131.2,72.0,19.4,12.9,23.8,887.6,887.5999999999999,357.29999999999995,0.4025,1265.1416666666667,571.02,0.45613333333333334
JAMMU & KASHMIR,2012,150.9,95.8,45.2,86.6,48.9,32.6,118.8,264.9,106.7,15.7,10.8,57.8,1034.7,1034.7,523.0,0.5055,1265.1416666666667,571.02,0.45613333333333334
JAMMU & KASHMIR,2013,52.2,136.4,41.9,47.4,47.4,80.5,125.1,219.1,41.2,34.4,13.4,20.3,859.3,859.3,465.9,0.5422,1265.1416666666667,571.02,0.45613333333333334
JAMMU & KASHMIR,2014,75.8,64.0,153.1,76.1,52.7,25.3,100.5,134.6,362.8,32.2,14.1,2.3,1093.4,1093.5,623.2,0.5699,1265.1416666666667,571.02,0.45613333333333334
JAMMU & KASHMIR,2015,27.9,187.2,341.4,173.3,64.6,121.4,233.2,129.2,130.2,87.1,38.1,39.3,1572.8,1572.8999999999999,614.0,0.3904,1265.1416666666667,571.02,0.45613333333333334
WEST RAJASTHAN,1901,6.7,0.0,1.1,0.0,6.1,3.0,79.0,59.2,1.0,2.1,0.0,0.6,158.9,158.8,142.2,0.8955,303.4633333333333,264.2033333333333,0.8573166666666666
WEST RAJASTHAN,1902,0.0,0.0,0.0,0.5,4.0,49.1,27.0,71.3,41.8,1.8,0.0,0.0,195.6,195.5,189.2,0.9678,303.4633333333333,264.2033333333333,0.8573166666666666
WEST RAJASTHAN,1903,1.7,1.3,5.5,0.0,4.2,2.7,154.8,87.1,49.3,0.1,0.0,0.5,307.0,307.20000000000005,293.9,0.9567,303.4633333333333,264.2033333333333,0.8573166666666666
WEST RAJASTHAN,1904,3.8,2.9,16.3,0.7,11.4,14.6,39.8,45.6,21.4,1.4,2.9,7.1,167.9,167.9,121.4,0.723,303.4633333333333,264.2033333333333,0.8573166666666666
WEST RAJASTHAN,1905,6.3,4.8,0.7,1.3,0.3,4.9,30.1,0.6,64.5,0.0,0.0,0.9,114.4,114.4,100.1,0.875,303.4633333333333,264.2033333333333,0.8573166666666666
WEST RAJASTHAN,1906,0.1,39.1,7.8,0.0,0.2,19.9,53.7,58.6,87.1,0.7,0.0,2.4,269.5,269.59999999999997,219.29999999999998,0.8134,303.4633333333333,264.2033333333333,0.8573166666666666
WEST RAJASTHAN,1907,0.6,24.5,6.3,7.3,6.8,12.8,52.2,242.5,0.2,0.1,0.0,0.0,353.2,353.3,307.7,0.8709,303.4633333333333,264.2033333333333,0.8573166666666666
WEST RAJASTHAN,1908,8.5,0.2,0.0,3.8,6.6,28.4,208.9,265.8,56.8,2.0,1.0,0.0,581.9,582.0,559.9,0.962,303.4633333333333,264.2033333333333,0.8573166666666666
WEST RAJASTHAN,1909,1.9,6.5,0.0,23.7,2.3,29.2,158.2,73.9,114.5,0.6,0.0,15.4,426.2,426.2,375.79999999999995,0.8817,303.4633333333333,264.2033333333333,0.8573166666666666
WEST RAJASTHAN,1910,2.2,0.2,0.0,3.6,0.3,67.3,50.5,156.6,12.2,0.5,0.0,0.0,293.2,293.4,286.59999999999997,0.9768,303.4633333333333,264.2033333333333,0.8573166666666666
WEST RAJASTHAN,1911,2.8,0.3,37.3,1.9,0.1,26.0,3.2,14.8,44.5,5.9,2.1,0.0,138.8,138.9,88.5,0.6371,303.4633333333333,264.2033333333333,0.8573166666666666
WEST RAJASTHAN,1912,16.3,0.0,0.1,2.2,2.9,19.7,119.7,96.8,13.4,5.0,3.7,0.0,279.9,279.79999999999995,249.6,0.8921,303.4633333333333,264.2033333333333,0.8573166666666666
WEST RAJASTHAN,1913,0.1,8.5,2.7,0.5,26.8,53.4,52.0,58.2,31.1,0.1,0.6,14.1,248.3,248.09999999999997,194.70000000000002,0.7848,303.4633333333333,264.2033333333333,0.8573166666666666
WEST RAJASTHAN,1914,2.6,1.8,0.1,8.4,3.0,51.6,125.3,54.1,48.3,4.0,3.1,0.0,302.3,302.3,279.3,0.9239,303.4633333333333,264.2033333333333,0.8573166666666666
WEST RAJASTHAN,1915,7.0,19.7,15.4,0.1,0.6,16.3,25.8,19.0,12.3,31.1,0.0,0.0,147.2,147.3,73.4,0.4983,303.4633333333333,264.2033333333333,0.8573166666666666
WEST RAJASTHAN,1916,1.5,0.3,0.2,1.7,16.4,21.2,66.1,191.5,102.8,20.0,0.0,0.0,421.7,421.7,381.6,0.9049,303.4633333333333,264.2033333333333,0.8573166666666666
WEST RAJASTHAN,1917,1.3,1.2,1.1,12.2,56.8,73.9,97.1,243.4,203.0,78.3,0.0,0.5,768.8,768.8,617.4,0.8031,303.4633333333333,264.2033333333333,0.8573166666666666
WEST RAJASTHAN,1918,0.4,0.0,2.7,0.5,0.7,5.6,5.1,40.8,5.9,0.2,0.2,0.1,62.3,62.2,57.4,0.9228,303.4633333333333,264.2033333333333,0.8573166666666666
WEST RAJASTHAN,1919,13.7,1.6,0.7,5.4,7.2,1.1,95.7,151.9,21.3,0.0,4.4,2.0,305.0,305.0,270.0,0.8852,303.4633333333333,264.2033333333333,0.8573166666666666
WEST RAJASTHAN,1920,2.7,1.5,0.9,1.5,49.2,60.3,94.7,37.2,0.6,0.0,0.0,0.0,248.7,248.6,192.79999999999998,0.7755,303.4633333333333,264.2033333333333,0.8573166666666666
WEST RAJASTHAN,1921,0.1,0.0,0.0,0.0,0.0,4.3,119.2,46.7,46.6,0.6,0.1,0.4,218.0,218.0,216.79999999999998,0.9945,303.4633333333333,264.2033333333333,0.8573166666666666
WEST RAJASTHAN,1922,0.4,0.6,0.0,0.8,4.6,18.1,90.8,33.9,91.7,1.5,0.0,2.5,244.8,244.89999999999998,234.5,0.9575,303.4633333333333,264.2033333333333,0.8573166666666666
WEST RAJASTHAN,1923,3.3,4.9,0.7,0.4,9.6,7.8,118.9,118.3,4.7,0.4,0.0,4.4,273.4,273.3999999999999,249.7,0.9133,303.4633333333333,264.2033333333333,0.8573166666666666
WEST RAJASTHAN,1924,4.4,2.2,0.1,0.5,8.6,11.5,86.0,68.8,103.6,0.9,0.3,10.1,297.1,297.0,269.9,0.9088,303.4633333333333,264.2033333333333,0.8573166666666666
WEST RAJASTHAN,1925,0.0,0.0,0.0,0.0,8.2,62.6,71.7,20.0,4.5,0.8,1.8,0.0,169.7,169.60000000000002,158.8,0.9363,303.4633333333333,264.2033333333333,0.8573166666666666
WEST RAJASTHAN,1926,5.4,0.3,19.4,0.8,21.4,4.0,95.6,179.4,113.6,0.0,0.0,0.3,440.2,440.2,392.6,0.8919,303.4633333333333,264.2033333333333,0.8573166666666666
WEST RAJASTHAN,1927,0.0,7.7,0.0,0.1,5.4,12.4,135.7,124.8,23.7,4.1,0.4,18.2,332.5,332.49999999999994,296.59999999999997,0.892,303.4633333333333,264.2033333333333,0.8573166666666666
WEST RAJASTHAN,1928,0.4,0.8,1.0,2.0,2.1,10.2,79.9,140.4,16.8,14.7,3.3,0.5,272.0,272.1,247.3,0.9089,303.4633333333333,264.2033333333333,0.8573166666666666
WEST RAJASTHAN,1929,2.3,0.0,0.0,1.8,12.2,11.1,163.5,103.8,3.9,0.3,0.0,4.4,303.3,303.29999999999995,282.29999999999995,0.9308,303.4633333333333,264.2033333333333,0.8573166666666666
WEST RAJASTHAN,1930,2.5,1.2,0.7,1.8,16.7,47.1,100.3,45.2,8.1,6.3,0.1,0.0,230.1,230.0,200.70000000000002,0.8726,303.4633333333333,264.2033333333333,0.8573166666666666
WEST RAJASTHAN,1931,0.1,1.1,1.3,0.0,12.1,10.2,73.5,270.7,9.3,16.8,0.0,0.2,395.4,395.3,363.7,0.9201,303.4633333333333,264.2033333333333,0.8573166666666666
WEST RAJASTHAN,1932,0.7,0.2,6.3,1.8,4.4,10.8,118.6,115.5,6.2,0.0,0.0,0.6,265.3,265.1,251.1,0.9472,303.4633333333333,264.2033333333333,0.8573166666666666
WEST RAJASTHAN,1933,0.0,7.6,4.0,13.0,15.3,46.4,46.1,211.3,31.9,0.5,0.1,0.0,376.4,376.20000000000005,335.7,0.8923,303.4633333333333,264.2033333333333,0.8573166666666666
WEST RAJASTHAN,1934,0.8,0.0,8.2,0.2,1.6,60.7,46.8,185.3,16.4,0.0,0.0,2.4,322.4,322.4,309.2,0.9591,303.4633333333333,264.2033333333333,0.8573166666666666
WEST RAJASTHAN,1935,9.2,2.7,2.5,8.4,0.8,4.1,137.4,38.2,47.2,4.5,0.7,1.0,256.6,256.7,226.89999999999998,0.8839,303.4633333333333,264.2033333333333,0.8573166666666666
WEST RAJASTHAN,1936,0.1,4.6,1.8,0.3,0.4,56.6,33.3,119.0,37.7,0.0,9.6,2.0,265.5,265.40000000000003,246.60000000000002,0.9292,303.4633333333333,264.2033333333333,0.8573166666666666
WEST RAJASTHAN,1937,0.0,25.5,0.7,1.9,1.2,17.5,171.8,1.1,60.4,0.7,0.0,11.6,292.5,292.40000000000003,250.8,0.8577,303.4633333333333,264.2033333333333,0.8573166666666666
WEST RAJASTHAN,1938,2.1,0.5,0.0,0.6,4.3,52.6,75.5,45.1,1.6,1.1,0.0,0.1,183.5,183.49999999999997,174.79999999999998,0.9526,303.4633333333333,264.2033333333333,0.8573166666666666
WEST RAJASTHAN,1939,0.3,25.0,7.8,0.2,0.3,22.3,15.9,53.5,12.1,0.0,0.0,0.0,137.4,137.4,103.8,0.7555,303.4633333333333,264.2033333333333,0.8573166666666666
WEST RAJASTHAN,1940,18.1,8.5,6.8,1.2,2.2,34.5,55.7,160.4,2.9,1.4,0.7,0.0,292.4,292.4,253.50000000000003,0.867,303.4633333333333,264.2033333333333,0.8573166666666666
WEST RAJASTHAN,1941,8.7,0.5,1.2,0.0,10.2,21.9,74.0,86.3,18.6,0.4,0.0,2.8,224.8,224.60000000000002,200.79999999999998,0.894,303.4633333333333,264.2033333333333,0.8573166666666666
WEST RAJASTHAN,1942,3.6,12.2,0.0,3.7,16.4,19.4,124.3,80.5,75.2,0.3,0.0,3.3,338.9,338.90000000000003,299.4,0.8834,303.4633333333333,264.2033333333333,0.8573166666666666
WEST RAJASTHAN,1943,1.5,0.0,0.1,2.0,1.0,20.8,195.2,22.3,52.3,0.0,0.0,0.3,295.6,295.5,290.6,0.9834,303.4633333333333,264.2033333333333,0.8573166666666666
WEST RAJASTHAN,1944,14.2,5.7,9.7,11.2,0.9,15.1,137.0,325.3,4.7,1.1,0.0,0.1,525.1,525.0000000000001,482.09999999999997,0.9183,303.4633333333333,264.2033333333333,0.8573166666666666
WEST RAJASTHAN,1945,18.3,0.0,0.6,6.1,15.0,40.9,174.5,73.0,35.1,0.4,0.0,0.0,364.0,363.9,323.5,0.889,303.4633333333333,264.2033333333333,0.8573166666666666
WEST RAJASTHAN,1946,0.0,1.1,0.0,0.0,3.0,45.5,41.7,117.0,10.1,1.0,0.0,3.6,223.1,223.0,214.29999999999998,0.961,303.4633333333333,264.2033333333333,0.8573166666666666
WEST RAJASTHAN,1947,2.5,1.5,0.2,0.0,0.7,0.6,18.3,140.5,82.4,5.7,0.0,0.8,253.2,253.20000000000002,241.8,0.955,303.4633333333333,264.2033333333333,0.8573166666666666
WEST RAJASTHAN,1948,21.4,15.4,6.7,0.1,0.8,6.0,111.3,57.5,11.9,1.2,0.3,0.9,233.5,233.5,186.70000000000002,0.7996,303.4633333333333,264.2033333333333,0.8573166666666666
WEST RAJASTHAN,1949,1.8,2.9,0.0,0.1,3.6,20.5,123.1,42.8,28.5,1.2,0.0,0.2,224.8,224.7,214.89999999999998,0.9564,303.4633333333333,264.2033333333333,0.8573166666666666
WEST RAJASTHAN,1950,1.4,0.3,1.7,0.0,1.9,6.6,131.5,64.8,70.1,0.0,0.0,0.0,278.3,278.29999999999995,273.0,0.981,303.4633333333333,264.2033333333333,0.8573166666666666
WEST RAJASTHAN,1951,0.1,0.0,6.4,5.1,16.4,20.2,33.6,83.3,0.8,0.2,13.8,0.0,179.8,179.90000000000003,137.9,0.7665,303.4633333333333,264.2033333333333,0.8573166666666666
WEST RAJASTHAN,1952,0.0,3.7,0.5,0.4,2.0,20.6,156.9,81.6,0.8,0.2,0.3,0.2,267.1,267.20000000000005,259.90000000000003,0.9727,303.4633333333333,264.2033333333333,0.8573166666666666
WEST RAJASTHAN,1953,5.9,0.0,0.0,0.8,6.5,15.7,70.9,180.5,23.6,0.1,0.0,0.3,304.4,304.30000000000007,290.70000000000005,0.9553,303.4633333333333,264.2033333333333,0.8573166666666666
WEST RAJASTHAN,1954,1.6,13.4,0.6,0.0,0.8,16.2,97.0,35.6,82.3,2.0,1.0,0.0,250.4,250.5,231.10000000000002,0.9226,303.4633333333333,264.2033333333333,0.8573166666666666
WEST RAJASTHAN,1955,2.4,2.1,3.3,0.9,8.7,22.6,7.7,230.6,91.7,21.0,0.0,0.3,391.3,391.3,352.59999999999997,0.9011,303.4633333333333,264.2033333333333,0.8573166666666666
WEST RAJASTHAN,1956,3.1,0.2,6.1,1.0,0.1,20.6,208.0,76.4,12.1,45.1,0.0,1.4,374.2,374.1,317.1,0.8476,303.4633333333333,264.2033333333333,0.8573166666666666
WEST RAJASTHAN,1957,19.7,0.0,5.1,0.2,15.3,28.9,78.3,104.7,5.4,2.3,5.9,1.5,267.1,267.29999999999995,217.29999999999998,0.8129,303.4633333333333,264.2033333333333,0.8573166666666666
WEST RAJASTHAN,1958,2.2,0.0,0.3,0.4,3.2,15.5,69.2,25.0,123.6,4.5,14.7,5.5,264.1,264.1,233.3,0.8834,303.4633333333333,264.2033333333333,0.8573166666666666
WEST RAJASTHAN,1959,0.7,2.8,0.8,5.0,8.7,15.1,119.2,77.3,94.6,6.1,5.1,0.0,335.3,335.4000000000001,306.20000000000005,0.9129,303.4633333333333,264.2033333333333,0.8573166666666666
WEST RAJASTHAN,1960,0.2,0.0,3.0,0.2,1.6,25.1,102.3,76.1,3.2,0.0,0.0,6.1,217.8,217.79999999999998,206.7,0.949,303.4633333333333,264.2033333333333,0.8573166666666666
WEST RAJASTHAN,1961,5.2,12.5,0.2,5.6,6.5,102.8,72.2,66.5,123.9,2.0,1.1,1.8,400.3,400.3,365.4,0.9128,303.4633333333333,264.2033333333333,0.8573166666666666
WEST RAJASTHAN,1962,0.8,0.2,7.8,2.3,2.1,3.3,126.5,62.1,55.0,0.0,0.2,2.1,262.5,262.40000000000003,246.9,0.9409,303.4633333333333,264.2033333333333,0.8573166666666666
WEST RAJASTHAN,1963,0.1,0.6,5.7,1.5,3.3,6.3,23.3,96.4,27.0,4.9,5.1,0.3,174.5,174.5,153.0,0.8768,303.4633333333333,264.2033333333333,0.8573166666666666
WEST RAJASTHAN,1964,0.6,0.3,0.5,0.4,13.7,25.4,138.9,140.5,16.4,0.1,0.0,0.6,337.3,337.40000000000003,321.2,0.952,303.4633333333333,264.2033333333333,0.8573166666666666
WEST RAJASTHAN,1965,3.6,1.3,3.2,2.7,7.1,6.0,128.0,52.0,7.8,3.4,0.1,0.0,215.3,215.20000000000002,193.8,0.9006,303.4633333333333,264.2033333333333,0.8573166666666666
WEST RAJASTHAN,1966,0.1,11.4,1.5,0.1,11.7,34.9,51.3,91.5,48.3,1.8,0.3,0.0,252.9,252.90000000000003,226.0,0.8936,303.4633333333333,264.2033333333333,0.8573166666666666
WEST RAJASTHAN,1967,0.0,0.0,59.0,2.1,2.0,25.2,63.1,96.0,64.2,3.3,3.7,21.7,340.3,340.3,248.5,0.7302,303.4633333333333,264.2033333333333,0.8573166666666666
WEST RAJASTHAN,1968,2.9,6.2,2.9,0.0,7.0,0.4,96.8,24.5,0.6,0.7,0.0,0.0,142.2,141.99999999999997,122.3,0.8613,303.4633333333333,264.2033333333333,0.8573166666666666
WEST RAJASTHAN,1969,1.0,1.2,1.1,1.0,2.7,3.0,48.8,43.5,15.5,1.0,0.1,0.0,119.0,118.89999999999999,110.8,0.9319,303.4633333333333,264.2033333333333,0.8573166666666666
WEST RAJASTHAN,1970,4.5,18.4,2.3,0.2,3.9,32.9,63.0,162.8,67.5,0.2,0.0,0.0,355.7,355.7,326.20000000000005,0.9171,303.4633333333333,264.2033333333333,0.8573166666666666
WEST RAJASTHAN,1971,3.4,0.4,0.2,1.1,23.9,69.9,83.7,46.4,20.5,2.2,0.0,0.0,251.5,251.70000000000002,220.50000000000003,0.876,303.4633333333333,264.2033333333333,0.8573166666666666
WEST RAJASTHAN,1972,1.1,0.8,0.0,2.4,1.4,35.0,39.1,102.4,2.2,0.5,0.6,0.4,185.9,185.9,178.7,0.9613,303.4633333333333,264.2033333333333,0.8573166666666666
WEST RAJASTHAN,1973,0.6,0.4,0.0,0.0,10.9,15.8,64.8,311.3,48.8,0.4,0.0,1.8,454.8,454.8,440.7,0.969,303.4633333333333,264.2033333333333,0.8573166666666666
WEST RAJASTHAN,1974,0.0,0.0,0.0,1.0,23.0,21.2,87.1,18.5,6.0,6.7,0.0,0.8,164.3,164.3,132.8,0.8083,303.4633333333333,264.2033333333333,0.8573166666666666
WEST RAJASTHAN,1975,1.1,0.3,0.8,0.1,2.7,56.8,184.6,145.6,135.2,26.2,0.0,0.5,553.8,553.9000000000001,522.2,0.9428,303.4633333333333,264.2033333333333,0.8573166666666666
WEST RAJASTHAN,1976,4.2,4.7,0.4,2.0,10.2,39.7,93.6,163.7,93.4,0.1,13.1,0.0,425.2,425.1,390.4,0.9184,303.4633333333333,264.2033333333333,0.8573166666666666
WEST RAJASTHAN,1977,8.1,0.6,0.1,4.9,11.7,91.4,146.4,51.1,73.6,0.2,0.7,0.4,389.4,389.20000000000005,362.5,0.9314,303.4633333333333,264.2033333333333,0.8573166666666666
WEST RAJASTHAN,1978,0.1,11.6,4.4,5.3,0.0,32.6,215.4,74.2,23.4,1.4,10.5,0.7,379.7,379.5999999999999,345.59999999999997,0.9104,303.4633333333333,264.2033333333333,0.8573166666666666
WEST RAJASTHAN,1979,2.9,25.5,1.7,0.7,31.6,19.0,118.6,71.9,16.7,10.6,7.5,1.7,308.2,308.4,226.2,0.7335,303.4633333333333,264.2033333333333,0.8573166666666666
WEST RAJASTHAN,1980,0.4,0.1,5.4,0.4,6.2,39.6,129.7,22.9,14.6,3.8,2.0,13.2,238.4,238.29999999999998,206.79999999999998,0.8678,303.4633333333333,264.2033333333333,0.8573166666666666
WEST RAJASTHAN,1981,5.3,2.6,7.3,0.0,9.2,15.3,108.9,40.5,22.6,0.2,34.8,1.8,248.5,248.5,187.29999999999998,0.7537,303.4633333333333,264.2033333333333,0.8573166666666666
WEST RAJASTHAN,1982,11.3,4.0,12.3,27.7,41.3,17.7,77.0,100.6,7.7,7.3,3.5,1.4,311.8,311.79999999999995,203.0,0.6511,303.4633333333333,264.2033333333333,0.8573166666666666
WEST RAJASTHAN,1983,2.8,0.8,2.1,36.1,37.3,33.4,183.8,111.4,51.6,10.0,0.0,0.0,469.3,469.30000000000007,380.20000000000005,0.8101,303.4633333333333,264.2033333333333,0.8573166666666666
WEST RAJASTHAN,1984,0.1,2.8,0.1,1.1,0.0,8.7,50.4,85.3,54.5,0.1,0.2,0.0,203.2,203.29999999999998,198.89999999999998,0.9784,303.4633333333333,264.2033333333333,0.8573166666666666
WEST RAJASTHAN,1985,0.3,0.0,0.6,8.9,10.9,12.3,97.6,55.2,4.2,4.2,0.3,2.8,197.4,197.3,169.29999999999998,0.8581,303.4633333333333,264.2033333333333,0.8573166666666666
WEST RAJASTHAN,1986,0.5,10.4,2.4,0.3,26.0,20.5,95.1,44.9,3.5,0.5,0.0,0.1,204.2,204.2,164.0,0.8031,303.4633333333333,264.2033333333333,0.8573166666666666
WEST RAJASTHAN,1987,6.7,0.5,5.7,0.9,34.8,36.7,22.9,29.3,1.8,0.6,0.0,3.1,143.0,143.0,90.7,0.6343,303.4633333333333,264.2033333333333,0.8573166666666666
WEST RAJASTHAN,1988,0.8,0.5,6.9,3.2,0.6,32.1,112.6,73.1,46.8,3.7,0.0,0.1,280.4,280.4,264.59999999999997,0.9437,303.4633333333333,264.2033333333333,0.8573166666666666
WEST RAJASTHAN,1989,8.6,0.0,1.3,1.0,0.2,25.8,81.0,109.1,20.3,0.2,0.2,0.5,248.1,248.2,236.2,0.9517,303.4633333333333,264.2033333333333,0.8573166666666666
WEST RAJASTHAN,1990,0.0,25.2,0.2,1.4,17.7,19.6,164.4,169.2,42.9,2.5,1.1,0.8,445.0,445.0,396.09999999999997,0.8901,303.4633333333333,264.2033333333333,0.8573166666666666
WEST RAJASTHAN,1991,0.2,4.0,0.0,13.6,7.0,19.3,60.6,55.5,17.1,0.1,0.1,1.6,179.0,179.09999999999997,152.5,0.8515,303.4633333333333,264.2033333333333,0.8573166666666666
WEST RAJASTHAN,1992,9.6,7.4,1.3,0.7,5.5,8.1,126.2,117.2,143.4,5.4,0.9,0.1,425.8,425.79999999999995,394.9,0.9274,303.4633333333333,264.2033333333333,0.8573166666666666
WEST RAJASTHAN,1993,2.2,3.3,2.0,3.0,5.9,48.6,172.1,6.8,47.9,1.5,0.2,0.0,293.5,293.5,275.4,0.9383,303.4633333333333,264.2033333333333,0.8573166666666666
WEST RAJASTHAN,1994,10.7,0.3,0.4,9.9,2.7,31.9,188.5,100.6,70.4,0.0,0.0,0.0,415.5,415.4,391.4,0.9422,303.4633333333333,264.2033333333333,0.8573166666666666
WEST RAJASTHAN,1995,8.2,8.0,2.2,3.0,1.3,18.8,194.8,101.6,16.3,13.6,0.0,0.0,367.9,367.8,331.50000000000006,0.9013,303.4633333333333,264.2033333333333,0.8573166666666666
WEST RAJASTHAN,1996,2.2,3.2,2.5,2.3,22.0,143.2,47.6,64.2,16.9,3.7,0.0,0.0,307.9,307.79999999999995,271.9,0.8834,303.4633333333333,264.2033333333333,0.8573166666666666
WEST RAJASTHAN,1997,1.1,0.2,5.5,10.6,20.3,65.9,56.4,103.9,20.6,51.5,3.6,5.6,345.1,345.20000000000005,246.8,0.7149,303.4633333333333,264.2033333333333,0.8573166666666666
WEST RAJASTHAN,1998,0.0,8.7,4.5,5.6,0.9,51.1,55.0,32.5,63.0,58.2,0.1,0.0,279.6,279.6,201.6,0.721,303.4633333333333,264.2033333333333,0.8573166666666666
WEST RAJASTHAN,1999,6.4,3.1,0.2,0.0,39.3,23.8,55.9,61.5,6.5,7.6,0.0,0.0,204.3,204.29999999999998,147.7,0.723,303.4633333333333,264.2033333333333,0.8573166666666666
WEST RAJASTHAN,2000,0.5,0.5,0.3,3.1,4.3,8.2,171.6,39.6,5.7,1.1,0.5,0.0,235.3,235.39999999999998,225.09999999999997,0.9562,303.4633333333333,264.2033333333333,0.8573166666666666
WEST RAJASTHAN,2001,0.5,1.1,0.1,9.5,23.8,48.6,122.9,68.7,2.8,7.3,0.0,0.0,285.3,285.3,243.0,0.8517,303.4633333333333,264.2033333333333,0.8573166666666666
WEST RAJASTHAN,2002,0.3,2.6,1.0,1.4,11.2,26.9,2.4,17.2,20.6,0.1,2.5,6.0,92.4,92.19999999999999,67.1,0.7278,303.4633333333333,264.2033333333333,0.8573166666666666
WEST RAJASTHAN,2003,2.5,21.2,0.8,0.4,1.8,45.2,188.4,93.6,13.9,0.2,0.0,0.1,368.1,368.09999999999997,341.1,0.9267,303.4633333333333,264.2033333333333,0.8573166666666666
WEST RAJASTHAN,2004,2.4,0.0,0.0,4.8,6.0,33.5,26.9,94.3,8.6,18.7,0.0,1.6,196.7,196.79999999999995,163.29999999999998,0.8298,303.4633333333333,264.2033333333333,0.8573166666666666
WEST RAJASTHAN,2005,1.4,14.2,8.7,6.3,14.5,29.2,86.1,24.3,75.8,0.0,0.1,0.0,260.8,260.6,215.39999999999998,0.8266,303.4633333333333,264.2033333333333,0.8573166666666666
WEST RAJASTHAN,2006,0.0,0.0,16.9,3.4,8.3,36.9,52.7,203.6,31.3,5.3,0.4,2.5,361.3,361.3,324.5,0.8981,303.4633333333333,264.2033333333333,0.8573166666666666
WEST RAJASTHAN,2007,0.0,34.9,22.0,2.3,3.8,41.2,90.5,69.4,45.6,0.0,0.1,0.9,310.8,310.70000000000005,246.7,0.794,303.4633333333333,264.2033333333333,0.8573166666666666
WEST RAJASTHAN,2008,1.6,0.2,0.8,18.2,24.7,56.1,57.1,133.3,23.0,0.4,0.4,8.3,324.1,324.09999999999997,269.5,0.8315,303.4633333333333,264.2033333333333,0.8573166666666666
WEST RAJASTHAN,2009,2.9,2.8,5.3,1.6,7.6,26.1,79.1,27.1,7.5,0.3,0.1,0.1,160.4,160.5,139.79999999999998,0.871,303.4633333333333,264.2033333333333,0.8573166666666666
WEST RAJASTHAN,2010,1.9,1.7,0.6,0.6,3.0,49.5,129.9,163.4,96.5,0.9,20.1,5.2,473.2,473.3,439.3,0.9282,303.4633333333333,264.2033333333333,0.8573166666666666
WEST RAJASTHAN,2011,0.0,11.8,1.5,1.5,7.8,24.4,88.5,166.8,116.3,0.1,0.0,0.0,418.7,418.70000000000005,396.00000000000006,0.9458,303.4633333333333,264.2033333333333,0.8573166666666666
WEST RAJASTHAN,2012,0.5,0.0,0.0,9.5,10.4,5.3,40.4,166.7,92.0,1.9,0.0,0.6,327.3,327.29999999999995,304.4,0.93,303.4633333333333,264.2033333333333,0.8573166666666666
WEST RAJASTHAN,2013,8.6,21.8,4.2,3.1,1.7,37.6,104.5,138.2,58.7,10.1,1.0,0.0,389.4,389.5,338.99999999999994,0.8703,303.4633333333333,264.2033333333333,0.8573166666666666
WEST RAJASTHAN,2014,0.8,2.2,4.7,8.4,23.0,13.8,94.3,69.6,84.9,0.5,0.2,0.0,302.4,302.4,262.6,0.8684,303.4633333333333,264.2033333333333,0.8573166666666666
WEST RAJASTHAN,2015,1.4,0.9,30.3,25.2,15.5,53.2,234.6,60.5,35.7,1.1,0.1,0.0,458.4,458.50000000000006,384.0,0.8375,303.4633333333333,264.2033333333333,0.8573166666666666
EAST RAJASTHAN,1901,21.6,8.9,2.9,0.7,5.0,15.0,164.8,175.6,7.5,9.8,0.0,0.8,412.5,412.6,362.9,0.8795,614.5466666666667,570.8833333333333,0.92648
EAST RAJASTHAN,1902,4.1,0.7,0.0,1.8,9.9,34.6,247.6,116.7,145.6,14.4,0.0,2.8,578.3,578.1999999999999,544.5,0.9417,614.5466666666667,570.8833333333333,0.92648
EAST RAJASTHAN,1903,1.9,0.7,1.3,0.1,12.9,15.6,238.2,229.1,168.5,17.8,0.0,0.0,686.1,686.0999999999999,651.4,0.9494,614.5466666666667,570.8833333333333,0.92648
EAST RAJASTHAN,1904,4.3,5.5,21.7,0.2,27.5,49.9,289.7,223.5,50.2,1.5,5.8,14.7,694.5,694.5,613.3,0.8831,614.5466666666667,570.8833333333333,0.92648
EAST RAJASTHAN,1905,4.1,8.8,3.2,1.6,2.0,14.4,130.5,30.9,83.8,0.0,0.0,0.6,279.8,279.90000000000003,259.6,0.9275,614.5466666666667,570.8833333333333,0.92648
EAST RAJASTHAN,1906,0.2,23.1,6.2,0.0,1.6,61.9,262.5,95.5,191.4,1.9,0.0,3.0,647.4,647.3,611.3,0.9444,614.5466666666667,570.8833333333333,0.92648
EAST RAJASTHAN,1907,6.3,35.7,7.0,14.3,12.7,18.5,134.1,319.8,3.3,0.0,0.0,0.0,551.8,551.6999999999999,475.7,0.8622,614.5466666666667,570.8833333333333,0.92648
EAST RAJASTHAN,1908,13.9,0.8,1.6,0.4,6.2,42.6,395.2,349.0,58.7,0.2,1.4,0.1,870.2,870.1000000000001,845.5,0.9717,614.5466666666667,570.8833333333333,0.92648
EAST RAJASTHAN,1909,4.9,1.4,0.0,43.2,5.2,115.3,299.4,207.4,82.5,1.7,0.0,20.8,781.6,781.8,704.6,0.9013,614.5466666666667,570.8833333333333,0.92648
EAST RAJASTHAN,1910,7.9,1.1,0.0,1.9,1.2,124.6,114.0,250.2,134.2,48.2,2.0,0.0,685.3,685.3,623.0,0.9091,614.5466666666667,570.8833333333333,0.92648
EAST RAJASTHAN,1911,13.6,0.5,18.3,0.7,0.1,69.3,42.6,73.8,173.6,6.4,21.2,0.2,420.4,420.29999999999995,359.29999999999995,0.8549,614.5466666666667,570.8833333333333,0.92648
EAST RAJASTHAN,1912,9.7,5.2,1.7,2.7,5.5,30.8,304.7,237.6,48.5,2.0,5.1,1.8,655.4,655.3,621.6,0.9486,614.5466666666667,570.8833333333333,0.92648
EAST RAJASTHAN,1913,0.0,9.5,0.8,0.1,46.0,111.6,160.7,107.0,44.0,1.5,0.4,16.6,498.3,498.2,423.29999999999995,0.8497,614.5466666666667,570.8833333333333,0.92648
EAST RAJASTHAN,1914,0.0,0.9,0.9,2.0,5.8,88.3,325.3,125.6,107.8,11.3,8.6,0.0,676.6,676.4999999999999,647.0,0.9564,614.5466666666667,570.8833333333333,0.92648
EAST RAJASTHAN,1915,19.0,30.2,33.2,2.3,5.0,33.7,70.0,108.8,29.5,69.1,0.0,0.8,401.8,401.59999999999997,242.0,0.6026,614.5466666666667,570.8833333333333,0.92648
EAST RAJASTHAN,1916,0.0,3.2,0.0,0.3,10.0,87.6,159.4,435.8,122.3,24.7,1.9,0.0,845.3,845.1999999999999,805.0999999999999,0.9526,614.5466666666667,570.8833333333333,0.92648
EAST RAJASTHAN,1917,3.6,8.8,4.1,11.0,90.9,149.2,265.4,383.5,333.9,99.8,0.0,0.3,1350.4,1350.5,1132.0,0.8382,614.5466666666667,570.8833333333333,0.92648
EAST RAJASTHAN,1918,4.0,0.0,2.4,0.7,2.6,28.3,49.6,163.3,19.0,0.1,3.5,0.1,273.6,273.6,260.20000000000005,0.951,614.5466666666667,570.8833333333333,0.92648
EAST RAJASTHAN,1919,29.2,0.0,0.7,5.3,14.1,31.4,265.0,356.4,53.0,0.3,23.2,8.3,787.0,786.8999999999999,705.8,0.8969,614.5466666666667,570.8833333333333,0.92648
EAST RAJASTHAN,1920,8.6,3.7,2.8,0.5,45.8,150.5,295.4,78.3,10.8,0.1,0.0,0.0,596.7,596.4999999999999,534.9999999999999,0.8969,614.5466666666667,570.8833333333333,0.92648
EAST RAJASTHAN,1921,18.3,0.0,0.0,0.2,0.0,22.3,178.9,153.2,173.1,1.0,0.0,0.7,547.8,547.7,527.5,0.9631,614.5466666666667,570.8833333333333,0.92648
EAST RAJASTHAN,1922,6.0,0.4,0.0,0.3,9.0,83.9,242.2,144.3,169.3,0.8,1.6,12.1,669.9,669.9000000000001,639.7,0.9549,614.5466666666667,570.8833333333333,0.92648
EAST RAJASTHAN,1923,2.0,8.5,3.7,0.6,12.8,9.4,325.3,262.7,52.8,1.2,0.4,10.6,690.1,690.0,650.1999999999999,0.9423,614.5466666666667,570.8833333333333,0.92648
EAST RAJASTHAN,1924,13.6,5.8,0.0,0.1,5.2,33.4,271.8,262.8,262.2,40.4,3.7,25.4,924.4,924.4000000000001,830.2,0.8981,614.5466666666667,570.8833333333333,0.92648
EAST RAJASTHAN,1925,0.1,0.0,0.0,0.1,14.7,163.2,209.3,56.2,16.9,3.7,19.5,0.0,483.7,483.69999999999993,445.59999999999997,0.9212,614.5466666666667,570.8833333333333,0.92648
EAST RAJASTHAN,1926,6.1,1.1,28.7,2.5,18.6,13.9,216.1,342.6,202.3,0.2,0.0,0.2,832.4,832.3000000000002,774.9000000000001,0.931,614.5466666666667,570.8833333333333,0.92648
EAST RAJASTHAN,1927,0.0,9.4,0.5,1.9,5.7,19.0,272.9,283.7,69.9,7.7,26.0,29.3,725.8,725.9999999999999,645.4999999999999,0.8891,614.5466666666667,570.8833333333333,0.92648
EAST RAJASTHAN,1928,2.9,16.4,0.6,0.1,2.2,23.4,236.7,187.1,37.9,84.2,10.4,6.4,608.3,608.3,485.0999999999999,0.7975,614.5466666666667,570.8833333333333,0.92648
EAST RAJASTHAN,1929,3.6,1.5,0.0,4.0,6.9,50.9,270.8,194.0,34.4,0.6,0.0,9.1,576.0,575.8000000000001,550.1,0.9554,614.5466666666667,570.8833333333333,0.92648
EAST RAJASTHAN,1930,16.7,1.0,0.2,0.4,22.2,72.7,296.9,158.7,40.4,51.9,0.1,0.0,661.3,661.1999999999999,568.6999999999999,0.8601,614.5466666666667,570.8833333333333,0.92648
EAST RAJASTHAN,1931,0.4,2.2,2.2,0.1,9.8,11.5,224.5,401.4,60.4,60.5,0.3,1.1,774.2,774.3999999999999,697.8,0.9011,614.5466666666667,570.8833333333333,0.92648
EAST RAJASTHAN,1932,0.3,0.6,14.0,5.4,3.9,21.7,219.0,187.1,88.9,2.3,0.0,0.6,543.8,543.8,516.6999999999999,0.9502,614.5466666666667,570.8833333333333,0.92648
EAST RAJASTHAN,1933,0.3,5.8,1.5,22.3,30.1,209.1,170.7,284.9,185.6,13.4,12.3,1.9,937.8,937.9,850.3,0.9066,614.5466666666667,570.8833333333333,0.92648
EAST RAJASTHAN,1934,4.5,0.0,13.3,0.3,0.2,118.3,136.1,420.4,105.0,0.0,2.0,8.7,808.9,808.8,779.8,0.9641,614.5466666666667,570.8833333333333,0.92648
EAST RAJASTHAN,1935,14.8,5.8,0.7,10.5,1.3,34.2,299.4,119.7,170.1,16.5,1.1,10.7,684.8,684.8000000000001,623.4,0.9103,614.5466666666667,570.8833333333333,0.92648
EAST RAJASTHAN,1936,1.7,4.9,13.8,0.3,3.8,133.6,115.5,140.0,107.1,0.0,18.4,3.1,542.1,542.2,496.20000000000005,0.9152,614.5466666666667,570.8833333333333,0.92648
EAST RAJASTHAN,1937,0.0,12.2,0.5,1.0,7.8,98.7,365.4,60.5,113.6,3.3,0.6,6.8,670.5,670.3999999999999,638.1999999999999,0.952,614.5466666666667,570.8833333333333,0.92648
EAST RAJASTHAN,1938,6.2,0.0,0.1,0.1,5.5,140.3,213.5,117.5,10.9,9.0,0.0,0.0,503.1,503.1,482.2,0.9585,614.5466666666667,570.8833333333333,0.92648
EAST RAJASTHAN,1939,1.6,12.7,9.3,0.0,0.1,62.0,108.3,112.7,92.9,1.1,0.0,0.0,400.7,400.70000000000005,375.9,0.9381,614.5466666666667,570.8833333333333,0.92648
EAST RAJASTHAN,1940,26.0,16.9,15.9,2.1,5.7,61.3,189.5,290.7,33.7,2.5,8.3,0.4,652.8,652.9999999999999,575.2,0.8809,614.5466666666667,570.8833333333333,0.92648
EAST RAJASTHAN,1941,11.7,9.0,2.0,0.0,10.1,39.9,110.2,247.6,70.8,1.1,0.0,3.3,505.9,505.70000000000005,468.5,0.9264,614.5466666666667,570.8833333333333,0.92648
EAST RAJASTHAN,1942,15.9,9.9,0.0,2.1,8.0,61.3,399.5,320.8,120.7,0.0,0.0,1.1,939.3,939.3000000000001,902.3000000000001,0.9606,614.5466666666667,570.8833333333333,0.92648
EAST RAJASTHAN,1943,7.4,0.1,0.0,4.8,6.6,52.6,400.2,111.1,133.6,0.1,0.0,0.1,716.6,716.6,697.5,0.9733,614.5466666666667,570.8833333333333,0.92648
EAST RAJASTHAN,1944,20.1,6.9,24.4,7.9,1.7,75.5,309.9,411.9,31.7,14.5,0.9,1.5,906.9,906.9,829.0,0.9141,614.5466666666667,570.8833333333333,0.92648
EAST RAJASTHAN,1945,15.5,0.0,0.1,6.8,11.2,125.9,346.0,215.1,138.0,3.2,0.0,0.0,861.6,861.8000000000001,825.0,0.9573,614.5466666666667,570.8833333333333,0.92648
EAST RAJASTHAN,1946,0.0,10.3,0.0,1.4,7.8,124.6,184.3,429.8,84.5,8.7,12.7,23.5,887.7,887.6000000000001,823.2,0.9274,614.5466666666667,570.8833333333333,0.92648
EAST RAJASTHAN,1947,6.6,2.5,0.6,0.5,0.8,14.2,118.3,284.1,272.0,10.3,0.1,4.9,714.8,714.9,688.6,0.9632,614.5466666666667,570.8833333333333,0.92648
EAST RAJASTHAN,1948,39.2,11.9,1.9,0.3,0.9,29.7,221.2,243.0,94.9,12.2,8.3,0.0,663.6,663.4999999999999,588.8,0.8874,614.5466666666667,570.8833333333333,0.92648
EAST RAJASTHAN,1949,1.1,0.9,0.1,0.2,5.2,32.5,279.8,81.0,101.0,5.9,1.5,0.0,509.2,509.2,494.3,0.9707,614.5466666666667,570.8833333333333,0.92648
EAST RAJASTHAN,1950,0.9,0.2,3.4,0.0,6.4,13.3,318.8,174.7,221.5,0.0,0.0,0.7,740.1,739.9000000000001,728.3,0.9843,614.5466666666667,570.8833333333333,0.92648
EAST RAJASTHAN,1951,1.9,0.0,6.2,2.8,8.0,51.8,97.8,156.3,18.8,0.7,18.6,0.0,362.9,362.90000000000003,324.7,0.8947,614.5466666666667,570.8833333333333,0.92648
EAST RAJASTHAN,1952,0.7,3.3,0.9,2.1,0.3,109.2,360.4,224.1,7.5,0.2,0.0,3.9,712.7,712.6,701.1999999999999,0.984,614.5466666666667,570.8833333333333,0.92648
EAST RAJASTHAN,1953,32.3,0.0,0.0,1.4,2.3,59.8,164.3,272.2,50.3,2.2,0.0,1.0,585.9,585.8,546.6,0.9331,614.5466666666667,570.8833333333333,0.92648
EAST RAJASTHAN,1954,3.9,19.6,4.8,0.0,0.1,42.5,253.4,77.6,240.1,23.6,0.4,0.0,665.9,666.0,613.6,0.9213,614.5466666666667,570.8833333333333,0.92648
EAST RAJASTHAN,1955,9.5,3.6,0.7,0.0,3.4,100.3,61.1,358.6,233.0,74.3,0.0,0.1,844.6,844.6,753.0,0.8915,614.5466666666667,570.8833333333333,0.92648
EAST RAJASTHAN,1956,6.0,0.6,9.8,0.2,1.7,35.1,440.6,215.4,51.5,161.9,0.8,5.3,928.8,928.8999999999999,742.6,0.7994,614.5466666666667,570.8833333333333,0.92648
EAST RAJASTHAN,1957,26.5,0.1,13.4,0.6,3.7,63.4,243.6,222.4,71.2,12.6,1.6,3.2,662.2,662.3000000000002,600.6,0.9068,614.5466666666667,570.8833333333333,0.92648
EAST RAJASTHAN,1958,3.9,0.7,0.8,0.5,1.4,46.2,288.8,153.9,224.8,14.5,6.1,1.1,742.7,742.7,713.7,0.961,614.5466666666667,570.8833333333333,0.92648
EAST RAJASTHAN,1959,6.0,0.1,0.2,3.8,34.8,36.8,252.3,248.9,152.6,43.0,7.5,0.3,786.2,786.3,690.6,0.8783,614.5466666666667,570.8833333333333,0.92648
EAST RAJASTHAN,1960,1.8,0.0,7.0,1.2,5.3,63.1,152.1,332.0,20.2,7.4,0.0,1.5,591.6,591.6,567.4000000000001,0.9591,614.5466666666667,570.8833333333333,0.92648
EAST RAJASTHAN,1961,11.9,7.0,0.0,0.6,5.0,39.2,227.8,225.7,337.2,23.0,6.0,0.9,884.2,884.3000000000001,829.9,0.9385,614.5466666666667,570.8833333333333,0.92648
EAST RAJASTHAN,1962,1.1,1.5,3.6,2.1,2.9,5.1,262.4,176.0,139.9,0.0,1.7,7.8,604.1,604.1,583.4,0.9657,614.5466666666667,570.8833333333333,0.92648
EAST RAJASTHAN,1963,0.4,1.4,1.0,2.7,2.0,33.2,130.3,283.9,97.3,6.9,17.6,0.9,577.7,577.5999999999999,544.6999999999999,0.943,614.5466666666667,570.8833333333333,0.92648
EAST RAJASTHAN,1964,0.0,0.0,0.0,0.1,30.6,42.0,211.1,289.6,71.7,0.1,0.0,1.0,646.3,646.2000000000002,614.4000000000001,0.9508,614.5466666666667,570.8833333333333,0.92648
EAST RAJASTHAN,1965,4.6,4.2,1.9,3.1,3.3,7.0,201.7,106.9,83.4,7.8,0.0,0.0,423.8,423.90000000000003,399.0,0.9413,614.5466666666667,570.8833333333333,0.92648
EAST RAJASTHAN,1966,0.1,2.6,0.0,0.0,12.7,74.8,141.7,156.2,81.3,0.6,3.1,0.2,473.4,473.3,454.0,0.9592,614.5466666666667,570.8833333333333,0.92648
EAST RAJASTHAN,1967,0.0,0.0,57.4,1.4,2.6,87.3,157.3,250.9,163.1,1.1,1.3,37.7,759.9,760.1,658.6,0.8665,614.5466666666667,570.8833333333333,0.92648
EAST RAJASTHAN,1968,8.6,1.5,6.6,0.1,4.2,5.2,296.2,181.3,10.7,4.9,0.0,0.2,519.6,519.5,493.4,0.9498,614.5466666666667,570.8833333333333,0.92648
EAST RAJASTHAN,1969,3.5,1.1,1.7,1.9,4.9,16.7,226.4,258.5,117.2,0.1,2.1,0.0,634.1,634.1000000000001,618.8000000000001,0.9759,614.5466666666667,570.8833333333333,0.92648
EAST RAJASTHAN,1970,6.7,25.3,1.7,0.1,5.8,91.7,146.3,318.9,117.3,4.6,0.0,0.0,718.4,718.4,674.1999999999999,0.9385,614.5466666666667,570.8833333333333,0.92648
EAST RAJASTHAN,1971,2.8,0.7,0.1,1.2,33.0,171.3,288.9,155.0,117.2,13.6,0.6,0.0,784.4,784.4000000000001,732.4000000000001,0.9337,614.5466666666667,570.8833333333333,0.92648
EAST RAJASTHAN,1972,0.4,4.4,0.0,1.1,0.8,72.4,86.7,259.9,21.9,3.3,3.3,0.1,454.3,454.3,440.9,0.9705,614.5466666666667,570.8833333333333,0.92648
EAST RAJASTHAN,1973,3.3,3.2,0.6,0.1,12.8,36.1,260.2,380.9,242.4,6.7,0.0,1.9,948.2,948.2,919.6,0.9698,614.5466666666667,570.8833333333333,0.92648
EAST RAJASTHAN,1974,0.0,0.0,0.4,0.2,18.1,30.6,297.8,165.4,19.2,77.0,0.0,3.2,611.8,611.9000000000001,513.0000000000001,0.8384,614.5466666666667,570.8833333333333,0.92648
EAST RAJASTHAN,1975,1.2,0.5,1.4,0.2,2.3,87.1,271.0,317.6,173.9,42.6,0.1,0.0,897.9,897.9,849.6,0.9462,614.5466666666667,570.8833333333333,0.92648
EAST RAJASTHAN,1976,8.7,6.4,0.1,1.4,12.2,90.8,201.2,318.0,126.2,0.2,50.2,0.0,815.3,815.4000000000001,736.2,0.9029,614.5466666666667,570.8833333333333,0.92648
EAST RAJASTHAN,1977,10.8,2.3,0.1,6.4,18.9,112.7,394.9,223.1,115.1,1.1,1.9,0.2,887.5,887.5,845.8,0.953,614.5466666666667,570.8833333333333,0.92648
EAST RAJASTHAN,1978,0.3,10.3,4.1,2.5,0.0,83.4,302.9,249.5,55.9,4.7,8.0,5.6,727.1,727.2,691.6999999999999,0.9512,614.5466666666667,570.8833333333333,0.92648
EAST RAJASTHAN,1979,6.6,25.8,2.8,0.9,16.5,47.6,206.5,129.7,14.7,3.3,58.1,2.7,515.1,515.2,398.49999999999994,0.7735,614.5466666666667,570.8833333333333,0.92648
EAST RAJASTHAN,1980,0.7,0.5,3.6,0.1,1.7,141.2,203.0,150.5,28.0,1.0,0.8,16.3,547.5,547.3999999999999,522.7,0.9549,614.5466666666667,570.8833333333333,0.92648
EAST RAJASTHAN,1981,4.4,0.8,4.7,0.2,7.7,57.7,299.4,141.8,64.6,8.7,23.8,1.5,615.3,615.3000000000001,563.5,0.9158,614.5466666666667,570.8833333333333,0.92648
EAST RAJASTHAN,1982,16.7,4.4,7.1,16.6,32.0,28.6,178.1,294.3,19.4,10.7,48.4,4.0,660.2,660.3,520.4,0.7881,614.5466666666667,570.8833333333333,0.92648
EAST RAJASTHAN,1983,3.6,1.6,0.1,29.4,31.9,72.4,256.5,240.0,127.9,31.8,0.0,0.1,795.3,795.3,696.8,0.8761,614.5466666666667,570.8833333333333,0.92648
EAST RAJASTHAN,1984,1.2,0.3,0.0,0.3,0.3,32.5,147.9,272.0,108.8,0.1,0.0,0.0,563.3,563.4,561.1999999999999,0.9961,614.5466666666667,570.8833333333333,0.92648
EAST RAJASTHAN,1985,0.9,0.1,0.6,3.9,6.0,21.0,176.8,245.0,37.5,87.6,0.2,8.5,588.1,588.1,480.3,0.8167,614.5466666666667,570.8833333333333,0.92648
EAST RAJASTHAN,1986,3.7,21.3,1.1,0.6,24.4,54.3,312.6,146.6,18.7,6.6,0.0,0.1,590.1,590.0000000000001,532.2,0.902,614.5466666666667,570.8833333333333,0.92648
EAST RAJASTHAN,1987,11.2,4.6,1.5,0.1,20.9,44.2,57.1,226.2,27.9,19.0,0.0,23.2,435.7,435.8999999999999,355.4,0.8153,614.5466666666667,570.8833333333333,0.92648
EAST RAJASTHAN,1988,1.9,1.4,6.4,4.3,2.2,96.4,229.8,204.3,82.3,10.3,0.1,0.7,640.1,640.1,612.8,0.9574,614.5466666666667,570.8833333333333,0.92648
EAST RAJASTHAN,1989,6.8,0.1,2.2,0.1,0.4,52.5,130.6,283.7,33.1,0.0,0.5,0.5,510.5,510.5,499.9,0.9792,614.5466666666667,570.8833333333333,0.92648
EAST RAJASTHAN,1990,0.0,27.5,1.0,0.7,18.9,75.4,229.0,253.3,162.3,6.1,5.1,0.8,780.1,780.0999999999999,720.0,0.923,614.5466666666667,570.8833333333333,0.92648
EAST RAJASTHAN,1991,0.2,2.5,0.4,11.0,3.0,18.1,274.6,214.4,43.1,0.3,5.2,5.9,578.6,578.7,550.2,0.9508,614.5466666666667,570.8833333333333,0.92648
EAST RAJASTHAN,1992,7.1,2.3,2.9,0.5,10.4,18.0,244.9,260.2,125.8,42.2,8.5,0.7,723.6,723.5,648.8999999999999,0.8969,614.5466666666667,570.8833333333333,0.92648
EAST RAJASTHAN,1993,0.2,8.8,4.0,4.0,4.5,98.5,262.8,92.1,113.9,5.9,0.4,0.1,595.2,595.1999999999999,567.3,0.9531,614.5466666666667,570.8833333333333,0.92648
EAST RAJASTHAN,1994,23.3,0.9,0.5,7.1,4.5,116.6,319.3,259.8,106.8,0.0,0.4,0.0,839.2,839.1999999999999,802.5,0.9563,614.5466666666667,570.8833333333333,0.92648
EAST RAJASTHAN,1995,29.8,2.9,7.0,0.7,0.8,22.6,275.4,310.8,92.4,6.5,0.0,5.3,754.3,754.1999999999999,701.1999999999999,0.9297,614.5466666666667,570.8833333333333,0.92648
EAST RAJASTHAN,1996,3.8,5.2,1.4,3.0,8.5,118.2,202.6,256.0,103.4,13.2,0.3,0.0,715.7,715.6,680.1999999999999,0.9505,614.5466666666667,570.8833333333333,0.92648
EAST RAJASTHAN,1997,0.8,0.2,1.7,10.2,14.2,52.1,143.2,196.6,78.7,45.8,11.8,18.5,573.9,573.8,470.59999999999997,0.8201,614.5466666666667,570.8833333333333,0.92648
EAST RAJASTHAN,1998,0.0,1.8,3.7,3.4,2.2,46.4,145.9,118.1,114.8,36.7,2.7,0.0,475.8,475.7,425.2,0.8938,614.5466666666667,570.8833333333333,0.92648
EAST RAJASTHAN,1999,1.6,4.9,0.1,0.1,6.3,53.4,190.5,70.9,65.1,15.5,0.0,0.1,408.4,408.5,379.9,0.93,614.5466666666667,570.8833333333333,0.92648
EAST RAJASTHAN,2000,0.3,0.6,0.4,2.3,21.0,20.2,270.6,95.5,28.7,0.4,0.0,0.1,440.0,440.1,415.0,0.943,614.5466666666667,570.8833333333333,0.92648
EAST RAJASTHAN,2001,0.9,0.1,0.3,6.4,22.9,100.2,271.4,126.4,7.7,9.2,0.0,5.8,551.2,551.3000000000001,505.7,0.9173,614.5466666666667,570.8833333333333,0.92648
EAST RAJASTHAN,2002,1.6,11.0,0.1,1.2,8.6,71.4,13.5,130.6,41.2,0.8,0.8,4.5,285.3,285.3,256.7,0.8998,614.5466666666667,570.8833333333333,0.92648
EAST RAJASTHAN,2003,4.1,21.4,0.5,0.2,3.5,76.6,245.8,178.5,93.6,0.1,0.0,2.3,626.6,626.6,594.5,0.9488,614.5466666666667,570.8833333333333,0.92648
EAST RAJASTHAN,2004,2.5,0.0,0.0,2.2,9.3,52.8,105.8,380.9,24.7,27.5,0.4,0.1,606.2,606.2,564.2,0.9307,614.5466666666667,570.8833333333333,0.92648
EAST RAJASTHAN,2005,0.4,3.6,5.7,6.2,4.8,55.6,239.0,80.0,172.5,0.0,0.0,0.0,567.9,567.8,547.1,0.9635,614.5466666666667,570.8833333333333,0.92648
EAST RAJASTHAN,2006,0.0,0.0,11.9,0.4,13.1,73.8,215.9,341.5,88.9,2.4,0.1,0.5,748.4,748.5,720.1,0.9621,614.5466666666667,570.8833333333333,0.92648
EAST RAJASTHAN,2007,0.7,16.8,10.6,1.5,5.5,63.0,223.0,167.9,86.1,0.0,0.0,0.5,575.7,575.6,540.0,0.9382,614.5466666666667,570.8833333333333,0.92648
EAST RAJASTHAN,2008,0.1,0.0,0.5,9.0,22.1,160.6,166.1,167.9,112.7,3.0,2.4,0.1,644.6,644.5,607.3000000000001,0.9423,614.5466666666667,570.8833333333333,0.92648
EAST RAJASTHAN,2009,0.5,0.2,2.4,0.2,5.7,38.9,189.1,113.3,45.5,10.9,7.0,0.5,414.1,414.2,386.8,0.9338,614.5466666666667,570.8833333333333,0.92648
EAST RAJASTHAN,2010,1.9,2.4,0.5,0.4,0.7,27.3,196.2,275.9,128.9,0.8,49.5,5.0,689.4,689.4999999999999,628.3,0.9112,614.5466666666667,570.8833333333333,0.92648
EAST RAJASTHAN,2011,0.0,11.2,0.2,0.5,5.1,140.9,193.6,284.1,166.4,0.0,0.0,0.0,802.1,802.0,785.0,0.9788,614.5466666666667,570.8833333333333,0.92648
EAST RAJASTHAN,2012,1.9,0.0,0.0,3.6,9.5,11.2,170.5,365.0,131.3,0.5,0.0,0.1,693.6,693.6,678.0,0.9775,614.5466666666667,570.8833333333333,0.92648
EAST RAJASTHAN,2013,1.4,21.7,0.4,3.2,1.0,90.6,319.0,278.5,88.0,30.6,1.3,0.3,836.1,835.9999999999999,776.1,0.9283,614.5466666666667,570.8833333333333,0.92648
EAST RAJASTHAN,2014,28.4,10.0,6.4,7.3,8.4,23.5,197.1,261.0,136.9,3.2,0.0,1.1,683.3,683.3000000000001,618.5,0.9052,614.5466666666667,570.8833333333333,0.92648
EAST RAJASTHAN,2015,12.1,0.1,55.9,15.9,3.5,96.4,297.6,142.8,20.1,5.0,0.5,0.8,650.7,650.6999999999999,556.9,0.8558,614.5466666666667,570.8833333333333,0.92648
WEST MADHYA PRADESH,1901,25.8,5.8,5.8,2.8,2.1,41.2,228.9,349.9,47.9,5.6,0.0,2.4,718.2,718.1999999999999,667.9,0.93,934.235,855.1233333333333,0.9254933333333334
WEST MADHYA PRADESH,1902,22.1,8.4,0.0,2.0,5.9,35.9,401.9,179.4,194.1,37.9,10.0,14.2,911.7,911.8000000000001,811.3,0.8898,934.235,855.1233333333333,0.9254933333333334
WEST MADHYA PRADESH,1903,5.3,0.0,0.0,0.0,22.3,50.6,304.9,261.1,250.2,55.1,0.0,0.0,949.6,949.5000000000001,866.8,0.9129,934.235,855.1233333333333,0.9254933333333334
WEST MADHYA PRADESH,1904,3.2,15.5,14.8,0.0,12.0,96.6,273.0,218.6,125.9,3.3,1.8,9.6,774.4,774.3,714.1,0.9223,934.235,855.1233333333333,0.9254933333333334
WEST MADHYA PRADESH,1905,3.5,4.4,1.1,0.8,3.0,36.1,326.3,137.6,183.5,0.3,0.0,0.0,696.5,696.6,683.5,0.9812,934.235,855.1233333333333,0.9254933333333334
WEST MADHYA PRADESH,1906,0.0,11.0,6.8,0.0,0.5,180.0,344.5,198.6,266.2,1.5,0.2,0.9,1010.2,1010.1999999999999,989.3,0.9793,934.235,855.1233333333333,0.9254933333333334
WEST MADHYA PRADESH,1907,5.2,25.1,0.6,12.3,2.8,48.7,202.2,328.5,17.3,0.0,7.8,0.0,650.4,650.4999999999999,596.6999999999999,0.9173,934.235,855.1233333333333,0.9254933333333334
WEST MADHYA PRADESH,1908,12.1,0.6,10.1,1.5,1.9,104.5,368.8,281.9,48.5,0.5,0.4,1.8,832.6,832.5999999999999,803.7,0.9653,934.235,855.1233333333333,0.9254933333333334
WEST MADHYA PRADESH,1909,3.5,2.1,0.4,24.8,9.8,150.0,246.2,257.9,106.8,0.9,0.0,27.9,830.2,830.2999999999998,760.8999999999999,0.9164,934.235,855.1233333333333,0.9254933333333334
WEST MADHYA PRADESH,1910,1.5,0.0,0.3,0.3,0.7,171.0,183.5,273.9,244.1,50.3,33.8,0.0,959.5,959.4,872.5,0.9094,934.235,855.1233333333333,0.9254933333333334
WEST MADHYA PRADESH,1911,16.2,0.5,3.5,0.0,0.8,112.2,111.1,154.2,222.3,11.8,43.7,0.0,676.5,676.3,599.8,0.8869,934.235,855.1233333333333,0.9254933333333334
WEST MADHYA PRADESH,1912,2.1,8.4,0.1,0.4,2.2,48.0,322.3,264.4,94.8,2.0,60.6,1.9,807.3,807.1999999999999,729.5,0.9037,934.235,855.1233333333333,0.9254933333333334
WEST MADHYA PRADESH,1913,0.0,7.6,3.0,0.0,28.2,168.7,290.0,220.4,58.5,0.4,0.3,13.4,790.5,790.4999999999999,737.6,0.9331,934.235,855.1233333333333,0.9254933333333334
WEST MADHYA PRADESH,1914,0.0,2.6,7.4,4.1,13.4,127.7,352.6,155.2,154.7,6.3,10.7,1.7,836.3,836.4000000000001,790.2,0.9448,934.235,855.1233333333333,0.9254933333333334
WEST MADHYA PRADESH,1915,9.5,24.5,34.3,5.4,6.6,124.2,179.0,215.2,90.1,75.5,3.8,4.6,772.7,772.7,608.5,0.7875,934.235,855.1233333333333,0.9254933333333334
WEST MADHYA PRADESH,1916,0.0,8.6,0.0,0.2,17.7,220.0,242.5,474.4,153.4,76.8,25.5,0.0,1219.2,1219.1,1090.3,0.8943,934.235,855.1233333333333,0.9254933333333334
WEST MADHYA PRADESH,1917,8.3,23.1,4.5,1.9,62.7,184.3,316.6,338.0,275.4,94.4,0.0,0.1,1309.3,1309.3000000000002,1114.3000000000002,0.8511,934.235,855.1233333333333,0.9254933333333334
WEST MADHYA PRADESH,1918,0.3,1.5,2.0,0.1,10.2,100.5,124.2,202.9,50.6,0.5,14.2,2.5,509.4,509.50000000000006,478.20000000000005,0.9386,934.235,855.1233333333333,0.9254933333333334
WEST MADHYA PRADESH,1919,43.8,1.7,0.4,4.2,10.9,163.9,330.2,545.1,69.9,39.0,22.0,1.8,1232.8,1232.9,1109.1000000000001,0.8996,934.235,855.1233333333333,0.9254933333333334
WEST MADHYA PRADESH,1920,54.1,1.0,2.1,0.2,23.4,120.1,303.3,146.4,64.2,0.0,0.0,0.0,714.8,714.8000000000001,634.0,0.887,934.235,855.1233333333333,0.9254933333333334
WEST MADHYA PRADESH,1921,28.6,0.3,0.0,0.0,0.0,136.8,187.3,215.3,238.9,1.3,0.0,0.0,808.7,808.4999999999999,778.3000000000001,0.9626,934.235,855.1233333333333,0.9254933333333334
WEST MADHYA PRADESH,1922,31.5,3.5,0.0,0.0,6.7,130.7,311.7,147.7,243.4,1.7,32.7,8.5,918.2,918.1,833.4999999999999,0.9079,934.235,855.1233333333333,0.9254933333333334
WEST MADHYA PRADESH,1923,0.9,2.7,8.4,2.6,3.5,12.1,561.6,296.2,173.6,0.7,1.2,7.6,1071.0,1071.1,1043.5,0.9742,934.235,855.1233333333333,0.9254933333333334
WEST MADHYA PRADESH,1924,11.9,3.4,0.5,0.6,2.0,34.3,346.5,335.6,208.4,68.2,0.2,19.5,1031.3,1031.1,924.8000000000001,0.8969,934.235,855.1233333333333,0.9254933333333334
WEST MADHYA PRADESH,1925,0.0,0.0,0.0,0.0,34.9,165.7,260.1,146.6,37.8,1.2,45.5,1.6,693.5,693.4000000000001,610.1999999999999,0.88,934.235,855.1233333333333,0.9254933333333334
WEST MADHYA PRADESH,1926,16.0,0.8,8.8,2.5,8.5,21.9,268.3,429.0,143.5,12.8,0.2,1.5,913.8,913.8,862.7,0.9441,934.235,855.1233333333333,0.9254933333333334
WEST MADHYA PRADESH,1927,0.0,1.7,6.5,0.5,1.6,78.3,334.2,217.7,74.1,36.8,101.2,20.2,872.9,872.8000000000001,704.3000000000001,0.8069,934.235,855.1233333333333,0.9254933333333334
WEST MADHYA PRADESH,1928,0.4,31.9,2.8,0.0,2.5,75.6,395.0,217.6,49.5,66.9,1.6,51.9,895.6,895.6999999999999,737.7,0.8236,934.235,855.1233333333333,0.9254933333333334
WEST MADHYA PRADESH,1929,6.3,8.8,0.1,4.8,0.7,108.5,288.0,215.5,88.8,1.6,0.0,5.5,728.7,728.6,700.8,0.9618,934.235,855.1233333333333,0.9254933333333334
WEST MADHYA PRADESH,1930,3.0,0.3,0.0,2.2,5.1,96.4,392.8,183.5,167.1,36.9,0.6,0.3,888.2,888.1999999999999,839.8000000000001,0.9455,934.235,855.1233333333333,0.9254933333333334
WEST MADHYA PRADESH,1931,2.2,1.4,0.4,0.1,1.5,48.2,281.6,424.1,226.0,132.1,10.4,3.7,1131.6,1131.7,979.9000000000001,0.8659,934.235,855.1233333333333,0.9254933333333334
WEST MADHYA PRADESH,1932,0.0,2.9,12.7,2.6,1.8,57.0,467.0,128.3,289.8,24.8,1.4,0.0,988.3,988.2999999999998,942.0999999999999,0.9533,934.235,855.1233333333333,0.9254933333333334
WEST MADHYA PRADESH,1933,0.2,5.0,2.1,11.7,36.7,196.5,276.9,351.8,288.1,22.7,11.4,8.5,1211.6,1211.6000000000001,1113.3000000000002,0.9189,934.235,855.1233333333333,0.9254933333333334
WEST MADHYA PRADESH,1934,7.0,0.0,6.0,0.8,0.1,124.7,237.6,415.7,340.5,2.9,24.8,4.8,1164.9,1164.9,1118.5,0.9602,934.235,855.1233333333333,0.9254933333333334
WEST MADHYA PRADESH,1935,5.3,2.9,0.0,7.8,0.7,94.3,361.2,157.5,213.6,17.8,0.6,9.5,871.1,871.2,826.6,0.9488,934.235,855.1233333333333,0.9254933333333334
WEST MADHYA PRADESH,1936,2.6,6.0,17.5,2.5,11.2,192.2,152.8,211.6,198.4,0.6,104.1,1.6,901.2,901.1,755.0,0.8379,934.235,855.1233333333333,0.9254933333333334
WEST MADHYA PRADESH,1937,1.0,12.1,6.1,8.1,3.6,177.6,442.0,163.9,201.9,30.0,1.0,6.2,1053.4,1053.5,985.4,0.9354,934.235,855.1233333333333,0.9254933333333334
WEST MADHYA PRADESH,1938,8.7,0.0,1.5,0.8,24.5,306.3,345.5,206.1,38.6,69.0,0.0,0.0,1001.2,1001.0,896.5,0.8956,934.235,855.1233333333333,0.9254933333333334
WEST MADHYA PRADESH,1939,6.2,0.9,8.2,0.2,0.3,64.1,284.8,312.4,119.6,3.9,1.4,0.6,802.5,802.5999999999999,780.9,0.973,934.235,855.1233333333333,0.9254933333333334
WEST MADHYA PRADESH,1940,10.4,4.5,6.1,1.8,10.8,157.6,393.9,347.7,63.9,40.8,23.6,3.8,1064.7,1064.8999999999999,963.1,0.9044,934.235,855.1233333333333,0.9254933333333334
WEST MADHYA PRADESH,1941,19.2,19.9,5.5,0.7,2.1,52.7,195.6,349.8,93.0,0.9,0.0,0.0,739.4,739.4,691.1,0.9347,934.235,855.1233333333333,0.9254933333333334
WEST MADHYA PRADESH,1942,28.2,28.3,0.7,1.5,1.2,122.7,558.0,286.0,163.5,0.1,0.0,11.5,1201.7,1201.6999999999998,1130.2,0.9405,934.235,855.1233333333333,0.9254933333333334
WEST MADHYA PRADESH,1943,25.1,0.0,0.0,3.5,25.2,122.3,359.8,179.1,187.2,60.5,0.1,0.0,962.9,962.8000000000001,848.4000000000001,0.8812,934.235,855.1233333333333,0.9254933333333334
WEST MADHYA PRADESH,1944,15.8,14.8,34.1,2.6,0.8,87.9,500.6,519.5,118.7,49.2,1.1,2.6,1347.7,1347.6999999999998,1226.7,0.9102,934.235,855.1233333333333,0.9254933333333334
WEST MADHYA PRADESH,1945,22.2,0.0,0.0,3.6,3.2,190.3,377.4,235.9,211.1,3.6,0.0,0.0,1047.4,1047.3,1014.7,0.9689,934.235,855.1233333333333,0.9254933333333334
WEST MADHYA PRADESH,1946,0.0,10.9,0.1,3.0,3.2,256.8,341.4,387.5,100.4,5.9,117.9,23.6,1250.7,1250.7,1086.1000000000001,0.8684,934.235,855.1233333333333,0.9254933333333334
WEST MADHYA PRADESH,1947,18.3,3.9,2.3,3.8,1.9,48.1,319.5,350.5,282.2,14.0,3.5,16.7,1064.7,1064.7,1000.3,0.9395,934.235,855.1233333333333,0.9254933333333334
WEST MADHYA PRADESH,1948,36.6,6.7,0.7,0.9,0.7,145.0,382.5,369.7,225.8,17.8,61.1,0.2,1247.6,1247.6999999999998,1123.0,0.9001,934.235,855.1233333333333,0.9254933333333334
WEST MADHYA PRADESH,1949,0.0,3.4,0.4,0.3,19.7,90.3,326.9,137.2,334.7,50.8,2.4,0.0,966.2,966.1,889.0999999999999,0.9203,934.235,855.1233333333333,0.9254933333333334
WEST MADHYA PRADESH,1950,2.4,2.0,15.0,0.3,5.8,34.8,411.3,182.6,230.4,2.9,0.0,16.9,904.5,904.4,859.1,0.9499,934.235,855.1233333333333,0.9254933333333334
WEST MADHYA PRADESH,1951,5.3,0.4,6.0,0.5,3.5,88.0,231.7,205.5,85.5,18.9,4.4,0.0,649.7,649.6999999999999,610.7,0.94,934.235,855.1233333333333,0.9254933333333334
WEST MADHYA PRADESH,1952,0.7,8.9,1.7,1.7,0.8,163.6,367.7,239.4,35.8,1.4,0.0,7.6,829.1,829.3,806.4999999999999,0.9725,934.235,855.1233333333333,0.9254933333333334
WEST MADHYA PRADESH,1953,19.1,0.0,0.0,2.0,1.1,72.6,273.0,304.2,107.1,14.5,0.0,0.1,793.7,793.7,756.9,0.9536,934.235,855.1233333333333,0.9254933333333334
WEST MADHYA PRADESH,1954,12.3,11.9,5.4,0.1,1.0,70.6,318.7,183.2,480.1,16.9,0.3,0.0,1100.7,1100.5000000000002,1052.6,0.9565,934.235,855.1233333333333,0.9254933333333334
WEST MADHYA PRADESH,1955,26.8,2.2,0.6,1.5,1.5,188.8,97.7,441.1,249.5,139.5,0.0,0.0,1149.2,1149.2,977.1,0.8502,934.235,855.1233333333333,0.9254933333333334
WEST MADHYA PRADESH,1956,10.9,0.8,3.5,0.4,49.1,112.1,411.4,235.5,127.8,95.8,12.8,5.7,1065.8,1065.8,886.8,0.8321,934.235,855.1233333333333,0.9254933333333334
WEST MADHYA PRADESH,1957,12.5,0.1,30.4,5.6,4.0,89.3,223.2,339.9,112.7,12.5,1.2,1.6,832.9,833.0000000000001,765.1,0.9185,934.235,855.1233333333333,0.9254933333333334
WEST MADHYA PRADESH,1958,3.2,1.3,1.4,3.2,0.9,82.5,383.6,284.0,271.1,57.7,10.1,0.7,1099.7,1099.7,1021.2,0.9286,934.235,855.1233333333333,0.9254933333333334
WEST MADHYA PRADESH,1959,23.0,0.1,0.2,4.0,22.0,78.9,395.5,325.8,254.3,70.7,7.0,0.0,1181.4,1181.5,1054.5,0.8925,934.235,855.1233333333333,0.9254933333333334
WEST MADHYA PRADESH,1960,25.2,0.0,12.4,1.4,6.6,132.5,203.2,392.9,53.6,53.2,0.0,1.5,882.3,882.5,782.1999999999999,0.8863,934.235,855.1233333333333,0.9254933333333334
WEST MADHYA PRADESH,1961,22.0,1.8,0.5,0.7,6.9,74.0,311.3,318.8,559.4,128.5,8.3,1.3,1433.7,1433.5,1263.5,0.8814,934.235,855.1233333333333,0.9254933333333334
WEST MADHYA PRADESH,1962,6.7,4.9,7.8,8.4,4.1,16.4,308.7,207.0,313.3,0.1,8.2,20.3,905.9,905.9,845.3999999999999,0.9332,934.235,855.1233333333333,0.9254933333333334
WEST MADHYA PRADESH,1963,6.1,5.5,2.5,3.0,3.9,71.0,235.2,363.1,155.4,26.8,30.6,2.2,905.4,905.3,824.6999999999999,0.911,934.235,855.1233333333333,0.9254933333333334
WEST MADHYA PRADESH,1964,0.0,0.0,2.2,0.0,7.7,111.7,278.8,312.2,163.3,2.8,0.0,1.2,880.1,879.9000000000001,866.0,0.9842,934.235,855.1233333333333,0.9254933333333334
WEST MADHYA PRADESH,1965,4.8,0.7,1.6,2.0,0.6,31.1,270.8,142.5,124.0,5.9,1.0,9.6,594.7,594.6,568.4000000000001,0.9559,934.235,855.1233333333333,0.9254933333333334
WEST MADHYA PRADESH,1966,4.0,0.9,2.2,0.1,2.8,69.2,267.7,200.6,104.0,0.6,23.8,4.1,680.0,680.0,641.5,0.9434,934.235,855.1233333333333,0.9254933333333334
WEST MADHYA PRADESH,1967,0.0,0.0,31.9,2.5,0.9,125.9,223.5,253.8,222.2,2.3,0.1,82.5,945.6,945.6,825.4000000000001,0.8729,934.235,855.1233333333333,0.9254933333333334
WEST MADHYA PRADESH,1968,9.2,2.0,9.7,1.2,0.2,34.4,404.1,291.9,94.1,14.1,0.0,0.4,861.2,861.3000000000001,824.5,0.9573,934.235,855.1233333333333,0.9254933333333334
WEST MADHYA PRADESH,1969,5.7,0.3,0.0,0.2,0.8,47.9,393.4,395.9,226.5,0.0,45.8,0.3,1117.0,1116.7999999999997,1063.6999999999998,0.9525,934.235,855.1233333333333,0.9254933333333334
WEST MADHYA PRADESH,1970,19.9,12.1,8.3,0.5,12.2,254.4,186.5,346.6,265.8,6.8,0.0,0.0,1113.2,1113.1,1053.3,0.9463,934.235,855.1233333333333,0.9254933333333334
WEST MADHYA PRADESH,1971,5.4,2.0,1.2,2.8,17.7,183.9,446.9,220.3,209.6,45.6,0.2,0.0,1135.7,1135.6,1060.6999999999998,0.934,934.235,855.1233333333333,0.9254933333333334
WEST MADHYA PRADESH,1972,0.1,3.7,0.1,0.1,1.9,92.0,161.5,421.3,74.4,3.9,10.1,1.1,770.3,770.2,749.1999999999999,0.9727,934.235,855.1233333333333,0.9254933333333334
WEST MADHYA PRADESH,1973,0.1,5.2,0.0,0.3,2.6,74.0,553.1,478.8,256.6,26.2,0.2,9.8,1406.9,1406.9000000000003,1362.5,0.9684,934.235,855.1233333333333,0.9254933333333334
WEST MADHYA PRADESH,1974,0.2,0.6,0.3,0.7,14.6,40.8,289.5,372.9,65.3,89.0,0.8,1.9,876.6,876.5999999999998,768.5,0.8767,934.235,855.1233333333333,0.9254933333333334
WEST MADHYA PRADESH,1975,1.2,3.4,0.6,0.2,3.4,136.2,265.4,357.7,245.3,51.0,0.0,0.3,1064.6,1064.6999999999998,1004.5999999999999,0.9436,934.235,855.1233333333333,0.9254933333333334
WEST MADHYA PRADESH,1976,7.3,0.7,3.4,3.8,8.4,158.9,261.3,350.5,183.3,1.2,46.8,2.0,1027.7,1027.6,954.0,0.9284,934.235,855.1233333333333,0.9254933333333334
WEST MADHYA PRADESH,1977,2.5,5.3,4.9,3.0,10.3,157.3,265.3,316.1,188.8,12.5,35.2,1.6,1002.7,1002.8000000000001,927.5,0.9249,934.235,855.1233333333333,0.9254933333333334
WEST MADHYA PRADESH,1978,3.5,15.7,5.5,4.0,0.0,138.0,318.7,409.3,61.8,7.3,21.9,17.5,1003.3,1003.1999999999999,927.8,0.9248,934.235,855.1233333333333,0.9254933333333334
WEST MADHYA PRADESH,1979,21.3,35.2,8.5,0.2,9.3,110.1,195.7,260.0,34.9,6.1,97.7,2.8,781.9,781.8,600.6999999999999,0.7684,934.235,855.1233333333333,0.9254933333333334
WEST MADHYA PRADESH,1980,0.4,0.7,0.5,0.2,0.9,254.4,186.8,345.7,50.3,3.4,1.8,28.9,873.9,873.9999999999999,837.2,0.9579,934.235,855.1233333333333,0.9254933333333334
WEST MADHYA PRADESH,1981,4.3,0.4,10.1,0.1,10.7,118.1,268.7,297.2,122.5,20.6,19.1,18.4,890.2,890.1999999999999,806.5,0.906,934.235,855.1233333333333,0.9254933333333334
WEST MADHYA PRADESH,1982,44.8,4.7,3.2,2.7,8.3,61.5,247.2,386.7,89.3,23.3,60.0,2.4,934.1,934.0999999999998,784.6999999999999,0.8401,934.235,855.1233333333333,0.9254933333333334
WEST MADHYA PRADESH,1983,4.8,0.6,0.1,13.7,13.9,88.3,238.2,364.4,291.5,55.2,0.0,1.1,1071.9,1071.8,982.4,0.9166,934.235,855.1233333333333,0.9254933333333334
WEST MADHYA PRADESH,1984,15.2,6.1,0.0,0.1,0.0,63.5,165.3,536.0,60.3,12.5,0.0,0.5,859.5,859.5,825.0999999999999,0.96,934.235,855.1233333333333,0.9254933333333334
WEST MADHYA PRADESH,1985,2.1,0.0,0.2,4.5,4.2,55.4,211.7,294.4,144.4,157.8,0.0,0.0,874.7,874.7,705.9,0.807,934.235,855.1233333333333,0.9254933333333334
WEST MADHYA PRADESH,1986,9.5,40.5,2.5,0.2,5.3,129.8,470.6,237.5,33.4,6.5,0.1,1.2,937.1,937.1000000000001,871.3000000000001,0.9298,934.235,855.1233333333333,0.9254933333333334
WEST MADHYA PRADESH,1987,25.7,13.2,0.6,0.0,7.1,74.3,144.2,362.7,77.7,55.1,8.1,15.3,783.9,784.0,658.9000000000001,0.8404,934.235,855.1233333333333,0.9254933333333334
WEST MADHYA PRADESH,1988,3.5,0.6,2.2,5.1,4.7,136.0,313.6,278.9,146.5,59.5,0.4,0.1,951.2,951.1,875.0,0.92,934.235,855.1233333333333,0.9254933333333334
WEST MADHYA PRADESH,1989,2.3,0.2,9.4,0.2,2.9,129.8,150.5,369.5,88.2,0.6,0.0,4.8,758.5,758.4,738.0,0.9731,934.235,855.1233333333333,0.9254933333333334
WEST MADHYA PRADESH,1990,0.7,9.3,1.3,1.0,29.4,161.2,265.0,384.2,258.3,23.2,2.8,7.6,1144.0,1143.9999999999998,1068.7,0.9342,934.235,855.1233333333333,0.9254933333333334
WEST MADHYA PRADESH,1991,0.1,3.6,1.3,3.3,1.3,96.4,344.7,262.2,25.1,0.0,3.8,3.6,745.5,745.4,728.4,0.9772,934.235,855.1233333333333,0.9254933333333334
WEST MADHYA PRADESH,1992,0.1,0.2,0.1,0.1,5.8,51.0,211.8,314.4,105.9,62.7,2.2,0.0,754.2,754.3000000000001,683.1,0.9056,934.235,855.1233333333333,0.9254933333333334
WEST MADHYA PRADESH,1993,0.0,5.0,7.2,0.6,2.9,113.5,337.7,236.9,300.5,22.1,1.3,4.1,1031.9,1031.7999999999997,988.6,0.9581,934.235,855.1233333333333,0.9254933333333334
WEST MADHYA PRADESH,1994,14.7,5.4,0.2,5.5,1.3,221.1,352.9,385.8,187.2,2.6,2.9,0.0,1179.5,1179.6,1147.0,0.9724,934.235,855.1233333333333,0.9254933333333334
WEST MADHYA PRADESH,1995,14.7,0.8,15.6,1.4,1.3,67.2,320.2,252.1,163.6,19.6,0.0,8.1,864.7,864.6,803.1,0.9289,934.235,855.1233333333333,0.9254933333333334
WEST MADHYA PRADESH,1996,10.3,4.7,2.2,0.4,1.4,48.6,438.5,366.3,154.7,57.3,1.1,0.0,1085.4,1085.5,1008.1000000000001,0.9287,934.235,855.1233333333333,0.9254933333333334
WEST MADHYA PRADESH,1997,3.0,0.0,0.7,4.0,1.7,89.7,345.9,334.8,97.2,36.1,51.4,93.9,1058.3,1058.4,867.6,0.8197,934.235,855.1233333333333,0.9254933333333334
WEST MADHYA PRADESH,1998,2.5,0.6,8.9,1.9,0.6,92.9,279.0,208.4,286.6,39.1,6.4,0.0,926.9,926.9,866.9,0.9353,934.235,855.1233333333333,0.9254933333333334
WEST MADHYA PRADESH,1999,0.9,31.0,0.0,0.0,4.5,127.0,284.0,188.0,330.8,86.2,0.3,0.0,1052.7,1052.7,929.8,0.8833,934.235,855.1233333333333,0.9254933333333334
WEST MADHYA PRADESH,2000,0.1,2.8,0.1,0.1,30.1,93.4,320.5,136.2,31.6,1.2,0.0,0.2,912.75,616.3000000000001,581.6999999999999,0.9439,934.235,855.1233333333333,0.9254933333333334
WEST MADHYA PRADESH,2001,2.1,0.0,1.1,6.0,16.4,203.6,269.2,198.9,27.5,62.2,0.0,0.0,787.0,787.0,699.1999999999999,0.8884,934.235,855.1233333333333,0.9254933333333334
WEST MADHYA PRADESH,2002,0.4,19.7,1.5,1.7,3.9,138.9,46.9,317.7,141.0,5.9,5.9,0.8,684.1,684.3,644.5,0.9418,934.235,855.1233333333333,0.9254933333333334
WEST MADHYA PRADESH,2003,1.1,21.1,0.1,1.0,0.3,128.7,307.5,228.0,254.9,0.9,0.2,2.5,946.4,946.3,919.1,0.9713,934.235,855.1233333333333,0.9254933333333334
WEST MADHYA PRADESH,2004,16.8,0.0,0.0,0.4,4.8,83.7,218.0,421.9,55.7,43.7,2.2,0.8,848.1,848.0,779.3,0.919,934.235,855.1233333333333,0.9254933333333334
WEST MADHYA PRADESH,2005,13.7,3.1,12.3,6.1,1.9,81.2,345.7,130.5,155.1,1.3,0.0,1.4,752.2,752.3,712.5,0.9471,934.235,855.1233333333333,0.9254933333333334
WEST MADHYA PRADESH,2006,0.0,0.0,44.3,3.3,22.8,74.5,299.0,501.9,198.1,13.7,8.6,3.0,1169.2,1169.1999999999998,1073.5,0.9181,934.235,855.1233333333333,0.9254933333333334
WEST MADHYA PRADESH,2007,1.7,11.5,2.6,0.6,14.6,99.9,305.6,220.6,138.3,0.0,10.5,0.6,806.5,806.5000000000001,764.4000000000001,0.9478,934.235,855.1233333333333,0.9254933333333334
WEST MADHYA PRADESH,2008,0.4,0.0,2.5,2.5,3.8,194.2,221.8,205.8,139.7,12.9,7.5,0.0,791.1,791.1,761.5,0.9626,934.235,855.1233333333333,0.9254933333333334
WEST MADHYA PRADESH,2009,5.5,0.0,0.1,1.3,6.5,56.8,320.3,172.7,139.6,89.9,65.1,19.1,877.0,876.9000000000001,689.4,0.7862,934.235,855.1233333333333,0.9254933333333334
WEST MADHYA PRADESH,2010,2.2,5.4,0.8,0.1,0.4,62.2,258.5,291.5,136.1,13.6,4.6,0.8,776.3,776.2,748.3000000000001,0.9641,934.235,855.1233333333333,0.9254933333333334
WEST MADHYA PRADESH,2011,0.0,1.7,0.1,1.8,3.6,241.5,306.7,343.3,165.0,0.2,0.0,0.0,1063.9,1063.9,1056.5,0.993,934.235,855.1233333333333,0.9254933333333334
WEST MADHYA PRADESH,2012,6.2,0.0,0.0,0.9,3.1,48.2,439.2,341.2,194.3,2.1,0.0,0.0,1035.2,1035.1999999999998,1022.8999999999999,0.9881,934.235,855.1233333333333,0.9254933333333334
WEST MADHYA PRADESH,2013,1.7,31.1,8.5,2.8,0.4,263.7,485.1,432.6,98.9,68.7,0.3,2.4,1396.3,1396.2000000000003,1280.3000000000002,0.917,934.235,855.1233333333333,0.9254933333333334
WEST MADHYA PRADESH,2014,25.6,34.4,4.6,1.4,1.4,30.6,337.4,211.0,192.6,7.0,3.0,15.8,864.9,864.8,771.6,0.8922,934.235,855.1233333333333,0.9254933333333334
WEST MADHYA PRADESH,2015,40.2,6.4,53.5,13.3,2.0,154.1,428.2,276.6,55.6,11.0,0.3,1.0,1042.3,1042.2,914.5,0.8775,934.235,855.1233333333333,0.9254933333333334
EAST MADHYA PRADESH,1901,48.5,38.1,15.7,10.7,6.2,61.0,367.5,589.2,189.9,5.9,0.0,0.0,1332.7,1332.7000000000003,1207.6000000000001,0.9061,1101.4266666666667,996.2233333333334,0.9032333333333333
EAST MADHYA PRADESH,1902,14.9,8.9,0.0,3.6,2.7,28.0,411.9,227.0,236.6,17.0,27.6,6.1,984.2,984.3000000000001,903.5,0.9179,1101.4266666666667,996.2233333333334,0.9032333333333333
EAST MADHYA PRADESH,1903,5.6,2.9,0.3,0.9,37.5,67.5,261.4,366.7,257.4,177.9,0.0,0.0,1178.1,1178.1,952.9999999999999,0.8089,1101.4266666666667,996.2233333333334,0.9032333333333333
EAST MADHYA PRADESH,1904,2.0,15.3,48.2,0.0,8.6,109.9,443.2,316.6,135.6,44.8,3.2,16.9,1144.2,1144.3000000000002,1005.3000000000001,0.8785,1101.4266666666667,996.2233333333334,0.9032333333333333
EAST MADHYA PRADESH,1905,15.9,8.0,14.3,12.3,10.2,34.4,292.4,243.3,250.9,2.9,0.0,1.6,886.0,886.1999999999999,820.9999999999999,0.9264,1101.4266666666667,996.2233333333334,0.9032333333333333
EAST MADHYA PRADESH,1906,12.1,28.3,30.8,0.0,3.5,226.1,444.2,190.1,417.0,7.1,1.7,8.8,1369.7,1369.6999999999998,1277.4,0.9326,1101.4266666666667,996.2233333333334,0.9032333333333333
EAST MADHYA PRADESH,1907,7.0,103.1,4.5,30.5,5.1,90.9,221.9,512.3,20.1,0.0,13.0,1.2,1009.6,1009.6,845.1999999999999,0.8372,1101.4266666666667,996.2233333333334,0.9032333333333333
EAST MADHYA PRADESH,1908,18.2,17.0,9.4,1.4,3.4,117.7,528.9,588.6,127.5,13.0,0.4,5.0,1430.6,1430.5,1362.7,0.9526,1101.4266666666667,996.2233333333334,0.9032333333333333
EAST MADHYA PRADESH,1909,19.8,16.3,5.3,72.4,6.2,208.5,387.0,240.5,123.6,0.2,0.0,42.2,1122.0,1122.0,959.6,0.8553,1101.4266666666667,996.2233333333334,0.9032333333333333
EAST MADHYA PRADESH,1910,10.0,0.1,0.2,2.6,9.6,221.3,225.6,377.5,258.0,49.0,68.3,0.0,1222.2,1222.2,1082.4,0.8856,1101.4266666666667,996.2233333333334,0.9032333333333333
EAST MADHYA PRADESH,1911,22.7,0.8,15.9,0.8,3.9,204.7,175.9,362.6,296.4,62.9,50.5,0.0,1197.1,1197.1,1039.6,0.8684,1101.4266666666667,996.2233333333334,0.9032333333333333
EAST MADHYA PRADESH,1912,8.4,46.0,0.2,4.8,3.1,35.6,460.4,373.5,165.8,1.0,49.2,2.5,1150.6,1150.5,1035.3,0.8999,1101.4266666666667,996.2233333333334,0.9032333333333333
EAST MADHYA PRADESH,1913,1.3,58.4,22.7,0.0,24.2,201.6,262.5,281.3,63.1,2.7,0.7,17.7,936.4,936.2000000000002,808.5000000000001,0.8636,1101.4266666666667,996.2233333333334,0.9032333333333333
EAST MADHYA PRADESH,1914,0.1,9.3,56.1,19.8,21.3,107.6,544.5,339.8,138.4,8.4,1.9,2.8,1250.1,1250.0000000000002,1130.3000000000002,0.9042,1101.4266666666667,996.2233333333334,0.9032333333333333
EAST MADHYA PRADESH,1915,16.2,36.7,52.6,8.3,10.4,178.2,378.4,416.2,159.7,116.2,6.7,2.8,1382.3,1382.4,1132.5,0.8192,1101.4266666666667,996.2233333333334,0.9032333333333333
EAST MADHYA PRADESH,1916,0.0,26.6,0.1,2.2,6.3,286.0,250.5,452.7,253.2,177.4,25.2,0.0,1480.2,1480.2000000000003,1242.4,0.8393,1101.4266666666667,996.2233333333334,0.9032333333333333
EAST MADHYA PRADESH,1917,5.8,39.3,25.4,6.4,63.2,223.8,396.4,466.3,345.9,63.0,0.0,3.8,1639.3,1639.3,1432.4,0.8738,1101.4266666666667,996.2233333333334,0.9032333333333333
EAST MADHYA PRADESH,1918,1.2,6.5,2.3,1.2,29.1,233.1,191.9,331.9,102.9,0.2,18.7,11.5,930.5,930.5,859.8,0.924,1101.4266666666667,996.2233333333334,0.9032333333333333
EAST MADHYA PRADESH,1919,120.7,29.7,10.8,9.2,23.2,158.9,479.8,713.0,105.6,82.3,10.8,3.3,1747.1,1747.2999999999997,1457.3,0.834,1101.4266666666667,996.2233333333334,0.9032333333333333
EAST MADHYA PRADESH,1920,12.2,1.7,17.0,6.3,12.7,93.8,426.4,237.8,91.6,0.1,0.0,0.0,899.5,899.5999999999999,849.6,0.9444,1101.4266666666667,996.2233333333334,0.9032333333333333
EAST MADHYA PRADESH,1921,24.4,3.4,0.0,0.5,0.0,216.6,255.1,379.5,251.6,0.9,0.0,0.0,1132.1,1132.0,1102.8,0.9742,1101.4266666666667,996.2233333333334,0.9032333333333333
EAST MADHYA PRADESH,1922,39.1,6.1,0.5,2.5,0.9,132.7,459.2,321.0,231.1,6.6,35.0,3.2,1238.0,1237.8999999999999,1144.0,0.9241,1101.4266666666667,996.2233333333334,0.9032333333333333
EAST MADHYA PRADESH,1923,5.1,9.8,20.0,2.1,2.3,27.2,466.7,676.3,193.4,31.5,0.2,9.2,1443.9,1443.8000000000002,1363.6,0.9445,1101.4266666666667,996.2233333333334,0.9032333333333333
EAST MADHYA PRADESH,1924,29.4,9.0,7.2,1.1,1.4,43.5,547.3,377.7,244.6,29.9,13.8,10.5,1315.3,1315.3999999999999,1213.1,0.9222,1101.4266666666667,996.2233333333334,0.9032333333333333
EAST MADHYA PRADESH,1925,0.1,0.0,0.0,0.2,29.8,191.9,575.0,287.6,204.0,11.7,53.8,0.3,1354.5,1354.3999999999999,1258.5,0.9292,1101.4266666666667,996.2233333333334,0.9032333333333333
EAST MADHYA PRADESH,1926,21.1,3.1,49.2,41.0,31.0,26.3,327.2,551.4,538.7,135.9,1.2,0.9,1726.8,1727.0000000000002,1443.6,0.8359,1101.4266666666667,996.2233333333334,0.9032333333333333
EAST MADHYA PRADESH,1927,8.4,18.7,44.4,1.8,2.5,100.1,430.4,382.8,93.6,67.1,77.7,8.4,1235.9,1235.8999999999999,1006.9,0.8147,1101.4266666666667,996.2233333333334,0.9032333333333333
EAST MADHYA PRADESH,1928,15.7,52.8,9.1,1.0,2.5,152.7,475.0,185.0,63.1,96.6,0.0,53.5,1106.9,1107.0,875.8000000000001,0.7911,1101.4266666666667,996.2233333333334,0.9032333333333333
EAST MADHYA PRADESH,1929,30.0,17.4,0.2,11.2,1.7,94.3,524.9,399.2,103.0,17.7,0.0,47.9,1247.4,1247.5000000000002,1121.3999999999999,0.8989,1101.4266666666667,996.2233333333334,0.9032333333333333
EAST MADHYA PRADESH,1930,2.1,3.5,3.0,31.3,6.9,134.0,597.9,268.4,109.2,33.9,5.2,8.5,1203.9,1203.9,1109.5,0.9216,1101.4266666666667,996.2233333333334,0.9032333333333333
EAST MADHYA PRADESH,1931,13.7,29.5,9.0,3.3,3.2,69.6,294.5,458.1,290.9,151.6,16.2,2.6,1342.2,1342.2,1113.1,0.8293,1101.4266666666667,996.2233333333334,0.9032333333333333
EAST MADHYA PRADESH,1932,0.0,22.5,13.9,2.4,6.3,105.1,534.5,198.0,242.8,22.5,3.1,0.0,1150.9,1151.1,1080.4,0.9386,1101.4266666666667,996.2233333333334,0.9032333333333333
EAST MADHYA PRADESH,1933,8.4,44.0,18.8,29.5,74.2,143.8,360.6,321.1,294.4,61.4,8.9,3.3,1368.4,1368.4000000000003,1119.9,0.8184,1101.4266666666667,996.2233333333334,0.9032333333333333
EAST MADHYA PRADESH,1934,15.9,0.1,10.5,2.2,0.2,228.5,320.7,447.1,395.1,19.9,20.9,12.1,1473.3,1473.1999999999998,1391.4,0.9445,1101.4266666666667,996.2233333333334,0.9032333333333333
EAST MADHYA PRADESH,1935,21.5,17.2,0.2,19.1,0.5,88.3,624.4,292.6,200.6,2.4,0.2,12.9,1279.9,1279.9000000000003,1205.8999999999999,0.9422,1101.4266666666667,996.2233333333334,0.9032333333333333
EAST MADHYA PRADESH,1936,10.2,31.6,22.0,10.4,15.7,233.3,421.9,415.2,217.0,49.0,71.8,6.1,1504.2,1504.1999999999998,1287.4,0.8559,1101.4266666666667,996.2233333333334,0.9032333333333333
EAST MADHYA PRADESH,1937,0.1,59.7,11.2,43.5,2.4,186.9,465.5,344.7,179.4,100.0,3.6,1.1,1398.0,1398.1,1176.5,0.8415,1101.4266666666667,996.2233333333334,0.9032333333333333
EAST MADHYA PRADESH,1938,52.3,11.5,6.4,2.6,22.3,300.7,403.4,322.0,158.2,94.3,0.0,0.0,1373.8,1373.6999999999998,1184.3,0.8621,1101.4266666666667,996.2233333333334,0.9032333333333333
EAST MADHYA PRADESH,1939,36.4,19.3,20.0,6.4,0.0,186.6,496.0,393.9,180.8,7.9,0.0,0.0,1347.2,1347.3,1257.3,0.9332,1101.4266666666667,996.2233333333334,0.9032333333333333
EAST MADHYA PRADESH,1940,3.4,15.9,16.0,6.6,10.6,117.0,447.2,431.0,81.9,35.0,2.8,25.4,1192.8,1192.8000000000002,1077.1000000000001,0.903,1101.4266666666667,996.2233333333334,0.9032333333333333
EAST MADHYA PRADESH,1941,30.0,35.7,15.2,3.1,8.1,124.8,190.2,300.5,111.2,9.2,0.0,0.1,828.1,828.1,726.7,0.8776,1101.4266666666667,996.2233333333334,0.9032333333333333
EAST MADHYA PRADESH,1942,40.8,79.8,10.2,5.0,0.9,166.4,605.6,381.8,196.5,1.2,0.0,20.1,1508.4,1508.3,1350.3,0.8952,1101.4266666666667,996.2233333333334,0.9032333333333333
EAST MADHYA PRADESH,1943,115.6,1.8,0.0,10.7,28.5,119.2,421.8,386.5,238.3,58.8,1.3,0.0,1382.4,1382.4999999999998,1165.8,0.8433,1101.4266666666667,996.2233333333334,0.9032333333333333
EAST MADHYA PRADESH,1944,29.6,68.4,87.3,10.7,1.8,103.1,533.7,379.5,150.5,50.5,6.3,5.7,1427.0,1427.1,1166.8000000000002,0.8176,1101.4266666666667,996.2233333333334,0.9032333333333333
EAST MADHYA PRADESH,1945,42.5,0.7,0.0,30.0,6.0,224.9,410.0,287.1,256.2,26.6,0.0,2.2,1286.3,1286.2,1178.2,0.916,1101.4266666666667,996.2233333333334,0.9032333333333333
EAST MADHYA PRADESH,1946,0.0,23.2,0.9,13.5,8.1,346.0,376.3,480.8,95.6,32.6,108.9,8.6,1494.3,1494.4999999999998,1298.6999999999998,0.869,1101.4266666666667,996.2233333333334,0.9032333333333333
EAST MADHYA PRADESH,1947,50.5,26.5,19.6,1.7,2.4,91.4,487.9,438.7,269.5,29.3,0.3,1.8,1419.5,1419.6,1287.5,0.9069,1101.4266666666667,996.2233333333334,0.9032333333333333
EAST MADHYA PRADESH,1948,66.1,11.0,3.6,3.2,1.2,189.2,355.8,371.2,302.8,22.6,103.8,0.0,1430.4,1430.4999999999998,1219.0,0.8521,1101.4266666666667,996.2233333333334,0.9032333333333333
EAST MADHYA PRADESH,1949,2.0,15.4,2.8,1.5,24.3,114.4,351.0,302.7,296.2,124.7,0.0,0.4,1235.5,1235.4,1064.3,0.8615,1101.4266666666667,996.2233333333334,0.9032333333333333
EAST MADHYA PRADESH,1950,15.1,27.7,35.9,1.7,2.5,75.3,461.1,408.4,114.3,13.1,0.2,22.6,1177.9,1177.8999999999996,1059.1,0.8991,1101.4266666666667,996.2233333333334,0.9032333333333333
EAST MADHYA PRADESH,1951,19.3,21.0,44.5,16.5,9.9,138.5,285.8,382.4,221.6,35.9,0.0,0.0,1175.6,1175.4,1028.3,0.8749,1101.4266666666667,996.2233333333334,0.9032333333333333
EAST MADHYA PRADESH,1952,1.1,27.1,8.8,2.9,2.6,196.4,386.8,400.3,117.1,8.3,0.0,4.0,1155.3,1155.3999999999999,1100.6,0.9526,1101.4266666666667,996.2233333333334,0.9032333333333333
EAST MADHYA PRADESH,1953,16.4,4.8,0.0,7.1,2.0,42.7,408.3,348.0,160.8,16.3,0.0,0.6,1007.1,1006.9999999999999,959.8,0.9531,1101.4266666666667,996.2233333333334,0.9032333333333333
EAST MADHYA PRADESH,1954,16.6,12.2,6.4,3.1,0.1,80.5,329.7,289.5,332.0,5.8,0.0,0.6,1076.7,1076.4999999999998,1031.7,0.9584,1101.4266666666667,996.2233333333334,0.9032333333333333
EAST MADHYA PRADESH,1955,70.9,3.0,1.6,3.0,3.4,236.4,260.2,427.1,295.7,119.6,0.0,0.0,1421.0,1420.8999999999999,1219.4,0.8582,1101.4266666666667,996.2233333333334,0.9032333333333333
EAST MADHYA PRADESH,1956,14.1,5.5,6.6,1.7,25.9,187.9,525.3,415.2,184.9,73.3,53.7,21.8,1515.8,1515.9,1313.3,0.8664,1101.4266666666667,996.2233333333334,0.9032333333333333
EAST MADHYA PRADESH,1957,20.8,0.9,63.8,17.9,6.2,61.3,349.7,359.5,113.6,6.6,0.0,0.5,1000.8,1000.8000000000001,884.1,0.8834,1101.4266666666667,996.2233333333334,0.9032333333333333
EAST MADHYA PRADESH,1958,8.1,17.0,14.2,6.0,1.3,65.7,435.8,273.6,236.6,109.6,3.5,0.1,1171.6,1171.4999999999998,1011.7,0.8636,1101.4266666666667,996.2233333333334,0.9032333333333333
EAST MADHYA PRADESH,1959,49.1,3.8,1.4,8.1,30.2,81.3,437.8,397.3,231.2,61.7,0.3,0.0,1302.4,1302.2,1147.6000000000001,0.8813,1101.4266666666667,996.2233333333334,0.9032333333333333
EAST MADHYA PRADESH,1960,46.8,0.1,24.6,6.2,1.3,113.1,376.3,495.3,82.7,104.8,0.0,0.8,1252.0,1252.0,1067.4,0.8526,1101.4266666666667,996.2233333333334,0.9032333333333333
EAST MADHYA PRADESH,1961,29.0,11.2,3.8,5.8,8.4,132.9,499.4,462.9,358.4,65.7,7.5,13.7,1598.8,1598.7000000000003,1453.6,0.9092,1101.4266666666667,996.2233333333334,0.9032333333333333
EAST MADHYA PRADESH,1962,12.8,23.1,21.5,9.5,9.5,55.5,327.2,325.7,229.5,1.4,1.7,51.0,1068.4,1068.4,937.9,0.8779,1101.4266666666667,996.2233333333334,0.9032333333333333
EAST MADHYA PRADESH,1963,7.2,13.5,5.7,16.2,10.7,147.9,274.2,364.4,243.6,27.9,7.7,1.2,1120.1,1120.2,1030.1,0.9196,1101.4266666666667,996.2233333333334,0.9032333333333333
EAST MADHYA PRADESH,1964,0.2,8.1,2.2,1.3,2.5,131.5,360.1,433.0,226.0,21.3,0.9,0.2,1187.3,1187.3000000000002,1150.6,0.9691,1101.4266666666667,996.2233333333334,0.9032333333333333
EAST MADHYA PRADESH,1965,4.6,0.9,15.3,12.5,0.6,68.5,205.9,185.0,184.2,11.2,0.1,9.1,697.8,697.9000000000001,643.5999999999999,0.9222,1101.4266666666667,996.2233333333334,0.9032333333333333
EAST MADHYA PRADESH,1966,13.2,3.8,1.9,0.7,7.6,210.7,253.4,262.0,51.0,2.2,34.0,8.8,849.1,849.3,777.1,0.915,1101.4266666666667,996.2233333333334,0.9032333333333333
EAST MADHYA PRADESH,1967,0.2,0.0,53.3,1.1,2.1,118.5,396.5,481.2,262.0,5.8,1.1,86.0,1407.8,1407.8,1258.2,0.8937,1101.4266666666667,996.2233333333334,0.9032333333333333
EAST MADHYA PRADESH,1968,35.7,12.1,8.8,3.5,1.2,101.9,355.8,281.3,151.5,20.4,0.0,1.5,973.6,973.6999999999999,890.5,0.9146,1101.4266666666667,996.2233333333334,0.9032333333333333
EAST MADHYA PRADESH,1969,8.3,2.7,1.1,0.7,9.7,41.7,553.4,392.8,198.3,0.0,33.2,0.0,1242.1,1241.9,1186.2,0.9551,1101.4266666666667,996.2233333333334,0.9032333333333333
EAST MADHYA PRADESH,1970,60.6,29.4,36.3,1.4,12.5,198.2,268.5,481.2,250.6,3.6,0.0,0.0,1342.2,1342.2999999999997,1198.5,0.8929,1101.4266666666667,996.2233333333334,0.9032333333333333
EAST MADHYA PRADESH,1971,34.6,8.3,11.4,13.6,30.0,356.6,507.9,286.3,159.2,110.9,0.0,0.0,1518.7,1518.8000000000002,1310.0,0.8625,1101.4266666666667,996.2233333333334,0.9032333333333333
EAST MADHYA PRADESH,1972,0.4,10.4,0.1,2.3,0.2,54.1,207.7,555.7,140.8,25.4,34.9,6.2,1038.3,1038.2,958.3,0.923,1101.4266666666667,996.2233333333334,0.9032333333333333
EAST MADHYA PRADESH,1973,1.0,29.3,0.1,1.0,1.1,54.8,440.4,430.2,205.2,81.7,0.0,7.6,1252.3,1252.3999999999999,1130.6,0.9027,1101.4266666666667,996.2233333333334,0.9032333333333333
EAST MADHYA PRADESH,1974,0.2,6.8,1.3,0.1,4.2,98.8,303.2,420.0,55.0,76.3,5.1,0.2,971.1,971.2,877.0,0.903,1101.4266666666667,996.2233333333334,0.9032333333333333
EAST MADHYA PRADESH,1975,11.8,11.3,13.1,0.1,1.4,190.4,371.8,568.5,171.8,94.0,0.1,0.0,1434.5,1434.3,1302.5,0.9081,1101.4266666666667,996.2233333333334,0.9032333333333333
EAST MADHYA PRADESH,1976,13.5,2.4,5.6,14.6,10.7,84.7,370.6,366.6,173.5,0.3,12.3,0.9,1055.6,1055.7,995.4000000000001,0.9429,1101.4266666666667,996.2233333333334,0.9032333333333333
EAST MADHYA PRADESH,1977,10.3,4.6,4.6,7.4,7.7,275.8,340.2,420.5,167.9,61.7,66.6,4.9,1372.2,1372.2,1204.4,0.8777,1101.4266666666667,996.2233333333334,0.9032333333333333
EAST MADHYA PRADESH,1978,22.3,73.6,30.5,5.0,0.2,209.1,338.2,428.7,215.7,8.1,14.3,46.8,1392.6,1392.4999999999998,1191.7,0.8558,1101.4266666666667,996.2233333333334,0.9032333333333333
EAST MADHYA PRADESH,1979,47.5,45.4,2.5,0.4,11.2,98.9,243.8,226.7,64.5,6.0,61.3,1.5,809.8,809.7,633.9000000000001,0.7829,1101.4266666666667,996.2233333333334,0.9032333333333333
EAST MADHYA PRADESH,1980,9.5,4.0,4.0,0.6,1.3,250.1,372.0,516.7,174.9,2.4,0.3,33.3,1369.2,1369.1000000000001,1313.7000000000003,0.9595,1101.4266666666667,996.2233333333334,0.9032333333333333
EAST MADHYA PRADESH,1981,13.6,1.1,24.3,2.1,14.8,152.0,338.9,270.2,193.8,4.0,5.5,15.8,1036.0,1036.1,954.8999999999999,0.9216,1101.4266666666667,996.2233333333334,0.9032333333333333
EAST MADHYA PRADESH,1982,86.0,13.4,9.7,1.7,21.4,97.1,271.7,585.4,160.6,26.5,22.2,1.5,1297.3,1297.2,1114.8,0.8594,1101.4266666666667,996.2233333333334,0.9032333333333333
EAST MADHYA PRADESH,1983,10.5,12.4,0.2,7.9,10.3,98.1,350.9,319.8,396.4,64.9,0.0,4.1,1275.5,1275.5,1165.1999999999998,0.9135,1101.4266666666667,996.2233333333334,0.9032333333333333
EAST MADHYA PRADESH,1984,53.7,37.6,0.0,3.4,2.0,91.4,202.0,590.3,114.0,14.8,0.0,1.5,1110.6,1110.7,997.6999999999999,0.8983,1101.4266666666667,996.2233333333334,0.9032333333333333
EAST MADHYA PRADESH,1985,42.7,6.2,0.3,5.5,3.2,94.9,398.1,340.2,127.0,97.2,0.0,0.0,1115.4,1115.3000000000002,960.2,0.8609,1101.4266666666667,996.2233333333334,0.9032333333333333
EAST MADHYA PRADESH,1986,11.7,99.0,19.8,1.4,11.6,186.8,317.2,243.0,82.5,14.0,1.1,41.1,1029.2,1029.2,829.5,0.806,1101.4266666666667,996.2233333333334,0.9032333333333333
EAST MADHYA PRADESH,1987,37.7,44.9,8.0,0.1,8.2,45.2,248.6,307.2,314.3,81.4,16.9,3.6,1116.1,1116.1000000000001,915.3,0.8201,1101.4266666666667,996.2233333333334,0.9032333333333333
EAST MADHYA PRADESH,1988,7.1,17.6,4.6,5.6,4.1,199.1,363.7,338.1,107.5,19.9,0.0,2.2,1069.4,1069.5000000000002,1008.4,0.9429,1101.4266666666667,996.2233333333334,0.9032333333333333
EAST MADHYA PRADESH,1989,0.4,0.0,18.5,0.0,3.4,190.3,197.7,358.9,125.3,1.4,1.5,23.6,920.9,921.0,872.1999999999999,0.947,1101.4266666666667,996.2233333333334,0.9032333333333333
EAST MADHYA PRADESH,1990,0.8,31.1,2.2,2.1,32.0,315.2,334.7,285.7,331.3,37.3,0.0,7.5,1380.0,1379.8999999999999,1266.8999999999999,0.9181,1101.4266666666667,996.2233333333334,0.9032333333333333
EAST MADHYA PRADESH,1991,3.5,7.8,16.1,3.4,2.6,98.6,319.3,488.1,67.3,5.1,2.9,2.1,1016.9,1016.8000000000001,973.3,0.9572,1101.4266666666667,996.2233333333334,0.9032333333333333
EAST MADHYA PRADESH,1992,0.0,0.0,0.5,0.4,7.1,38.4,295.4,465.7,235.6,7.9,0.1,0.0,1051.1,1051.1,1035.1,0.9848,1101.4266666666667,996.2233333333334,0.9032333333333333
EAST MADHYA PRADESH,1993,0.0,12.2,15.8,1.0,5.5,105.6,252.9,288.1,415.9,21.7,0.1,0.0,1118.9,1118.8,1062.5,0.9497,1101.4266666666667,996.2233333333334,0.9032333333333333
EAST MADHYA PRADESH,1994,9.5,10.7,0.0,9.9,1.0,264.7,550.2,512.1,150.5,24.8,0.4,0.0,1533.7,1533.8,1477.5,0.9633,1101.4266666666667,996.2233333333334,0.9032333333333333
EAST MADHYA PRADESH,1995,24.1,8.9,47.0,3.2,2.1,81.0,361.9,355.3,128.7,5.2,2.1,12.8,1032.3,1032.3000000000002,926.9000000000001,0.8979,1101.4266666666667,996.2233333333334,0.9032333333333333
EAST MADHYA PRADESH,1996,39.1,15.9,3.5,1.9,0.9,67.2,312.4,369.5,129.0,47.3,0.0,0.0,986.6,986.6999999999999,878.0999999999999,0.8899,1101.4266666666667,996.2233333333334,0.9032333333333333
EAST MADHYA PRADESH,1997,4.0,0.0,0.6,7.4,3.3,95.1,449.1,358.9,198.0,61.6,76.4,102.6,1357.1,1357.0,1101.1,0.8114,1101.4266666666667,996.2233333333334,0.9032333333333333
EAST MADHYA PRADESH,1998,29.7,5.7,24.1,5.2,2.9,84.4,297.2,323.3,187.1,20.4,33.4,0.0,1013.4,1013.4,892.0000000000001,0.8802,1101.4266666666667,996.2233333333334,0.9032333333333333
EAST MADHYA PRADESH,1999,1.5,21.2,0.0,0.0,4.8,122.5,336.3,355.9,522.7,79.0,0.0,0.0,1443.9,1443.9,1337.4,0.9262,1101.4266666666667,996.2233333333334,0.9032333333333333
EAST MADHYA PRADESH,2000,0.1,0.0,0.1,0.1,7.4,167.5,377.7,208.2,111.4,1.8,0.0,0.0,874.2,874.2999999999998,864.8000000000001,0.9891,1101.4266666666667,996.2233333333334,0.9032333333333333
EAST MADHYA PRADESH,2001,2.3,0.8,2.4,23.0,12.4,255.5,468.4,243.9,50.4,110.0,1.0,0.0,1170.1,1170.1,1018.1999999999999,0.8702,1101.4266666666667,996.2233333333334,0.9032333333333333
EAST MADHYA PRADESH,2002,1.8,29.6,1.2,0.2,5.2,93.5,84.7,491.8,192.1,43.1,5.6,1.2,950.2,950.0000000000001,862.1,0.9075,1101.4266666666667,996.2233333333334,0.9032333333333333
EAST MADHYA PRADESH,2003,0.7,59.6,2.2,1.0,0.4,119.9,366.8,370.2,493.3,20.5,0.5,2.9,1438.1,1438.0,1350.2,0.9389,1101.4266666666667,996.2233333333334,0.9032333333333333
EAST MADHYA PRADESH,2004,19.8,0.4,0.0,1.7,3.9,208.1,203.1,369.1,119.9,25.2,4.1,0.0,955.3,955.3000000000001,900.1999999999999,0.9423,1101.4266666666667,996.2233333333334,0.9032333333333333
EAST MADHYA PRADESH,2005,35.2,10.6,27.4,3.4,41.7,163.9,597.2,256.6,198.4,27.6,0.0,4.4,1366.4,1366.4,1216.1000000000001,0.89,1101.4266666666667,996.2233333333334,0.9032333333333333
EAST MADHYA PRADESH,2006,0.0,0.0,50.3,14.2,18.0,56.3,373.8,328.3,74.1,13.0,12.3,3.0,943.4,943.3000000000001,832.5000000000001,0.8825,1101.4266666666667,996.2233333333334,0.9032333333333333
EAST MADHYA PRADESH,2007,7.0,26.3,8.6,2.9,6.2,74.8,207.8,162.6,130.1,3.1,22.8,1.5,653.8,653.7,575.3000000000001,0.8801,1101.4266666666667,996.2233333333334,0.9032333333333333
EAST MADHYA PRADESH,2008,1.4,4.1,8.9,2.5,5.3,307.6,268.2,270.2,116.1,15.5,3.0,0.4,1003.2,1003.2,962.1,0.959,1101.4266666666667,996.2233333333334,0.9032333333333333
EAST MADHYA PRADESH,2009,14.8,1.0,1.8,2.7,3.7,35.3,317.6,191.3,208.7,68.9,79.2,19.0,943.9,944.0000000000001,752.9000000000001,0.7976,1101.4266666666667,996.2233333333334,0.9032333333333333
EAST MADHYA PRADESH,2010,2.9,10.4,0.1,0.7,1.7,58.4,363.3,271.9,213.4,23.6,10.9,3.3,960.4,960.5999999999999,906.9999999999999,0.9442,1101.4266666666667,996.2233333333334,0.9032333333333333
EAST MADHYA PRADESH,2011,0.6,1.9,0.3,7.1,4.7,332.5,323.6,326.9,276.5,1.1,0.0,0.0,1275.2,1275.1999999999998,1259.5,0.9877,1101.4266666666667,996.2233333333334,0.9032333333333333
EAST MADHYA PRADESH,2012,39.4,0.7,0.6,1.1,1.2,67.8,398.9,351.7,172.6,12.7,3.8,2.7,1053.1,1053.2,991.0,0.9409,1101.4266666666667,996.2233333333334,0.9032333333333333
EAST MADHYA PRADESH,2013,2.0,43.4,14.1,9.5,0.3,311.9,456.2,480.8,78.0,124.2,0.5,1.0,1521.9,1521.9,1326.8999999999999,0.8719,1101.4266666666667,996.2233333333334,0.9032333333333333
EAST MADHYA PRADESH,2014,32.1,49.7,17.8,5.1,2.5,91.8,283.4,231.8,139.6,56.4,1.9,12.9,924.9,925.0,746.6,0.8071,1101.4266666666667,996.2233333333334,0.9032333333333333
EAST MADHYA PRADESH,2015,37.3,11.0,73.4,25.8,6.3,139.2,262.2,272.1,71.6,38.2,1.2,0.9,939.2,939.2000000000002,745.1,0.7933,1101.4266666666667,996.2233333333334,0.9032333333333333
GUJARAT REGION,1901,4.2,0.0,0.6,1.6,7.0,60.3,240.2,205.4,18.1,16.6,0.0,0.3,554.3,554.3,524.0,0.9453,905.19,879.7133333333333,0.9688433333333334
GUJARAT REGION,1902,3.9,0.0,0.0,0.6,1.0,32.8,229.8,299.0,281.2,2.3,1.5,11.9,863.9,863.9999999999999,842.8,0.9755,905.19,879.7133333333333,0.9688433333333334
GUJARAT REGION,1903,0.3,0.1,1.4,0.0,12.3,30.1,452.9,202.0,183.2,5.4,0.0,0.0,887.6,887.6999999999999,868.2,0.978,905.19,879.7133333333333,0.9688433333333334
GUJARAT REGION,1904,0.8,10.6,16.8,0.2,3.9,48.3,194.8,71.8,138.0,6.1,0.1,1.2,492.6,492.6,452.90000000000003,0.9194,905.19,879.7133333333333,0.9688433333333334
GUJARAT REGION,1905,0.1,0.7,1.1,0.3,0.0,20.1,668.3,37.9,81.3,1.4,0.2,0.1,811.5,811.4999999999999,807.5999999999999,0.9952,905.19,879.7133333333333,0.9688433333333334
GUJARAT REGION,1906,0.0,12.7,0.0,0.0,0.1,177.5,311.5,247.1,134.8,5.9,0.0,0.9,890.6,890.5,870.9000000000001,0.978,905.19,879.7133333333333,0.9688433333333334
GUJARAT REGION,1907,0.3,14.6,0.2,2.1,0.4,72.4,325.0,564.4,17.5,0.0,0.0,0.0,997.0,996.9,979.3,0.9823,905.19,879.7133333333333,0.9688433333333334
GUJARAT REGION,1908,5.2,0.3,0.2,0.0,0.1,67.5,562.1,366.0,25.1,1.0,0.0,0.0,1027.5,1027.5,1020.7,0.9934,905.19,879.7133333333333,0.9688433333333334
GUJARAT REGION,1909,0.1,0.5,0.1,5.5,2.6,160.5,415.6,242.6,143.3,1.5,0.0,5.5,977.8,977.8000000000002,962.0,0.9838,905.19,879.7133333333333,0.9688433333333334
GUJARAT REGION,1910,0.6,0.0,0.0,0.1,0.0,262.6,290.2,338.5,44.7,23.1,14.8,0.0,974.6,974.6,936.0,0.9604,905.19,879.7133333333333,0.9688433333333334
GUJARAT REGION,1911,3.5,0.0,18.9,0.0,0.9,158.0,66.7,93.4,57.7,0.5,3.8,0.1,403.5,403.5,375.8,0.9314,905.19,879.7133333333333,0.9688433333333334
GUJARAT REGION,1912,0.1,0.0,0.0,0.2,0.6,105.1,624.9,291.1,38.9,13.6,44.1,0.0,1118.5,1118.6,1060.0,0.9476,905.19,879.7133333333333,0.9688433333333334
GUJARAT REGION,1913,0.0,0.0,0.1,0.0,13.5,364.5,423.2,213.8,146.0,1.1,0.1,0.3,1162.6,1162.5999999999997,1147.5,0.987,905.19,879.7133333333333,0.9688433333333334
GUJARAT REGION,1914,0.0,3.7,0.0,0.2,5.4,222.3,488.8,137.7,234.9,8.5,6.0,0.0,1107.5,1107.5000000000002,1083.7,0.9785,905.19,879.7133333333333,0.9688433333333334
GUJARAT REGION,1915,7.5,1.9,12.1,1.6,2.3,128.7,128.9,116.3,52.7,112.3,2.8,0.2,567.3,567.3,426.6,0.752,905.19,879.7133333333333,0.9688433333333334
GUJARAT REGION,1916,0.0,0.0,0.2,0.1,8.7,126.7,168.3,418.9,193.6,32.4,4.0,0.0,952.9,952.9,907.5,0.9524,905.19,879.7133333333333,0.9688433333333334
GUJARAT REGION,1917,0.4,7.4,0.0,5.3,98.3,126.8,320.1,379.2,353.7,233.7,0.0,0.0,1524.9,1524.9,1179.8,0.7737,905.19,879.7133333333333,0.9688433333333334
GUJARAT REGION,1918,0.4,0.0,0.2,0.0,12.1,37.8,110.5,213.4,17.6,0.2,0.5,0.0,392.6,392.7,379.30000000000007,0.9659,905.19,879.7133333333333,0.9688433333333334
GUJARAT REGION,1919,6.1,0.1,0.0,1.3,2.1,110.0,335.9,481.2,78.1,33.0,19.6,0.0,1067.4,1067.4,1005.1999999999999,0.9417,905.19,879.7133333333333,0.9688433333333334
GUJARAT REGION,1920,44.1,1.8,0.0,0.2,63.2,189.3,268.1,110.4,31.7,0.0,0.0,0.0,708.9,708.8000000000001,599.5000000000001,0.8458,905.19,879.7133333333333,0.9688433333333334
GUJARAT REGION,1921,0.8,0.0,0.0,0.0,0.0,31.1,529.7,205.4,405.1,0.4,0.0,0.2,1172.8,1172.7,1171.3000000000002,0.9988,905.19,879.7133333333333,0.9688433333333334
GUJARAT REGION,1922,2.1,0.0,0.0,0.0,0.0,130.8,314.8,106.8,314.3,5.0,4.1,0.7,878.7,878.6,866.7,0.9865,905.19,879.7133333333333,0.9688433333333334
GUJARAT REGION,1923,0.0,5.2,1.5,4.0,4.6,2.6,295.0,157.5,81.9,0.9,0.0,0.0,553.2,553.1999999999999,537.0,0.9707,905.19,879.7133333333333,0.9688433333333334
GUJARAT REGION,1924,1.4,0.0,0.4,0.0,5.5,117.3,297.3,267.0,198.7,21.0,0.0,1.0,909.6,909.5999999999999,880.3,0.9678,905.19,879.7133333333333,0.9688433333333334
GUJARAT REGION,1925,0.0,0.0,0.1,0.0,25.8,264.6,199.3,81.8,14.2,0.4,6.6,0.2,593.1,593.0000000000001,559.9000000000001,0.9442,905.19,879.7133333333333,0.9688433333333334
GUJARAT REGION,1926,6.5,0.0,0.9,2.0,8.5,20.1,406.1,471.0,359.1,0.1,0.1,0.0,1274.5,1274.3999999999999,1256.3000000000002,0.9858,905.19,879.7133333333333,0.9688433333333334
GUJARAT REGION,1927,0.0,4.9,0.0,0.2,1.9,139.4,903.3,199.2,113.9,26.2,18.3,14.8,1422.1,1422.1000000000001,1355.8000000000002,0.9534,905.19,879.7133333333333,0.9688433333333334
GUJARAT REGION,1928,0.0,0.2,0.0,0.0,0.0,51.5,372.7,220.5,138.3,19.6,16.4,1.8,821.0,821.0,783.0,0.9537,905.19,879.7133333333333,0.9688433333333334
GUJARAT REGION,1929,1.9,0.0,0.0,5.5,0.9,123.6,353.7,150.7,20.6,7.2,0.6,11.6,676.3,676.3000000000001,648.6,0.959,905.19,879.7133333333333,0.9688433333333334
GUJARAT REGION,1930,2.0,0.2,0.2,0.1,1.1,160.2,426.0,152.9,102.8,48.2,0.0,0.9,894.7,894.5999999999999,841.9,0.9411,905.19,879.7133333333333,0.9688433333333334
GUJARAT REGION,1931,0.0,0.1,0.0,0.0,1.7,18.4,332.5,546.3,86.4,113.6,4.2,1.3,1104.6,1104.5,983.5999999999999,0.8905,905.19,879.7133333333333,0.9688433333333334
GUJARAT REGION,1932,0.0,0.0,0.8,0.4,0.4,57.9,540.0,146.6,129.2,30.1,0.9,0.3,906.6,906.5999999999999,873.7,0.9637,905.19,879.7133333333333,0.9688433333333334
GUJARAT REGION,1933,0.0,3.4,0.7,3.5,44.3,118.3,241.3,473.6,227.5,15.1,1.4,7.9,1137.1,1137.0,1060.7,0.9329,905.19,879.7133333333333,0.9688433333333334
GUJARAT REGION,1934,0.1,0.0,0.7,0.3,0.0,219.7,266.1,392.9,81.2,0.9,17.6,0.0,979.6,979.5,959.9000000000001,0.98,905.19,879.7133333333333,0.9688433333333334
GUJARAT REGION,1935,7.3,0.0,0.0,1.6,0.4,82.4,356.0,107.1,187.6,14.2,0.1,0.3,756.9,757.0,733.1,0.9684,905.19,879.7133333333333,0.9688433333333334
GUJARAT REGION,1936,0.0,1.8,1.3,0.0,0.8,189.4,133.4,52.9,175.8,1.3,52.5,0.0,609.3,609.2,551.5,0.9053,905.19,879.7133333333333,0.9688433333333334
GUJARAT REGION,1937,0.0,4.0,0.2,0.1,0.0,260.6,577.8,32.0,320.1,3.3,0.1,4.8,1203.1,1203.0,1190.5,0.9896,905.19,879.7133333333333,0.9688433333333334
GUJARAT REGION,1938,0.0,0.1,0.0,0.0,15.8,265.0,342.6,134.6,26.3,30.3,0.0,0.0,814.9,814.6999999999999,768.5,0.9433,905.19,879.7133333333333,0.9688433333333334
GUJARAT REGION,1939,0.0,1.1,3.1,0.0,0.0,30.3,210.3,265.3,91.6,1.3,2.4,0.2,605.6,605.6,597.5,0.9866,905.19,879.7133333333333,0.9688433333333334
GUJARAT REGION,1940,11.3,4.4,10.1,2.0,1.5,152.6,208.3,241.8,119.8,91.5,26.7,0.0,870.1,870.0,722.5,0.8305,905.19,879.7133333333333,0.9688433333333334
GUJARAT REGION,1941,1.0,12.5,0.1,0.7,0.9,42.5,671.9,187.7,40.7,3.3,0.0,0.4,961.8,961.6999999999999,942.8,0.9803,905.19,879.7133333333333,0.9688433333333334
GUJARAT REGION,1942,2.0,13.7,0.0,0.0,9.0,130.1,501.1,367.8,162.6,0.0,0.0,0.3,1186.8,1186.6,1161.6,0.9789,905.19,879.7133333333333,0.9688433333333334
GUJARAT REGION,1943,0.1,0.0,0.0,0.6,19.0,132.8,484.2,80.9,152.2,42.6,0.4,0.0,912.8,912.8,850.0999999999999,0.9313,905.19,879.7133333333333,0.9688433333333334
GUJARAT REGION,1944,2.9,0.0,5.1,2.3,2.3,110.1,625.9,502.7,72.2,16.9,0.0,0.0,1340.6,1340.4,1310.9,0.978,905.19,879.7133333333333,0.9688433333333334
GUJARAT REGION,1945,7.0,0.0,0.0,1.9,0.7,160.9,518.8,245.3,339.5,2.7,0.0,0.0,1277.0,1276.8,1264.5,0.9904,905.19,879.7133333333333,0.9688433333333334
GUJARAT REGION,1946,0.0,2.1,0.0,1.1,4.2,233.3,291.7,469.6,104.6,1.1,34.4,5.5,1147.7,1147.6,1099.2,0.9578,905.19,879.7133333333333,0.9688433333333334
GUJARAT REGION,1947,0.4,0.0,0.0,40.4,0.0,5.4,216.7,257.1,252.7,8.3,2.3,0.0,783.4,783.3,731.9000000000001,0.9344,905.19,879.7133333333333,0.9688433333333334
GUJARAT REGION,1948,11.7,0.4,0.0,0.0,0.7,65.5,185.9,115.9,49.8,18.2,25.1,0.6,473.9,473.80000000000007,417.1,0.8803,905.19,879.7133333333333,0.9688433333333334
GUJARAT REGION,1949,0.0,0.1,0.0,0.0,2.5,35.2,290.0,205.5,241.1,23.5,2.5,0.0,800.3,800.4,771.8000000000001,0.9643,905.19,879.7133333333333,0.9688433333333334
GUJARAT REGION,1950,0.0,0.0,0.0,0.0,0.1,11.7,730.7,76.9,306.6,3.3,0.0,0.0,1129.3,1129.3,1125.9,0.997,905.19,879.7133333333333,0.9688433333333334
GUJARAT REGION,1951,0.0,0.0,0.4,0.3,2.1,65.6,218.6,162.6,7.3,13.9,7.3,0.3,478.3,478.40000000000003,454.09999999999997,0.9492,905.19,879.7133333333333,0.9688433333333334
GUJARAT REGION,1952,0.0,0.0,0.0,0.0,0.2,138.7,487.7,136.4,11.6,1.8,0.0,0.0,776.6,776.3999999999999,774.4,0.9974,905.19,879.7133333333333,0.9688433333333334
GUJARAT REGION,1953,12.6,0.0,0.0,0.1,0.3,143.6,240.0,552.9,104.5,1.0,0.0,0.4,1055.5,1055.4,1041.0,0.9864,905.19,879.7133333333333,0.9688433333333334
GUJARAT REGION,1954,0.1,2.0,5.5,0.0,0.2,114.3,355.0,214.1,522.0,32.0,0.1,2.6,1248.0,1247.8999999999999,1205.4,0.9659,905.19,879.7133333333333,0.9688433333333334
GUJARAT REGION,1955,0.3,0.1,0.1,0.7,3.1,104.9,109.9,393.5,311.4,51.4,0.1,0.0,975.7,975.5,919.6999999999999,0.9428,905.19,879.7133333333333,0.9688433333333334
GUJARAT REGION,1956,0.0,0.1,0.0,0.1,26.5,102.9,661.3,329.8,135.0,107.4,2.2,1.4,1366.6,1366.7000000000003,1229.0,0.8992,905.19,879.7133333333333,0.9688433333333334
GUJARAT REGION,1957,2.3,0.0,0.2,0.0,5.7,151.8,257.1,198.7,16.1,7.5,8.2,0.2,647.8,647.8000000000001,623.7,0.9628,905.19,879.7133333333333,0.9688433333333334
GUJARAT REGION,1958,1.0,0.0,0.3,1.1,0.7,103.4,336.8,287.1,335.9,46.9,10.0,0.1,1123.1,1123.3000000000002,1063.2,0.9465,905.19,879.7133333333333,0.9688433333333334
GUJARAT REGION,1959,0.0,0.0,0.0,2.8,1.4,98.0,632.6,321.8,377.6,121.7,4.7,0.0,1560.7,1560.6000000000004,1430.0,0.9163,905.19,879.7133333333333,0.9688433333333334
GUJARAT REGION,1960,1.6,0.0,0.2,0.0,8.0,131.4,218.3,210.6,73.1,6.3,0.0,0.1,649.6,649.6,633.4000000000001,0.9751,905.19,879.7133333333333,0.9688433333333334
GUJARAT REGION,1961,0.0,0.6,0.0,0.0,0.6,90.2,365.1,174.6,297.7,16.1,0.1,0.0,945.1,945.0,927.5999999999999,0.9816,905.19,879.7133333333333,0.9688433333333334
GUJARAT REGION,1962,0.0,0.0,1.4,1.3,2.3,49.3,298.8,181.0,227.1,0.0,8.9,2.9,773.0,773.0,756.2,0.9783,905.19,879.7133333333333,0.9688433333333334
GUJARAT REGION,1963,1.4,0.0,0.9,0.3,0.3,65.4,291.4,350.9,227.6,26.0,33.1,0.4,997.9,997.6999999999999,935.3,0.9375,905.19,879.7133333333333,0.9688433333333334
GUJARAT REGION,1964,0.1,0.0,0.0,0.0,4.0,106.2,371.0,296.3,114.6,0.5,0.0,0.0,892.7,892.7,888.1,0.9948,905.19,879.7133333333333,0.9688433333333334
GUJARAT REGION,1965,7.4,0.0,0.6,0.4,1.3,11.2,442.4,165.9,24.1,1.0,2.4,0.1,656.7,656.8,643.6,0.9799,905.19,879.7133333333333,0.9688433333333334
GUJARAT REGION,1966,0.2,0.0,0.0,0.0,0.5,123.1,316.4,71.2,183.9,0.8,0.3,0.1,696.7,696.4999999999999,694.6,0.9973,905.19,879.7133333333333,0.9688433333333334
GUJARAT REGION,1967,0.0,0.0,42.1,0.4,0.2,132.7,413.2,204.1,123.8,1.0,0.0,21.1,938.7,938.5999999999999,873.8,0.931,905.19,879.7133333333333,0.9688433333333334
GUJARAT REGION,1968,0.1,0.3,1.2,0.0,0.1,33.8,279.1,297.1,45.8,10.3,0.1,0.0,668.0,667.9,655.8,0.9819,905.19,879.7133333333333,0.9688433333333334
GUJARAT REGION,1969,0.0,0.2,0.0,0.0,0.0,100.5,331.3,154.6,191.9,0.0,7.2,3.2,789.0,788.9000000000001,778.3,0.9866,905.19,879.7133333333333,0.9688433333333334
GUJARAT REGION,1970,0.2,1.0,0.1,0.1,5.3,262.6,261.2,495.8,321.8,5.8,0.0,0.0,1353.8,1353.8999999999999,1341.3999999999999,0.9908,905.19,879.7133333333333,0.9688433333333334
GUJARAT REGION,1971,0.0,0.1,0.0,0.3,5.0,176.2,253.6,194.1,134.9,5.0,0.0,0.0,769.2,769.1999999999999,758.8,0.9865,905.19,879.7133333333333,0.9688433333333334
GUJARAT REGION,1972,0.1,2.0,0.0,0.0,1.8,87.8,208.4,180.4,23.0,0.2,0.0,0.0,503.8,503.7,499.6,0.9919,905.19,879.7133333333333,0.9688433333333334
GUJARAT REGION,1973,0.2,0.7,0.1,0.0,1.3,97.3,301.4,364.5,387.0,7.1,0.0,0.1,1159.6,1159.6999999999998,1150.2,0.9918,905.19,879.7133333333333,0.9688433333333334
GUJARAT REGION,1974,0.0,0.0,0.0,0.6,51.3,22.1,135.5,103.0,68.7,38.6,0.0,1.5,421.3,421.3,329.3,0.7816,905.19,879.7133333333333,0.9688433333333334
GUJARAT REGION,1975,0.0,0.0,0.7,0.0,0.1,156.0,219.5,449.6,318.5,48.2,0.0,0.0,1192.7,1192.6000000000001,1143.6,0.9589,905.19,879.7133333333333,0.9688433333333334
GUJARAT REGION,1976,3.2,0.0,0.0,0.0,0.2,342.5,584.4,482.4,149.5,0.2,57.7,0.0,1620.1,1620.1,1558.8,0.9622,905.19,879.7133333333333,0.9688433333333334
GUJARAT REGION,1977,3.9,0.1,0.2,0.1,15.4,310.2,565.2,242.9,160.0,0.7,8.9,0.0,1307.7,1307.6000000000001,1278.3000000000002,0.9776,905.19,879.7133333333333,0.9688433333333334
GUJARAT REGION,1978,0.0,1.1,0.0,2.0,0.3,155.5,280.7,405.7,52.3,6.1,26.2,5.9,935.8,935.8,894.1999999999999,0.9555,905.19,879.7133333333333,0.9688433333333334
GUJARAT REGION,1979,1.0,4.6,0.0,0.0,0.3,132.3,174.2,441.3,46.3,11.5,92.8,0.1,904.5,904.4,794.0999999999999,0.878,905.19,879.7133333333333,0.9688433333333334
GUJARAT REGION,1980,0.1,0.0,0.0,0.0,0.1,261.3,268.7,249.1,24.0,0.8,0.4,17.6,822.0,822.1,803.1,0.9769,905.19,879.7133333333333,0.9688433333333334
GUJARAT REGION,1981,1.3,0.0,0.7,0.1,0.3,111.3,414.3,377.0,137.9,40.8,30.5,0.0,1114.2,1114.2,1040.5,0.9339,905.19,879.7133333333333,0.9688433333333334
GUJARAT REGION,1982,0.4,0.1,0.1,2.6,45.8,39.6,274.4,266.3,25.8,6.5,96.6,0.0,758.3,758.1999999999999,606.0999999999999,0.7994,905.19,879.7133333333333,0.9688433333333334
GUJARAT REGION,1983,0.1,0.0,0.0,8.0,1.3,129.3,408.8,405.9,180.8,79.8,0.0,0.0,1213.9,1214.0,1124.8,0.9265,905.19,879.7133333333333,0.9688433333333334
GUJARAT REGION,1984,0.0,0.0,0.0,0.0,0.0,85.2,250.5,421.4,89.2,5.7,1.7,0.0,853.6,853.7,846.3,0.9913,905.19,879.7133333333333,0.9688433333333334
GUJARAT REGION,1985,0.0,0.0,0.0,0.8,2.1,14.7,247.2,182.5,18.1,124.0,0.0,0.3,589.7,589.7,462.5,0.7843,905.19,879.7133333333333,0.9688433333333334
GUJARAT REGION,1986,0.0,0.0,0.1,0.0,2.0,180.1,161.8,149.4,5.9,1.5,1.1,0.0,501.8,501.9,497.19999999999993,0.9906,905.19,879.7133333333333,0.9688433333333334
GUJARAT REGION,1987,0.4,0.5,0.0,0.0,0.3,69.6,119.4,180.6,5.7,3.4,11.2,10.7,401.9,401.7999999999999,375.3,0.934,905.19,879.7133333333333,0.9688433333333334
GUJARAT REGION,1988,0.0,0.0,0.0,2.5,0.0,74.7,573.1,245.5,190.4,11.2,0.0,0.0,1097.4,1097.4,1083.7,0.9875,905.19,879.7133333333333,0.9688433333333334
GUJARAT REGION,1989,1.3,0.0,0.0,0.0,0.1,112.5,351.2,298.3,58.0,1.5,0.0,0.0,822.8,822.9000000000001,820.0,0.9965,905.19,879.7133333333333,0.9688433333333334
GUJARAT REGION,1990,0.0,3.3,0.2,0.0,32.9,79.0,221.6,530.5,226.2,16.0,4.8,3.8,1118.4,1118.3,1057.3,0.9455,905.19,879.7133333333333,0.9688433333333334
GUJARAT REGION,1991,0.0,0.0,0.0,0.0,0.0,55.6,440.8,133.8,41.8,0.0,0.7,0.0,672.7,672.7,672.0,0.999,905.19,879.7133333333333,0.9688433333333334
GUJARAT REGION,1992,0.8,0.0,0.0,0.0,0.9,132.8,256.3,244.4,244.1,19.2,2.5,0.0,901.1,901.0000000000001,877.6,0.974,905.19,879.7133333333333,0.9688433333333334
GUJARAT REGION,1993,0.0,1.7,0.1,0.0,0.0,133.2,557.4,69.5,147.8,30.1,1.5,0.0,941.4,941.3000000000001,907.8999999999999,0.9645,905.19,879.7133333333333,0.9688433333333334
GUJARAT REGION,1994,7.2,0.0,0.0,0.1,0.0,320.7,490.6,370.1,343.7,2.0,0.1,0.0,1534.5,1534.5,1525.1000000000001,0.9939,905.19,879.7133333333333,0.9688433333333334
GUJARAT REGION,1995,2.2,0.0,0.2,0.0,0.0,8.5,451.0,127.4,71.0,22.9,0.3,0.7,684.3,684.1999999999999,657.9,0.9616,905.19,879.7133333333333,0.9688433333333334
GUJARAT REGION,1996,1.0,0.0,0.0,0.0,0.0,123.9,374.6,228.5,151.3,23.3,0.1,0.0,902.8,902.6999999999999,878.3,0.973,905.19,879.7133333333333,0.9688433333333334
GUJARAT REGION,1997,0.7,0.0,0.2,3.3,3.6,355.3,241.9,358.0,96.1,8.1,0.9,0.9,1068.9,1069.0,1051.3,0.9834,905.19,879.7133333333333,0.9688433333333334
GUJARAT REGION,1998,0.0,0.1,0.0,0.0,0.0,111.5,312.2,196.1,346.9,98.8,4.4,0.0,1070.0,1070.0,966.6999999999999,0.9035,905.19,879.7133333333333,0.9688433333333334
GUJARAT REGION,1999,0.0,2.0,0.0,0.0,7.4,158.0,219.4,55.1,57.2,69.5,0.0,0.0,568.4,568.6,489.7,0.8612,905.19,879.7133333333333,0.9688433333333334
GUJARAT REGION,2000,0.0,0.1,0.0,0.0,36.1,62.9,301.1,133.0,13.5,0.2,0.0,3.6,550.6,550.5000000000001,510.5,0.9273,905.19,879.7133333333333,0.9688433333333334
GUJARAT REGION,2001,6.1,0.0,0.0,0.2,2.1,216.9,320.0,256.8,17.8,28.9,0.2,0.0,849.0,848.9999999999999,811.5,0.9558,905.19,879.7133333333333,0.9688433333333334
GUJARAT REGION,2002,4.1,0.0,0.1,0.0,0.0,234.2,45.8,238.5,113.7,0.6,0.1,0.1,637.2,637.2000000000002,632.2,0.9922,905.19,879.7133333333333,0.9688433333333334
GUJARAT REGION,2003,0.0,6.1,0.1,0.0,0.0,209.3,518.7,314.6,109.5,1.9,0.0,0.0,1160.3,1160.2000000000003,1152.1,0.993,905.19,879.7133333333333,0.9688433333333334
GUJARAT REGION,2004,0.0,0.0,0.0,0.0,4.4,135.5,238.2,553.7,51.8,22.2,0.0,0.0,1005.8,1005.8000000000001,979.2,0.9736,905.19,879.7133333333333,0.9688433333333334
GUJARAT REGION,2005,0.0,0.0,0.0,0.0,0.3,367.3,378.7,229.4,339.2,1.4,0.0,0.0,1316.4,1316.3,1314.6,0.9987,905.19,879.7133333333333,0.9688433333333334
GUJARAT REGION,2006,0.0,0.0,0.8,0.0,0.2,123.5,576.0,624.8,140.6,9.2,2.9,0.0,1478.0,1478.0,1464.8999999999999,0.9911,905.19,879.7133333333333,0.9688433333333334
GUJARAT REGION,2007,0.1,0.4,0.0,0.0,0.3,94.0,567.8,345.6,169.4,0.0,1.4,0.0,1178.9,1179.0,1176.8,0.9981,905.19,879.7133333333333,0.9688433333333334
GUJARAT REGION,2008,0.0,0.0,0.0,3.1,0.1,58.2,261.9,369.5,204.3,11.6,0.1,2.3,911.1,911.0999999999999,893.8999999999999,0.9811,905.19,879.7133333333333,0.9688433333333334
GUJARAT REGION,2009,0.0,0.0,0.3,0.0,0.0,17.0,390.3,143.5,54.9,27.4,8.1,0.0,641.6,641.5,605.6999999999999,0.9442,905.19,879.7133333333333,0.9688433333333334
GUJARAT REGION,2010,0.2,0.0,0.0,0.0,0.0,59.3,328.2,431.0,216.6,12.2,41.0,0.2,1088.7,1088.7,1035.1,0.9508,905.19,879.7133333333333,0.9688433333333334
GUJARAT REGION,2011,0.0,0.2,0.0,0.0,0.0,16.3,259.2,451.7,162.5,0.4,0.0,0.0,890.5,890.3,889.7,0.9993,905.19,879.7133333333333,0.9688433333333334
GUJARAT REGION,2012,0.1,0.0,0.0,0.0,0.0,34.4,178.2,230.3,263.8,7.1,0.0,0.0,714.0,713.9,706.7,0.9899,905.19,879.7133333333333,0.9688433333333334
GUJARAT REGION,2013,0.0,0.9,0.1,4.6,0.0,155.7,405.4,211.1,287.3,53.2,0.1,0.0,1118.6,1118.3999999999999,1059.5,0.9473,905.19,879.7133333333333,0.9688433333333334
GUJARAT REGION,2014,5.7,0.1,0.2,1.0,1.3,11.6,307.5,138.6,235.1,3.3,1.3,0.0,705.7,705.6999999999999,692.8000000000001,0.9817,905.19,879.7133333333333,0.9688433333333334
GUJARAT REGION,2015,1.8,0.0,6.1,5.5,0.9,120.7,354.7,37.4,93.4,2.2,0.3,0.0,622.9,623.0,606.1999999999999,0.973,905.19,879.7133333333333,0.9688433333333334
SAURASHTRA & KUTCH,1901,1.9,0.0,0.1,0.2,3.2,9.1,87.8,62.5,12.0,3.8,0.0,0.7,181.3,181.3,171.39999999999998,0.9454,524.87,498.14666666666665,0.9400966666666667
SAURASHTRA & KUTCH,1902,0.1,0.0,0.0,0.5,1.1,14.4,92.9,160.0,123.9,1.5,0.1,6.5,401.1,401.0,391.20000000000005,0.9756,524.87,498.14666666666665,0.9400966666666667
SAURASHTRA & KUTCH,1903,0.5,0.0,1.7,0.0,3.1,10.5,337.9,96.1,61.9,11.1,0.0,0.0,522.8,522.8,506.4,0.9686,524.87,498.14666666666665,0.9400966666666667
SAURASHTRA & KUTCH,1904,1.4,5.8,17.5,0.0,0.0,9.5,111.2,9.4,28.9,0.3,1.7,0.0,185.6,185.70000000000002,159.0,0.8562,524.87,498.14666666666665,0.9400966666666667
SAURASHTRA & KUTCH,1905,1.5,1.0,0.6,0.4,0.0,6.4,254.5,12.3,12.8,0.4,0.0,0.0,290.0,289.9,286.0,0.9865,524.87,498.14666666666665,0.9400966666666667
SAURASHTRA & KUTCH,1906,0.9,28.2,0.0,0.0,0.0,126.0,161.0,152.2,56.6,14.9,0.0,0.6,540.3,540.4,495.8,0.9175,524.87,498.14666666666665,0.9400966666666667
SAURASHTRA & KUTCH,1907,0.0,19.7,0.0,2.3,0.4,69.0,201.1,213.7,3.3,0.0,0.0,0.0,509.6,509.5,487.1,0.956,524.87,498.14666666666665,0.9400966666666667
SAURASHTRA & KUTCH,1908,3.6,0.0,0.0,0.0,0.0,30.2,284.8,198.8,10.4,0.1,0.0,0.0,527.9,527.9000000000001,524.1999999999999,0.993,524.87,498.14666666666665,0.9400966666666667
SAURASHTRA & KUTCH,1909,0.2,3.5,0.0,3.6,1.0,99.6,247.5,64.8,157.2,2.3,0.0,6.7,586.4,586.4,569.1,0.9705,524.87,498.14666666666665,0.9400966666666667
SAURASHTRA & KUTCH,1910,0.3,0.0,0.0,0.4,0.5,163.8,162.1,194.2,24.7,3.6,0.2,0.0,549.7,549.8000000000001,544.8,0.9909,524.87,498.14666666666665,0.9400966666666667
SAURASHTRA & KUTCH,1911,1.5,0.0,35.5,0.0,0.5,42.1,12.6,27.4,19.9,0.2,0.2,0.4,140.4,140.29999999999998,102.0,0.727,524.87,498.14666666666665,0.9400966666666667
SAURASHTRA & KUTCH,1912,0.0,0.0,0.7,0.5,0.3,62.6,428.7,133.5,20.2,2.7,3.4,0.0,652.6,652.6,645.0,0.9884,524.87,498.14666666666665,0.9400966666666667
SAURASHTRA & KUTCH,1913,0.0,0.0,0.1,0.0,0.7,213.1,352.8,122.6,61.9,0.5,0.0,0.1,751.9,751.8000000000001,750.4,0.9981,524.87,498.14666666666665,0.9400966666666667
SAURASHTRA & KUTCH,1914,0.0,9.8,0.4,0.0,4.9,161.3,118.1,36.5,238.0,4.2,4.1,0.0,577.1,577.3000000000001,553.9,0.9595,524.87,498.14666666666665,0.9400966666666667
SAURASHTRA & KUTCH,1915,1.3,1.3,7.9,7.2,1.3,34.9,99.3,12.3,29.5,50.6,0.0,0.2,245.8,245.79999999999998,176.0,0.716,524.87,498.14666666666665,0.9400966666666667
SAURASHTRA & KUTCH,1916,0.0,0.0,0.0,0.0,2.7,21.0,105.7,238.9,98.3,29.3,0.0,0.0,495.9,495.90000000000003,463.90000000000003,0.9355,524.87,498.14666666666665,0.9400966666666667
SAURASHTRA & KUTCH,1917,3.4,0.2,0.0,1.5,57.0,81.4,215.2,209.9,109.6,208.5,0.0,0.0,886.7,886.7,616.1,0.6948,524.87,498.14666666666665,0.9400966666666667
SAURASHTRA & KUTCH,1918,0.0,0.0,0.6,0.6,3.8,9.9,45.0,49.0,8.6,0.2,0.0,0.0,117.6,117.7,112.5,0.9558,524.87,498.14666666666665,0.9400966666666667
SAURASHTRA & KUTCH,1919,7.5,0.0,0.0,1.1,0.9,24.9,170.4,179.6,31.2,18.2,11.3,0.0,445.1,445.09999999999997,406.09999999999997,0.9124,524.87,498.14666666666665,0.9400966666666667
SAURASHTRA & KUTCH,1920,12.5,4.5,0.3,0.2,20.7,237.7,145.2,52.4,16.5,0.0,0.0,0.0,490.1,489.99999999999994,451.79999999999995,0.922,524.87,498.14666666666665,0.9400966666666667
SAURASHTRA & KUTCH,1921,0.0,0.0,0.0,0.0,0.0,8.6,317.4,79.1,190.0,2.7,0.0,0.2,598.1,598.0000000000001,595.1,0.9952,524.87,498.14666666666665,0.9400966666666667
SAURASHTRA & KUTCH,1922,0.0,0.0,0.0,1.0,0.1,40.7,127.4,31.5,130.6,1.1,0.0,2.3,334.9,334.70000000000005,330.20000000000005,0.9866,524.87,498.14666666666665,0.9400966666666667
SAURASHTRA & KUTCH,1923,0.0,11.4,0.0,0.5,2.7,2.0,103.7,69.8,14.0,0.8,0.0,0.0,205.0,204.90000000000003,189.5,0.9248,524.87,498.14666666666665,0.9400966666666667
SAURASHTRA & KUTCH,1924,0.0,0.1,0.1,0.0,6.7,41.0,121.3,78.6,62.1,0.3,0.0,0.4,310.7,310.59999999999997,303.0,0.9755,524.87,498.14666666666665,0.9400966666666667
SAURASHTRA & KUTCH,1925,0.0,0.0,0.0,0.0,11.7,200.5,79.9,29.2,7.6,0.0,11.8,0.0,340.6,340.70000000000005,317.2,0.931,524.87,498.14666666666665,0.9400966666666667
SAURASHTRA & KUTCH,1926,6.0,0.0,0.3,2.2,22.1,9.9,250.4,212.3,396.6,1.7,0.0,0.0,901.4,901.5,869.2,0.9642,524.87,498.14666666666665,0.9400966666666667
SAURASHTRA & KUTCH,1927,0.0,8.8,0.1,0.0,1.9,52.5,442.1,47.7,55.8,22.0,3.5,5.1,639.5,639.5,598.1,0.9353,524.87,498.14666666666665,0.9400966666666667
SAURASHTRA & KUTCH,1928,0.6,0.0,0.0,0.2,0.0,4.8,203.4,91.8,88.9,26.9,10.3,0.0,426.8,426.90000000000003,388.9,0.911,524.87,498.14666666666665,0.9400966666666667
SAURASHTRA & KUTCH,1929,5.1,0.0,0.0,3.1,0.5,39.6,268.4,63.2,11.5,7.7,1.3,21.3,421.8,421.7,382.7,0.9075,524.87,498.14666666666665,0.9400966666666667
SAURASHTRA & KUTCH,1930,4.8,0.5,0.0,0.1,1.8,124.1,225.0,38.2,38.5,17.1,0.0,0.1,450.2,450.2,425.8,0.9458,524.87,498.14666666666665,0.9400966666666667
SAURASHTRA & KUTCH,1931,0.2,0.6,0.0,0.1,3.1,8.1,115.0,119.2,20.8,60.1,2.5,0.0,329.7,329.70000000000005,263.1,0.798,524.87,498.14666666666665,0.9400966666666667
SAURASHTRA & KUTCH,1932,0.0,0.0,0.0,0.0,0.3,16.1,384.1,38.5,18.4,35.0,0.0,0.0,492.5,492.4,457.1,0.9283,524.87,498.14666666666665,0.9400966666666667
SAURASHTRA & KUTCH,1933,0.0,4.5,1.2,11.4,103.9,59.6,220.1,242.0,107.0,5.9,2.2,0.2,757.9,758.0000000000001,628.7,0.8294,524.87,498.14666666666665,0.9400966666666667
SAURASHTRA & KUTCH,1934,0.0,0.0,0.6,0.1,0.0,161.6,114.9,104.8,11.4,0.9,4.0,0.0,398.4,398.29999999999995,392.7,0.9859,524.87,498.14666666666665,0.9400966666666667
SAURASHTRA & KUTCH,1935,11.5,0.0,0.0,2.5,0.0,44.8,353.0,64.6,42.3,4.9,0.0,0.4,524.1,523.9999999999999,504.7,0.9632,524.87,498.14666666666665,0.9400966666666667
SAURASHTRA & KUTCH,1936,0.0,3.2,0.4,0.0,0.2,114.4,87.8,17.3,114.6,0.0,32.4,0.8,371.1,371.09999999999997,334.1,0.9003,524.87,498.14666666666665,0.9400966666666667
SAURASHTRA & KUTCH,1937,0.0,2.4,0.0,0.0,0.0,117.2,271.4,6.0,112.2,8.3,0.0,16.1,533.6,533.6,506.79999999999995,0.9498,524.87,498.14666666666665,0.9400966666666667
SAURASHTRA & KUTCH,1938,0.0,0.0,0.0,0.0,10.0,141.4,114.3,59.2,5.3,15.4,0.0,0.3,346.0,345.9,320.2,0.9257,524.87,498.14666666666665,0.9400966666666667
SAURASHTRA & KUTCH,1939,0.0,8.6,2.3,0.0,0.0,9.0,62.2,79.5,11.8,4.1,1.9,0.0,179.4,179.4,162.5,0.9058,524.87,498.14666666666665,0.9400966666666667
SAURASHTRA & KUTCH,1940,7.2,6.4,6.5,0.1,1.7,111.6,87.6,85.6,23.2,2.2,24.5,0.0,356.5,356.59999999999997,307.99999999999994,0.8637,524.87,498.14666666666665,0.9400966666666667
SAURASHTRA & KUTCH,1941,0.5,3.4,0.0,0.1,0.8,14.4,347.2,13.4,17.1,2.9,0.0,2.0,401.8,401.79999999999995,392.09999999999997,0.9759,524.87,498.14666666666665,0.9400966666666667
SAURASHTRA & KUTCH,1942,1.0,21.0,0.0,0.0,6.0,13.2,111.3,146.7,42.9,0.0,0.0,0.1,342.2,342.2,314.09999999999997,0.9179,524.87,498.14666666666665,0.9400966666666667
SAURASHTRA & KUTCH,1943,0.2,0.0,0.0,1.8,8.8,62.1,352.7,13.4,71.7,15.8,0.1,0.0,526.6,526.6,499.9,0.9493,524.87,498.14666666666665,0.9400966666666667
SAURASHTRA & KUTCH,1944,0.9,0.0,2.1,0.0,4.0,70.0,429.5,196.4,13.1,0.3,0.0,1.3,717.6,717.5999999999999,709.0,0.988,524.87,498.14666666666665,0.9400966666666667
SAURASHTRA & KUTCH,1945,10.0,0.0,0.0,0.7,0.4,120.9,328.3,102.9,69.1,0.8,0.0,0.0,633.1,633.1,621.2,0.9812,524.87,498.14666666666665,0.9400966666666667
SAURASHTRA & KUTCH,1946,0.0,0.4,0.0,0.9,3.2,137.1,134.3,156.5,30.3,1.8,8.2,0.6,473.4,473.3,458.2,0.9681,524.87,498.14666666666665,0.9400966666666667
SAURASHTRA & KUTCH,1947,0.0,0.0,0.0,64.4,0.0,1.2,79.1,260.4,151.6,2.1,0.0,0.0,558.8,558.8,492.29999999999995,0.881,524.87,498.14666666666665,0.9400966666666667
SAURASHTRA & KUTCH,1948,8.2,0.0,0.0,0.0,0.4,13.4,19.4,74.7,72.6,34.0,23.5,1.4,247.7,247.6,180.1,0.7274,524.87,498.14666666666665,0.9400966666666667
SAURASHTRA & KUTCH,1949,0.0,0.1,0.0,0.0,0.9,13.3,236.5,231.8,55.9,3.4,0.3,0.0,542.3,542.1999999999999,537.5,0.9913,524.87,498.14666666666665,0.9400966666666667
SAURASHTRA & KUTCH,1950,0.2,0.0,0.0,0.0,0.0,3.1,386.8,21.0,62.5,0.0,0.0,0.0,473.6,473.6,473.40000000000003,0.9996,524.87,498.14666666666665,0.9400966666666667
SAURASHTRA & KUTCH,1951,0.0,0.0,0.8,0.8,1.4,40.0,128.3,87.7,6.9,0.4,18.8,0.0,285.2,285.09999999999997,262.9,0.9221,524.87,498.14666666666665,0.9400966666666667
SAURASHTRA & KUTCH,1952,0.0,0.3,0.0,0.1,1.7,79.1,279.3,32.7,5.6,1.4,0.7,0.0,400.8,400.9,396.7,0.9895,524.87,498.14666666666665,0.9400966666666667
SAURASHTRA & KUTCH,1953,6.5,0.3,0.3,0.0,0.0,66.3,112.1,450.3,69.7,1.0,0.0,0.0,706.6,706.5,698.4000000000001,0.9885,524.87,498.14666666666665,0.9400966666666667
SAURASHTRA & KUTCH,1954,1.9,1.1,3.5,0.0,0.4,47.6,180.6,207.0,154.9,0.8,0.5,1.5,599.8,599.8,590.1,0.9838,524.87,498.14666666666665,0.9400966666666667
SAURASHTRA & KUTCH,1955,0.0,0.0,0.9,0.0,0.9,26.3,26.5,140.8,181.0,8.3,0.0,0.4,385.1,385.09999999999997,374.6,0.9727,524.87,498.14666666666665,0.9400966666666667
SAURASHTRA & KUTCH,1956,0.3,0.2,0.0,0.2,1.2,81.3,318.8,175.4,100.4,59.0,1.8,0.4,739.1,738.9999999999999,675.9,0.9146,524.87,498.14666666666665,0.9400966666666667
SAURASHTRA & KUTCH,1957,1.7,0.0,0.1,0.1,1.5,78.6,197.7,90.4,8.0,1.5,18.1,0.8,398.5,398.50000000000006,374.69999999999993,0.9403,524.87,498.14666666666665,0.9400966666666667
SAURASHTRA & KUTCH,1958,0.9,0.5,0.3,3.3,0.5,43.5,159.9,80.8,213.9,34.6,10.1,3.4,551.6,551.7,498.1,0.9028,524.87,498.14666666666665,0.9400966666666667
SAURASHTRA & KUTCH,1959,0.9,0.0,0.0,2.2,1.7,66.5,549.1,69.0,210.2,116.7,4.6,0.0,1020.9,1020.9,894.8,0.8765,524.87,498.14666666666665,0.9400966666666667
SAURASHTRA & KUTCH,1960,0.1,0.0,0.5,0.0,5.9,122.4,132.5,42.9,32.4,0.5,0.0,0.0,337.2,337.19999999999993,330.2,0.9792,524.87,498.14666666666665,0.9400966666666667
SAURASHTRA & KUTCH,1961,1.0,7.0,4.8,0.0,2.0,125.9,294.0,127.2,178.8,12.1,0.2,0.0,752.9,753.0000000000001,725.9000000000001,0.964,524.87,498.14666666666665,0.9400966666666667
SAURASHTRA & KUTCH,1962,0.0,0.0,0.7,0.7,2.8,24.0,136.9,103.2,90.3,0.3,12.7,0.2,371.8,371.8,354.40000000000003,0.9532,524.87,498.14666666666665,0.9400966666666667
SAURASHTRA & KUTCH,1963,0.5,0.0,1.0,1.5,0.5,25.0,83.1,123.6,65.8,45.4,32.5,0.2,379.1,379.09999999999997,297.5,0.7848,524.87,498.14666666666665,0.9400966666666667
SAURASHTRA & KUTCH,1964,0.2,0.0,0.0,0.0,1.6,105.5,168.4,184.9,78.8,0.1,0.0,0.0,539.5,539.5,537.5999999999999,0.9965,524.87,498.14666666666665,0.9400966666666667
SAURASHTRA & KUTCH,1965,5.5,0.0,0.0,0.3,0.2,1.4,285.7,112.1,13.7,0.2,2.1,0.0,421.3,421.19999999999993,412.8999999999999,0.9803,524.87,498.14666666666665,0.9400966666666667
SAURASHTRA & KUTCH,1966,0.2,0.0,0.0,0.0,0.2,74.7,167.3,6.8,76.5,0.7,0.1,0.0,326.5,326.50000000000006,325.3,0.9963,524.87,498.14666666666665,0.9400966666666667
SAURASHTRA & KUTCH,1967,0.0,0.0,46.2,0.7,0.2,106.2,467.4,61.2,30.8,0.1,0.0,25.6,738.6,738.4000000000001,665.6,0.9014,524.87,498.14666666666665,0.9400966666666667
SAURASHTRA & KUTCH,1968,1.1,1.0,0.9,0.0,0.6,11.0,104.9,165.2,24.2,5.1,0.6,0.0,314.6,314.6,305.3,0.9704,524.87,498.14666666666665,0.9400966666666667
SAURASHTRA & KUTCH,1969,0.0,0.2,0.0,0.0,0.0,44.2,176.3,35.5,26.9,0.3,6.4,0.2,290.0,290.0,282.9,0.9755,524.87,498.14666666666665,0.9400966666666667
SAURASHTRA & KUTCH,1970,0.1,0.1,0.4,0.2,7.6,70.2,215.7,327.5,196.0,17.7,0.1,0.0,835.8,835.6,809.4,0.9686,524.87,498.14666666666665,0.9400966666666667
SAURASHTRA & KUTCH,1971,0.3,0.0,0.0,0.3,2.0,147.1,176.8,134.1,52.2,0.9,0.0,0.0,513.6,513.7,510.2,0.9932,524.87,498.14666666666665,0.9400966666666667
SAURASHTRA & KUTCH,1972,0.1,3.4,0.0,0.0,0.3,87.0,98.8,24.9,7.2,0.4,0.0,0.0,222.1,222.1,217.9,0.9811,524.87,498.14666666666665,0.9400966666666667
SAURASHTRA & KUTCH,1973,0.8,0.1,0.0,0.0,0.5,50.8,177.2,78.6,75.3,7.0,0.0,0.0,390.3,390.3,381.90000000000003,0.9785,524.87,498.14666666666665,0.9400966666666667
SAURASHTRA & KUTCH,1974,0.0,0.0,0.0,0.2,10.3,16.1,56.4,26.1,45.6,29.6,0.0,0.4,184.7,184.7,144.2,0.7807,524.87,498.14666666666665,0.9400966666666667
SAURASHTRA & KUTCH,1975,0.7,0.0,0.0,0.0,0.0,101.2,87.5,189.3,200.0,103.3,0.0,0.0,682.1,682.0,578.0,0.8475,524.87,498.14666666666665,0.9400966666666667
SAURASHTRA & KUTCH,1976,1.0,0.1,1.0,0.0,0.0,103.7,237.8,188.2,64.8,2.3,26.6,0.0,625.5,625.4999999999999,594.5,0.9504,524.87,498.14666666666665,0.9400966666666667
SAURASHTRA & KUTCH,1977,1.0,0.0,0.0,0.0,7.7,161.0,198.2,88.6,98.9,0.9,7.8,0.0,564.1,564.0999999999999,546.6999999999999,0.9692,524.87,498.14666666666665,0.9400966666666667
SAURASHTRA & KUTCH,1978,0.0,0.7,0.0,2.5,0.0,157.4,104.2,170.3,11.1,9.7,32.1,0.5,488.6,488.50000000000006,443.00000000000006,0.9069,524.87,498.14666666666665,0.9400966666666667
SAURASHTRA & KUTCH,1979,0.0,3.3,0.0,0.0,0.1,143.5,34.7,634.0,37.0,12.2,89.7,1.0,955.4,955.5000000000001,849.2,0.8887,524.87,498.14666666666665,0.9400966666666667
SAURASHTRA & KUTCH,1980,0.3,0.2,0.0,0.0,0.0,321.8,231.6,58.1,15.1,0.1,0.9,7.8,635.8,635.9,626.6,0.9854,524.87,498.14666666666665,0.9400966666666667
SAURASHTRA & KUTCH,1981,0.7,0.0,0.0,0.0,0.7,46.0,284.5,163.8,89.5,32.8,87.0,0.0,705.0,705.0,583.8,0.8281,524.87,498.14666666666665,0.9400966666666667
SAURASHTRA & KUTCH,1982,0.1,0.0,0.0,0.3,20.5,5.2,136.7,114.1,16.9,0.7,106.7,0.0,401.3,401.19999999999993,272.9,0.6802,524.87,498.14666666666665,0.9400966666666667
SAURASHTRA & KUTCH,1983,0.2,0.1,0.0,1.3,0.5,210.2,211.8,246.3,67.8,20.3,0.0,0.0,758.4,758.5,736.0999999999999,0.9705,524.87,498.14666666666665,0.9400966666666667
SAURASHTRA & KUTCH,1984,0.0,0.0,0.0,0.0,0.0,57.7,116.7,153.2,116.1,0.0,0.0,0.0,443.7,443.70000000000005,443.70000000000005,1.0,524.87,498.14666666666665,0.9400966666666667
SAURASHTRA & KUTCH,1985,0.0,0.0,0.0,0.0,5.1,12.0,103.3,118.6,17.7,42.1,0.0,0.0,298.8,298.8,251.59999999999997,0.842,524.87,498.14666666666665,0.9400966666666667
SAURASHTRA & KUTCH,1986,0.0,0.0,0.2,0.0,2.2,167.8,30.4,93.0,4.8,0.0,0.0,0.1,298.5,298.50000000000006,296.00000000000006,0.9916,524.87,498.14666666666665,0.9400966666666667
SAURASHTRA & KUTCH,1987,0.0,0.0,0.4,0.0,0.1,31.4,18.4,33.5,2.1,0.1,3.2,3.3,92.7,92.49999999999999,85.39999999999999,0.9232,524.87,498.14666666666665,0.9400966666666667
SAURASHTRA & KUTCH,1988,0.0,0.0,0.0,1.1,0.1,12.7,495.8,110.8,131.0,0.8,0.0,0.0,752.3,752.3,750.3,0.9973,524.87,498.14666666666665,0.9400966666666667
SAURASHTRA & KUTCH,1989,1.8,0.0,0.2,0.0,0.0,134.5,256.6,60.6,41.3,3.1,0.0,0.0,498.2,498.1000000000001,493.00000000000006,0.9898,524.87,498.14666666666665,0.9400966666666667
SAURASHTRA & KUTCH,1990,0.0,2.3,0.4,0.0,5.9,32.9,16.9,259.4,70.1,18.8,0.1,1.1,407.9,407.90000000000003,379.29999999999995,0.9299,524.87,498.14666666666665,0.9400966666666667
SAURASHTRA & KUTCH,1991,0.0,0.0,0.0,0.0,0.0,13.3,155.6,44.2,5.4,0.0,0.0,0.3,218.7,218.80000000000004,218.50000000000003,0.9986,524.87,498.14666666666665,0.9400966666666667
SAURASHTRA & KUTCH,1992,1.8,0.2,0.0,0.0,0.1,45.1,343.2,111.9,88.7,9.5,0.2,0.0,600.7,600.7,588.9000000000001,0.9804,524.87,498.14666666666665,0.9400966666666667
SAURASHTRA & KUTCH,1993,1.5,4.8,0.0,0.0,0.0,41.4,140.6,4.0,70.1,30.5,17.2,2.5,312.7,312.59999999999997,256.1,0.8193,524.87,498.14666666666665,0.9400966666666667
SAURASHTRA & KUTCH,1994,1.0,0.0,0.0,0.0,0.0,99.4,403.1,137.5,231.6,0.2,0.0,0.0,872.8,872.8000000000001,871.6,0.9986,524.87,498.14666666666665,0.9400966666666667
SAURASHTRA & KUTCH,1995,0.0,0.0,0.2,0.0,0.0,3.0,259.1,45.4,42.5,23.9,0.0,0.0,374.1,374.09999999999997,350.0,0.9356,524.87,498.14666666666665,0.9400966666666667
SAURASHTRA & KUTCH,1996,0.4,0.0,0.0,0.1,0.0,137.1,162.1,23.9,11.8,39.0,0.0,0.0,374.4,374.4,334.9,0.8945,524.87,498.14666666666665,0.9400966666666667
SAURASHTRA & KUTCH,1997,0.8,0.0,0.6,0.3,3.0,189.8,137.4,95.7,170.7,1.9,0.0,0.0,600.2,600.1999999999999,593.6,0.989,524.87,498.14666666666665,0.9400966666666667
SAURASHTRA & KUTCH,1998,0.0,0.0,0.0,0.0,0.0,109.1,149.6,94.4,62.1,150.0,1.6,0.0,566.9,566.8000000000001,415.20000000000005,0.7325,524.87,498.14666666666665,0.9400966666666667
SAURASHTRA & KUTCH,1999,1.3,10.5,0.0,0.0,131.9,60.6,42.3,17.4,23.9,92.9,0.0,0.0,380.7,380.79999999999995,144.20000000000002,0.3787,524.87,498.14666666666665,0.9400966666666667
SAURASHTRA & KUTCH,2000,0.0,0.0,0.0,0.0,2.9,5.4,224.7,46.2,4.5,2.2,0.0,0.1,286.1,286.0,280.8,0.9818,524.87,498.14666666666665,0.9400966666666667
SAURASHTRA & KUTCH,2001,0.0,0.0,0.0,0.2,0.9,172.9,191.1,116.9,20.6,7.6,0.0,0.0,510.2,510.20000000000005,501.5,0.9829,524.87,498.14666666666665,0.9400966666666667
SAURASHTRA & KUTCH,2002,0.0,0.0,0.0,0.0,0.0,166.4,8.0,117.5,15.1,0.2,0.2,0.6,308.1,308.0,307.0,0.9968,524.87,498.14666666666665,0.9400966666666667
SAURASHTRA & KUTCH,2003,0.0,0.4,0.0,0.0,0.0,68.2,402.2,190.7,21.7,3.0,0.0,0.0,686.2,686.2,682.8,0.995,524.87,498.14666666666665,0.9400966666666667
SAURASHTRA & KUTCH,2004,0.2,0.0,0.0,0.0,13.6,95.0,90.0,227.7,36.1,19.7,0.0,0.0,482.2,482.3,448.8,0.9305,524.87,498.14666666666665,0.9400966666666667
SAURASHTRA & KUTCH,2005,0.0,0.0,0.0,0.2,0.2,201.2,126.7,68.4,233.1,1.7,0.0,0.0,631.6,631.5000000000001,629.4,0.9967,524.87,498.14666666666665,0.9400966666666667
SAURASHTRA & KUTCH,2006,0.0,0.0,1.9,0.0,0.0,66.2,373.4,189.8,68.2,1.4,0.3,0.6,701.8,701.8,697.6,0.994,524.87,498.14666666666665,0.9400966666666667
SAURASHTRA & KUTCH,2007,0.0,1.9,0.1,0.0,0.2,114.1,209.2,405.4,157.0,1.7,1.2,0.0,890.7,890.8000000000001,885.6999999999999,0.9943,524.87,498.14666666666665,0.9400966666666667
SAURASHTRA & KUTCH,2008,0.1,0.1,0.1,0.5,0.0,96.0,150.3,115.1,231.6,5.8,0.6,7.7,607.9,607.9000000000001,593.0,0.9755,524.87,498.14666666666665,0.9400966666666667
SAURASHTRA & KUTCH,2009,0.0,0.0,0.0,0.0,0.0,68.1,409.1,106.0,8.8,3.3,1.5,0.0,596.9,596.8,592.0,0.992,524.87,498.14666666666665,0.9400966666666667
SAURASHTRA & KUTCH,2010,0.1,0.0,0.0,0.0,0.1,71.1,393.8,391.3,187.6,11.6,64.3,0.0,1119.9,1119.8999999999999,1043.8,0.932,524.87,498.14666666666665,0.9400966666666667
SAURASHTRA & KUTCH,2011,0.0,1.4,0.0,0.0,0.0,26.0,212.7,290.9,210.1,1.2,0.1,0.0,742.5,742.4000000000001,739.6999999999999,0.9964,524.87,498.14666666666665,0.9400966666666667
SAURASHTRA & KUTCH,2012,0.0,0.0,0.0,0.2,0.1,22.4,34.7,34.5,228.5,2.4,0.0,1.0,323.8,323.79999999999995,320.1,0.9886,524.87,498.14666666666665,0.9400966666666667
SAURASHTRA & KUTCH,2013,1.7,0.2,0.1,8.5,0.1,127.7,171.2,83.3,260.2,28.6,0.0,0.0,681.8,681.6,642.4,0.9425,524.87,498.14666666666665,0.9400966666666667
SAURASHTRA & KUTCH,2014,0.3,0.0,0.1,0.5,2.1,17.3,137.7,118.8,99.2,5.2,2.7,0.0,383.9,383.9,373.0,0.9716,524.87,498.14666666666665,0.9400966666666667
SAURASHTRA & KUTCH,2015,0.9,0.0,4.4,2.1,0.8,112.6,226.7,10.6,79.9,3.3,0.3,0.0,441.7,441.6,429.79999999999995,0.9733,524.87,498.14666666666665,0.9400966666666667
KONKAN & GOA,1901,5.6,0.1,0.4,35.7,19.9,746.1,1075.5,748.0,117.4,38.6,5.4,0.1,2792.9,2792.8,2687.0,0.9621,3030.8966666666665,2844.42,0.9385733333333334
KONKAN & GOA,1902,0.3,0.0,0.0,0.4,7.6,428.2,943.6,515.1,613.8,74.3,42.7,48.0,2673.9,2674.0,2500.7,0.9352,3030.8966666666665,2844.42,0.9385733333333334
KONKAN & GOA,1903,0.0,0.0,0.1,0.0,201.1,470.5,1298.6,673.9,285.1,140.8,12.4,1.7,3084.3,3084.2,2728.1,0.8845,3030.8966666666665,2844.42,0.9385733333333334
KONKAN & GOA,1904,0.0,0.1,6.6,6.3,4.6,975.8,771.7,321.3,217.0,90.3,0.0,0.0,2393.7,2393.7000000000003,2285.8,0.9549,3030.8966666666665,2844.42,0.9385733333333334
KONKAN & GOA,1905,0.1,0.1,0.0,0.4,8.6,293.7,770.6,305.5,208.3,83.5,12.1,0.0,1682.8,1682.8999999999999,1578.1,0.9377,3030.8966666666665,2844.42,0.9385733333333334
KONKAN & GOA,1906,5.0,0.9,0.0,0.0,2.9,547.4,1090.9,506.7,222.5,31.6,10.2,0.7,2418.9,2418.7999999999993,2367.5,0.9788,3030.8966666666665,2844.42,0.9385733333333334
KONKAN & GOA,1907,1.7,1.0,0.0,20.1,0.0,583.1,1170.9,811.5,164.0,11.4,1.9,0.9,2766.6,2766.5000000000005,2729.5,0.9866,3030.8966666666665,2844.42,0.9385733333333334
KONKAN & GOA,1908,0.9,1.1,0.0,2.3,1.0,440.0,1391.8,649.8,222.4,24.6,1.6,0.0,2735.5,2735.4999999999995,2704.0,0.9885,3030.8966666666665,2844.42,0.9385733333333334
KONKAN & GOA,1909,0.1,0.0,0.1,0.3,7.8,759.5,1301.8,381.5,384.4,17.5,7.4,0.1,2860.5,2860.5,2827.2000000000003,0.9884,3030.8966666666665,2844.42,0.9385733333333334
KONKAN & GOA,1910,0.0,0.0,0.3,0.0,2.6,832.4,407.8,763.2,374.6,121.4,41.7,0.0,2544.0,2544.0,2378.0,0.9347,3030.8966666666665,2844.42,0.9385733333333334
KONKAN & GOA,1911,0.2,0.0,3.2,0.0,17.1,543.6,585.6,750.3,175.5,34.2,21.4,3.6,2134.7,2134.7,2055.0,0.9627,3030.8966666666665,2844.42,0.9385733333333334
KONKAN & GOA,1912,0.0,0.0,0.0,4.1,28.9,671.0,1242.9,541.7,135.2,71.9,97.5,0.0,2793.3,2793.2000000000003,2590.8,0.9275,3030.8966666666665,2844.42,0.9385733333333334
KONKAN & GOA,1913,0.0,0.0,0.0,1.3,18.7,897.9,1074.3,321.8,194.4,107.5,1.6,0.0,2617.4,2617.5,2488.4,0.9507,3030.8966666666665,2844.42,0.9385733333333334
KONKAN & GOA,1914,0.0,0.8,0.0,0.8,1.6,706.9,1370.3,797.6,549.9,21.9,11.2,3.6,3464.6,3464.6,3424.7,0.9885,3030.8966666666665,2844.42,0.9385733333333334
KONKAN & GOA,1915,0.0,4.7,5.9,10.2,7.7,845.1,734.4,355.1,412.2,137.4,12.8,0.3,2525.8,2525.8,2346.7999999999997,0.9291,3030.8966666666665,2844.42,0.9385733333333334
KONKAN & GOA,1916,0.0,0.0,0.0,2.4,39.9,832.7,765.6,851.1,620.1,204.7,86.1,0.0,3402.6,3402.5999999999995,3069.5,0.9021,3030.8966666666665,2844.42,0.9385733333333334
KONKAN & GOA,1917,0.0,18.4,1.2,0.3,17.5,807.6,675.1,902.5,567.7,408.0,32.6,0.0,3430.9,3430.9,2952.8999999999996,0.8607,3030.8966666666665,2844.42,0.9385733333333334
KONKAN & GOA,1918,0.1,0.0,3.3,0.1,345.4,334.1,424.7,578.1,123.6,5.8,52.0,0.0,1867.3,1867.2,1460.5,0.7822,3030.8966666666665,2844.42,0.9385733333333334
KONKAN & GOA,1919,2.5,0.0,0.0,0.0,9.6,643.6,1120.2,643.5,276.8,124.5,20.6,10.5,2851.7,2851.8,2684.1000000000004,0.9412,3030.8966666666665,2844.42,0.9385733333333334
KONKAN & GOA,1920,14.0,1.2,0.0,12.0,5.1,424.9,824.0,360.8,226.7,52.4,2.9,0.0,1924.1,1924.0000000000002,1836.4,0.9545,3030.8966666666665,2844.42,0.9385733333333334
KONKAN & GOA,1921,0.3,0.0,0.1,4.8,0.0,658.1,1102.5,611.8,450.4,57.5,13.7,0.0,2899.2,2899.2000000000003,2822.7999999999997,0.9736,3030.8966666666665,2844.42,0.9385733333333334
KONKAN & GOA,1922,0.0,0.0,0.0,6.3,13.4,774.3,1290.6,339.3,261.1,41.4,90.0,1.2,2817.5,2817.6,2665.2999999999997,0.9459,3030.8966666666665,2844.42,0.9385733333333334
KONKAN & GOA,1923,0.0,0.5,4.7,1.3,7.8,259.4,1643.9,480.7,363.7,8.3,0.1,0.0,2770.5,2770.4,2747.7,0.9918,3030.8966666666665,2844.42,0.9385733333333334
KONKAN & GOA,1924,0.0,0.0,0.1,0.1,0.4,522.5,932.2,641.7,324.4,19.0,3.8,0.0,2444.3,2444.2000000000003,2420.8,0.9904,3030.8966666666665,2844.42,0.9385733333333334
KONKAN & GOA,1925,0.1,0.0,7.4,5.2,121.0,800.9,655.5,501.5,120.4,74.6,18.6,0.0,2305.1,2305.2,2078.3,0.9016,3030.8966666666665,2844.42,0.9385733333333334
KONKAN & GOA,1926,31.8,0.0,0.0,0.0,1.5,306.1,1203.6,1149.6,432.9,39.2,1.1,0.0,3165.9,3165.7999999999997,3092.2,0.9768,3030.8966666666665,2844.42,0.9385733333333334
KONKAN & GOA,1927,0.0,0.2,0.2,0.0,5.5,785.6,1030.3,416.6,240.9,178.8,87.3,1.6,2747.0,2747.0000000000005,2473.4,0.9004,3030.8966666666665,2844.42,0.9385733333333334
KONKAN & GOA,1928,0.0,1.3,0.2,3.1,1.1,657.0,1159.4,939.9,264.5,137.9,7.7,0.4,3172.4,3172.5,3020.8,0.9522,3030.8966666666665,2844.42,0.9385733333333334
KONKAN & GOA,1929,1.0,0.0,3.2,14.9,6.2,773.8,767.6,516.0,250.9,152.4,11.2,12.1,2509.4,2509.2999999999997,2308.3,0.9199,3030.8966666666665,2844.42,0.9385733333333334
KONKAN & GOA,1930,0.0,0.2,0.1,0.3,12.5,1024.9,690.5,427.3,542.6,136.2,10.6,0.6,2845.7,2845.7999999999997,2685.3,0.9436,3030.8966666666665,2844.42,0.9385733333333334
KONKAN & GOA,1931,0.0,0.0,0.1,1.7,1.8,344.9,1867.2,944.9,307.1,458.9,51.5,21.2,3999.3,3999.2999999999997,3464.1,0.8662,3030.8966666666665,2844.42,0.9385733333333334
KONKAN & GOA,1932,0.5,0.0,0.0,2.9,45.9,435.3,1248.1,485.6,456.2,259.1,21.1,8.2,2962.9,2962.899999999999,2625.2,0.886,3030.8966666666665,2844.42,0.9385733333333334
KONKAN & GOA,1933,0.0,0.1,1.6,15.3,129.2,816.5,909.0,758.6,485.8,179.7,19.2,28.4,3343.4,3343.4,2969.9,0.8883,3030.8966666666665,2844.42,0.9385733333333334
KONKAN & GOA,1934,0.7,0.0,0.3,2.7,0.7,1060.2,893.0,870.7,329.7,60.3,53.5,0.5,3272.3,3272.3,3153.6,0.9637,3030.8966666666665,2844.42,0.9385733333333334
KONKAN & GOA,1935,0.2,0.1,0.0,0.0,0.0,700.3,879.9,466.5,419.7,64.3,11.0,0.6,2542.7,2542.6,2466.3999999999996,0.97,3030.8966666666665,2844.42,0.9385733333333334
KONKAN & GOA,1936,0.0,0.0,0.1,0.3,23.2,993.2,712.9,534.9,376.2,62.1,79.1,1.3,2783.4,2783.2999999999997,2617.2,0.9403,3030.8966666666665,2844.42,0.9385733333333334
KONKAN & GOA,1937,0.0,4.0,0.1,53.5,2.4,826.9,1492.9,270.1,378.1,159.2,4.0,0.7,3192.0,3191.8999999999996,2968.0,0.9299,3030.8966666666665,2844.42,0.9385733333333334
KONKAN & GOA,1938,0.0,0.4,4.0,2.1,55.2,1118.1,908.2,634.8,345.6,400.0,27.0,0.1,3495.5,3495.5,3006.7,0.8602,3030.8966666666665,2844.42,0.9385733333333334
KONKAN & GOA,1939,0.2,0.0,0.4,5.8,0.1,509.6,1116.8,817.1,227.9,58.0,22.7,0.0,2758.6,2758.6,2671.4,0.9684,3030.8966666666665,2844.42,0.9385733333333334
KONKAN & GOA,1940,4.8,6.1,2.8,1.9,7.9,668.3,1105.9,987.1,328.9,172.7,26.7,0.6,3313.7,3313.7,3090.2000000000003,0.9326,3030.8966666666665,2844.42,0.9385733333333334
KONKAN & GOA,1941,17.1,0.2,0.1,1.0,5.1,602.7,718.0,282.0,194.6,61.4,0.2,7.3,1889.6,1889.7,1797.3,0.9511,3030.8966666666665,2844.42,0.9385733333333334
KONKAN & GOA,1942,0.0,0.0,0.0,3.3,2.6,987.6,1386.3,536.7,312.0,37.1,1.4,12.4,3279.5,3279.4,3222.6000000000004,0.9827,3030.8966666666665,2844.42,0.9385733333333334
KONKAN & GOA,1943,3.6,0.0,0.1,0.0,200.0,788.0,1313.1,281.8,468.4,168.4,27.8,0.0,3251.3,3251.2000000000007,2851.3,0.877,3030.8966666666665,2844.42,0.9385733333333334
KONKAN & GOA,1944,0.1,0.0,0.7,0.0,17.5,542.5,1456.0,658.6,85.7,177.0,14.1,0.0,2952.1,2952.2,2742.7999999999997,0.9291,3030.8966666666665,2844.42,0.9385733333333334
KONKAN & GOA,1945,8.8,0.0,0.0,0.9,1.1,733.2,1394.2,709.4,348.4,44.9,3.6,0.0,3244.5,3244.5,3185.2000000000003,0.9817,3030.8966666666665,2844.42,0.9385733333333334
KONKAN & GOA,1946,0.0,0.0,0.0,14.4,30.0,787.9,1085.7,878.9,334.0,47.3,170.4,10.4,3358.9,3359.0000000000005,3086.5,0.9189,3030.8966666666665,2844.42,0.9385733333333334
KONKAN & GOA,1947,4.9,0.0,5.8,67.3,7.5,398.3,1133.9,919.2,497.5,50.8,2.0,2.9,3090.1,3090.1000000000004,2948.9,0.9543,3030.8966666666665,2844.42,0.9385733333333334
KONKAN & GOA,1948,10.5,0.0,0.2,2.3,7.2,599.3,1080.4,797.3,376.6,77.7,168.1,0.0,3119.8,3119.5999999999995,2853.6,0.9147,3030.8966666666665,2844.42,0.9385733333333334
KONKAN & GOA,1949,0.2,0.0,0.1,1.3,128.9,442.2,1147.3,594.7,782.3,108.3,8.4,0.0,3213.7,3213.7000000000003,2966.5,0.9231,3030.8966666666665,2844.42,0.9385733333333334
KONKAN & GOA,1950,0.0,0.0,0.2,0.2,21.3,364.1,1336.1,302.6,777.5,119.1,8.1,0.0,2929.2,2929.2,2780.2999999999997,0.9492,3030.8966666666665,2844.42,0.9385733333333334
KONKAN & GOA,1951,0.0,0.0,2.5,9.8,22.7,730.4,1114.7,507.6,129.0,296.3,36.3,0.0,2849.4,2849.3,2481.7,0.871,3030.8966666666665,2844.42,0.9385733333333334
KONKAN & GOA,1952,0.0,0.0,0.0,2.8,23.5,729.4,1013.1,512.3,87.5,151.5,0.0,1.8,2522.0,2521.9,2342.3,0.9288,3030.8966666666665,2844.42,0.9385733333333334
KONKAN & GOA,1953,0.0,0.0,0.0,15.4,0.0,910.3,1321.9,713.3,210.5,156.1,0.2,0.0,3327.8,3327.6999999999994,3156.0,0.9484,3030.8966666666665,2844.42,0.9385733333333334
KONKAN & GOA,1954,0.0,2.4,3.5,7.2,3.9,581.5,1470.8,912.8,750.7,48.9,0.1,8.6,3790.3,3790.4,3715.8,0.9803,3030.8966666666665,2844.42,0.9385733333333334
KONKAN & GOA,1955,0.2,0.0,2.2,11.6,34.2,779.2,995.9,1299.8,463.0,297.1,14.2,0.0,3897.5,3897.4,3537.8999999999996,0.9078,3030.8966666666665,2844.42,0.9385733333333334
KONKAN & GOA,1956,0.0,0.3,0.0,5.8,176.4,780.2,1325.8,700.8,433.4,195.0,46.0,0.0,3663.7,3663.7000000000003,3240.2000000000003,0.8844,3030.8966666666665,2844.42,0.9385733333333334
KONKAN & GOA,1957,0.0,0.0,0.0,1.7,30.6,593.8,1175.0,1051.7,130.6,86.6,52.9,0.6,3123.5,3123.5,2951.1,0.9448,3030.8966666666665,2844.42,0.9385733333333334
KONKAN & GOA,1958,0.2,0.1,0.2,9.0,34.8,1044.5,1280.2,1177.9,383.7,54.8,14.7,0.2,4000.2,4000.2999999999997,3886.2999999999997,0.9715,3030.8966666666665,2844.42,0.9385733333333334
KONKAN & GOA,1959,0.0,0.0,0.0,6.0,36.2,750.1,1357.1,690.9,521.8,201.4,24.8,0.3,3588.6,3588.600000000001,3319.8999999999996,0.9251,3030.8966666666665,2844.42,0.9385733333333334
KONKAN & GOA,1960,0.0,0.0,0.0,1.1,81.0,920.1,1140.9,501.8,285.1,82.0,15.3,0.5,3027.7,3027.8000000000006,2847.9,0.9406,3030.8966666666665,2844.42,0.9385733333333334
KONKAN & GOA,1961,0.0,5.2,0.0,2.3,182.2,738.0,1543.3,712.6,486.1,248.9,2.4,0.0,3921.0,3921.0,3480.0,0.8875,3030.8966666666665,2844.42,0.9385733333333334
KONKAN & GOA,1962,0.2,0.0,0.1,0.7,129.5,435.5,1355.1,880.4,525.9,48.8,12.8,96.2,3485.1,3485.2000000000003,3196.9,0.9173,3030.8966666666665,2844.42,0.9385733333333334
KONKAN & GOA,1963,0.0,0.1,0.1,1.1,7.6,594.5,1178.8,1414.7,306.3,91.9,11.7,0.0,3606.8,3606.7999999999997,3494.3,0.9688,3030.8966666666665,2844.42,0.9385733333333334
KONKAN & GOA,1964,0.0,0.0,0.0,0.9,5.2,690.3,908.3,1031.8,378.9,158.0,18.9,0.4,3192.7,3192.7000000000003,3009.2999999999997,0.9426,3030.8966666666665,2844.42,0.9385733333333334
KONKAN & GOA,1965,3.4,0.0,0.0,5.7,0.1,817.6,1393.7,608.8,147.5,8.9,2.2,83.7,3071.5,3071.6,2967.6000000000004,0.9661,3030.8966666666665,2844.42,0.9385733333333334
KONKAN & GOA,1966,0.0,0.0,0.0,0.2,64.7,370.0,1168.8,224.1,443.5,43.9,111.3,1.1,2427.5,2427.6,2206.3999999999996,0.9089,3030.8966666666665,2844.42,0.9385733333333334
KONKAN & GOA,1967,0.0,0.0,7.7,0.8,7.5,768.9,1109.2,416.9,317.1,109.6,0.7,14.0,2752.3,2752.3999999999996,2612.1,0.949,3030.8966666666665,2844.42,0.9385733333333334
KONKAN & GOA,1968,0.0,0.3,0.1,6.0,1.5,556.9,1134.7,318.7,202.1,130.4,8.6,0.0,2359.4,2359.3,2212.4,0.9377,3030.8966666666665,2844.42,0.9385733333333334
KONKAN & GOA,1969,0.0,0.0,0.0,1.1,2.4,666.5,1282.2,527.1,586.0,37.9,23.2,0.9,3127.4,3127.3,3061.8,0.9791,3030.8966666666665,2844.42,0.9385733333333334
KONKAN & GOA,1970,0.0,0.0,0.0,1.5,74.5,963.3,993.8,1164.8,312.7,85.8,0.0,0.2,3596.6,3596.5999999999995,3434.5999999999995,0.955,3030.8966666666665,2844.42,0.9385733333333334
KONKAN & GOA,1971,0.0,0.0,0.0,0.3,85.1,1011.9,650.8,602.0,362.6,40.4,0.9,0.0,2754.0,2754.0,2627.2999999999997,0.954,3030.8966666666665,2844.42,0.9385733333333334
KONKAN & GOA,1972,0.0,0.1,0.0,0.6,10.7,662.0,731.6,293.9,138.8,8.5,26.8,0.0,1873.0,1873.0,1826.3,0.9751,3030.8966666666665,2844.42,0.9385733333333334
KONKAN & GOA,1973,0.0,0.4,0.0,0.0,3.1,455.9,922.1,910.6,437.4,103.6,2.9,0.2,2836.3,2836.2,2726.0,0.9611,3030.8966666666665,2844.42,0.9385733333333334
KONKAN & GOA,1974,0.7,0.0,0.0,6.8,73.9,508.2,1133.0,774.4,351.1,238.6,0.0,0.0,3086.7,3086.7,2766.7,0.8963,3030.8966666666665,2844.42,0.9385733333333334
KONKAN & GOA,1975,0.0,0.1,0.0,1.0,13.6,856.9,1027.0,848.0,556.0,192.7,20.2,0.0,3515.4,3515.4999999999995,3287.9,0.9353,3030.8966666666665,2844.42,0.9385733333333334
KONKAN & GOA,1976,0.0,0.0,1.6,0.4,4.5,635.1,1279.2,690.1,360.7,20.3,71.0,0.0,3063.0,3062.9,2965.1,0.9681,3030.8966666666665,2844.42,0.9385733333333334
KONKAN & GOA,1977,0.0,0.0,0.8,1.3,10.3,583.0,1384.6,580.5,386.9,77.0,78.8,0.2,3103.3,3103.4,2935.0,0.9457,3030.8966666666665,2844.42,0.9385733333333334
KONKAN & GOA,1978,0.0,0.0,0.0,8.3,86.6,946.2,907.2,575.4,243.0,67.2,48.8,2.8,2885.6,2885.5000000000005,2671.8,0.9259,3030.8966666666665,2844.42,0.9385733333333334
KONKAN & GOA,1979,0.0,0.7,0.1,0.0,0.3,653.1,797.2,687.2,266.5,26.8,77.3,0.0,2509.2,2509.2000000000007,2404.0,0.9581,3030.8966666666665,2844.42,0.9385733333333334
KONKAN & GOA,1980,0.0,0.0,0.0,3.5,2.9,877.7,749.9,851.8,166.4,20.7,26.1,25.2,2724.3,2724.2,2645.7999999999997,0.9712,3030.8966666666665,2844.42,0.9385733333333334
KONKAN & GOA,1981,0.6,0.0,0.0,0.1,4.2,773.9,1073.0,708.6,480.6,59.1,24.5,0.1,3124.7,3124.7,3036.1,0.9716,3030.8966666666665,2844.42,0.9385733333333334
KONKAN & GOA,1982,0.0,0.0,0.0,0.0,14.5,558.4,987.1,810.8,216.3,42.1,69.6,0.0,2698.9,2698.8,2572.6000000000004,0.9532,3030.8966666666665,2844.42,0.9385733333333334
KONKAN & GOA,1983,0.0,0.0,0.0,0.3,0.4,655.3,1073.2,1331.2,638.8,102.4,9.7,3.2,3814.5,3814.4999999999995,3698.5,0.9696,3030.8966666666665,2844.42,0.9385733333333334
KONKAN & GOA,1984,0.0,0.2,0.1,0.9,0.3,728.0,1090.5,421.4,220.5,118.7,2.9,0.3,2583.6,2583.8,2460.4,0.9522,3030.8966666666665,2844.42,0.9385733333333334
KONKAN & GOA,1985,0.0,0.0,0.0,0.4,23.3,1000.0,921.3,663.1,153.1,204.8,2.5,0.0,2968.5,2968.5,2737.5,0.9222,3030.8966666666665,2844.42,0.9385733333333334
KONKAN & GOA,1986,0.0,0.0,0.0,0.1,1.0,777.2,543.2,670.9,65.0,15.6,53.6,1.0,2127.7,2127.6,2056.3,0.9665,3030.8966666666665,2844.42,0.9385733333333334
KONKAN & GOA,1987,0.0,0.0,0.0,0.6,9.0,612.0,832.2,835.6,149.3,166.8,20.2,9.3,2635.0,2635.0000000000005,2429.1000000000004,0.9219,3030.8966666666665,2844.42,0.9385733333333334
KONKAN & GOA,1988,0.0,0.0,0.0,4.3,1.3,506.1,1432.1,664.4,617.9,66.9,0.0,0.0,3293.0,3293.0,3220.5,0.978,3030.8966666666665,2844.42,0.9385733333333334
KONKAN & GOA,1989,0.0,0.0,0.6,1.0,4.0,733.1,943.0,704.9,300.5,80.7,3.6,0.0,2771.5,2771.3999999999996,2681.5,0.9676,3030.8966666666665,2844.42,0.9385733333333334
KONKAN & GOA,1990,0.0,0.0,0.1,0.0,193.9,802.1,873.7,1164.2,323.2,190.0,20.8,0.0,3568.0,3568.0,3163.2,0.8865,3030.8966666666665,2844.42,0.9385733333333334
KONKAN & GOA,1991,0.0,0.0,0.0,6.4,14.7,759.2,1461.4,598.8,92.7,20.3,0.8,0.3,2954.6,2954.6000000000004,2912.1000000000004,0.9856,3030.8966666666665,2844.42,0.9385733333333334
KONKAN & GOA,1992,0.0,0.0,0.0,0.0,6.2,493.0,822.9,1093.1,343.4,79.0,2.8,0.0,2840.4,2840.4,2752.4,0.969,3030.8966666666665,2844.42,0.9385733333333334
KONKAN & GOA,1993,0.0,0.0,0.6,0.1,11.4,587.7,1394.1,648.7,597.2,227.6,9.4,4.0,3480.9,3480.8,3227.7,0.9273,3030.8966666666665,2844.42,0.9385733333333334
KONKAN & GOA,1994,1.3,0.0,0.0,12.5,11.7,784.8,1168.5,654.4,406.5,137.9,2.2,0.0,3179.8,3179.7999999999997,3014.2,0.9479,3030.8966666666665,2844.42,0.9385733333333334
KONKAN & GOA,1995,3.5,0.0,0.0,3.3,15.3,345.9,1171.2,606.5,419.5,196.5,4.4,0.0,2766.0,2766.1,2543.1,0.9194,3030.8966666666665,2844.42,0.9385733333333334
KONKAN & GOA,1996,0.1,0.0,0.0,0.6,1.4,535.7,1232.0,594.6,308.4,245.9,1.2,0.9,2920.7,2920.8,2670.7000000000003,0.9144,3030.8966666666665,2844.42,0.9385733333333334
KONKAN & GOA,1997,2.6,0.0,0.8,1.8,0.2,757.9,1072.6,847.6,215.2,21.8,47.1,59.6,3027.2,3027.2,2893.2999999999997,0.9558,3030.8966666666665,2844.42,0.9385733333333334
KONKAN & GOA,1998,0.0,0.0,0.0,0.0,9.7,671.3,909.1,758.3,561.8,280.0,44.3,0.1,3234.7,3234.6,2900.5,0.8967,3030.8966666666665,2844.42,0.9385733333333334
KONKAN & GOA,1999,0.0,0.0,0.0,0.0,67.1,978.7,1105.1,283.7,297.1,179.7,0.7,0.0,2912.1,2912.099999999999,2664.6,0.915,3030.8966666666665,2844.42,0.9385733333333334
KONKAN & GOA,2000,1.2,0.0,0.0,0.9,190.3,739.4,1200.4,789.5,111.9,91.8,1.6,6.2,3133.2,3133.2,2841.2000000000003,0.9068,3030.8966666666665,2844.42,0.9385733333333334
KONKAN & GOA,2001,5.6,0.0,0.0,2.8,59.6,540.1,873.4,611.3,207.9,91.6,3.1,0.0,2395.4,2395.4,2232.7,0.9321,3030.8966666666665,2844.42,0.9385733333333334
KONKAN & GOA,2002,0.0,0.0,0.1,2.8,9.4,942.0,452.8,834.5,217.1,75.3,3.0,0.3,2537.2,2537.3,2446.4,0.9642,3030.8966666666665,2844.42,0.9385733333333334
KONKAN & GOA,2003,0.5,0.6,0.8,1.2,11.2,865.3,1013.9,593.7,298.7,54.4,1.9,0.0,2842.3,2842.2,2771.5999999999995,0.9752,3030.8966666666665,2844.42,0.9385733333333334
KONKAN & GOA,2004,0.0,0.0,0.0,10.4,46.9,678.6,902.3,1011.5,293.3,32.9,10.2,0.0,2985.9,2986.1,2885.7000000000003,0.9664,3030.8966666666665,2844.42,0.9385733333333334
KONKAN & GOA,2005,1.3,0.1,1.9,4.0,9.8,730.2,1340.9,772.2,678.8,76.5,0.0,0.1,3615.7,3615.8000000000006,3522.1000000000004,0.9741,3030.8966666666665,2844.42,0.9385733333333334
KONKAN & GOA,2006,0.0,0.0,9.9,0.0,211.8,683.1,1066.2,886.4,399.9,202.4,22.5,0.0,3482.2,3482.2000000000003,3035.6000000000004,0.8717,3030.8966666666665,2844.42,0.9385733333333334
KONKAN & GOA,2007,0.0,0.0,0.1,3.3,33.4,939.3,841.3,980.2,609.0,45.6,16.0,0.1,3468.5,3468.2999999999997,3369.8,0.9716,3030.8966666666665,2844.42,0.9385733333333334
KONKAN & GOA,2008,0.0,0.1,31.5,0.3,11.1,798.5,766.6,833.1,551.2,57.3,0.9,2.4,3053.1,3053.0,2949.3999999999996,0.9661,3030.8966666666665,2844.42,0.9385733333333334
KONKAN & GOA,2009,0.0,0.0,0.3,0.1,5.6,330.6,1271.2,292.9,387.5,307.4,121.0,0.0,2716.6,2716.6000000000004,2282.2000000000003,0.8401,3030.8966666666665,2844.42,0.9385733333333334
KONKAN & GOA,2010,2.7,0.0,0.0,1.5,8.2,680.8,1405.3,850.0,531.3,190.2,106.7,1.4,3778.1,3778.1,3467.3999999999996,0.9178,3030.8966666666665,2844.42,0.9385733333333334
KONKAN & GOA,2011,0.0,0.0,0.0,3.4,1.1,857.0,1384.1,987.9,468.3,120.3,3.1,0.0,3825.2,3825.2000000000003,3697.3,0.9666,3030.8966666666665,2844.42,0.9385733333333334
KONKAN & GOA,2012,0.0,0.0,0.0,0.6,1.1,633.0,928.5,762.5,515.3,175.1,2.3,0.0,3018.4,3018.4,2839.3,0.9407,3030.8966666666665,2844.42,0.9385733333333334
KONKAN & GOA,2013,1.8,5.4,0.1,0.1,18.5,1028.3,1478.5,497.6,340.7,149.3,2.1,1.5,3524.0,3523.8999999999996,3345.1,0.9493,3030.8966666666665,2844.42,0.9385733333333334
KONKAN & GOA,2014,1.3,5.3,1.8,0.7,21.3,238.2,1293.2,658.0,419.5,98.7,8.0,11.7,2757.5,2757.7,2608.9,0.946,3030.8966666666665,2844.42,0.9385733333333334
KONKAN & GOA,2015,2.7,0.0,36.8,3.6,11.3,764.0,526.5,377.3,240.9,91.4,27.3,0.0,2082.0,2081.8,1908.7,0.9169,3030.8966666666665,2844.42,0.9385733333333334
MADHYA MAHARASHTRA,1901,18.8,0.6,7.7,36.6,30.4,107.7,215.9,194.1,83.7,68.7,4.4,0.5,769.0,769.1000000000001,601.4000000000001,0.782,911.99,782.05,0.8564433333333333
MADHYA MAHARASHTRA,1902,7.8,0.0,0.1,5.0,9.8,102.6,210.9,114.5,169.5,60.4,40.5,62.9,784.0,784.0,597.5,0.7621,911.99,782.05,0.8564433333333333
MADHYA MAHARASHTRA,1903,7.6,0.0,0.0,3.2,77.2,86.3,281.8,155.5,142.3,74.2,7.6,2.2,837.9,837.9000000000002,665.9000000000001,0.7947,911.99,782.05,0.8564433333333333
MADHYA MAHARASHTRA,1904,0.4,4.7,1.7,3.0,18.7,114.6,126.5,59.5,183.0,91.1,0.0,0.4,603.5,603.6,483.6,0.8012,911.99,782.05,0.8564433333333333
MADHYA MAHARASHTRA,1905,0.0,1.2,0.0,2.3,23.6,65.0,252.8,79.0,52.6,52.9,8.3,0.0,537.8,537.6999999999999,449.40000000000003,0.8358,911.99,782.05,0.8564433333333333
MADHYA MAHARASHTRA,1906,10.5,0.8,0.0,0.1,9.3,184.8,199.3,205.0,88.8,19.1,15.5,11.1,744.3,744.3,677.9,0.9108,911.99,782.05,0.8564433333333333
MADHYA MAHARASHTRA,1907,0.5,3.7,1.5,54.5,0.6,118.0,262.3,267.8,94.1,7.6,3.6,0.9,815.1,815.1000000000001,742.2,0.9106,911.99,782.05,0.8564433333333333
MADHYA MAHARASHTRA,1908,0.3,0.0,4.7,6.3,5.8,85.1,263.0,169.9,166.6,16.3,4.0,0.0,722.0,722.0,684.6,0.9482,911.99,782.05,0.8564433333333333
MADHYA MAHARASHTRA,1909,1.2,0.1,0.7,1.4,38.5,179.6,247.0,101.6,146.2,31.1,3.1,4.7,755.2,755.2,674.4000000000001,0.893,911.99,782.05,0.8564433333333333
MADHYA MAHARASHTRA,1910,0.0,0.0,1.0,0.0,13.1,204.6,172.0,228.6,195.7,70.0,30.2,0.0,915.2,915.2,800.9000000000001,0.8751,911.99,782.05,0.8564433333333333
MADHYA MAHARASHTRA,1911,2.0,0.1,2.2,0.2,12.0,136.9,137.7,153.2,29.9,23.6,42.9,3.8,544.3,544.5,457.7,0.8406,911.99,782.05,0.8564433333333333
MADHYA MAHARASHTRA,1912,0.0,0.4,0.0,9.0,20.9,88.3,307.6,150.0,34.7,86.0,67.7,0.3,764.9,764.9000000000001,580.6000000000001,0.7591,911.99,782.05,0.8564433333333333
MADHYA MAHARASHTRA,1913,0.0,0.2,0.0,8.4,34.0,259.9,210.8,86.6,82.8,43.7,0.6,5.5,732.5,732.5,640.0999999999999,0.8739,911.99,782.05,0.8564433333333333
MADHYA MAHARASHTRA,1914,0.0,0.4,0.3,3.7,15.2,188.3,348.8,204.3,211.6,22.1,36.6,7.6,1039.0,1038.8999999999999,953.0000000000001,0.9173,911.99,782.05,0.8564433333333333
MADHYA MAHARASHTRA,1915,8.6,6.6,13.9,21.9,12.1,195.2,225.4,80.0,228.5,76.8,20.9,18.0,908.1,907.9,729.1,0.8031,911.99,782.05,0.8564433333333333
MADHYA MAHARASHTRA,1916,0.0,0.2,0.4,4.9,55.2,144.8,257.6,185.9,217.5,136.8,69.1,0.1,1072.4,1072.4999999999998,805.8000000000001,0.7513,911.99,782.05,0.8564433333333333
MADHYA MAHARASHTRA,1917,0.1,20.0,4.8,7.7,15.6,174.3,120.6,187.0,205.2,169.5,33.4,0.0,938.2,938.1999999999999,687.0999999999999,0.7324,911.99,782.05,0.8564433333333333
MADHYA MAHARASHTRA,1918,5.1,0.6,2.6,1.0,90.5,51.7,68.4,112.4,55.1,13.3,30.0,7.5,438.0,438.20000000000005,287.6,0.6563,911.99,782.05,0.8564433333333333
MADHYA MAHARASHTRA,1919,3.0,0.5,1.2,2.7,38.2,173.5,198.9,153.8,231.7,45.1,28.4,1.9,879.1,878.9,757.9000000000001,0.8623,911.99,782.05,0.8564433333333333
MADHYA MAHARASHTRA,1920,41.5,0.2,0.1,9.7,8.0,120.7,185.9,94.1,113.8,26.0,0.3,0.0,600.3,600.3,514.5,0.8571,911.99,782.05,0.8564433333333333
MADHYA MAHARASHTRA,1921,1.6,0.0,0.3,9.0,1.1,105.8,291.6,125.0,128.7,47.5,23.7,0.0,734.3,734.3000000000002,651.1000000000001,0.8867,911.99,782.05,0.8564433333333333
MADHYA MAHARASHTRA,1922,18.3,2.6,0.0,16.7,27.4,161.7,218.2,79.4,97.1,41.2,141.1,1.4,805.2,805.1,556.4,0.6911,911.99,782.05,0.8564433333333333
MADHYA MAHARASHTRA,1923,1.9,1.7,32.7,8.7,10.5,30.7,290.0,126.5,169.5,6.4,0.0,2.3,680.9,680.9,616.7,0.9057,911.99,782.05,0.8564433333333333
MADHYA MAHARASHTRA,1924,2.1,0.0,2.8,19.7,4.6,80.3,173.8,220.6,185.8,49.7,3.6,5.3,748.2,748.3000000000001,660.5,0.8827,911.99,782.05,0.8564433333333333
MADHYA MAHARASHTRA,1925,0.0,0.0,3.1,1.5,38.9,177.7,152.0,115.2,94.7,33.9,40.7,4.0,661.8,661.7,539.6,0.8155,911.99,782.05,0.8564433333333333
MADHYA MAHARASHTRA,1926,34.3,0.6,0.1,0.2,11.2,85.9,230.6,258.0,147.7,8.1,8.3,2.2,787.1,787.1999999999999,722.2,0.9174,911.99,782.05,0.8564433333333333
MADHYA MAHARASHTRA,1927,0.0,1.0,0.9,4.6,9.3,184.9,318.7,85.4,183.6,51.3,83.3,2.0,925.2,924.9999999999999,772.6,0.8352,911.99,782.05,0.8564433333333333
MADHYA MAHARASHTRA,1928,0.1,10.3,3.7,8.0,0.3,143.3,217.7,159.6,209.0,62.5,3.1,14.1,831.7,831.7,729.6,0.8772,911.99,782.05,0.8564433333333333
MADHYA MAHARASHTRA,1929,1.0,6.4,2.0,37.1,6.4,155.9,168.2,73.7,151.6,82.5,3.4,2.2,690.4,690.4,549.4,0.7958,911.99,782.05,0.8564433333333333
MADHYA MAHARASHTRA,1930,0.0,0.0,0.7,3.2,29.8,178.1,233.7,106.5,247.0,87.4,37.7,5.0,929.1,929.1,765.3,0.8237,911.99,782.05,0.8564433333333333
MADHYA MAHARASHTRA,1931,0.0,0.0,0.6,14.0,2.9,109.7,316.3,233.5,178.9,180.9,70.2,25.3,1132.4,1132.3,838.4,0.7404,911.99,782.05,0.8564433333333333
MADHYA MAHARASHTRA,1932,0.0,0.5,8.6,22.3,27.3,67.3,351.7,221.3,162.8,148.4,30.8,4.0,1045.1,1045.0,803.0999999999999,0.7685,911.99,782.05,0.8564433333333333
MADHYA MAHARASHTRA,1933,1.4,0.5,3.4,8.5,76.5,182.3,194.7,259.4,286.1,93.3,24.0,22.3,1152.4,1152.4,922.5,0.8005,911.99,782.05,0.8564433333333333
MADHYA MAHARASHTRA,1934,3.7,0.0,1.9,7.3,8.0,138.2,217.0,222.3,136.8,41.2,82.0,0.0,858.3,858.4000000000001,714.3,0.8321,911.99,782.05,0.8564433333333333
MADHYA MAHARASHTRA,1935,2.5,0.0,0.0,3.7,1.4,149.6,208.6,195.5,126.7,119.4,7.7,3.9,819.0,819.0,680.4000000000001,0.8308,911.99,782.05,0.8564433333333333
MADHYA MAHARASHTRA,1936,1.3,6.2,4.3,3.8,21.1,169.2,113.9,106.3,161.5,17.2,130.4,0.3,735.6,735.4999999999999,550.9000000000001,0.749,911.99,782.05,0.8564433333333333
MADHYA MAHARASHTRA,1937,0.0,2.0,2.0,47.7,4.7,146.7,319.4,63.6,219.9,96.1,1.3,11.0,914.4,914.4,749.5999999999999,0.8198,911.99,782.05,0.8564433333333333
MADHYA MAHARASHTRA,1938,0.6,1.0,23.5,12.2,50.4,239.9,286.6,169.4,191.5,141.3,7.6,2.3,1126.3,1126.3,887.4,0.7879,911.99,782.05,0.8564433333333333
MADHYA MAHARASHTRA,1939,0.2,0.2,4.1,6.3,1.1,127.6,303.9,219.9,88.5,41.8,27.3,0.8,821.9,821.6999999999998,739.9,0.9005,911.99,782.05,0.8564433333333333
MADHYA MAHARASHTRA,1940,1.3,1.8,0.5,16.5,15.8,191.3,215.9,188.7,132.0,95.2,30.1,4.2,893.2,893.3000000000001,727.9000000000001,0.8148,911.99,782.05,0.8564433333333333
MADHYA MAHARASHTRA,1941,28.2,8.0,1.8,5.4,4.2,96.1,338.6,103.7,143.3,44.5,0.1,0.4,774.3,774.3,681.7,0.8804,911.99,782.05,0.8564433333333333
MADHYA MAHARASHTRA,1942,0.2,2.5,0.2,6.7,10.0,213.3,364.7,191.6,93.8,20.0,1.3,36.9,941.3,941.1999999999999,863.4,0.9173,911.99,782.05,0.8564433333333333
MADHYA MAHARASHTRA,1943,4.1,0.0,1.5,3.5,63.4,150.5,316.4,80.9,166.2,196.0,10.6,0.0,993.2,993.1,714.0,0.719,911.99,782.05,0.8564433333333333
MADHYA MAHARASHTRA,1944,0.8,0.7,10.3,0.1,21.4,132.2,421.7,227.8,142.1,115.3,13.6,0.0,1086.0,1086.0,923.8000000000001,0.8506,911.99,782.05,0.8564433333333333
MADHYA MAHARASHTRA,1945,4.2,0.0,0.0,9.8,5.2,125.6,263.7,209.0,132.4,37.1,6.3,0.0,793.4,793.3,730.6999999999999,0.9211,911.99,782.05,0.8564433333333333
MADHYA MAHARASHTRA,1946,0.0,2.9,0.0,22.0,34.3,138.4,288.5,255.9,170.3,23.1,152.8,15.4,1103.6,1103.6000000000001,853.0999999999999,0.773,911.99,782.05,0.8564433333333333
MADHYA MAHARASHTRA,1947,18.7,1.4,4.4,31.0,19.6,63.0,230.6,272.8,216.2,23.0,10.3,14.6,905.7,905.6,782.6000000000001,0.8642,911.99,782.05,0.8564433333333333
MADHYA MAHARASHTRA,1948,16.9,0.7,4.3,7.6,8.9,191.0,239.6,181.4,162.0,66.6,137.1,0.1,1016.3,1016.2,774.0,0.7617,911.99,782.05,0.8564433333333333
MADHYA MAHARASHTRA,1949,0.0,0.0,2.0,4.8,58.4,102.0,201.3,174.0,323.1,82.2,5.7,0.0,953.7,953.5000000000001,800.4000000000001,0.8394,911.99,782.05,0.8564433333333333
MADHYA MAHARASHTRA,1950,0.0,0.2,1.5,5.9,23.2,59.5,400.2,102.9,248.8,87.3,2.2,0.8,932.6,932.5,811.4000000000001,0.8701,911.99,782.05,0.8564433333333333
MADHYA MAHARASHTRA,1951,0.1,0.0,0.5,9.3,29.5,150.1,250.2,136.3,71.7,128.9,20.1,0.0,797.0,796.7,608.3,0.7635,911.99,782.05,0.8564433333333333
MADHYA MAHARASHTRA,1952,0.0,1.9,0.0,8.9,18.9,131.2,268.8,139.1,57.1,56.7,0.0,0.8,683.3,683.4,596.2,0.8724,911.99,782.05,0.8564433333333333
MADHYA MAHARASHTRA,1953,1.2,0.0,0.1,24.5,2.0,186.3,216.5,220.2,126.8,116.1,0.0,0.0,893.6,893.6999999999999,749.8,0.839,911.99,782.05,0.8564433333333333
MADHYA MAHARASHTRA,1954,2.0,0.4,16.0,6.0,15.8,158.5,305.3,171.7,263.0,30.1,0.0,16.2,985.1,985.0000000000001,898.5,0.9122,911.99,782.05,0.8564433333333333
MADHYA MAHARASHTRA,1955,3.2,0.0,6.8,12.2,25.8,140.9,149.6,254.3,218.9,159.0,10.4,0.0,981.0,981.0999999999999,763.6999999999999,0.7784,911.99,782.05,0.8564433333333333
MADHYA MAHARASHTRA,1956,1.5,0.2,1.1,11.3,91.2,111.0,360.5,252.0,165.8,148.0,90.1,1.1,1233.8,1233.7999999999997,889.3,0.7208,911.99,782.05,0.8564433333333333
MADHYA MAHARASHTRA,1957,0.1,0.0,4.8,20.9,36.9,177.8,196.4,202.2,98.7,85.1,26.8,0.1,849.8,849.8,675.1000000000001,0.7944,911.99,782.05,0.8564433333333333
MADHYA MAHARASHTRA,1958,1.6,0.0,5.4,23.6,32.9,101.9,393.3,296.6,112.1,57.4,29.2,0.1,1054.1,1054.1000000000001,903.9000000000001,0.8575,911.99,782.05,0.8564433333333333
MADHYA MAHARASHTRA,1959,2.4,0.0,0.0,16.8,39.3,174.7,344.3,199.0,202.7,84.7,54.9,0.1,1118.9,1118.9,920.7,0.8229,911.99,782.05,0.8564433333333333
MADHYA MAHARASHTRA,1960,3.6,0.0,3.0,5.1,61.3,146.4,235.0,138.0,229.0,44.9,18.8,0.8,885.9,885.8999999999999,748.4,0.8448,911.99,782.05,0.8564433333333333
MADHYA MAHARASHTRA,1961,0.3,0.1,0.5,9.8,104.2,163.5,411.9,135.0,104.8,128.0,10.0,2.5,1070.5,1070.6,815.1999999999999,0.7614,911.99,782.05,0.8564433333333333
MADHYA MAHARASHTRA,1962,0.2,0.1,6.7,12.9,57.2,46.8,287.5,164.0,199.9,51.9,23.0,48.8,899.0,898.9999999999999,698.2,0.7766,911.99,782.05,0.8564433333333333
MADHYA MAHARASHTRA,1963,0.8,4.3,14.0,12.0,23.3,138.6,252.3,268.7,72.7,93.5,19.1,0.6,899.9,899.9000000000001,732.3,0.8138,911.99,782.05,0.8564433333333333
MADHYA MAHARASHTRA,1964,0.0,0.0,4.1,6.2,7.0,139.8,238.9,242.3,223.1,60.0,23.3,0.9,945.7,945.5999999999999,844.1,0.8927,911.99,782.05,0.8564433333333333
MADHYA MAHARASHTRA,1965,5.8,0.2,0.3,10.2,12.3,82.9,380.7,200.3,54.8,10.0,4.6,28.5,790.7,790.6,718.7,0.9091,911.99,782.05,0.8564433333333333
MADHYA MAHARASHTRA,1966,1.9,0.5,1.4,2.1,81.5,83.8,315.0,94.0,149.0,14.5,82.6,11.2,837.3,837.5000000000001,641.8,0.7663,911.99,782.05,0.8564433333333333
MADHYA MAHARASHTRA,1967,0.0,0.1,4.7,13.3,7.8,130.4,367.4,139.0,146.7,43.1,2.1,58.6,913.0,913.2000000000002,783.5,0.858,911.99,782.05,0.8564433333333333
MADHYA MAHARASHTRA,1968,1.6,3.6,9.4,11.2,2.5,95.4,238.9,213.3,172.1,60.6,15.1,0.3,824.0,824.0000000000001,719.7,0.8734,911.99,782.05,0.8564433333333333
MADHYA MAHARASHTRA,1969,0.2,0.0,1.4,5.8,4.0,140.1,307.1,248.3,234.0,20.1,22.3,0.9,984.1,984.2,929.5,0.9444,911.99,782.05,0.8564433333333333
MADHYA MAHARASHTRA,1970,1.0,0.0,0.6,17.9,39.1,195.4,200.1,254.9,161.3,70.9,0.0,0.0,941.4,941.1999999999999,811.7,0.8624,911.99,782.05,0.8564433333333333
MADHYA MAHARASHTRA,1971,0.0,0.0,0.1,3.8,43.3,155.6,124.9,204.0,185.6,56.0,0.0,0.0,773.2,773.3000000000001,670.1,0.8665,911.99,782.05,0.8564433333333333
MADHYA MAHARASHTRA,1972,0.0,0.2,0.0,4.0,13.8,90.4,195.1,99.3,88.1,7.3,21.6,0.1,519.9,519.9,472.9,0.9096,911.99,782.05,0.8564433333333333
MADHYA MAHARASHTRA,1973,0.0,3.0,1.8,3.2,10.1,124.7,312.0,243.9,172.8,104.8,3.9,0.4,980.6,980.5999999999999,853.4000000000001,0.8703,911.99,782.05,0.8564433333333333
MADHYA MAHARASHTRA,1974,0.0,0.1,2.5,14.6,60.9,77.5,217.9,184.7,201.5,152.0,0.1,0.0,911.8,911.8000000000001,681.5999999999999,0.7475,911.99,782.05,0.8564433333333333
MADHYA MAHARASHTRA,1975,0.4,1.1,0.1,1.0,15.4,165.6,228.0,223.2,242.8,158.3,4.8,0.0,1040.7,1040.6999999999998,859.5999999999999,0.826,911.99,782.05,0.8564433333333333
MADHYA MAHARASHTRA,1976,0.1,0.0,6.0,3.4,3.3,283.6,315.6,240.8,87.7,14.3,68.9,2.2,1025.8,1025.8999999999999,927.7,0.9043,911.99,782.05,0.8564433333333333
MADHYA MAHARASHTRA,1977,0.0,0.1,7.1,9.9,31.3,209.0,262.5,150.4,94.6,64.4,112.1,5.7,947.2,947.1,716.5,0.7565,911.99,782.05,0.8564433333333333
MADHYA MAHARASHTRA,1978,0.7,10.8,4.6,22.2,33.1,174.2,179.6,211.8,124.1,57.0,63.5,2.1,883.6,883.7,689.6999999999999,0.7805,911.99,782.05,0.8564433333333333
MADHYA MAHARASHTRA,1979,3.5,1.8,5.3,1.0,7.1,129.7,194.5,299.0,249.9,46.0,88.4,0.5,1026.8,1026.7,873.1,0.8504,911.99,782.05,0.8564433333333333
MADHYA MAHARASHTRA,1980,0.0,0.0,1.5,16.1,8.6,279.2,197.4,286.6,89.2,14.7,29.8,16.4,939.5,939.5,852.4000000000001,0.9073,911.99,782.05,0.8564433333333333
MADHYA MAHARASHTRA,1981,10.5,0.0,3.7,6.8,7.7,135.9,248.9,188.6,253.7,56.8,11.0,6.2,929.8,929.8,827.0999999999999,0.8895,911.99,782.05,0.8564433333333333
MADHYA MAHARASHTRA,1982,2.1,0.2,0.2,6.3,33.8,114.6,187.7,186.6,119.5,55.2,45.8,0.0,751.9,752.0,608.4,0.809,911.99,782.05,0.8564433333333333
MADHYA MAHARASHTRA,1983,0.1,1.4,0.0,0.0,2.8,125.3,218.1,259.4,263.0,43.2,2.5,2.8,918.8,918.5999999999999,865.8,0.9425,911.99,782.05,0.8564433333333333
MADHYA MAHARASHTRA,1984,0.6,11.2,3.7,4.6,0.6,109.6,260.8,140.0,133.2,109.1,4.7,1.7,779.9,779.8000000000001,643.5999999999999,0.8253,911.99,782.05,0.8564433333333333
MADHYA MAHARASHTRA,1985,2.6,0.2,2.3,9.1,12.3,118.7,189.5,145.1,63.5,107.3,5.4,0.0,656.1,655.9999999999999,516.8,0.7878,911.99,782.05,0.8564433333333333
MADHYA MAHARASHTRA,1986,1.6,2.7,0.3,2.4,8.6,200.8,126.1,157.9,101.0,8.9,19.4,14.6,644.1,644.3,585.8,0.9092,911.99,782.05,0.8564433333333333
MADHYA MAHARASHTRA,1987,1.7,3.9,2.5,4.0,36.6,130.3,166.7,226.9,63.5,98.8,38.0,34.6,807.6,807.5,587.4,0.7274,911.99,782.05,0.8564433333333333
MADHYA MAHARASHTRA,1988,0.0,0.1,0.1,18.8,7.6,111.0,314.1,165.7,324.8,27.5,1.9,4.9,976.6,976.5,915.5999999999999,0.9376,911.99,782.05,0.8564433333333333
MADHYA MAHARASHTRA,1989,0.0,0.0,16.3,3.3,11.8,153.5,271.9,152.1,181.6,22.9,1.4,1.7,816.6,816.5,759.1,0.9297,911.99,782.05,0.8564433333333333
MADHYA MAHARASHTRA,1990,2.6,0.2,0.0,0.2,78.2,150.5,227.3,294.6,94.9,154.9,17.2,1.9,1022.5,1022.5,767.3000000000001,0.7504,911.99,782.05,0.8564433333333333
MADHYA MAHARASHTRA,1991,0.0,0.1,0.3,12.2,19.2,293.8,318.1,143.9,67.3,21.0,4.7,0.1,880.5,880.7,823.1,0.9346,911.99,782.05,0.8564433333333333
MADHYA MAHARASHTRA,1992,0.0,0.0,0.0,2.1,5.1,146.9,190.6,248.6,132.1,55.6,10.1,0.0,791.3,791.1,718.2,0.9078,911.99,782.05,0.8564433333333333
MADHYA MAHARASHTRA,1993,0.0,0.1,3.0,5.7,11.5,147.6,289.2,162.4,162.6,192.8,10.7,34.3,1019.8,1019.9000000000001,761.8,0.7469,911.99,782.05,0.8564433333333333
MADHYA MAHARASHTRA,1994,3.1,0.1,0.6,21.8,23.8,253.2,332.9,188.4,118.9,66.2,12.6,0.0,1021.5,1021.6,893.3999999999999,0.8745,911.99,782.05,0.8564433333333333
MADHYA MAHARASHTRA,1995,20.0,0.2,5.4,6.7,24.0,63.6,253.1,82.7,194.3,121.5,4.9,0.0,776.4,776.4,593.7,0.7647,911.99,782.05,0.8564433333333333
MADHYA MAHARASHTRA,1996,0.1,0.0,0.1,4.1,5.7,162.3,281.0,184.1,161.4,171.3,4.8,0.4,975.2,975.2999999999998,788.8,0.8088,911.99,782.05,0.8564433333333333
MADHYA MAHARASHTRA,1997,3.3,0.0,2.4,15.3,6.5,180.2,239.9,295.5,91.7,57.7,68.8,39.6,1000.9,1000.9000000000001,807.3000000000001,0.8066,911.99,782.05,0.8564433333333333
MADHYA MAHARASHTRA,1998,0.2,0.0,0.6,2.5,18.4,147.1,264.1,226.4,257.2,162.5,22.1,0.0,1101.1,1101.1,894.8,0.8126,911.99,782.05,0.8564433333333333
MADHYA MAHARASHTRA,1999,0.0,6.7,0.0,0.1,39.2,225.3,262.5,85.4,169.0,177.6,0.0,0.0,965.7,965.8,742.2,0.7685,911.99,782.05,0.8564433333333333
MADHYA MAHARASHTRA,2000,0.4,1.1,0.2,1.7,18.5,173.0,198.7,159.6,87.0,56.5,2.7,2.1,701.6,701.5000000000001,618.3,0.8814,911.99,782.05,0.8564433333333333
MADHYA MAHARASHTRA,2001,4.4,0.0,0.3,4.7,8.4,157.9,179.3,160.9,137.3,125.5,5.7,0.5,785.1,784.9000000000001,635.4000000000001,0.8095,911.99,782.05,0.8564433333333333
MADHYA MAHARASHTRA,2002,1.7,3.1,1.0,13.0,14.4,251.9,95.6,221.5,95.8,36.3,5.9,0.0,740.3,740.1999999999999,664.8,0.8981,911.99,782.05,0.8564433333333333
MADHYA MAHARASHTRA,2003,0.8,2.2,1.5,5.7,15.1,210.8,208.7,178.4,116.2,29.5,3.5,0.1,772.6,772.5000000000001,714.1,0.9244,911.99,782.05,0.8564433333333333
MADHYA MAHARASHTRA,2004,0.1,0.1,0.0,4.7,49.0,215.9,174.2,354.1,181.2,42.1,8.0,0.1,1029.5,1029.5,925.4000000000001,0.8989,911.99,782.05,0.8564433333333333
MADHYA MAHARASHTRA,2005,3.6,0.4,1.6,11.1,7.8,240.5,361.2,256.1,276.4,62.7,0.0,0.0,1221.3,1221.4,1134.2,0.9286,911.99,782.05,0.8564433333333333
MADHYA MAHARASHTRA,2006,0.0,0.0,7.1,0.2,42.3,205.3,416.4,421.7,217.0,60.1,25.5,0.0,1395.7,1395.6,1260.4,0.9031,911.99,782.05,0.8564433333333333
MADHYA MAHARASHTRA,2007,1.3,0.4,0.0,2.1,5.5,266.9,293.5,274.2,189.2,3.4,3.9,0.0,1040.4,1040.4000000000003,1023.8,0.984,911.99,782.05,0.8564433333333333
MADHYA MAHARASHTRA,2008,0.0,0.0,18.1,0.6,1.1,107.9,157.9,257.6,312.4,56.6,3.7,0.9,916.9,916.8000000000001,835.8000000000001,0.9116,911.99,782.05,0.8564433333333333
MADHYA MAHARASHTRA,2009,0.0,1.7,0.8,0.4,7.7,68.9,329.8,148.2,162.6,96.2,121.3,4.3,941.7,941.9,709.5000000000001,0.7533,911.99,782.05,0.8564433333333333
MADHYA MAHARASHTRA,2010,2.9,0.1,0.9,2.3,5.4,185.6,280.9,233.2,165.6,77.1,73.4,0.2,1027.5,1027.6000000000001,865.3000000000001,0.8421,911.99,782.05,0.8564433333333333
MADHYA MAHARASHTRA,2011,0.0,0.3,0.3,5.0,2.9,133.3,261.4,238.1,148.4,62.8,0.0,0.0,852.6,852.4999999999999,781.1999999999999,0.9164,911.99,782.05,0.8564433333333333
MADHYA MAHARASHTRA,2012,0.0,0.0,0.0,3.0,1.4,67.9,203.0,187.8,129.5,95.2,2.2,0.0,689.8,690.0000000000001,588.2,0.8525,911.99,782.05,0.8564433333333333
MADHYA MAHARASHTRA,2013,0.1,5.3,0.8,5.7,6.0,212.4,311.8,147.0,210.3,57.8,4.0,1.3,962.4,962.5,881.5,0.9158,911.99,782.05,0.8564433333333333
MADHYA MAHARASHTRA,2014,3.1,6.2,24.4,7.5,29.8,44.0,277.9,240.3,120.4,38.5,32.8,13.1,838.0,838.0,682.6,0.8146,911.99,782.05,0.8564433333333333
MADHYA MAHARASHTRA,2015,1.4,0.8,41.2,9.6,24.4,177.0,111.7,67.2,146.6,48.3,16.2,0.1,644.5,644.5,502.5,0.7797,911.99,782.05,0.8564433333333333
MATATHWADA,1901,15.8,3.3,32.1,48.5,26.5,193.1,184.1,249.8,74.0,81.6,0.0,0.0,908.7,908.8000000000001,701.0,0.7713,780.1433333333333,650.5933333333334,0.8341200000000001
MATATHWADA,1902,1.3,0.0,0.4,7.2,0.8,52.4,120.9,85.2,273.3,61.3,84.4,56.9,744.1,744.0999999999999,531.8,0.7147,780.1433333333333,650.5933333333334,0.8341200000000001
MATATHWADA,1903,2.6,0.8,0.0,1.7,58.3,104.4,264.2,281.9,173.3,139.9,0.3,5.3,1032.6,1032.7,823.8,0.7977,780.1433333333333,650.5933333333334,0.8341200000000001
MATATHWADA,1904,0.0,0.9,12.1,0.3,7.2,79.2,118.4,57.3,339.0,76.2,0.0,0.0,690.5,690.6000000000001,593.9000000000001,0.86,780.1433333333333,650.5933333333334,0.8341200000000001
MATATHWADA,1905,1.3,2.0,0.0,6.6,4.8,84.6,94.8,137.6,157.8,15.4,0.9,0.0,505.9,505.79999999999995,474.8,0.9387,780.1433333333333,650.5933333333334,0.8341200000000001
MATATHWADA,1906,19.8,0.0,0.1,0.0,0.2,220.6,254.9,156.9,82.1,19.8,3.9,12.4,770.7,770.6999999999999,714.5,0.9271,780.1433333333333,650.5933333333334,0.8341200000000001
MATATHWADA,1907,1.0,6.6,1.1,61.3,0.0,90.4,198.9,155.2,34.7,5.0,0.0,3.7,557.9,557.9000000000001,479.2,0.8589,780.1433333333333,650.5933333333334,0.8341200000000001
MATATHWADA,1908,0.0,0.8,13.0,2.9,1.6,100.7,124.4,176.8,261.9,0.4,0.0,0.0,682.5,682.5,663.8,0.9726,780.1433333333333,650.5933333333334,0.8341200000000001
MATATHWADA,1909,5.5,1.6,8.4,4.2,22.2,217.2,194.3,173.8,223.5,21.4,0.4,20.3,892.7,892.8,808.8,0.9059,780.1433333333333,650.5933333333334,0.8341200000000001
MATATHWADA,1910,0.0,0.0,0.9,0.0,3.1,202.1,166.7,188.5,467.9,59.7,45.3,0.0,1134.4,1134.1999999999998,1025.1999999999998,0.9039,780.1433333333333,650.5933333333334,0.8341200000000001
MATATHWADA,1911,6.4,0.0,0.0,0.0,3.0,85.5,231.9,175.0,68.6,0.2,41.8,0.0,612.4,612.4,561.0,0.9161,780.1433333333333,650.5933333333334,0.8341200000000001
MATATHWADA,1912,0.0,13.7,0.0,6.5,9.5,62.9,177.3,145.9,34.6,22.8,15.2,0.0,488.4,488.4,420.70000000000005,0.8614,780.1433333333333,650.5933333333334,0.8341200000000001
MATATHWADA,1913,0.0,3.4,0.0,15.1,38.6,173.0,245.9,80.1,63.7,21.0,0.0,15.9,656.5,656.7,562.7,0.8569,780.1433333333333,650.5933333333334,0.8341200000000001
MATATHWADA,1914,0.0,10.4,5.2,0.9,16.3,297.0,177.2,151.7,258.3,23.9,20.9,27.3,989.1,989.0999999999999,884.2,0.8939,780.1433333333333,650.5933333333334,0.8341200000000001
MATATHWADA,1915,28.0,2.6,55.9,18.9,11.5,207.8,146.8,96.1,299.1,99.7,10.1,25.1,1001.6,1001.6000000000001,749.8000000000001,0.7486,780.1433333333333,650.5933333333334,0.8341200000000001
MATATHWADA,1916,0.0,5.0,3.0,1.7,43.6,149.8,374.7,139.7,305.1,115.0,40.3,0.0,1177.9,1177.8999999999999,969.3000000000001,0.8229,780.1433333333333,650.5933333333334,0.8341200000000001
MATATHWADA,1917,1.7,63.5,10.8,7.0,17.1,176.8,144.6,259.3,348.7,101.2,37.5,0.0,1168.3,1168.2,929.4000000000001,0.7956,780.1433333333333,650.5933333333334,0.8341200000000001
MATATHWADA,1918,0.7,0.0,0.2,0.6,121.4,93.5,65.9,78.6,89.9,4.7,9.8,20.7,486.1,485.99999999999994,327.9,0.6747,780.1433333333333,650.5933333333334,0.8341200000000001
MATATHWADA,1919,11.9,0.9,0.3,5.1,11.2,149.7,119.9,85.3,228.0,28.0,21.4,1.1,662.8,662.8,582.9000000000001,0.8795,780.1433333333333,650.5933333333334,0.8341200000000001
MATATHWADA,1920,27.0,0.0,0.3,3.1,2.1,60.4,50.5,86.1,127.7,3.8,0.0,0.0,361.2,361.0,324.7,0.8994,780.1433333333333,650.5933333333334,0.8341200000000001
MATATHWADA,1921,2.1,0.0,0.0,2.4,0.0,151.0,174.8,70.2,113.4,41.9,6.6,0.0,562.4,562.4,509.4,0.9058,780.1433333333333,650.5933333333334,0.8341200000000001
MATATHWADA,1922,54.4,1.9,0.0,2.8,19.3,220.3,119.5,39.4,206.4,47.8,122.7,1.4,836.1,835.9,585.6,0.7006,780.1433333333333,650.5933333333334,0.8341200000000001
MATATHWADA,1923,4.0,0.5,55.9,9.9,0.6,20.5,300.4,72.0,300.1,0.2,0.0,0.8,765.0,764.9,693.0,0.906,780.1433333333333,650.5933333333334,0.8341200000000001
MATATHWADA,1924,3.2,0.0,7.7,8.1,0.2,49.2,130.4,180.7,200.2,59.8,9.8,13.4,662.7,662.6999999999999,560.5,0.8458,780.1433333333333,650.5933333333334,0.8341200000000001
MATATHWADA,1925,0.0,0.0,0.0,0.0,30.1,130.3,84.3,173.6,73.4,38.1,75.1,0.0,604.9,604.9,461.6,0.7631,780.1433333333333,650.5933333333334,0.8341200000000001
MATATHWADA,1926,70.4,0.0,0.0,1.5,17.6,85.0,126.3,254.1,147.6,0.0,11.2,1.8,715.5,715.5,613.0,0.8567,780.1433333333333,650.5933333333334,0.8341200000000001
MATATHWADA,1927,0.0,3.2,10.2,7.5,0.0,173.0,143.5,67.0,175.7,37.2,126.9,0.4,744.6,744.5999999999999,559.2,0.751,780.1433333333333,650.5933333333334,0.8341200000000001
MATATHWADA,1928,0.0,28.3,9.5,2.0,0.0,160.5,141.7,135.0,288.1,58.8,0.0,1.7,825.8,825.6,725.3,0.8785,780.1433333333333,650.5933333333334,0.8341200000000001
MATATHWADA,1929,0.0,31.6,0.9,21.6,1.7,165.8,104.7,48.2,179.0,51.7,0.0,4.2,609.4,609.4000000000001,497.7,0.8167,780.1433333333333,650.5933333333334,0.8341200000000001
MATATHWADA,1930,0.0,1.0,1.7,13.0,4.1,132.2,49.6,75.7,281.0,64.6,17.1,0.3,640.3,640.3,538.5,0.841,780.1433333333333,650.5933333333334,0.8341200000000001
MATATHWADA,1931,0.0,0.0,3.8,4.4,7.7,134.5,295.1,142.8,242.1,175.1,70.1,13.1,1088.6,1088.6999999999998,814.5000000000001,0.7481,780.1433333333333,650.5933333333334,0.8341200000000001
MATATHWADA,1932,0.0,2.5,7.7,7.7,20.1,111.5,276.6,161.3,161.6,54.6,34.3,6.3,844.1,844.2,711.0000000000001,0.8422,780.1433333333333,650.5933333333334,0.8341200000000001
MATATHWADA,1933,9.1,7.6,10.1,13.5,66.7,206.6,214.7,180.4,340.8,30.7,17.5,25.2,1122.9,1122.9,942.5,0.8393,780.1433333333333,650.5933333333334,0.8341200000000001
MATATHWADA,1934,6.0,0.0,0.0,11.9,1.3,95.8,248.6,256.8,159.9,16.8,79.5,0.0,876.6,876.6,761.1,0.8682,780.1433333333333,650.5933333333334,0.8341200000000001
MATATHWADA,1935,7.2,0.5,0.0,14.0,0.4,191.1,197.4,196.6,223.5,84.1,5.8,1.4,922.1,922.0,808.6,0.877,780.1433333333333,650.5933333333334,0.8341200000000001
MATATHWADA,1936,0.0,26.6,7.8,10.7,33.3,137.5,92.2,119.3,145.1,9.1,139.9,6.2,727.8,727.7,494.1,0.679,780.1433333333333,650.5933333333334,0.8341200000000001
MATATHWADA,1937,0.0,13.2,11.3,43.8,1.1,75.8,277.3,35.8,152.8,106.4,0.3,20.5,738.2,738.3,541.7,0.7337,780.1433333333333,650.5933333333334,0.8341200000000001
MATATHWADA,1938,0.0,8.8,17.7,15.6,27.3,253.3,260.1,146.5,256.1,86.8,0.2,0.3,1072.7,1072.7,916.0000000000001,0.8539,780.1433333333333,650.5933333333334,0.8341200000000001
MATATHWADA,1939,0.2,0.0,3.7,9.1,0.2,98.2,163.6,188.6,73.8,25.3,16.5,1.0,580.2,580.1999999999999,524.1999999999999,0.9035,780.1433333333333,650.5933333333334,0.8341200000000001
MATATHWADA,1940,0.0,0.4,0.0,11.2,13.4,178.8,176.9,239.5,139.0,63.1,31.5,1.8,855.6,855.6,734.2,0.8581,780.1433333333333,650.5933333333334,0.8341200000000001
MATATHWADA,1941,9.4,9.3,1.1,0.5,0.0,50.2,114.9,150.4,190.6,14.5,0.0,0.0,541.0,540.9,506.1,0.9357,780.1433333333333,650.5933333333334,0.8341200000000001
MATATHWADA,1942,0.0,24.3,0.0,6.6,3.9,221.0,227.2,311.4,124.9,11.1,0.0,72.6,1003.0,1003.0,884.4999999999999,0.8819,780.1433333333333,650.5933333333334,0.8341200000000001
MATATHWADA,1943,7.1,0.1,1.5,0.2,47.6,187.4,105.8,62.3,282.9,156.5,1.0,0.0,852.4,852.4,638.4,0.7489,780.1433333333333,650.5933333333334,0.8341200000000001
MATATHWADA,1944,0.4,12.2,32.6,0.0,5.2,85.1,230.7,116.0,167.0,94.5,15.2,0.0,759.0,758.9000000000001,598.8,0.789,780.1433333333333,650.5933333333334,0.8341200000000001
MATATHWADA,1945,1.8,0.0,0.0,5.0,0.3,129.6,140.2,154.4,161.9,27.7,1.3,0.0,622.5,622.1999999999999,586.0999999999999,0.942,780.1433333333333,650.5933333333334,0.8341200000000001
MATATHWADA,1946,0.0,9.7,1.9,21.3,16.3,165.6,212.4,114.5,180.1,6.8,98.2,21.9,848.7,848.7,672.6,0.7925,780.1433333333333,650.5933333333334,0.8341200000000001
MATATHWADA,1947,28.0,22.0,7.7,11.5,2.0,65.7,164.5,276.0,253.3,13.6,2.1,8.6,854.8,855.0000000000001,759.5,0.8883,780.1433333333333,650.5933333333334,0.8341200000000001
MATATHWADA,1948,7.9,2.2,4.1,3.3,1.9,179.4,218.7,110.1,221.6,21.1,176.1,0.0,946.4,946.4000000000001,729.8000000000001,0.7711,780.1433333333333,650.5933333333334,0.8341200000000001
MATATHWADA,1949,2.9,0.5,0.1,0.7,35.2,188.9,189.5,89.8,369.1,32.3,5.2,0.0,914.2,914.2,837.3,0.9159,780.1433333333333,650.5933333333334,0.8341200000000001
MATATHWADA,1950,0.0,11.9,4.1,0.4,7.1,67.6,141.1,113.9,271.0,38.8,0.0,1.6,657.4,657.5,593.6,0.9028,780.1433333333333,650.5933333333334,0.8341200000000001
MATATHWADA,1951,0.4,0.0,6.2,10.6,11.2,159.5,271.0,101.3,89.3,78.4,3.5,0.0,731.4,731.3999999999999,621.0999999999999,0.8492,780.1433333333333,650.5933333333334,0.8341200000000001
MATATHWADA,1952,0.2,18.8,0.0,3.3,21.7,95.4,144.6,87.2,136.1,36.4,0.0,2.3,546.1,545.9999999999999,463.29999999999995,0.8485,780.1433333333333,650.5933333333334,0.8341200000000001
MATATHWADA,1953,0.3,0.0,0.3,15.2,0.4,200.4,217.9,160.6,208.0,88.1,0.0,0.0,891.2,891.2,786.9,0.883,780.1433333333333,650.5933333333334,0.8341200000000001
MATATHWADA,1954,0.4,0.0,15.5,5.6,5.2,181.0,276.0,138.8,255.6,11.9,0.0,9.7,899.6,899.7,851.4,0.9463,780.1433333333333,650.5933333333334,0.8341200000000001
MATATHWADA,1955,6.5,0.0,2.4,3.4,12.2,229.8,213.2,364.7,208.6,109.3,1.2,0.0,1151.3,1151.3,1016.3000000000001,0.8827,780.1433333333333,650.5933333333334,0.8341200000000001
MATATHWADA,1956,1.2,1.9,0.1,4.1,78.4,154.1,310.0,134.6,202.5,70.7,79.7,0.0,1037.3,1037.3,801.2,0.7724,780.1433333333333,650.5933333333334,0.8341200000000001
MATATHWADA,1957,1.5,2.1,13.9,14.5,30.0,126.9,255.1,294.6,104.7,53.7,3.6,0.0,900.7,900.6000000000001,781.3000000000001,0.8675,780.1433333333333,650.5933333333334,0.8341200000000001
MATATHWADA,1958,0.1,0.0,4.4,25.2,12.7,92.2,264.4,456.1,79.8,41.2,48.3,0.0,1024.6,1024.4,892.5,0.8712,780.1433333333333,650.5933333333334,0.8341200000000001
MATATHWADA,1959,1.5,0.0,0.1,9.5,13.2,173.6,188.3,200.0,246.3,99.8,17.0,1.0,950.3,950.3,808.2,0.8505,780.1433333333333,650.5933333333334,0.8341200000000001
MATATHWADA,1960,3.6,0.0,18.1,1.0,49.2,163.6,136.6,66.8,206.8,78.5,14.0,0.1,738.3,738.3000000000001,573.8,0.7772,780.1433333333333,650.5933333333334,0.8341200000000001
MATATHWADA,1961,0.9,0.1,5.6,6.7,35.7,170.8,253.7,143.4,97.0,238.1,5.2,1.8,959.0,959.0,664.9,0.6933,780.1433333333333,650.5933333333334,0.8341200000000001
MATATHWADA,1962,0.6,2.8,2.7,37.8,43.4,67.3,164.7,192.2,304.7,41.4,33.5,54.6,945.7,945.6999999999999,728.9,0.7708,780.1433333333333,650.5933333333334,0.8341200000000001
MATATHWADA,1963,0.0,6.2,15.5,7.0,13.5,228.4,172.2,380.4,82.8,92.4,2.7,0.0,1001.2,1001.1,863.8,0.8629,780.1433333333333,650.5933333333334,0.8341200000000001
MATATHWADA,1964,0.0,0.2,5.1,1.5,1.3,120.3,246.5,150.7,219.9,20.1,15.0,0.0,780.6,780.5999999999999,737.4,0.9447,780.1433333333333,650.5933333333334,0.8341200000000001
MATATHWADA,1965,5.4,1.5,0.0,9.5,0.8,129.3,218.7,180.0,69.4,5.9,0.4,10.4,631.4,631.3,597.4,0.9463,780.1433333333333,650.5933333333334,0.8341200000000001
MATATHWADA,1966,18.9,0.0,10.4,10.5,45.8,63.1,228.6,85.9,191.6,13.0,65.9,13.5,747.1,747.1999999999999,569.2,0.7618,780.1433333333333,650.5933333333334,0.8341200000000001
MATATHWADA,1967,0.0,0.0,4.0,1.0,5.9,146.0,224.0,104.1,136.0,26.4,0.0,112.4,759.8,759.8,610.1,0.803,780.1433333333333,650.5933333333334,0.8341200000000001
MATATHWADA,1968,5.8,23.8,32.2,11.3,0.7,94.2,219.0,63.6,210.6,24.5,26.3,0.3,712.4,712.3,587.4,0.8247,780.1433333333333,650.5933333333334,0.8341200000000001
MATATHWADA,1969,0.0,0.0,0.2,0.1,2.7,120.8,222.6,148.3,277.1,14.7,38.1,0.0,824.6,824.6,768.8,0.9323,780.1433333333333,650.5933333333334,0.8341200000000001
MATATHWADA,1970,8.4,0.0,2.8,7.5,30.2,215.1,103.9,344.9,178.1,19.9,0.0,0.0,910.9,910.8,842.0,0.9245,780.1433333333333,650.5933333333334,0.8341200000000001
MATATHWADA,1971,0.2,0.1,1.3,0.1,38.8,83.2,24.3,220.0,131.5,108.4,0.0,0.0,607.9,607.9,459.0,0.7551,780.1433333333333,650.5933333333334,0.8341200000000001
MATATHWADA,1972,0.0,0.0,0.0,0.1,3.0,115.1,41.9,85.3,65.3,4.2,28.4,3.8,347.1,347.09999999999997,307.6,0.8862,780.1433333333333,650.5933333333334,0.8341200000000001
MATATHWADA,1973,0.0,0.7,0.0,3.8,0.6,112.3,203.1,334.9,115.6,99.3,1.0,0.0,871.3,871.3,765.9,0.879,780.1433333333333,650.5933333333334,0.8341200000000001
MATATHWADA,1974,0.0,0.4,0.4,2.9,36.0,98.4,100.7,123.2,154.4,134.1,0.0,0.0,650.6,650.5,476.70000000000005,0.7328,780.1433333333333,650.5933333333334,0.8341200000000001
MATATHWADA,1975,2.1,8.3,7.3,0.0,11.3,117.2,249.0,231.7,309.9,113.9,0.1,0.0,1050.9,1050.8,907.8,0.8639,780.1433333333333,650.5933333333334,0.8341200000000001
MATATHWADA,1976,0.0,0.2,3.2,7.4,2.9,92.1,213.0,195.6,63.0,3.8,39.4,2.4,623.0,622.9999999999999,563.7,0.9048,780.1433333333333,650.5933333333334,0.8341200000000001
MATATHWADA,1977,0.0,1.5,6.0,4.6,5.4,126.0,155.4,149.3,116.8,66.4,129.9,6.5,767.7,767.8,547.5,0.7131,780.1433333333333,650.5933333333334,0.8341200000000001
MATATHWADA,1978,5.7,18.8,9.6,12.0,19.1,212.4,215.0,105.3,80.6,70.5,34.6,1.2,784.8,784.8000000000001,613.3,0.7815,780.1433333333333,650.5933333333334,0.8341200000000001
MATATHWADA,1979,3.4,11.8,5.6,1.4,18.1,125.5,163.1,132.9,236.5,17.7,90.6,0.8,807.6,807.4,658.0,0.815,780.1433333333333,650.5933333333334,0.8341200000000001
MATATHWADA,1980,0.1,0.0,4.7,4.6,2.3,223.0,114.4,325.1,113.6,1.1,3.6,20.3,812.9,812.8000000000001,776.1,0.9548,780.1433333333333,650.5933333333334,0.8341200000000001
MATATHWADA,1981,27.3,0.7,11.0,1.6,12.7,100.5,122.3,127.3,285.1,68.7,11.2,18.3,786.6,786.7,635.2,0.8074,780.1433333333333,650.5933333333334,0.8341200000000001
MATATHWADA,1982,10.0,0.6,5.1,7.8,15.9,99.6,170.1,84.8,172.0,43.6,27.0,0.0,636.5,636.5000000000001,526.5,0.8272,780.1433333333333,650.5933333333334,0.8341200000000001
MATATHWADA,1983,0.0,0.0,0.3,0.3,6.0,96.8,231.9,315.4,422.3,106.8,1.0,6.9,1187.6,1187.7,1066.3999999999999,0.8979,780.1433333333333,650.5933333333334,0.8341200000000001
MATATHWADA,1984,3.1,9.5,0.4,0.8,0.0,75.7,168.5,59.8,120.1,106.2,5.4,3.3,552.7,552.8,424.1,0.7672,780.1433333333333,650.5933333333334,0.8341200000000001
MATATHWADA,1985,7.1,0.0,6.2,10.5,7.6,160.8,148.9,63.9,82.3,86.0,0.7,1.5,575.4,575.5,455.90000000000003,0.7922,780.1433333333333,650.5933333333334,0.8341200000000001
MATATHWADA,1986,9.6,9.6,1.3,2.7,7.3,132.3,140.2,127.1,104.0,6.6,10.1,12.1,562.9,562.9000000000001,503.6,0.8947,780.1433333333333,650.5933333333334,0.8341200000000001
MATATHWADA,1987,7.9,3.6,0.8,2.0,20.9,155.1,132.0,220.2,46.1,145.7,41.1,10.8,786.2,786.1999999999999,553.4,0.7039,780.1433333333333,650.5933333333334,0.8341200000000001
MATATHWADA,1988,0.0,0.0,0.2,7.2,4.2,169.7,301.6,245.4,411.9,18.5,7.7,3.5,1170.0,1169.8999999999999,1128.6,0.9647,780.1433333333333,650.5933333333334,0.8341200000000001
MATATHWADA,1989,0.0,0.0,42.3,2.8,6.4,237.9,336.2,245.7,170.0,17.6,0.5,9.0,1068.3,1068.3999999999999,989.8,0.9264,780.1433333333333,650.5933333333334,0.8341200000000001
MATATHWADA,1990,2.9,0.0,0.0,0.0,142.1,221.0,131.0,365.9,104.2,223.1,5.0,2.9,1198.1,1198.1000000000001,822.1,0.6862,780.1433333333333,650.5933333333334,0.8341200000000001
MATATHWADA,1991,0.3,0.4,0.4,9.8,9.4,250.1,222.4,49.7,38.5,9.1,10.9,0.0,601.0,601.0,560.7,0.9329,780.1433333333333,650.5933333333334,0.8341200000000001
MATATHWADA,1992,0.0,0.0,0.0,3.5,6.7,217.9,79.4,203.0,140.4,52.2,23.5,0.0,726.6,726.6,640.7,0.8818,780.1433333333333,650.5933333333334,0.8341200000000001
MATATHWADA,1993,0.0,1.0,5.6,1.7,9.1,87.5,216.3,166.2,121.8,136.3,5.8,55.1,806.3,806.4,591.8,0.7339,780.1433333333333,650.5933333333334,0.8341200000000001
MATATHWADA,1994,3.2,0.1,0.0,14.9,14.3,110.6,117.1,162.8,63.4,64.3,32.9,0.0,583.8,583.5999999999999,453.9,0.7778,780.1433333333333,650.5933333333334,0.8341200000000001
MATATHWADA,1995,46.9,0.2,23.6,11.4,17.6,135.5,186.0,96.0,137.9,153.2,1.2,0.0,809.5,809.5,555.4,0.6861,780.1433333333333,650.5933333333334,0.8341200000000001
MATATHWADA,1996,0.1,0.0,0.3,10.6,1.6,55.8,186.6,246.4,229.8,118.9,4.4,0.4,855.0,854.9,718.5999999999999,0.8406,780.1433333333333,650.5933333333334,0.8341200000000001
MATATHWADA,1997,7.7,1.1,8.3,14.3,8.0,75.8,131.0,121.1,163.4,106.8,98.6,54.3,790.5,790.3999999999999,491.29999999999995,0.6216,780.1433333333333,650.5933333333334,0.8341200000000001
MATATHWADA,1998,0.1,0.3,3.4,1.7,8.7,189.8,255.1,249.9,235.8,150.3,31.6,0.0,1126.7,1126.6999999999998,930.5999999999999,0.826,780.1433333333333,650.5933333333334,0.8341200000000001
MATATHWADA,1999,0.0,6.0,0.1,0.0,17.9,141.5,133.3,133.4,215.4,119.9,0.0,0.0,767.6,767.5,623.6,0.8125,780.1433333333333,650.5933333333334,0.8341200000000001
MATATHWADA,2000,0.4,3.8,0.5,0.4,16.3,188.3,157.3,239.5,44.8,30.8,0.7,1.7,684.4,684.5,629.9,0.9202,780.1433333333333,650.5933333333334,0.8341200000000001
MATATHWADA,2001,4.8,0.5,0.5,9.9,0.7,148.7,56.7,255.8,83.5,170.5,0.8,0.0,732.4,732.4,544.7,0.7437,780.1433333333333,650.5933333333334,0.8341200000000001
MATATHWADA,2002,5.5,4.1,0.7,6.1,8.5,241.8,58.2,223.6,122.4,46.4,4.8,0.0,722.1,722.0999999999999,646.0,0.8946,780.1433333333333,650.5933333333334,0.8341200000000001
MATATHWADA,2003,2.1,1.3,2.3,4.9,28.5,117.6,255.9,183.9,95.7,22.1,4.9,0.8,720.1,720.0,653.1,0.9071,780.1433333333333,650.5933333333334,0.8341200000000001
MATATHWADA,2004,1.2,0.4,5.5,1.9,30.4,100.0,201.7,75.0,177.2,58.1,27.2,0.0,678.7,678.6,553.9,0.8162,780.1433333333333,650.5933333333334,0.8341200000000001
MATATHWADA,2005,13.2,0.7,11.6,1.6,2.1,59.7,413.5,124.1,213.5,100.5,0.0,0.0,940.5,940.5,810.8,0.8621,780.1433333333333,650.5933333333334,0.8341200000000001
MATATHWADA,2006,0.0,0.0,30.7,1.6,26.7,134.7,116.2,301.3,209.4,47.7,4.6,0.0,872.9,872.9000000000001,761.6,0.8725,780.1433333333333,650.5933333333334,0.8341200000000001
MATATHWADA,2007,0.0,0.0,0.1,0.7,10.0,185.4,123.1,146.2,240.7,0.9,7.5,0.0,714.6,714.6,695.4,0.9731,780.1433333333333,650.5933333333334,0.8341200000000001
MATATHWADA,2008,0.1,0.1,14.6,3.7,1.8,66.7,106.5,150.8,267.8,33.8,0.3,0.1,646.3,646.3,591.8,0.9157,780.1433333333333,650.5933333333334,0.8341200000000001
MATATHWADA,2009,0.0,0.0,0.6,0.8,7.0,63.1,139.2,167.6,159.9,59.0,63.3,8.4,668.9,668.8999999999999,529.8,0.792,780.1433333333333,650.5933333333334,0.8341200000000001
MATATHWADA,2010,4.3,5.8,3.9,0.7,4.6,119.7,329.5,291.4,157.3,57.7,36.8,0.0,1011.6,1011.7,897.8999999999999,0.8875,780.1433333333333,650.5933333333334,0.8341200000000001
MATATHWADA,2011,0.0,3.8,0.7,3.5,3.1,79.2,230.1,228.5,90.0,24.8,0.0,0.0,663.5,663.6999999999999,627.8,0.9459,780.1433333333333,650.5933333333334,0.8341200000000001
MATATHWADA,2012,0.0,0.0,0.0,0.6,2.3,72.2,161.1,101.4,120.0,68.8,0.3,0.0,526.7,526.6999999999999,454.70000000000005,0.8633,780.1433333333333,650.5933333333334,0.8341200000000001
MATATHWADA,2013,1.5,9.4,2.6,7.9,6.4,160.9,293.4,136.9,154.1,94.3,7.4,13.1,888.0,887.9,745.3,0.8394,780.1433333333333,650.5933333333334,0.8341200000000001
MATATHWADA,2014,1.4,13.4,79.0,11.9,7.0,30.4,105.0,178.9,84.5,14.2,19.9,3.3,548.9,548.9,398.8,0.7265,780.1433333333333,650.5933333333334,0.8341200000000001
MATATHWADA,2015,10.1,1.6,32.0,39.6,12.3,118.3,27.4,112.2,154.3,19.5,4.8,0.0,532.2,532.0999999999999,412.2,0.7747,780.1433333333333,650.5933333333334,0.8341200000000001
VIDARBHA,1901,36.8,39.9,30.9,26.1,7.3,129.7,295.3,368.8,123.4,35.2,0.0,0.0,1093.3,1093.4,917.1999999999999,0.8389,1077.9033333333332,959.05,0.8898866666666667
VIDARBHA,1902,1.6,0.1,0.0,6.5,4.1,38.0,270.7,204.7,150.9,29.6,16.1,26.7,748.9,749.0000000000001,664.3,0.8869,1077.9033333333332,959.05,0.8898866666666667
VIDARBHA,1903,5.2,4.0,0.1,2.5,37.8,121.2,475.5,325.5,154.8,100.8,2.0,0.0,1229.4,1229.3999999999999,1077.0,0.876,1077.9033333333332,959.05,0.8898866666666667
VIDARBHA,1904,4.3,2.4,12.9,0.2,14.8,148.9,158.3,151.8,196.9,61.7,0.0,0.9,753.2,753.1,655.9000000000001,0.8709,1077.9033333333332,959.05,0.8898866666666667
VIDARBHA,1905,7.3,12.7,12.4,16.2,14.0,81.0,254.5,216.3,321.3,6.0,0.2,0.0,941.8,941.9000000000001,873.0999999999999,0.927,1077.9033333333332,959.05,0.8898866666666667
VIDARBHA,1906,12.9,3.3,11.9,0.2,6.1,328.1,350.4,325.8,113.3,6.9,14.3,18.1,1191.2,1191.3,1117.6,0.9381,1077.9033333333332,959.05,0.8898866666666667
VIDARBHA,1907,3.6,52.9,3.7,45.3,1.6,181.4,309.7,332.6,59.7,0.2,15.7,4.3,1010.8,1010.7000000000002,883.4000000000001,0.874,1077.9033333333332,959.05,0.8898866666666667
VIDARBHA,1908,4.1,15.5,13.5,5.7,1.5,232.0,355.2,398.4,205.9,7.8,0.0,3.9,1243.4,1243.5000000000002,1191.5,0.9582,1077.9033333333332,959.05,0.8898866666666667
VIDARBHA,1909,1.3,10.0,4.8,31.5,17.9,157.1,405.0,176.0,160.3,7.3,0.0,90.6,1061.6,1061.8,898.4000000000001,0.8461,1077.9033333333332,959.05,0.8898866666666667
VIDARBHA,1910,0.0,0.0,0.0,0.1,10.0,289.1,297.4,278.7,300.3,57.7,60.8,0.0,1294.0,1294.1,1165.5,0.9006,1077.9033333333332,959.05,0.8898866666666667
VIDARBHA,1911,18.2,0.0,2.2,0.0,2.6,218.0,205.9,292.3,176.1,27.5,39.9,0.0,982.8,982.7,892.3000000000001,0.908,1077.9033333333332,959.05,0.8898866666666667
VIDARBHA,1912,0.6,49.3,0.2,6.1,7.2,54.2,364.5,391.9,117.0,6.9,15.6,0.5,1014.0,1014.0,927.5999999999999,0.9148,1077.9033333333332,959.05,0.8898866666666667
VIDARBHA,1913,0.0,24.9,4.0,1.8,17.2,199.8,378.3,244.3,137.2,17.4,0.3,27.4,1052.6,1052.6000000000001,959.6000000000001,0.9116,1077.9033333333332,959.05,0.8898866666666667
VIDARBHA,1914,0.0,13.4,12.8,39.1,15.9,239.5,341.2,245.6,266.6,6.1,5.7,13.1,1199.0,1199.0,1092.9,0.9115,1077.9033333333332,959.05,0.8898866666666667
VIDARBHA,1915,33.3,9.1,65.9,18.9,13.1,190.2,311.0,229.6,195.2,111.0,7.4,15.0,1199.6,1199.7,926.0,0.7719,1077.9033333333332,959.05,0.8898866666666667
VIDARBHA,1916,0.0,14.4,0.8,2.2,21.7,257.0,345.3,306.2,253.1,124.1,37.4,0.0,1362.3,1362.2,1161.6,0.8527,1077.9033333333332,959.05,0.8898866666666667
VIDARBHA,1917,0.9,78.5,20.6,11.5,48.9,234.9,350.1,200.3,328.5,120.9,1.7,0.0,1396.9,1396.8000000000002,1113.8,0.7974,1077.9033333333332,959.05,0.8898866666666667
VIDARBHA,1918,2.5,2.9,3.1,0.2,83.1,278.3,168.0,174.5,55.5,3.4,16.8,13.2,801.4,801.5,676.3,0.8438,1077.9033333333332,959.05,0.8898866666666667
VIDARBHA,1919,55.8,37.0,15.9,6.3,19.9,325.6,280.3,249.8,103.6,98.0,19.3,1.1,1212.6,1212.5999999999997,959.3000000000001,0.7911,1077.9033333333332,959.05,0.8898866666666667
VIDARBHA,1920,26.7,0.3,5.2,6.2,4.8,101.8,237.8,111.7,83.3,0.5,0.0,0.0,578.5,578.3,534.6,0.9244,1077.9033333333332,959.05,0.8898866666666667
VIDARBHA,1921,20.3,0.1,0.0,2.6,0.0,283.9,293.0,292.0,182.3,11.3,0.2,0.0,1085.6,1085.7,1051.2,0.9682,1077.9033333333332,959.05,0.8898866666666667
VIDARBHA,1922,33.8,2.3,0.0,3.8,5.1,206.1,361.7,116.5,295.3,4.7,80.3,0.3,1109.8,1109.8999999999999,979.5999999999999,0.8826,1077.9033333333332,959.05,0.8898866666666667
VIDARBHA,1923,1.0,6.7,30.6,3.4,2.3,21.4,402.9,201.1,260.1,11.0,0.1,0.7,941.3,941.3000000000001,885.5,0.9407,1077.9033333333332,959.05,0.8898866666666667
VIDARBHA,1924,21.3,0.5,4.4,6.2,3.2,43.8,308.3,220.6,217.3,126.9,33.6,8.1,994.2,994.2000000000002,790.0,0.7946,1077.9033333333332,959.05,0.8898866666666667
VIDARBHA,1925,0.0,0.0,7.3,5.4,28.0,130.3,293.9,307.2,77.4,21.8,61.5,8.4,941.1,941.1999999999998,808.8,0.8593,1077.9033333333332,959.05,0.8898866666666667
VIDARBHA,1926,59.5,5.7,23.7,15.1,34.4,31.8,330.6,420.0,109.9,38.7,1.3,0.6,1071.1,1071.3,892.3000000000001,0.8329,1077.9033333333332,959.05,0.8898866666666667
VIDARBHA,1927,0.7,10.0,12.2,2.0,2.2,280.2,414.7,220.1,97.7,51.5,70.4,5.7,1167.4,1167.4,1012.7,0.8675,1077.9033333333332,959.05,0.8898866666666667
VIDARBHA,1928,0.2,43.1,5.9,0.2,2.2,177.8,296.2,185.2,180.1,108.5,0.1,17.8,1017.5,1017.3,839.3000000000001,0.825,1077.9033333333332,959.05,0.8898866666666667
VIDARBHA,1929,3.8,52.6,0.7,11.8,0.7,170.9,263.5,157.4,193.1,28.2,0.0,29.8,912.5,912.5,784.9,0.8602,1077.9033333333332,959.05,0.8898866666666667
VIDARBHA,1930,0.0,5.3,1.2,27.4,4.4,181.3,252.9,194.4,233.2,44.8,36.3,1.9,983.1,983.0999999999998,861.8,0.8766,1077.9033333333332,959.05,0.8898866666666667
VIDARBHA,1931,4.0,4.6,11.6,5.6,3.1,103.3,380.6,390.7,232.9,225.1,40.2,2.4,1404.2,1404.1000000000001,1107.5,0.7888,1077.9033333333332,959.05,0.8898866666666667
VIDARBHA,1932,0.0,27.4,12.9,3.4,10.3,154.2,526.6,176.7,183.8,25.6,9.7,0.0,1130.5,1130.6,1041.3,0.921,1077.9033333333332,959.05,0.8898866666666667
VIDARBHA,1933,4.8,38.3,9.1,20.5,64.6,244.6,353.7,365.4,301.7,75.1,8.4,16.0,1502.3,1502.2,1265.3999999999999,0.8424,1077.9033333333332,959.05,0.8898866666666667
VIDARBHA,1934,2.2,0.0,0.3,8.5,0.3,169.1,335.1,390.9,254.4,10.8,46.6,0.1,1218.3,1218.2999999999997,1149.5,0.9435,1077.9033333333332,959.05,0.8898866666666667
VIDARBHA,1935,14.5,4.6,0.7,26.0,1.0,151.8,528.1,164.8,250.4,13.4,0.4,2.3,1158.0,1158.0000000000002,1095.1000000000001,0.9457,1077.9033333333332,959.05,0.8898866666666667
VIDARBHA,1936,17.6,60.3,21.6,4.8,30.5,377.5,285.3,308.3,188.8,61.9,90.9,3.5,1451.2,1451.0,1159.8999999999999,0.7994,1077.9033333333332,959.05,0.8898866666666667
VIDARBHA,1937,0.0,33.1,42.4,112.7,1.5,135.6,476.2,177.2,226.0,105.7,0.4,8.4,1319.1,1319.2000000000003,1015.0,0.7694,1077.9033333333332,959.05,0.8898866666666667
VIDARBHA,1938,4.0,12.4,9.7,6.5,26.2,354.0,425.6,314.1,181.6,126.8,0.0,0.0,1460.9,1460.8999999999999,1275.3,0.873,1077.9033333333332,959.05,0.8898866666666667
VIDARBHA,1939,1.3,1.9,34.2,12.2,0.1,116.1,224.2,385.4,66.5,33.5,6.0,0.4,881.9,881.8,792.1999999999999,0.8984,1077.9033333333332,959.05,0.8898866666666667
VIDARBHA,1940,0.0,9.3,1.3,12.8,11.5,262.7,591.0,298.6,53.6,79.0,24.3,13.4,1357.5,1357.5,1205.9,0.8883,1077.9033333333332,959.05,0.8898866666666667
VIDARBHA,1941,9.6,15.2,13.5,3.1,4.8,142.3,338.8,182.4,112.8,6.5,0.0,0.0,828.9,828.9999999999999,776.3,0.9364,1077.9033333333332,959.05,0.8898866666666667
VIDARBHA,1942,2.4,84.9,0.0,12.9,1.9,179.4,508.3,366.5,159.2,4.9,0.0,21.2,1341.7,1341.6000000000001,1213.4,0.9044,1077.9033333333332,959.05,0.8898866666666667
VIDARBHA,1943,55.0,0.1,0.4,7.2,28.3,141.9,275.1,149.2,277.5,83.4,0.1,0.0,1018.2,1018.2,843.7,0.8286,1077.9033333333332,959.05,0.8898866666666667
VIDARBHA,1944,4.5,59.4,64.8,1.6,2.7,96.6,470.4,370.6,213.2,67.4,16.5,0.0,1367.8,1367.7,1150.8,0.8414,1077.9033333333332,959.05,0.8898866666666667
VIDARBHA,1945,13.8,0.4,0.0,24.6,3.3,147.0,404.7,299.6,274.2,30.3,0.6,1.1,1199.4,1199.5999999999997,1125.5,0.9382,1077.9033333333332,959.05,0.8898866666666667
VIDARBHA,1946,0.0,14.2,0.7,15.5,9.7,237.0,376.9,292.4,107.4,8.6,97.6,13.0,1173.0,1172.9999999999998,1013.6999999999999,0.8642,1077.9033333333332,959.05,0.8898866666666667
VIDARBHA,1947,35.0,26.7,23.7,7.8,5.3,112.1,406.0,345.8,167.8,25.9,0.3,11.8,1168.3,1168.2,1031.7,0.8832,1077.9033333333332,959.05,0.8898866666666667
VIDARBHA,1948,48.9,9.4,7.0,3.9,4.5,125.1,374.1,267.8,201.1,14.4,126.5,0.0,1182.8,1182.7,968.1,0.8186,1077.9033333333332,959.05,0.8898866666666667
VIDARBHA,1949,1.2,1.5,1.0,5.6,28.8,222.7,412.9,266.2,323.5,134.8,0.0,0.1,1398.3,1398.3,1225.3,0.8763,1077.9033333333332,959.05,0.8898866666666667
VIDARBHA,1950,0.1,27.3,14.9,0.7,5.6,84.6,375.0,143.7,116.3,13.3,0.3,11.9,793.5,793.6999999999998,719.5999999999999,0.9066,1077.9033333333332,959.05,0.8898866666666667
VIDARBHA,1951,4.6,0.6,41.9,14.6,11.1,136.8,348.8,318.6,123.1,81.5,0.6,0.0,1082.3,1082.2,927.3000000000001,0.8569,1077.9033333333332,959.05,0.8898866666666667
VIDARBHA,1952,0.0,10.6,4.2,10.8,2.5,98.0,235.1,266.5,146.0,33.6,0.0,0.5,807.7,807.8000000000001,745.6,0.923,1077.9033333333332,959.05,0.8898866666666667
VIDARBHA,1953,3.9,1.1,0.0,21.4,0.2,138.2,299.4,449.9,173.0,50.7,0.0,0.0,1137.8,1137.8,1060.5,0.9321,1077.9033333333332,959.05,0.8898866666666667
VIDARBHA,1954,0.3,0.6,11.4,4.0,1.1,132.4,407.9,248.8,288.3,4.6,0.9,0.1,1100.4,1100.3999999999999,1077.3999999999999,0.9791,1077.9033333333332,959.05,0.8898866666666667
VIDARBHA,1955,15.5,0.3,2.3,6.8,5.0,274.7,278.4,371.8,244.6,169.1,0.2,0.0,1368.7,1368.6999999999998,1169.4999999999998,0.8545,1077.9033333333332,959.05,0.8898866666666667
VIDARBHA,1956,1.3,1.9,0.8,0.5,52.8,248.7,370.5,163.4,198.0,40.1,37.3,9.3,1124.6,1124.6,980.6,0.872,1077.9033333333332,959.05,0.8898866666666667
VIDARBHA,1957,8.6,2.5,44.4,31.6,15.5,148.5,303.8,354.2,133.4,27.5,1.0,0.0,1070.9,1071.0,939.9,0.8776,1077.9033333333332,959.05,0.8898866666666667
VIDARBHA,1958,5.7,2.0,20.4,10.5,10.4,102.7,341.5,354.0,220.3,68.0,36.5,0.1,1172.2,1172.1,1018.5,0.869,1077.9033333333332,959.05,0.8898866666666667
VIDARBHA,1959,13.6,1.2,0.4,11.8,6.2,178.0,467.9,377.3,469.9,79.4,0.5,0.1,1606.3,1606.2999999999997,1493.1,0.9295,1077.9033333333332,959.05,0.8898866666666667
VIDARBHA,1960,38.8,0.0,41.0,6.7,8.2,195.2,378.5,199.9,114.8,78.5,1.1,2.4,1065.0,1065.1,888.4,0.8341,1077.9033333333332,959.05,0.8898866666666667
VIDARBHA,1961,1.1,5.7,4.5,5.3,21.4,152.7,372.6,401.6,326.2,143.3,2.9,3.4,1440.8,1440.7,1253.1,0.8698,1077.9033333333332,959.05,0.8898866666666667
VIDARBHA,1962,5.6,4.6,18.4,33.1,21.7,67.1,364.3,267.3,267.2,8.3,30.5,64.5,1152.6,1152.6,965.9000000000001,0.838,1077.9033333333332,959.05,0.8898866666666667
VIDARBHA,1963,0.3,10.5,12.9,14.8,19.5,204.0,282.1,397.9,123.9,80.1,1.7,0.0,1147.8,1147.7,1007.9,0.8782,1077.9033333333332,959.05,0.8898866666666667
VIDARBHA,1964,0.0,2.0,3.0,1.3,0.6,166.0,259.5,357.9,176.8,40.8,2.3,0.6,1010.7,1010.7999999999998,960.2,0.9499,1077.9033333333332,959.05,0.8898866666666667
VIDARBHA,1965,18.7,4.9,4.9,15.5,1.6,113.6,262.0,181.0,139.6,1.3,0.0,0.5,743.6,743.6,696.2,0.9363,1077.9033333333332,959.05,0.8898866666666667
VIDARBHA,1966,16.1,1.1,10.5,7.9,30.7,84.8,387.5,206.5,191.4,4.6,34.9,26.8,1002.9,1002.8,870.1999999999999,0.8678,1077.9033333333332,959.05,0.8898866666666667
VIDARBHA,1967,0.5,0.0,50.0,7.4,1.6,184.6,406.8,244.8,101.6,8.0,1.1,121.8,1128.4,1128.2,937.8000000000001,0.8312,1077.9033333333332,959.05,0.8898866666666667
VIDARBHA,1968,14.6,23.9,36.6,15.4,0.7,104.8,291.4,210.5,193.0,23.0,4.7,4.3,922.9,922.9,799.7,0.8665,1077.9033333333332,959.05,0.8898866666666667
VIDARBHA,1969,1.5,0.0,0.6,4.0,9.6,98.6,371.0,200.0,281.5,5.4,19.4,1.3,992.9,992.8999999999999,951.1,0.9579,1077.9033333333332,959.05,0.8898866666666667
VIDARBHA,1970,15.9,1.0,18.3,4.2,17.5,304.1,211.0,435.6,223.3,9.6,0.0,0.0,1240.6,1240.5,1174.0,0.9464,1077.9033333333332,959.05,0.8898866666666667
VIDARBHA,1971,3.7,12.8,21.2,12.4,26.7,193.6,124.3,259.2,119.5,108.9,0.0,0.0,882.4,882.3,696.5999999999999,0.7895,1077.9033333333332,959.05,0.8898866666666667
VIDARBHA,1972,0.0,1.1,0.0,3.8,3.4,139.8,197.7,280.8,60.7,20.9,28.5,4.2,740.8,740.9000000000001,679.0,0.9165,1077.9033333333332,959.05,0.8898866666666667
VIDARBHA,1973,1.7,5.0,0.3,2.3,1.5,75.1,428.5,346.4,136.4,163.4,1.4,0.5,1162.4,1162.5,986.4,0.8485,1077.9033333333332,959.05,0.8898866666666667
VIDARBHA,1974,0.0,4.8,1.2,0.5,12.6,93.2,211.0,281.4,68.1,162.6,5.4,0.0,840.8,840.8000000000001,653.6999999999999,0.7775,1077.9033333333332,959.05,0.8898866666666667
VIDARBHA,1975,3.5,22.4,7.0,1.1,6.4,264.3,321.3,316.0,288.9,92.8,0.3,0.0,1324.1,1324.0,1190.5,0.8992,1077.9033333333332,959.05,0.8898866666666667
VIDARBHA,1976,2.1,0.1,4.7,11.5,4.6,90.8,386.0,260.7,174.7,0.9,38.5,0.2,974.6,974.8000000000001,912.2,0.9358,1077.9033333333332,959.05,0.8898866666666667
VIDARBHA,1977,0.0,2.1,3.7,8.9,15.0,169.7,283.9,340.8,131.7,37.8,71.2,3.2,1068.0,1068.0,926.0999999999999,0.8671,1077.9033333333332,959.05,0.8898866666666667
VIDARBHA,1978,13.3,24.4,18.6,10.1,1.9,228.0,399.3,430.0,46.2,16.4,20.7,40.5,1249.4,1249.4,1103.5,0.8832,1077.9033333333332,959.05,0.8898866666666667
VIDARBHA,1979,30.4,59.7,1.7,0.5,12.9,245.6,218.2,323.2,143.3,6.3,34.9,10.6,1087.2,1087.3,930.3,0.8556,1077.9033333333332,959.05,0.8898866666666667
VIDARBHA,1980,15.3,3.2,1.0,2.9,0.5,253.6,246.3,361.8,131.4,2.0,0.4,24.1,1042.6,1042.4999999999998,993.1,0.9526,1077.9033333333332,959.05,0.8898866666666667
VIDARBHA,1981,20.2,0.9,25.4,3.6,12.6,173.1,302.5,352.6,294.5,17.6,1.8,13.8,1218.6,1218.6,1122.7,0.9213,1077.9033333333332,959.05,0.8898866666666667
VIDARBHA,1982,45.7,10.6,6.0,5.2,15.3,100.6,256.4,206.8,144.2,49.2,16.1,0.0,856.1,856.1,708.0,0.827,1077.9033333333332,959.05,0.8898866666666667
VIDARBHA,1983,1.6,7.4,1.9,1.5,6.7,156.4,327.9,376.7,289.8,58.4,0.0,12.2,1240.4,1240.5,1150.8,0.9277,1077.9033333333332,959.05,0.8898866666666667
VIDARBHA,1984,26.9,18.6,0.4,3.2,0.4,105.6,258.6,271.0,48.7,76.6,0.0,0.6,810.6,810.6000000000001,683.9000000000001,0.8437,1077.9033333333332,959.05,0.8898866666666667
VIDARBHA,1985,22.5,1.1,1.0,7.3,9.7,196.8,271.7,181.9,61.9,120.4,0.0,2.6,876.9,876.9,712.3,0.8123,1077.9033333333332,959.05,0.8898866666666667
VIDARBHA,1986,11.7,40.5,6.4,4.2,6.5,232.8,353.4,382.2,61.2,12.7,17.2,28.3,1157.0,1157.1000000000001,1029.6000000000001,0.8898,1077.9033333333332,959.05,0.8898866666666667
VIDARBHA,1987,24.3,6.1,7.5,0.7,9.8,117.0,204.7,283.7,37.7,72.1,55.4,3.6,822.6,822.6,643.1,0.7818,1077.9033333333332,959.05,0.8898866666666667
VIDARBHA,1988,0.7,7.9,3.8,12.5,4.2,186.8,485.0,286.6,230.1,86.4,4.3,0.3,1308.7,1308.6,1188.5,0.9082,1077.9033333333332,959.05,0.8898866666666667
VIDARBHA,1989,0.0,0.0,23.6,0.1,2.0,236.5,240.6,330.1,118.0,15.2,1.6,30.1,997.7,997.8000000000001,925.2,0.9272,1077.9033333333332,959.05,0.8898866666666667
VIDARBHA,1990,3.5,6.8,8.6,3.9,71.3,303.2,326.3,507.3,121.5,143.7,1.6,7.1,1505.0,1504.7999999999997,1258.3,0.8362,1077.9033333333332,959.05,0.8898866666666667
VIDARBHA,1991,6.3,1.6,4.6,4.7,3.0,168.9,348.0,255.4,23.0,9.6,12.1,1.5,838.7,838.7,795.3,0.9483,1077.9033333333332,959.05,0.8898866666666667
VIDARBHA,1992,0.2,0.5,0.4,2.9,5.7,167.9,241.3,565.5,116.1,35.9,12.4,0.0,1148.6,1148.8000000000002,1090.8,0.9495,1077.9033333333332,959.05,0.8898866666666667
VIDARBHA,1993,0.5,3.6,17.9,2.8,5.0,145.8,365.6,222.0,171.3,77.7,0.5,10.4,1023.0,1023.1,904.7,0.8843,1077.9033333333332,959.05,0.8898866666666667
VIDARBHA,1994,10.0,9.8,0.1,9.6,2.2,228.6,508.2,343.3,225.4,83.3,6.2,0.4,1427.1,1427.1000000000001,1305.5,0.9148,1077.9033333333332,959.05,0.8898866666666667
VIDARBHA,1995,49.8,5.5,45.4,8.8,8.0,156.1,335.8,165.9,201.3,100.5,0.1,0.3,1077.5,1077.4999999999998,859.0999999999999,0.7973,1077.9033333333332,959.05,0.8898866666666667
VIDARBHA,1996,2.2,3.7,3.6,9.3,0.7,64.4,266.0,261.1,149.8,92.2,1.9,0.0,855.0,854.9,741.3,0.8671,1077.9033333333332,959.05,0.8898866666666667
VIDARBHA,1997,16.3,0.0,2.5,18.4,8.4,108.0,248.4,265.8,145.7,77.4,69.9,78.5,1039.3,1039.3,767.9000000000001,0.7389,1077.9033333333332,959.05,0.8898866666666667
VIDARBHA,1998,12.8,14.7,16.2,8.3,10.6,127.5,274.0,234.2,247.4,53.9,62.2,0.0,1061.7,1061.8,883.1,0.8317,1077.9033333333332,959.05,0.8898866666666667
VIDARBHA,1999,0.2,20.9,0.2,0.0,33.3,228.8,234.0,294.1,248.0,105.5,0.0,0.0,1165.1,1165.0,1004.9000000000001,0.8626,1077.9033333333332,959.05,0.8898866666666667
VIDARBHA,2000,0.1,16.4,0.1,0.1,28.8,235.9,472.1,286.2,54.0,11.0,0.0,0.5,1105.2,1105.2,1048.2,0.9484,1077.9033333333332,959.05,0.8898866666666667
VIDARBHA,2001,8.9,0.1,15.2,18.3,7.9,338.6,202.0,359.8,37.4,129.2,4.7,0.0,1122.1,1122.1,937.8000000000001,0.8358,1077.9033333333332,959.05,0.8898866666666667
VIDARBHA,2002,2.4,4.0,1.1,2.9,8.2,301.1,88.1,352.5,128.6,35.2,1.9,0.1,925.8,926.1000000000001,870.3000000000001,0.9397,1077.9033333333332,959.05,0.8898866666666667
VIDARBHA,2003,0.0,4.4,3.6,2.7,3.0,140.2,401.0,280.9,138.0,42.6,0.8,1.3,1018.6,1018.4999999999999,960.1,0.9427,1077.9033333333332,959.05,0.8898866666666667
VIDARBHA,2004,10.3,5.5,0.6,3.5,12.2,137.9,217.7,223.1,86.3,27.7,6.9,0.2,731.9,731.9,665.0,0.9086,1077.9033333333332,959.05,0.8898866666666667
VIDARBHA,2005,74.9,7.0,7.2,1.9,2.6,144.4,393.2,249.2,246.8,87.2,0.0,0.2,1214.6,1214.6000000000001,1033.6,0.851,1077.9033333333332,959.05,0.8898866666666667
VIDARBHA,2006,0.0,0.0,50.6,16.2,20.9,115.0,360.8,421.4,175.8,43.7,11.1,0.0,1215.6,1215.5,1073.0,0.8828,1077.9033333333332,959.05,0.8898866666666667
VIDARBHA,2007,0.1,1.3,1.4,3.2,1.2,256.7,349.1,282.4,241.8,27.3,2.5,0.0,1167.0,1167.0,1130.0,0.9683,1077.9033333333332,959.05,0.8898866666666667
VIDARBHA,2008,0.2,1.9,19.2,2.8,2.9,137.9,261.5,254.0,160.8,22.4,2.9,0.1,866.6,866.6,814.2,0.9395,1077.9033333333332,959.05,0.8898866666666667
VIDARBHA,2009,0.1,0.0,0.9,2.4,5.9,78.1,310.8,175.4,90.3,41.9,63.8,1.2,770.8,770.8,654.5999999999999,0.8492,1077.9033333333332,959.05,0.8898866666666667
VIDARBHA,2010,14.0,1.9,7.5,0.3,1.9,144.8,454.5,384.0,238.0,51.0,37.0,3.2,1338.1,1338.1000000000001,1221.3,0.9127,1077.9033333333332,959.05,0.8898866666666667
VIDARBHA,2011,0.0,1.2,0.1,7.7,0.6,137.9,247.1,302.8,191.0,4.7,0.0,0.0,893.2,893.1000000000001,878.8,0.984,1077.9033333333332,959.05,0.8898866666666667
VIDARBHA,2012,3.1,0.1,0.0,0.6,0.2,125.5,370.5,316.2,249.4,34.9,7.3,0.0,1107.7,1107.8000000000002,1061.6000000000001,0.9583,1077.9033333333332,959.05,0.8898866666666667
VIDARBHA,2013,6.6,13.0,3.8,2.8,0.5,366.7,535.5,326.1,131.7,133.5,0.0,0.0,1520.0,1520.2,1360.0000000000002,0.8946,1077.9033333333332,959.05,0.8898866666666667
VIDARBHA,2014,1.2,18.3,49.6,2.6,4.0,63.3,337.6,191.7,224.9,17.3,6.2,2.3,919.1,918.9999999999999,817.5,0.8896,1077.9033333333332,959.05,0.8898866666666667
VIDARBHA,2015,26.3,4.7,66.3,28.1,12.8,254.6,137.2,288.9,167.5,7.0,0.0,0.2,993.8,993.6,848.1999999999999,0.8537,1077.9033333333332,959.05,0.8898866666666667
CHHATTISGARH,1901,48.9,116.5,27.8,5.5,18.4,101.6,381.0,476.7,182.8,27.3,0.4,0.0,1387.0,1386.9,1142.1,0.8235,1280.5166666666667,1142.7400000000002,0.8941433333333334
CHHATTISGARH,1902,0.6,6.5,0.4,13.9,10.3,37.2,403.8,236.6,198.1,4.7,8.1,3.7,923.9,923.9000000000002,875.7,0.9478,1280.5166666666667,1142.7400000000002,0.8941433333333334
CHHATTISGARH,1903,6.2,13.9,0.4,6.8,51.1,110.7,365.9,396.0,212.0,168.0,0.1,0.0,1331.2,1331.1,1084.6,0.8148,1280.5166666666667,1142.7400000000002,0.8941433333333334
CHHATTISGARH,1904,0.0,8.6,32.3,0.2,77.5,369.5,303.6,483.6,86.8,129.3,1.0,0.0,1492.4,1492.4,1243.5,0.8332,1280.5166666666667,1142.7400000000002,0.8941433333333334
CHHATTISGARH,1905,50.3,22.6,19.0,24.6,31.8,40.4,443.7,270.8,338.8,8.9,0.0,0.0,1251.1,1250.9,1093.7,0.8743,1280.5166666666667,1142.7400000000002,0.8941433333333334
CHHATTISGARH,1906,25.0,91.0,52.5,0.0,4.1,210.1,445.2,258.3,242.3,41.2,10.2,14.7,1394.6,1394.6000000000001,1155.8999999999999,0.8288,1280.5166666666667,1142.7400000000002,0.8941433333333334
CHHATTISGARH,1907,4.0,40.2,41.7,39.4,4.5,286.5,233.6,494.4,141.8,0.1,7.3,15.3,1308.8,1308.7999999999997,1156.3,0.8835,1280.5166666666667,1142.7400000000002,0.8941433333333334
CHHATTISGARH,1908,8.4,67.1,6.3,1.5,6.5,182.4,465.9,590.0,146.7,12.9,0.0,1.1,1488.7,1488.8,1385.0,0.9303,1280.5166666666667,1142.7400000000002,0.8941433333333334
CHHATTISGARH,1909,11.3,5.8,3.1,112.8,6.1,266.1,473.9,210.8,142.8,6.7,0.0,44.7,1284.1,1284.1000000000001,1093.6,0.8516,1280.5166666666667,1142.7400000000002,0.8941433333333334
CHHATTISGARH,1910,9.0,0.6,3.7,21.5,13.3,246.0,296.6,441.4,265.2,92.6,17.4,0.0,1407.2,1407.3,1249.2,0.8877,1280.5166666666667,1142.7400000000002,0.8941433333333334
CHHATTISGARH,1911,2.2,0.0,21.7,0.8,9.0,366.7,215.7,474.6,244.6,131.6,37.4,0.0,1504.1,1504.2999999999997,1301.6,0.8653,1280.5166666666667,1142.7400000000002,0.8941433333333334
CHHATTISGARH,1912,3.1,73.9,1.0,22.6,11.3,62.3,422.5,411.9,194.0,13.0,11.3,0.0,1227.0,1226.8999999999999,1090.7,0.889,1280.5166666666667,1142.7400000000002,0.8941433333333334
CHHATTISGARH,1913,4.3,85.4,31.8,4.1,35.8,246.0,374.4,285.6,122.2,24.9,6.2,14.0,1234.6,1234.7000000000003,1028.2,0.8328,1280.5166666666667,1142.7400000000002,0.8941433333333334
CHHATTISGARH,1914,0.0,7.9,21.0,38.6,51.5,186.1,493.8,373.0,234.1,5.0,0.2,6.8,1418.1,1418.0,1287.0,0.9076,1280.5166666666667,1142.7400000000002,0.8941433333333334
CHHATTISGARH,1915,25.0,42.4,19.7,16.6,21.2,131.3,364.6,435.9,251.0,121.0,27.2,0.0,1455.9,1455.9,1182.8,0.8124,1280.5166666666667,1142.7400000000002,0.8941433333333334
CHHATTISGARH,1916,0.0,26.5,2.1,6.9,20.2,325.5,289.4,374.6,199.2,178.4,20.3,0.0,1443.0,1443.1,1188.7,0.8237,1280.5166666666667,1142.7400000000002,0.8941433333333334
CHHATTISGARH,1917,3.6,63.7,26.6,10.8,44.0,296.9,374.0,475.2,287.8,144.1,0.3,0.7,1727.7,1727.6999999999998,1433.8999999999999,0.8299,1280.5166666666667,1142.7400000000002,0.8941433333333334
CHHATTISGARH,1918,14.1,4.5,1.9,10.7,48.3,431.2,238.0,490.9,122.5,1.7,4.7,8.8,1377.2,1377.3,1282.6,0.9312,1280.5166666666667,1142.7400000000002,0.8941433333333334
CHHATTISGARH,1919,98.3,65.2,30.1,13.5,33.0,396.5,392.9,511.2,152.4,150.6,13.9,1.4,1859.0,1859.0000000000002,1453.0,0.7816,1280.5166666666667,1142.7400000000002,0.8941433333333334
CHHATTISGARH,1920,1.7,2.6,21.9,25.6,23.4,97.0,542.5,391.5,92.0,5.2,0.0,0.0,1203.4,1203.4,1123.0,0.9332,1280.5166666666667,1142.7400000000002,0.8941433333333334
CHHATTISGARH,1921,39.6,1.6,0.0,6.2,0.0,335.4,311.4,401.8,210.9,12.3,0.0,0.0,1319.4,1319.2,1259.5,0.9547,1280.5166666666667,1142.7400000000002,0.8941433333333334
CHHATTISGARH,1922,21.1,1.2,0.5,12.7,9.5,180.2,416.7,305.2,297.6,23.5,38.9,1.7,1308.8,1308.8,1199.6999999999998,0.9166,1280.5166666666667,1142.7400000000002,0.8941433333333334
CHHATTISGARH,1923,3.9,27.1,15.2,9.7,5.3,103.8,374.6,582.3,194.9,61.9,8.0,0.5,1387.2,1387.2000000000003,1255.6000000000001,0.9051,1280.5166666666667,1142.7400000000002,0.8941433333333334
CHHATTISGARH,1924,32.3,11.1,5.9,9.0,18.0,83.5,310.3,329.5,330.6,79.5,124.5,0.1,1334.2,1334.3,1053.9,0.7899,1280.5166666666667,1142.7400000000002,0.8941433333333334
CHHATTISGARH,1925,0.2,0.5,0.3,10.6,88.6,368.8,560.4,476.6,166.8,45.1,19.1,0.0,1737.1,1736.9999999999998,1572.6000000000001,0.9054,1280.5166666666667,1142.7400000000002,0.8941433333333334
CHHATTISGARH,1926,33.2,10.7,99.7,63.3,45.3,55.3,374.4,555.5,330.5,63.4,0.2,3.3,1634.9,1634.8000000000002,1315.7,0.8048,1280.5166666666667,1142.7400000000002,0.8941433333333334
CHHATTISGARH,1927,11.7,57.9,24.1,2.3,15.9,193.3,468.3,488.8,171.9,75.2,27.8,0.0,1537.1,1537.2,1322.3000000000002,0.8602,1280.5166666666667,1142.7400000000002,0.8941433333333334
CHHATTISGARH,1928,6.8,11.3,8.8,13.6,16.7,210.1,384.4,272.7,192.5,97.8,0.0,4.4,1219.2,1219.1000000000001,1059.7,0.8692,1280.5166666666667,1142.7400000000002,0.8941433333333334
CHHATTISGARH,1929,23.1,28.9,1.2,14.4,5.6,216.2,597.9,461.1,179.2,94.3,0.0,41.9,1663.8,1663.8000000000002,1454.3999999999999,0.8741,1280.5166666666667,1142.7400000000002,0.8941433333333334
CHHATTISGARH,1930,0.0,4.0,13.5,43.3,7.9,190.9,517.4,285.0,185.3,37.3,93.9,5.1,1383.5,1383.6,1178.6,0.8518,1280.5166666666667,1142.7400000000002,0.8941433333333334
CHHATTISGARH,1931,8.4,64.4,14.5,10.6,14.6,104.6,359.1,510.8,169.3,156.3,54.1,0.2,1467.0,1466.8999999999999,1143.8,0.7797,1280.5166666666667,1142.7400000000002,0.8941433333333334
CHHATTISGARH,1932,0.0,22.9,3.7,9.5,18.8,109.6,525.2,300.9,272.6,56.4,37.6,0.2,1357.6,1357.4,1208.3000000000002,0.8902,1280.5166666666667,1142.7400000000002,0.8941433333333334
CHHATTISGARH,1933,31.6,75.9,14.9,21.9,97.3,310.7,388.9,368.3,286.5,41.4,7.9,5.5,1650.6,1650.8000000000002,1354.3999999999999,0.8205,1280.5166666666667,1142.7400000000002,0.8941433333333334
CHHATTISGARH,1934,1.8,0.0,1.5,11.5,0.0,263.1,412.0,483.4,305.3,37.0,12.3,1.1,1529.2,1529.0,1463.8,0.9574,1280.5166666666667,1142.7400000000002,0.8941433333333334
CHHATTISGARH,1935,12.2,17.9,5.1,33.4,4.1,132.2,562.1,247.2,247.6,3.8,0.0,3.6,1269.2,1269.1999999999998,1189.1,0.9369,1280.5166666666667,1142.7400000000002,0.8941433333333334
CHHATTISGARH,1936,31.9,44.7,14.6,4.3,46.6,413.1,463.8,434.5,258.0,90.4,18.2,6.1,1826.2,1826.2,1569.4,0.8594,1280.5166666666667,1142.7400000000002,0.8941433333333334
CHHATTISGARH,1937,0.0,66.2,21.5,76.3,19.2,222.6,501.0,391.9,237.0,79.8,1.0,0.2,1616.8,1616.6999999999998,1352.5,0.8366,1280.5166666666667,1142.7400000000002,0.8941433333333334
CHHATTISGARH,1938,18.4,25.1,5.4,8.2,48.8,269.2,386.8,343.5,266.7,126.6,7.0,0.1,1505.8,1505.8,1266.2,0.8409,1280.5166666666667,1142.7400000000002,0.8941433333333334
CHHATTISGARH,1939,6.5,22.8,53.2,19.9,1.1,188.6,427.5,478.6,198.3,79.3,4.6,0.0,1480.3,1480.3999999999999,1293.0,0.8734,1280.5166666666667,1142.7400000000002,0.8941433333333334
CHHATTISGARH,1940,0.2,23.0,31.1,26.4,41.5,218.6,542.9,395.6,72.8,67.2,4.9,24.3,1448.4,1448.5,1229.8999999999999,0.8491,1280.5166666666667,1142.7400000000002,0.8941433333333334
CHHATTISGARH,1941,20.8,13.8,18.4,3.3,27.1,240.8,218.6,238.7,146.0,70.9,6.5,0.2,1005.1,1005.1,844.0999999999999,0.8398,1280.5166666666667,1142.7400000000002,0.8941433333333334
CHHATTISGARH,1942,13.1,48.2,7.5,18.7,17.7,164.1,540.7,470.7,289.6,23.9,1.6,2.3,1598.3,1598.1000000000001,1465.1,0.9168,1280.5166666666667,1142.7400000000002,0.8941433333333334
CHHATTISGARH,1943,99.5,5.1,1.0,19.5,32.1,214.2,459.7,386.5,373.6,52.8,1.0,0.0,1645.1,1644.9999999999998,1434.0,0.8717,1280.5166666666667,1142.7400000000002,0.8941433333333334
CHHATTISGARH,1944,24.4,78.3,102.9,25.0,11.1,101.3,611.7,439.8,247.7,142.8,7.5,0.1,1792.7,1792.6,1400.5,0.7813,1280.5166666666667,1142.7400000000002,0.8941433333333334
CHHATTISGARH,1945,30.1,7.6,0.0,58.6,7.0,200.7,428.5,397.2,376.6,71.9,6.4,0.9,1585.6,1585.5000000000005,1403.0,0.8849,1280.5166666666667,1142.7400000000002,0.8941433333333334
CHHATTISGARH,1946,0.0,11.0,2.3,35.3,25.3,307.9,419.9,522.5,181.6,63.9,29.0,0.4,1599.0,1599.1,1431.8999999999999,0.8954,1280.5166666666667,1142.7400000000002,0.8941433333333334
CHHATTISGARH,1947,31.0,29.9,12.0,6.7,9.7,140.1,510.6,476.4,283.2,80.0,4.5,15.6,1599.6,1599.7,1410.3,0.8816,1280.5166666666667,1142.7400000000002,0.8941433333333334
CHHATTISGARH,1948,31.0,8.0,14.2,21.5,11.6,216.0,390.1,423.7,246.9,42.3,86.4,0.0,1491.7,1491.7000000000003,1276.7,0.8559,1280.5166666666667,1142.7400000000002,0.8941433333333334
CHHATTISGARH,1949,1.2,7.6,4.0,9.9,61.5,181.7,381.0,412.3,280.3,159.8,0.0,0.2,1499.6,1499.5,1255.3,0.8371,1280.5166666666667,1142.7400000000002,0.8941433333333334
CHHATTISGARH,1950,0.4,40.1,50.9,1.3,10.0,172.4,457.2,374.7,148.9,16.7,19.6,0.0,1292.2,1292.2,1153.2,0.8924,1280.5166666666667,1142.7400000000002,0.8941433333333334
CHHATTISGARH,1951,4.5,2.8,102.3,59.8,34.5,145.1,338.4,459.4,166.5,96.8,1.5,0.0,1411.6,1411.6,1109.4,0.7859,1280.5166666666667,1142.7400000000002,0.8941433333333334
CHHATTISGARH,1952,1.2,20.0,18.8,18.2,23.4,120.8,439.4,385.8,304.0,62.8,0.0,2.0,1396.4,1396.3999999999999,1250.0,0.8952,1280.5166666666667,1142.7400000000002,0.8941433333333334
CHHATTISGARH,1953,24.3,5.1,0.1,22.7,5.8,140.8,421.3,483.6,209.1,55.0,2.4,0.0,1370.2,1370.2,1254.8,0.9158,1280.5166666666667,1142.7400000000002,0.8941433333333334
CHHATTISGARH,1954,2.7,2.2,4.4,11.7,6.5,114.9,314.0,358.1,361.4,12.5,0.0,5.4,1193.7,1193.8000000000002,1148.4,0.962,1280.5166666666667,1142.7400000000002,0.8941433333333334
CHHATTISGARH,1955,15.1,1.2,3.2,13.5,23.3,242.1,283.1,406.0,276.6,174.2,2.4,0.0,1440.7,1440.7,1207.8000000000002,0.8383,1280.5166666666667,1142.7400000000002,0.8941433333333334
CHHATTISGARH,1956,2.2,13.9,7.1,3.0,68.4,278.0,468.5,404.3,227.3,69.6,10.7,4.0,1557.0,1557.0,1378.1,0.8851,1280.5166666666667,1142.7400000000002,0.8941433333333334
CHHATTISGARH,1957,14.8,10.4,48.7,17.0,16.2,114.8,449.7,416.7,105.8,28.3,0.0,0.0,1222.4,1222.3999999999999,1087.0,0.8892,1280.5166666666667,1142.7400000000002,0.8941433333333334
CHHATTISGARH,1958,9.5,38.8,21.6,17.1,19.2,101.2,509.4,376.0,265.8,133.0,29.3,0.0,1520.9,1520.8999999999999,1252.4,0.8235,1280.5166666666667,1142.7400000000002,0.8941433333333334
CHHATTISGARH,1959,32.0,3.3,0.2,3.6,15.5,180.4,408.9,473.1,357.9,69.0,0.1,0.3,1544.2,1544.3,1420.3000000000002,0.9197,1280.5166666666667,1142.7400000000002,0.8941433333333334
CHHATTISGARH,1960,18.0,0.7,44.4,10.2,11.2,168.6,412.1,441.5,145.4,111.9,0.4,0.0,1364.3,1364.4000000000003,1167.6000000000001,0.8558,1280.5166666666667,1142.7400000000002,0.8941433333333334
CHHATTISGARH,1961,2.5,44.1,5.0,10.9,16.1,377.4,533.2,467.6,401.2,102.8,5.8,7.3,1974.0,1973.9,1779.4,0.9015,1280.5166666666667,1142.7400000000002,0.8941433333333334
CHHATTISGARH,1962,3.8,15.8,10.4,23.8,28.0,130.5,371.6,276.1,210.0,26.3,2.0,26.4,1124.7,1124.7,988.2,0.8786,1280.5166666666667,1142.7400000000002,0.8941433333333334
CHHATTISGARH,1963,0.4,5.4,8.9,44.8,28.2,160.8,349.4,387.7,258.8,91.2,1.2,0.3,1337.2,1337.1,1156.7,0.8651,1280.5166666666667,1142.7400000000002,0.8941433333333334
CHHATTISGARH,1964,1.0,21.9,3.9,6.5,4.5,269.2,371.6,515.3,201.8,109.1,4.1,0.0,1509.1,1508.8999999999999,1357.8999999999999,0.8999,1280.5166666666667,1142.7400000000002,0.8941433333333334
CHHATTISGARH,1965,5.8,4.5,22.3,14.4,8.4,111.1,310.0,208.3,251.8,4.9,0.0,0.0,941.6,941.4999999999999,881.2,0.936,1280.5166666666667,1142.7400000000002,0.8941433333333334
CHHATTISGARH,1966,20.9,0.0,2.2,16.3,19.0,267.8,294.0,253.4,154.6,25.1,12.8,20.9,1087.1,1087.0,969.8,0.8922,1280.5166666666667,1142.7400000000002,0.8941433333333334
CHHATTISGARH,1967,1.7,0.0,96.8,15.5,12.2,184.3,397.9,508.3,188.5,9.2,0.4,57.6,1472.5,1472.4,1279.0,0.8686,1280.5166666666667,1142.7400000000002,0.8941433333333334
CHHATTISGARH,1968,25.6,26.1,16.3,19.5,4.5,176.2,354.9,269.9,210.7,59.7,0.7,3.9,1168.0,1168.0,1011.6999999999998,0.8662,1280.5166666666667,1142.7400000000002,0.8941433333333334
CHHATTISGARH,1969,6.0,1.6,0.6,18.7,46.2,121.8,442.4,291.4,211.4,18.5,6.0,7.9,1172.6,1172.5,1067.0,0.91,1280.5166666666667,1142.7400000000002,0.8941433333333334
CHHATTISGARH,1970,12.1,11.9,44.9,18.9,23.2,237.9,453.2,443.1,236.4,19.9,0.0,0.0,1501.5,1501.5000000000002,1370.6000000000001,0.9128,1280.5166666666667,1142.7400000000002,0.8941433333333334
CHHATTISGARH,1971,20.3,24.8,11.6,48.8,68.6,384.1,354.6,398.8,127.9,89.6,4.7,0.0,1533.8,1533.8000000000002,1265.4,0.825,1280.5166666666667,1142.7400000000002,0.8941433333333334
CHHATTISGARH,1972,0.1,19.2,1.2,15.2,6.2,123.9,319.4,392.0,232.4,49.2,36.3,3.9,1198.9,1199.0000000000002,1067.7,0.8905,1280.5166666666667,1142.7400000000002,0.8941433333333334
CHHATTISGARH,1973,3.8,10.0,2.6,3.1,6.9,97.9,429.3,401.9,286.5,223.3,2.0,0.0,1467.3,1467.3,1215.6,0.8285,1280.5166666666667,1142.7400000000002,0.8941433333333334
CHHATTISGARH,1974,0.0,6.6,2.5,1.5,9.2,115.6,253.4,353.3,100.4,97.3,11.3,0.0,951.0,951.0999999999998,822.6999999999999,0.865,1280.5166666666667,1142.7400000000002,0.8941433333333334
CHHATTISGARH,1975,9.7,7.4,11.3,3.7,8.7,202.5,403.3,421.3,265.7,140.8,0.9,0.0,1475.5,1475.3000000000002,1292.8,0.8763,1280.5166666666667,1142.7400000000002,0.8941433333333334
CHHATTISGARH,1976,0.4,4.1,1.1,15.9,12.6,100.0,569.0,492.1,174.5,2.8,6.7,0.2,1379.3,1379.4,1335.6,0.9682,1280.5166666666667,1142.7400000000002,0.8941433333333334
CHHATTISGARH,1977,4.1,4.9,2.2,19.0,33.7,242.4,509.3,386.3,196.5,19.9,40.9,6.1,1465.5,1465.3000000000002,1334.5,0.9107,1280.5166666666667,1142.7400000000002,0.8941433333333334
CHHATTISGARH,1978,4.1,13.7,18.9,12.8,3.7,257.0,377.7,470.8,176.0,11.5,11.9,12.2,1370.4,1370.3000000000002,1281.5,0.9352,1280.5166666666667,1142.7400000000002,0.8941433333333334
CHHATTISGARH,1979,20.7,24.7,0.6,4.4,4.4,176.3,209.8,267.2,155.5,26.1,11.3,3.6,904.6,904.6,808.8,0.8941,1280.5166666666667,1142.7400000000002,0.8941433333333334
CHHATTISGARH,1980,5.3,2.3,7.9,7.2,15.5,273.0,426.6,362.2,369.4,21.4,0.0,4.6,1495.4,1495.4,1431.1999999999998,0.9571,1280.5166666666667,1142.7400000000002,0.8941433333333334
CHHATTISGARH,1981,20.7,1.6,20.7,4.0,15.6,127.5,356.2,409.1,237.2,20.7,0.9,2.2,1216.2,1216.4,1130.0,0.929,1280.5166666666667,1142.7400000000002,0.8941433333333334
CHHATTISGARH,1982,27.2,18.9,22.5,11.5,25.0,133.5,251.8,501.1,119.1,75.2,10.9,0.6,1197.4,1197.3,1005.5000000000001,0.8398,1280.5166666666667,1142.7400000000002,0.8941433333333334
CHHATTISGARH,1983,0.3,24.9,1.5,20.4,28.4,155.7,324.2,417.6,330.9,58.2,0.6,9.4,1371.9,1372.1000000000001,1228.4,0.8953,1280.5166666666667,1142.7400000000002,0.8941433333333334
CHHATTISGARH,1984,35.3,12.4,0.1,24.9,15.5,291.6,322.0,400.2,99.8,52.7,0.2,0.0,1254.7,1254.7,1113.6,0.8875,1280.5166666666667,1142.7400000000002,0.8941433333333334
CHHATTISGARH,1985,33.2,9.4,0.4,8.7,11.9,137.2,398.9,346.0,214.6,77.2,0.0,0.0,1237.5,1237.5,1096.6999999999998,0.8862,1280.5166666666667,1142.7400000000002,0.8941433333333334
CHHATTISGARH,1986,23.3,45.7,10.0,11.5,8.7,361.9,367.9,321.0,98.7,61.9,33.9,24.1,1368.6,1368.6000000000001,1149.5,0.8399,1280.5166666666667,1142.7400000000002,0.8941433333333334
CHHATTISGARH,1987,9.2,9.3,7.9,2.4,22.1,81.0,409.9,264.8,214.0,82.5,37.5,2.2,1142.8,1142.8,969.7,0.8485,1280.5166666666667,1142.7400000000002,0.8941433333333334
CHHATTISGARH,1988,0.7,25.1,6.2,22.7,8.8,219.7,375.0,351.1,167.8,28.7,0.4,0.1,1206.3,1206.3000000000002,1113.6000000000001,0.9232,1280.5166666666667,1142.7400000000002,0.8941433333333334
CHHATTISGARH,1989,0.1,0.0,10.5,1.0,8.9,226.8,372.1,353.7,173.9,10.4,5.2,24.6,1187.2,1187.2000000000003,1126.5000000000002,0.9489,1280.5166666666667,1142.7400000000002,0.8941433333333334
CHHATTISGARH,1990,0.5,18.5,9.2,7.4,122.3,293.6,393.9,375.9,268.2,143.6,9.4,1.4,1643.8,1643.9,1331.6000000000001,0.81,1280.5166666666667,1142.7400000000002,0.8941433333333334
CHHATTISGARH,1991,10.6,1.6,9.2,3.7,4.7,143.8,446.2,411.2,135.1,37.9,9.3,7.6,1220.8,1220.8999999999999,1136.3,0.9307,1280.5166666666667,1142.7400000000002,0.8941433333333334
CHHATTISGARH,1992,0.1,0.3,0.5,1.9,5.4,137.1,401.3,419.1,180.0,7.9,3.0,0.0,1156.6,1156.6000000000001,1137.5,0.9835,1280.5166666666667,1142.7400000000002,0.8941433333333334
CHHATTISGARH,1993,0.0,5.3,7.1,4.7,10.0,167.2,351.0,299.5,298.6,60.1,1.9,0.0,1205.3,1205.4,1116.3000000000002,0.9261,1280.5166666666667,1142.7400000000002,0.8941433333333334
CHHATTISGARH,1994,3.5,8.4,0.0,5.2,9.1,413.4,575.7,447.7,212.0,76.9,2.7,0.0,1754.5,1754.6000000000001,1648.8,0.9397,1280.5166666666667,1142.7400000000002,0.8941433333333334
CHHATTISGARH,1995,43.5,2.6,24.0,5.2,24.9,119.5,478.3,356.0,137.7,69.6,11.2,8.2,1280.7,1280.7,1091.5,0.8523,1280.5166666666667,1142.7400000000002,0.8941433333333334
CHHATTISGARH,1996,11.1,5.6,3.6,4.8,2.2,195.2,352.4,429.4,156.8,25.0,0.8,0.2,1187.0,1187.1,1133.8,0.9551,1280.5166666666667,1142.7400000000002,0.8941433333333334
CHHATTISGARH,1997,6.3,0.1,2.2,45.7,7.2,153.8,384.6,414.7,167.5,30.2,51.4,53.5,1317.2,1317.2000000000003,1120.6000000000001,0.8507,1280.5166666666667,1142.7400000000002,0.8941433333333334
CHHATTISGARH,1998,64.9,11.2,27.3,11.9,16.4,156.2,356.0,259.6,288.3,93.1,47.8,0.0,1332.5,1332.6999999999998,1060.1000000000001,0.7955,1280.5166666666667,1142.7400000000002,0.8941433333333334
CHHATTISGARH,1999,0.0,3.1,0.1,0.0,31.5,222.5,310.0,408.7,253.7,91.2,1.3,0.6,1322.6,1322.7,1194.9,0.9034,1280.5166666666667,1142.7400000000002,0.8941433333333334
CHHATTISGARH,2000,2.6,0.0,0.6,1.5,9.3,180.7,322.4,215.6,169.1,4.3,0.2,0.1,906.3,906.4,887.8,0.9795,1280.5166666666667,1142.7400000000002,0.8941433333333334
CHHATTISGARH,2001,0.8,0.3,14.6,17.6,16.6,339.4,630.6,380.3,108.4,86.9,4.6,0.0,1600.1,1600.1000000000001,1458.7,0.9116,1280.5166666666667,1142.7400000000002,0.8941433333333334
CHHATTISGARH,2002,41.5,4.9,12.2,3.3,32.1,196.3,138.4,352.4,122.3,57.8,13.3,15.9,990.2,990.3999999999999,809.4,0.8172,1280.5166666666667,1142.7400000000002,0.8941433333333334
CHHATTISGARH,2003,3.7,17.7,12.1,2.6,0.7,128.7,446.6,519.7,384.1,157.6,5.8,14.9,1694.3,1694.2,1479.1,0.873,1280.5166666666667,1142.7400000000002,0.8941433333333334
CHHATTISGARH,2004,37.8,16.7,3.1,21.2,6.8,213.1,323.1,351.7,126.5,43.9,0.7,0.1,1144.5,1144.7,1014.4000000000001,0.8862,1280.5166666666667,1142.7400000000002,0.8941433333333334
CHHATTISGARH,2005,57.6,15.6,6.1,6.5,16.4,197.0,393.8,267.7,240.5,83.5,1.6,1.0,1287.2,1287.3,1099.0,0.8537,1280.5166666666667,1142.7400000000002,0.8941433333333334
CHHATTISGARH,2006,2.7,0.0,26.2,17.2,23.5,92.2,495.1,447.2,184.6,13.3,15.1,0.7,1317.7,1317.8,1219.1,0.9251,1280.5166666666667,1142.7400000000002,0.8941433333333334
CHHATTISGARH,2007,0.0,15.7,6.2,11.4,10.4,259.4,309.9,338.8,259.1,67.8,2.0,0.5,1281.2,1281.2,1167.1999999999998,0.911,1280.5166666666667,1142.7400000000002,0.8941433333333334
CHHATTISGARH,2008,6.7,9.7,22.2,11.2,9.5,236.4,280.5,305.1,215.4,10.7,1.2,0.0,1108.5,1108.6000000000001,1037.4,0.9358,1280.5166666666667,1142.7400000000002,0.8941433333333334
CHHATTISGARH,2009,1.2,0.0,2.3,1.9,11.2,45.3,455.0,247.1,104.7,43.6,42.5,1.9,956.6,956.7,852.1,0.8907,1280.5166666666667,1142.7400000000002,0.8941433333333334
CHHATTISGARH,2010,7.9,4.9,1.0,5.9,12.6,102.6,426.8,340.3,302.5,54.3,20.2,27.6,1306.6,1306.6,1172.2,0.8971,1280.5166666666667,1142.7400000000002,0.8941433333333334
CHHATTISGARH,2011,0.3,11.5,2.6,35.0,16.8,183.5,272.6,379.8,382.2,15.5,0.0,2.8,1302.7,1302.6,1218.1000000000001,0.9351,1280.5166666666667,1142.7400000000002,0.8941433333333334
CHHATTISGARH,2012,36.6,4.8,1.1,14.9,9.4,147.3,430.6,442.2,245.3,19.8,20.4,5.0,1377.4,1377.4,1265.4,0.9187,1280.5166666666667,1142.7400000000002,0.8941433333333334
CHHATTISGARH,2013,2.8,19.7,4.9,45.8,5.7,263.6,418.8,336.6,140.9,180.9,0.3,0.0,1420.0,1420.0000000000002,1159.9,0.8168,1280.5166666666667,1142.7400000000002,0.8941433333333334
CHHATTISGARH,2014,2.3,29.0,21.4,17.3,25.0,104.9,416.7,327.7,252.7,77.9,2.6,1.1,1278.7,1278.6,1102.0,0.8619,1280.5166666666667,1142.7400000000002,0.8941433333333334
CHHATTISGARH,2015,15.8,1.2,21.2,37.0,13.0,257.6,248.6,286.6,216.9,17.7,0.6,1.5,1117.6,1117.7,1009.7,0.9034,1280.5166666666667,1142.7400000000002,0.8941433333333334
COASTAL ANDHRA PRADESH,1901,18.8,80.9,7.2,28.7,68.7,77.7,113.0,133.7,125.3,173.4,164.8,1.5,993.8,993.7,449.7,0.4526,1088.8966666666665,681.7366666666666,0.6348199999999999
COASTAL ANDHRA PRADESH,1902,2.0,0.0,2.8,23.9,37.6,72.6,144.5,236.1,204.5,262.0,50.4,27.1,1063.6,1063.5,657.7,0.6184,1088.8966666666665,681.7366666666666,0.6348199999999999
COASTAL ANDHRA PRADESH,1903,0.8,13.3,0.2,6.2,73.4,154.0,248.6,258.0,216.5,159.1,173.9,12.1,1316.2,1316.1,877.1,0.6664,1088.8966666666665,681.7366666666666,0.6348199999999999
COASTAL ANDHRA PRADESH,1904,1.3,0.0,5.4,3.0,136.3,107.8,120.2,117.7,116.8,240.9,0.0,10.7,860.2,860.1,462.5,0.5377,1088.8966666666665,681.7366666666666,0.6348199999999999
COASTAL ANDHRA PRADESH,1905,1.1,16.7,68.0,37.0,68.8,84.4,64.6,210.8,170.2,66.0,7.4,0.0,795.2,795.0000000000001,530.0,0.6667,1088.8966666666665,681.7366666666666,0.6348199999999999
COASTAL ANDHRA PRADESH,1906,3.9,23.5,9.9,2.3,11.0,252.6,155.8,241.1,126.9,92.1,21.5,80.8,1021.5,1021.4,776.4,0.7601,1088.8966666666665,681.7366666666666,0.6348199999999999
COASTAL ANDHRA PRADESH,1907,0.6,3.0,38.9,80.9,18.9,224.5,119.7,118.2,94.7,37.0,52.4,29.1,817.9,817.9000000000001,557.1,0.6811,1088.8966666666665,681.7366666666666,0.6348199999999999
COASTAL ANDHRA PRADESH,1908,54.1,1.3,1.7,7.2,40.9,57.2,120.9,162.0,320.9,73.9,2.1,0.0,842.3,842.1999999999999,661.0,0.7848,1088.8966666666665,681.7366666666666,0.6348199999999999
COASTAL ANDHRA PRADESH,1909,1.3,1.3,0.2,112.2,34.0,109.7,154.2,193.1,169.8,13.4,3.1,75.2,867.6,867.5,626.8,0.7225,1088.8966666666665,681.7366666666666,0.6348199999999999
COASTAL ANDHRA PRADESH,1910,0.9,2.4,0.2,31.9,22.6,179.6,222.2,204.5,216.8,286.4,87.2,0.0,1254.6,1254.7,823.0999999999999,0.656,1088.8966666666665,681.7366666666666,0.6348199999999999
COASTAL ANDHRA PRADESH,1911,0.0,0.0,10.3,14.4,31.2,150.5,158.1,76.2,160.4,119.7,77.6,21.0,819.5,819.4000000000001,545.2,0.6654,1088.8966666666665,681.7366666666666,0.6348199999999999
COASTAL ANDHRA PRADESH,1912,0.0,9.6,4.8,15.2,33.6,55.9,217.9,230.1,188.7,86.1,61.7,0.0,903.6,903.6,692.5999999999999,0.7665,1088.8966666666665,681.7366666666666,0.6348199999999999
COASTAL ANDHRA PRADESH,1913,0.0,12.9,0.5,3.3,68.2,129.0,166.9,124.3,119.5,206.7,7.2,2.4,841.0,840.9,539.7,0.6418,1088.8966666666665,681.7366666666666,0.6348199999999999
COASTAL ANDHRA PRADESH,1914,0.0,10.9,5.8,73.0,77.7,171.7,157.4,178.5,292.4,22.8,17.8,5.1,1013.2,1013.0999999999999,800.0,0.7897,1088.8966666666665,681.7366666666666,0.6348199999999999
COASTAL ANDHRA PRADESH,1915,21.1,17.9,53.3,44.8,63.5,177.3,134.8,226.5,170.5,228.8,208.8,0.0,1347.4,1347.3,709.1,0.5263,1088.8966666666665,681.7366666666666,0.6348199999999999
COASTAL ANDHRA PRADESH,1916,0.2,5.1,0.5,16.3,43.9,157.9,282.1,197.1,166.2,355.9,126.0,0.1,1351.2,1351.2999999999997,803.3,0.5945,1088.8966666666665,681.7366666666666,0.6348199999999999
COASTAL ANDHRA PRADESH,1917,1.1,25.1,14.9,16.4,105.5,201.4,142.4,215.8,219.6,216.0,126.5,5.0,1289.6,1289.6999999999998,779.2,0.6042,1088.8966666666665,681.7366666666666,0.6348199999999999
COASTAL ANDHRA PRADESH,1918,25.1,2.5,9.5,13.0,79.6,109.4,107.4,130.9,149.6,30.8,111.7,8.5,778.0,778.0,497.30000000000007,0.6392,1088.8966666666665,681.7366666666666,0.6348199999999999
COASTAL ANDHRA PRADESH,1919,41.3,22.9,10.4,23.6,70.0,111.2,194.8,118.6,161.8,194.5,183.6,8.7,1141.4,1141.3999999999999,586.4000000000001,0.5138,1088.8966666666665,681.7366666666666,0.6348199999999999
COASTAL ANDHRA PRADESH,1920,9.6,23.8,4.7,25.1,78.4,83.0,71.6,124.9,113.6,176.5,12.2,0.0,723.5,723.4000000000001,393.1,0.5434,1088.8966666666665,681.7366666666666,0.6348199999999999
COASTAL ANDHRA PRADESH,1921,52.3,0.1,0.1,35.3,11.2,97.6,204.6,168.0,228.7,192.6,24.7,0.0,1015.0,1015.2000000000002,698.9,0.6884,1088.8966666666665,681.7366666666666,0.6348199999999999
COASTAL ANDHRA PRADESH,1922,10.9,0.0,0.0,5.3,35.8,103.3,145.6,132.6,117.5,128.0,174.0,0.2,853.3,853.2,499.0,0.5849,1088.8966666666665,681.7366666666666,0.6348199999999999
COASTAL ANDHRA PRADESH,1923,0.2,58.3,13.5,14.9,39.1,44.3,128.8,53.4,260.6,267.5,245.6,0.1,1126.4,1126.3,487.1,0.4325,1088.8966666666665,681.7366666666666,0.6348199999999999
COASTAL ANDHRA PRADESH,1924,3.7,6.2,0.6,8.8,66.1,66.2,111.6,197.6,349.8,131.0,240.3,0.0,1182.0,1181.8999999999999,725.2,0.6136,1088.8966666666665,681.7366666666666,0.6348199999999999
COASTAL ANDHRA PRADESH,1925,2.9,0.1,5.6,40.2,196.4,151.4,197.8,223.9,103.4,262.6,46.1,8.1,1238.5,1238.5,676.5,0.5462,1088.8966666666665,681.7366666666666,0.6348199999999999
COASTAL ANDHRA PRADESH,1926,13.7,7.7,78.7,57.1,36.4,72.4,191.4,173.3,162.8,76.7,0.5,0.0,870.7,870.7,599.9000000000001,0.689,1088.8966666666665,681.7366666666666,0.6348199999999999
COASTAL ANDHRA PRADESH,1927,14.1,8.4,18.5,6.3,40.0,196.4,172.4,197.2,157.0,66.1,176.5,0.0,1053.0,1052.9,723.0,0.6867,1088.8966666666665,681.7366666666666,0.6348199999999999
COASTAL ANDHRA PRADESH,1928,0.0,2.8,1.4,55.1,31.0,88.7,189.0,136.4,208.2,385.9,2.2,0.7,1101.3,1101.4,622.3,0.565,1088.8966666666665,681.7366666666666,0.6348199999999999
COASTAL ANDHRA PRADESH,1929,2.7,37.4,1.5,19.7,41.0,190.0,78.3,138.4,146.3,173.1,5.3,25.4,859.1,859.0999999999999,553.0,0.6437,1088.8966666666665,681.7366666666666,0.6348199999999999
COASTAL ANDHRA PRADESH,1930,0.5,32.4,6.6,23.2,117.3,189.6,112.4,133.0,136.7,284.1,181.9,5.1,1222.7,1222.8000000000002,571.7,0.4675,1088.8966666666665,681.7366666666666,0.6348199999999999
COASTAL ANDHRA PRADESH,1931,0.5,0.4,5.2,8.8,46.9,142.2,177.7,120.5,231.7,388.8,164.0,0.3,1287.1,1287.0,672.0999999999999,0.5222,1088.8966666666665,681.7366666666666,0.6348199999999999
COASTAL ANDHRA PRADESH,1932,0.0,53.2,0.1,20.8,47.2,79.6,203.3,122.3,147.8,117.2,180.0,0.1,971.5,971.6,553.0,0.5692,1088.8966666666665,681.7366666666666,0.6348199999999999
COASTAL ANDHRA PRADESH,1933,4.1,0.0,6.8,23.3,88.0,106.0,187.1,135.6,193.0,251.3,67.3,24.8,1087.3,1087.3,621.7,0.5718,1088.8966666666665,681.7366666666666,0.6348199999999999
COASTAL ANDHRA PRADESH,1934,0.0,0.2,0.6,19.9,21.7,100.5,202.2,207.5,131.5,116.2,80.6,3.2,884.2,884.1000000000001,641.7,0.7258,1088.8966666666665,681.7366666666666,0.6348199999999999
COASTAL ANDHRA PRADESH,1935,1.2,0.1,4.2,24.7,10.5,94.6,158.9,122.6,191.8,141.0,1.6,0.0,751.1,751.2000000000002,567.9000000000001,0.756,1088.8966666666665,681.7366666666666,0.6348199999999999
COASTAL ANDHRA PRADESH,1936,8.7,127.1,5.8,22.4,145.2,162.7,211.9,188.3,123.9,233.4,91.2,8.1,1328.7,1328.6999999999998,686.8000000000001,0.5169,1088.8966666666665,681.7366666666666,0.6348199999999999
COASTAL ANDHRA PRADESH,1937,0.0,71.8,15.2,86.3,30.3,59.3,172.5,153.7,108.7,185.2,8.9,0.2,892.2,892.1,494.2,0.554,1088.8966666666665,681.7366666666666,0.6348199999999999
COASTAL ANDHRA PRADESH,1938,0.1,31.9,7.6,3.5,82.6,158.9,161.3,176.1,294.2,115.2,174.4,0.4,1206.2,1206.2000000000003,790.5,0.6554,1088.8966666666665,681.7366666666666,0.6348199999999999
COASTAL ANDHRA PRADESH,1939,3.0,0.0,29.7,19.7,11.3,80.2,138.7,121.9,150.1,416.7,95.8,3.2,1070.3,1070.3,490.9,0.4587,1088.8966666666665,681.7366666666666,0.6348199999999999
COASTAL ANDHRA PRADESH,1940,0.2,5.3,65.6,15.0,202.1,120.3,157.4,186.6,122.1,106.3,75.8,12.4,1069.0,1069.1000000000001,586.4,0.5485,1088.8966666666665,681.7366666666666,0.6348199999999999
COASTAL ANDHRA PRADESH,1941,2.6,13.8,4.1,8.2,58.5,192.7,83.0,97.4,184.1,266.4,107.8,7.8,1026.5,1026.3999999999999,557.2,0.5429,1088.8966666666665,681.7366666666666,0.6348199999999999
COASTAL ANDHRA PRADESH,1942,2.9,5.6,2.1,37.2,30.5,84.7,130.9,196.1,142.1,159.7,85.6,2.4,879.8,879.8,553.8000000000001,0.6295,1088.8966666666665,681.7366666666666,0.6348199999999999
COASTAL ANDHRA PRADESH,1943,20.2,5.3,1.6,72.5,46.0,142.1,129.5,116.6,195.4,208.2,40.2,0.2,977.9,977.8,583.6,0.5969,1088.8966666666665,681.7366666666666,0.6348199999999999
COASTAL ANDHRA PRADESH,1944,4.9,19.4,96.6,24.8,42.5,132.2,179.8,157.6,159.4,304.7,33.9,0.0,1155.9,1155.8,629.0,0.5442,1088.8966666666665,681.7366666666666,0.6348199999999999
COASTAL ANDHRA PRADESH,1945,1.0,0.0,0.0,48.0,39.9,46.6,193.3,185.8,201.2,242.0,19.1,14.7,991.5,991.6,626.9000000000001,0.6322,1088.8966666666665,681.7366666666666,0.6348199999999999
COASTAL ANDHRA PRADESH,1946,0.0,3.8,5.4,66.0,60.7,127.6,179.4,157.7,113.3,94.4,160.0,2.0,970.2,970.2999999999998,578.0,0.5957,1088.8966666666665,681.7366666666666,0.6348199999999999
COASTAL ANDHRA PRADESH,1947,10.3,3.0,0.8,15.4,18.3,86.5,217.4,216.1,209.8,154.7,58.3,135.5,1126.2,1126.1000000000001,729.8,0.6481,1088.8966666666665,681.7366666666666,0.6348199999999999
COASTAL ANDHRA PRADESH,1948,1.4,26.8,7.4,24.8,44.6,92.7,193.5,113.8,232.7,103.7,181.6,1.5,1024.6,1024.5,632.7,0.6176,1088.8966666666665,681.7366666666666,0.6348199999999999
COASTAL ANDHRA PRADESH,1949,7.7,0.6,2.5,32.2,71.2,97.3,231.2,179.2,254.8,319.4,21.3,0.0,1217.3,1217.3999999999999,762.5,0.6263,1088.8966666666665,681.7366666666666,0.6348199999999999
COASTAL ANDHRA PRADESH,1950,0.0,17.2,31.0,7.0,52.8,97.8,221.8,132.3,192.5,130.1,103.2,0.3,986.0,986.0000000000001,644.4000000000001,0.6535,1088.8966666666665,681.7366666666666,0.6348199999999999
COASTAL ANDHRA PRADESH,1951,1.2,0.0,27.9,46.1,75.4,133.7,285.2,186.5,174.1,89.7,74.2,2.2,1096.1,1096.2,779.5,0.7111,1088.8966666666665,681.7366666666666,0.6348199999999999
COASTAL ANDHRA PRADESH,1952,0.0,17.4,12.2,28.8,94.2,87.4,130.1,128.8,130.2,251.8,0.0,35.7,916.7,916.6000000000001,476.5,0.5199,1088.8966666666665,681.7366666666666,0.6348199999999999
COASTAL ANDHRA PRADESH,1953,13.2,0.6,0.0,21.5,43.4,136.7,149.6,190.6,183.7,234.8,15.6,0.3,990.0,989.9999999999999,660.5999999999999,0.6673,1088.8966666666665,681.7366666666666,0.6348199999999999
COASTAL ANDHRA PRADESH,1954,0.3,0.0,9.0,8.0,37.5,129.7,218.5,205.7,266.5,263.0,0.0,15.3,1153.5,1153.5,820.4,0.7112,1088.8966666666665,681.7366666666666,0.6348199999999999
COASTAL ANDHRA PRADESH,1955,5.1,0.3,18.6,14.2,250.1,118.8,128.9,263.6,177.0,325.9,76.2,0.3,1378.9,1379.0,688.3,0.4991,1088.8966666666665,681.7366666666666,0.6348199999999999
COASTAL ANDHRA PRADESH,1956,4.2,3.2,0.5,28.6,89.1,210.1,305.2,163.7,209.3,331.1,60.9,2.7,1408.5,1408.6000000000001,888.3,0.6306,1088.8966666666665,681.7366666666666,0.6348199999999999
COASTAL ANDHRA PRADESH,1957,0.7,1.8,21.2,14.3,28.3,152.6,149.5,298.1,198.8,125.5,26.9,0.0,1017.6,1017.6999999999999,799.0,0.7851,1088.8966666666665,681.7366666666666,0.6348199999999999
COASTAL ANDHRA PRADESH,1958,7.4,1.8,10.7,17.5,40.9,108.5,281.4,245.6,215.9,527.2,148.4,0.1,1605.3,1605.4,851.4,0.5303,1088.8966666666665,681.7366666666666,0.6348199999999999
COASTAL ANDHRA PRADESH,1959,5.8,10.7,0.0,14.7,11.5,178.8,272.3,230.9,161.1,227.3,2.6,5.0,1120.7,1120.7,843.1,0.7523,1088.8966666666665,681.7366666666666,0.6348199999999999
COASTAL ANDHRA PRADESH,1960,1.4,0.2,25.1,1.3,18.3,167.8,196.4,92.5,287.3,108.8,24.3,20.3,943.6,943.6999999999998,744.0,0.7884,1088.8966666666665,681.7366666666666,0.6348199999999999
COASTAL ANDHRA PRADESH,1961,9.6,28.4,2.3,9.0,44.4,138.6,199.8,172.9,181.2,282.3,48.7,2.1,1119.2,1119.3,692.5,0.6187,1088.8966666666665,681.7366666666666,0.6348199999999999
COASTAL ANDHRA PRADESH,1962,3.7,8.7,0.9,34.6,69.6,121.1,231.3,179.1,288.1,357.6,35.8,15.0,1345.5,1345.5,819.6,0.6091,1088.8966666666665,681.7366666666666,0.6348199999999999
COASTAL ANDHRA PRADESH,1963,0.0,0.0,7.0,50.2,23.5,126.6,137.4,176.1,131.3,371.7,0.1,0.0,1023.9,1023.9000000000002,571.4000000000001,0.5581,1088.8966666666665,681.7366666666666,0.6348199999999999
COASTAL ANDHRA PRADESH,1964,0.7,11.2,1.1,6.0,33.5,116.9,170.1,226.4,353.6,76.2,64.6,0.7,1061.0,1061.0,867.0,0.8172,1088.8966666666665,681.7366666666666,0.6348199999999999
COASTAL ANDHRA PRADESH,1965,1.4,1.2,7.1,35.4,36.7,52.0,166.3,157.5,208.1,61.3,25.0,2.3,754.2,754.3,583.9,0.7741,1088.8966666666665,681.7366666666666,0.6348199999999999
COASTAL ANDHRA PRADESH,1966,40.1,1.2,5.0,8.6,22.8,107.1,243.3,163.9,128.7,66.5,146.6,20.9,954.7,954.7,643.0,0.6735,1088.8966666666665,681.7366666666666,0.6348199999999999
COASTAL ANDHRA PRADESH,1967,13.1,0.1,71.8,18.6,19.7,124.3,245.6,124.6,141.5,27.9,4.6,51.4,843.1,843.1999999999999,636.0,0.7543,1088.8966666666665,681.7366666666666,0.6348199999999999
COASTAL ANDHRA PRADESH,1968,11.3,11.8,13.6,42.9,28.0,70.8,170.2,45.5,164.8,197.2,78.1,4.8,838.9,838.9999999999999,451.3,0.5379,1088.8966666666665,681.7366666666666,0.6348199999999999
COASTAL ANDHRA PRADESH,1969,0.2,0.4,2.7,5.6,262.6,125.1,192.4,99.8,122.7,208.0,201.7,58.5,1279.7,1279.7,540.0,0.422,1088.8966666666665,681.7366666666666,0.6348199999999999
COASTAL ANDHRA PRADESH,1970,0.9,9.7,22.3,18.7,95.0,174.0,182.5,243.5,133.3,183.3,0.8,0.0,1064.2,1064.0,733.3,0.6892,1088.8966666666665,681.7366666666666,0.6348199999999999
COASTAL ANDHRA PRADESH,1971,1.0,26.4,12.7,104.1,88.3,86.4,99.8,205.3,222.0,186.2,1.0,0.0,1033.2,1033.2,613.5,0.5938,1088.8966666666665,681.7366666666666,0.6348199999999999
COASTAL ANDHRA PRADESH,1972,0.0,32.5,0.0,32.1,20.7,125.1,121.3,80.8,191.6,324.2,86.8,13.3,1028.5,1028.3999999999999,518.8,0.5045,1088.8966666666665,681.7366666666666,0.6348199999999999
COASTAL ANDHRA PRADESH,1973,0.0,0.4,12.0,1.1,45.2,73.3,158.6,178.4,132.5,233.7,23.5,0.3,859.1,859.0,542.8,0.6319,1088.8966666666665,681.7366666666666,0.6348199999999999
COASTAL ANDHRA PRADESH,1974,0.1,1.5,11.2,12.9,34.9,120.4,126.3,132.8,194.3,274.2,36.3,0.0,944.9,944.9000000000001,573.8,0.6073,1088.8966666666665,681.7366666666666,0.6348199999999999
COASTAL ANDHRA PRADESH,1975,0.2,10.5,0.3,2.6,33.5,200.7,154.2,210.9,230.8,300.8,47.6,0.3,1192.4,1192.3999999999999,796.5999999999999,0.6681,1088.8966666666665,681.7366666666666,0.6348199999999999
COASTAL ANDHRA PRADESH,1976,0.0,1.1,2.7,22.7,36.9,78.4,199.0,228.8,92.2,81.3,345.9,1.1,1090.3,1090.1,598.4,0.5489,1088.8966666666665,681.7366666666666,0.6348199999999999
COASTAL ANDHRA PRADESH,1977,1.5,0.0,1.2,62.5,102.4,112.5,149.7,176.8,112.3,121.0,289.9,3.0,1132.8,1132.8,551.3,0.4867,1088.8966666666665,681.7366666666666,0.6348199999999999
COASTAL ANDHRA PRADESH,1978,9.1,18.0,12.2,29.4,19.0,166.7,193.1,258.5,194.2,77.8,54.2,6.0,1038.3,1038.2,812.5,0.7826,1088.8966666666665,681.7366666666666,0.6348199999999999
COASTAL ANDHRA PRADESH,1979,0.6,30.2,0.1,15.2,125.1,108.7,97.3,95.5,233.2,52.2,160.6,15.5,934.1,934.2,534.7,0.5724,1088.8966666666665,681.7366666666666,0.6348199999999999
COASTAL ANDHRA PRADESH,1980,0.5,2.4,5.6,16.1,31.5,217.5,169.3,176.7,128.0,205.0,48.4,13.8,1014.8,1014.8,691.5,0.6814,1088.8966666666665,681.7366666666666,0.6348199999999999
COASTAL ANDHRA PRADESH,1981,16.0,0.1,31.4,15.2,62.3,99.7,181.3,149.5,264.0,89.7,18.0,2.1,929.3,929.3000000000001,694.5,0.7473,1088.8966666666665,681.7366666666666,0.6348199999999999
COASTAL ANDHRA PRADESH,1982,1.6,0.5,7.5,37.5,47.6,94.4,151.2,148.3,135.7,210.6,53.5,0.1,888.5,888.5,529.5999999999999,0.5961,1088.8966666666665,681.7366666666666,0.6348199999999999
COASTAL ANDHRA PRADESH,1983,0.1,17.3,4.6,8.8,56.2,147.0,188.1,264.1,259.2,232.7,7.6,10.2,1196.0,1195.9,858.4000000000001,0.7178,1088.8966666666665,681.7366666666666,0.6348199999999999
COASTAL ANDHRA PRADESH,1984,5.7,9.8,1.8,26.5,21.2,89.1,219.0,123.1,154.8,111.8,20.9,1.6,785.2,785.3,586.0,0.7462,1088.8966666666665,681.7366666666666,0.6348199999999999
COASTAL ANDHRA PRADESH,1985,42.7,0.4,1.7,7.0,17.9,105.1,198.6,179.3,88.6,248.2,32.6,45.5,967.6,967.6,571.6,0.5907,1088.8966666666665,681.7366666666666,0.6348199999999999
COASTAL ANDHRA PRADESH,1986,32.6,25.9,2.2,26.6,44.1,101.0,106.0,336.2,95.3,124.4,111.9,3.7,1009.7,1009.8999999999999,638.5,0.6322,1088.8966666666665,681.7366666666666,0.6348199999999999
COASTAL ANDHRA PRADESH,1987,20.9,0.2,24.0,16.9,52.9,75.6,99.7,163.4,103.4,265.0,243.6,14.2,1079.9,1079.8,442.1,0.4094,1088.8966666666665,681.7366666666666,0.6348199999999999
COASTAL ANDHRA PRADESH,1988,0.0,16.7,2.3,38.4,69.6,68.2,313.4,269.8,277.5,78.6,5.8,24.6,1164.8,1164.8999999999999,928.9,0.7974,1088.8966666666665,681.7366666666666,0.6348199999999999
COASTAL ANDHRA PRADESH,1989,0.1,0.1,37.4,7.3,31.9,128.3,329.6,235.5,189.6,55.5,13.2,1.6,1030.0,1030.1,883.0000000000001,0.8572,1088.8966666666665,681.7366666666666,0.6348199999999999
COASTAL ANDHRA PRADESH,1990,10.3,81.1,84.5,24.2,507.7,107.4,102.5,223.2,158.5,248.7,58.9,4.3,1611.1,1611.3,591.6,0.3672,1088.8966666666665,681.7366666666666,0.6348199999999999
COASTAL ANDHRA PRADESH,1991,19.6,3.3,6.6,17.9,24.5,215.5,145.3,134.4,265.7,148.7,132.4,8.3,1122.1,1122.2,760.9000000000001,0.678,1088.8966666666665,681.7366666666666,0.6348199999999999
COASTAL ANDHRA PRADESH,1992,13.1,4.3,0.0,9.1,45.5,75.6,208.4,207.2,145.8,147.5,144.4,0.0,1001.0,1000.9,637.0,0.6364,1088.8966666666665,681.7366666666666,0.6348199999999999
COASTAL ANDHRA PRADESH,1993,2.2,9.8,16.6,26.6,71.7,73.2,166.2,99.3,172.9,196.2,17.5,17.5,869.7,869.7,511.6,0.5882,1088.8966666666665,681.7366666666666,0.6348199999999999
COASTAL ANDHRA PRADESH,1994,7.2,17.4,3.1,30.6,49.2,62.5,218.3,156.5,137.0,257.6,213.4,2.1,1155.1,1154.8999999999999,574.3,0.4973,1088.8966666666665,681.7366666666666,0.6348199999999999
COASTAL ANDHRA PRADESH,1995,27.5,2.5,12.0,19.8,257.8,80.0,225.3,212.7,128.6,329.6,50.1,6.1,1352.0,1352.0,646.6,0.4783,1088.8966666666665,681.7366666666666,0.6348199999999999
COASTAL ANDHRA PRADESH,1996,3.4,5.8,4.4,23.7,23.8,236.8,206.9,225.2,160.5,240.0,68.9,11.4,1210.9,1210.8000000000002,829.4000000000001,0.685,1088.8966666666665,681.7366666666666,0.6348199999999999
COASTAL ANDHRA PRADESH,1997,15.1,5.6,19.7,62.6,25.2,63.1,156.0,128.1,315.5,83.6,51.7,45.7,972.1,971.9000000000001,662.7,0.6819,1088.8966666666665,681.7366666666666,0.6348199999999999
COASTAL ANDHRA PRADESH,1998,12.6,35.7,24.7,38.9,33.6,136.2,214.1,252.2,255.5,178.6,128.6,0.0,1310.8,1310.6999999999998,858.0,0.6546,1088.8966666666665,681.7366666666666,0.6348199999999999
COASTAL ANDHRA PRADESH,1999,0.1,2.7,0.2,11.0,74.3,126.4,154.2,136.6,137.5,153.9,28.3,0.0,825.1,825.1999999999999,554.7,0.6722,1088.8966666666665,681.7366666666666,0.6348199999999999
COASTAL ANDHRA PRADESH,2000,0.1,42.4,0.7,19.1,68.4,200.5,154.1,311.5,102.9,69.6,10.6,12.4,992.3,992.3000000000001,769.0,0.775,1088.8966666666665,681.7366666666666,0.6348199999999999
COASTAL ANDHRA PRADESH,2001,4.6,3.8,20.0,54.1,50.8,117.2,123.0,170.7,187.2,196.0,78.0,4.1,1009.3,1009.5000000000001,598.0999999999999,0.5925,1088.8966666666665,681.7366666666666,0.6348199999999999
COASTAL ANDHRA PRADESH,2002,28.0,0.0,7.3,34.8,35.0,115.2,74.7,173.5,71.7,148.7,14.3,0.0,703.2,703.2,435.09999999999997,0.6187,1088.8966666666665,681.7366666666666,0.6348199999999999
COASTAL ANDHRA PRADESH,2003,6.2,19.4,40.7,19.4,12.2,104.0,241.7,158.3,130.2,252.3,11.5,101.1,1096.8,1096.9999999999998,634.2,0.5781,1088.8966666666665,681.7366666666666,0.6348199999999999
COASTAL ANDHRA PRADESH,2004,24.0,11.4,11.6,40.1,57.6,152.8,192.1,125.0,101.7,147.9,9.4,0.2,873.6,873.8000000000001,571.6,0.6542,1088.8966666666665,681.7366666666666,0.6348199999999999
COASTAL ANDHRA PRADESH,2005,13.6,8.0,17.4,32.2,48.4,88.1,151.5,105.9,398.1,298.0,56.2,4.2,1221.6,1221.6000000000001,743.6,0.6087,1088.8966666666665,681.7366666666666,0.6348199999999999
COASTAL ANDHRA PRADESH,2006,0.0,0.0,30.7,58.0,67.6,132.0,126.8,279.7,224.1,185.4,55.3,0.0,1159.6,1159.6,762.6,0.6576,1088.8966666666665,681.7366666666666,0.6348199999999999
COASTAL ANDHRA PRADESH,2007,0.0,5.1,0.1,8.5,13.0,300.1,141.0,164.4,287.1,167.7,11.9,0.5,1099.2,1099.4,892.6,0.8119,1088.8966666666665,681.7366666666666,0.6348199999999999
COASTAL ANDHRA PRADESH,2008,3.2,61.6,93.8,18.5,34.9,119.8,208.5,276.2,166.8,51.6,71.4,1.2,1107.5,1107.5,771.3,0.6964,1088.8966666666665,681.7366666666666,0.6348199999999999
COASTAL ANDHRA PRADESH,2009,0.0,0.0,5.7,6.4,53.0,72.6,140.9,163.5,151.9,92.6,102.6,1.3,790.5,790.5,528.9,0.6691,1088.8966666666665,681.7366666666666,0.6348199999999999
COASTAL ANDHRA PRADESH,2010,21.8,2.3,4.4,14.8,162.0,156.1,318.9,248.6,230.5,204.0,210.9,138.2,1712.4,1712.5000000000002,954.1,0.5571,1088.8966666666665,681.7366666666666,0.6348199999999999
COASTAL ANDHRA PRADESH,2011,0.0,17.9,0.9,62.3,67.9,86.8,196.0,215.8,129.7,74.6,4.9,5.0,861.9,861.8,628.3,0.7291,1088.8966666666665,681.7366666666666,0.6348199999999999
COASTAL ANDHRA PRADESH,2012,37.6,0.0,2.7,24.0,39.3,95.4,221.9,221.2,246.5,140.0,289.7,0.0,1318.4,1318.3,785.0,0.5955,1088.8966666666665,681.7366666666666,0.6348199999999999
COASTAL ANDHRA PRADESH,2013,2.0,29.6,0.2,48.0,28.2,127.5,162.4,123.1,132.0,411.5,53.1,2.8,1120.5,1120.3999999999999,545.0,0.4864,1088.8966666666665,681.7366666666666,0.6348199999999999
COASTAL ANDHRA PRADESH,2014,0.4,1.2,9.1,6.0,112.9,45.7,151.8,177.8,144.5,195.6,23.7,6.4,874.9,875.1000000000001,519.8,0.594,1088.8966666666665,681.7366666666666,0.6348199999999999
COASTAL ANDHRA PRADESH,2015,2.0,0.6,5.5,32.3,34.1,283.8,116.0,192.0,201.8,59.7,81.2,2.0,1010.9,1011.0,793.5999999999999,0.785,1088.8966666666665,681.7366666666666,0.6348199999999999
TELANGANA,1901,6.9,41.8,7.8,45.2,22.0,123.6,237.8,177.2,77.7,75.5,12.2,0.0,827.7,827.7,616.3,0.7446,997.42,805.7333333333333,0.8076433333333333
TELANGANA,1902,0.0,0.0,0.2,10.7,7.3,52.4,146.3,142.8,190.5,41.7,31.2,7.3,630.4,630.4000000000001,532.0,0.8439,997.42,805.7333333333333,0.8076433333333333
TELANGANA,1903,12.9,4.6,0.0,9.9,40.7,99.2,505.2,246.7,191.9,155.8,15.5,1.1,1283.4,1283.5,1043.0,0.8126,997.42,805.7333333333333,0.8076433333333333
TELANGANA,1904,0.0,0.0,10.8,0.8,14.7,104.2,139.5,50.0,162.3,44.4,0.0,0.0,526.7,526.7,456.0,0.8658,997.42,805.7333333333333,0.8076433333333333
TELANGANA,1905,0.0,4.3,12.8,27.6,32.2,129.5,82.4,237.3,179.1,19.6,0.0,0.0,724.9,724.8000000000001,628.3000000000001,0.8669,997.42,805.7333333333333,0.8076433333333333
TELANGANA,1906,22.5,1.2,13.4,2.4,0.7,211.1,210.8,226.7,96.3,20.5,14.9,34.8,855.2,855.2999999999998,744.8999999999999,0.8709,997.42,805.7333333333333,0.8076433333333333
TELANGANA,1907,1.0,3.3,10.2,61.9,0.2,217.5,160.5,263.3,116.8,0.3,3.6,5.0,843.7,843.6,758.0999999999999,0.8986,997.42,805.7333333333333,0.8076433333333333
TELANGANA,1908,35.6,2.6,5.2,0.3,6.5,107.4,254.9,168.3,401.2,0.1,0.0,0.7,982.8,982.8000000000001,931.8,0.9481,997.42,805.7333333333333,0.8076433333333333
TELANGANA,1909,0.5,5.9,0.5,26.4,2.2,133.8,288.3,168.6,138.5,4.6,0.0,0.2,769.5,769.5000000000001,729.2,0.9476,997.42,805.7333333333333,0.8076433333333333
TELANGANA,1910,0.0,0.0,0.0,4.2,25.0,220.9,198.2,150.3,230.5,101.4,45.3,0.0,975.9,975.7999999999998,799.9000000000001,0.8197,997.42,805.7333333333333,0.8076433333333333
TELANGANA,1911,0.0,0.0,7.9,0.7,7.8,133.9,122.1,176.3,174.4,23.0,6.0,9.9,662.0,662.0,606.7,0.9165,997.42,805.7333333333333,0.8076433333333333
TELANGANA,1912,0.0,37.5,0.0,20.4,6.6,28.5,263.3,196.8,149.5,7.8,33.4,0.0,743.8,743.8,638.1,0.8579,997.42,805.7333333333333,0.8076433333333333
TELANGANA,1913,0.0,13.4,0.0,8.0,34.6,83.5,337.2,108.8,101.7,35.2,0.0,9.7,732.2,732.1000000000001,631.2,0.8622,997.42,805.7333333333333,0.8076433333333333
TELANGANA,1914,0.0,0.0,1.2,34.1,41.5,233.1,271.3,195.1,278.6,16.2,10.3,2.0,1083.5,1083.4,978.1,0.9028,997.42,805.7333333333333,0.8076433333333333
TELANGANA,1915,15.4,8.6,77.8,18.8,26.7,165.6,140.4,236.2,186.8,122.0,23.6,0.1,1022.0,1022.0,729.0,0.7133,997.42,805.7333333333333,0.8076433333333333
TELANGANA,1916,0.0,4.1,0.0,15.9,16.1,233.2,216.4,137.0,291.8,153.1,95.1,0.0,1162.6,1162.6999999999998,878.4000000000001,0.7555,997.42,805.7333333333333,0.8076433333333333
TELANGANA,1917,0.0,65.5,33.0,34.1,52.7,184.1,267.5,180.1,275.6,106.7,6.6,0.0,1206.0,1205.8999999999999,907.3000000000001,0.7524,997.42,805.7333333333333,0.8076433333333333
TELANGANA,1918,20.2,0.0,32.6,8.3,55.5,97.8,106.1,89.6,96.9,6.4,7.5,33.9,554.7,554.8,390.4,0.7037,997.42,805.7333333333333,0.8076433333333333
TELANGANA,1919,5.5,39.2,31.3,35.0,23.6,158.8,139.4,115.3,129.9,130.6,78.5,7.4,894.6,894.4999999999999,543.4000000000001,0.6075,997.42,805.7333333333333,0.8076433333333333
TELANGANA,1920,7.4,0.0,1.7,24.4,31.4,62.8,138.8,66.5,78.9,24.9,0.0,0.0,437.0,436.79999999999995,347.0,0.7944,997.42,805.7333333333333,0.8076433333333333
TELANGANA,1921,7.1,0.0,0.1,5.4,5.5,200.9,296.7,161.1,240.7,68.0,17.9,0.0,1003.3,1003.4,899.4000000000001,0.8964,997.42,805.7333333333333,0.8076433333333333
TELANGANA,1922,55.3,0.0,0.0,6.6,50.1,69.2,184.3,158.3,170.2,23.0,50.7,0.0,767.5,767.7,582.0,0.7581,997.42,805.7333333333333,0.8076433333333333
TELANGANA,1923,3.0,5.3,23.3,10.7,18.0,43.5,222.8,80.3,334.4,44.0,1.0,0.0,786.2,786.3,681.0,0.8661,997.42,805.7333333333333,0.8076433333333333
TELANGANA,1924,37.0,0.0,0.0,9.2,34.6,62.8,124.7,220.2,288.2,51.6,116.1,0.0,944.5,944.4000000000001,695.9,0.7369,997.42,805.7333333333333,0.8076433333333333
TELANGANA,1925,0.0,0.0,0.0,49.8,97.8,168.1,266.2,239.2,148.1,187.5,8.1,3.1,1167.9,1167.8999999999996,821.6,0.7035,997.42,805.7333333333333,0.8076433333333333
TELANGANA,1926,46.1,2.0,24.0,48.8,24.0,74.7,227.3,205.1,70.5,41.0,0.0,0.0,763.5,763.5,577.6,0.7565,997.42,805.7333333333333,0.8076433333333333
TELANGANA,1927,9.6,11.0,4.6,2.0,14.3,248.3,266.0,158.5,142.4,59.9,89.0,0.0,1005.5,1005.5999999999999,815.1999999999999,0.8107,997.42,805.7333333333333,0.8076433333333333
TELANGANA,1928,0.0,15.8,47.3,4.5,27.9,143.9,248.6,191.6,215.2,104.1,0.0,7.4,1006.4,1006.3,799.3,0.7943,997.42,805.7333333333333,0.8076433333333333
TELANGANA,1929,5.3,64.8,0.0,21.7,2.8,146.0,115.0,142.2,232.5,35.9,0.0,24.5,790.5,790.6999999999999,635.7,0.804,997.42,805.7333333333333,0.8076433333333333
TELANGANA,1930,0.0,14.7,5.4,13.5,1.7,184.9,131.1,144.7,215.6,60.0,64.3,0.0,835.8,835.9,676.3,0.8091,997.42,805.7333333333333,0.8076433333333333
TELANGANA,1931,0.3,5.1,4.0,13.3,25.9,187.3,368.6,155.9,288.1,107.4,25.5,1.6,1183.1,1183.0,999.9000000000001,0.8452,997.42,805.7333333333333,0.8076433333333333
TELANGANA,1932,0.0,40.3,1.3,17.6,25.8,119.7,300.4,179.0,172.9,32.0,60.9,0.0,949.9,949.8999999999999,771.9999999999999,0.8127,997.42,805.7333333333333,0.8076433333333333
TELANGANA,1933,12.9,17.4,15.7,25.0,63.4,332.0,243.4,226.7,262.2,128.9,24.0,44.5,1396.3,1396.1000000000001,1064.3,0.7623,997.42,805.7333333333333,0.8076433333333333
TELANGANA,1934,0.1,0.0,0.1,18.3,1.2,111.7,296.9,280.2,162.3,15.2,42.0,0.0,927.9,928.0,851.0999999999999,0.9171,997.42,805.7333333333333,0.8076433333333333
TELANGANA,1935,16.2,3.4,1.4,42.2,2.7,115.1,309.7,162.9,198.3,43.5,2.6,0.5,898.5,898.5000000000001,786.0,0.8748,997.42,805.7333333333333,0.8076433333333333
TELANGANA,1936,2.5,79.1,15.3,8.4,73.7,200.0,268.9,220.9,128.4,96.4,48.2,15.1,1157.0,1156.8999999999999,818.1999999999999,0.7072,997.42,805.7333333333333,0.8076433333333333
TELANGANA,1937,0.0,33.2,28.6,105.6,3.0,77.8,285.8,102.4,153.6,72.1,0.9,3.0,866.1,866.0,619.6,0.7155,997.42,805.7333333333333,0.8076433333333333
TELANGANA,1938,0.0,41.3,14.2,16.6,27.8,226.3,331.6,256.5,201.9,59.2,0.0,0.0,1175.3,1175.4,1016.3000000000001,0.8646,997.42,805.7333333333333,0.8076433333333333
TELANGANA,1939,0.0,0.0,22.0,16.7,3.0,73.5,173.2,202.5,107.1,130.3,11.8,0.0,740.0,740.0999999999999,556.3,0.7517,997.42,805.7333333333333,0.8076433333333333
TELANGANA,1940,0.0,0.5,11.4,33.6,91.4,128.5,345.8,281.5,94.7,64.9,22.2,8.1,1082.6,1082.6000000000001,850.5,0.7856,997.42,805.7333333333333,0.8076433333333333
TELANGANA,1941,16.6,3.3,4.8,4.8,17.5,121.4,87.9,149.9,137.5,49.6,0.7,0.4,594.4,594.4000000000001,496.70000000000005,0.8356,997.42,805.7333333333333,0.8076433333333333
TELANGANA,1942,0.0,23.0,0.2,31.7,30.9,160.0,250.1,277.3,107.4,20.9,3.9,1.6,906.9,907.0,794.8000000000001,0.8763,997.42,805.7333333333333,0.8076433333333333
TELANGANA,1943,15.2,0.6,1.7,34.4,26.9,180.4,179.3,133.4,262.2,62.7,2.6,0.0,899.3,899.4,755.3,0.8398,997.42,805.7333333333333,0.8076433333333333
TELANGANA,1944,0.0,13.7,82.3,5.4,15.7,114.5,224.1,142.4,207.7,131.9,22.7,0.0,960.5,960.4,688.7,0.7171,997.42,805.7333333333333,0.8076433333333333
TELANGANA,1945,4.3,0.0,0.0,39.0,11.2,144.5,332.1,238.4,159.1,94.1,4.8,0.0,1027.4,1027.5,874.1,0.8507,997.42,805.7333333333333,0.8076433333333333
TELANGANA,1946,0.0,15.9,5.2,21.7,14.5,152.1,287.2,149.5,85.0,30.7,57.5,3.6,822.8,822.9,673.8,0.8188,997.42,805.7333333333333,0.8076433333333333
TELANGANA,1947,13.4,18.0,3.3,1.8,10.8,59.9,273.3,315.5,248.3,35.3,16.2,9.7,1005.5,1005.5,897.0,0.8921,997.42,805.7333333333333,0.8076433333333333
TELANGANA,1948,3.7,4.6,5.1,20.0,15.0,71.4,239.3,165.4,242.5,25.0,123.0,0.0,915.0,915.0,718.6,0.7854,997.42,805.7333333333333,0.8076433333333333
TELANGANA,1949,0.5,0.0,2.4,13.8,67.9,152.0,335.5,173.6,198.1,94.6,0.2,0.0,1038.6,1038.6000000000001,859.2,0.8273,997.42,805.7333333333333,0.8076433333333333
TELANGANA,1950,0.0,34.7,14.2,0.2,11.6,78.4,222.7,118.5,254.1,21.8,4.7,0.5,761.3,761.4,673.7,0.8848,997.42,805.7333333333333,0.8076433333333333
TELANGANA,1951,0.0,0.0,56.1,20.1,31.1,116.8,356.0,151.7,103.9,64.4,0.7,0.0,900.8,900.8,728.4,0.8086,997.42,805.7333333333333,0.8076433333333333
TELANGANA,1952,0.5,16.4,0.8,12.4,32.5,80.1,205.1,148.9,137.7,88.3,0.2,6.9,729.7,729.7999999999998,571.8,0.7835,997.42,805.7333333333333,0.8076433333333333
TELANGANA,1953,5.1,0.0,3.0,26.8,0.7,224.0,200.9,364.5,269.5,175.8,1.7,0.0,1272.1,1272.0,1058.9,0.8325,997.42,805.7333333333333,0.8076433333333333
TELANGANA,1954,0.0,0.0,13.2,4.3,14.4,105.3,300.4,192.5,252.9,44.2,0.0,1.2,928.4,928.4,851.1,0.9167,997.42,805.7333333333333,0.8076433333333333
TELANGANA,1955,1.0,0.0,2.9,9.8,27.8,230.3,259.9,300.1,249.7,116.2,5.5,0.0,1203.2,1203.2,1040.0,0.8644,997.42,805.7333333333333,0.8076433333333333
TELANGANA,1956,0.7,1.5,1.9,5.9,52.9,220.1,393.8,133.3,156.9,94.5,59.1,0.0,1120.5,1120.6,904.1,0.8068,997.42,805.7333333333333,0.8076433333333333
TELANGANA,1957,0.0,7.7,23.7,33.4,18.6,157.9,206.9,358.5,100.9,75.6,0.0,0.0,983.2,983.2,824.1999999999999,0.8383,997.42,805.7333333333333,0.8076433333333333
TELANGANA,1958,2.1,4.9,10.0,24.7,14.1,72.9,407.5,351.7,135.2,69.8,20.9,0.0,1113.9,1113.8000000000002,967.3,0.8685,997.42,805.7333333333333,0.8076433333333333
TELANGANA,1959,1.0,0.4,0.0,4.0,16.3,163.7,403.2,348.3,212.8,68.6,4.2,1.7,1224.1,1224.1999999999998,1128.0,0.9214,997.42,805.7333333333333,0.8076433333333333
TELANGANA,1960,0.7,0.0,32.9,4.1,21.9,223.9,203.6,82.1,197.5,59.4,12.0,1.4,839.5,839.5,707.1,0.8423,997.42,805.7333333333333,0.8076433333333333
TELANGANA,1961,0.8,6.1,2.7,11.8,46.1,142.2,368.3,209.2,144.5,188.3,26.4,0.2,1146.5,1146.6000000000001,864.2,0.7537,997.42,805.7333333333333,0.8076433333333333
TELANGANA,1962,0.2,25.1,2.1,47.0,20.3,84.5,270.5,264.1,289.6,62.5,38.6,34.2,1138.7,1138.7,908.7,0.798,997.42,805.7333333333333,0.8076433333333333
TELANGANA,1963,0.0,0.3,4.0,35.5,9.0,179.5,214.7,372.7,103.3,91.2,0.0,0.0,1010.1,1010.2,870.1999999999999,0.8614,997.42,805.7333333333333,0.8076433333333333
TELANGANA,1964,0.0,0.2,5.5,2.1,0.7,109.1,186.3,232.3,302.4,41.7,7.2,0.0,887.5,887.5000000000001,830.1,0.9353,997.42,805.7333333333333,0.8076433333333333
TELANGANA,1965,2.7,0.8,4.4,6.8,2.7,124.3,318.6,152.2,166.2,0.1,0.0,0.0,778.9,778.8000000000001,761.3,0.9775,997.42,805.7333333333333,0.8076433333333333
TELANGANA,1966,19.8,0.0,2.6,7.9,2.7,67.2,294.0,216.3,254.4,39.5,34.9,31.7,970.9,971.0,831.9,0.8567,997.42,805.7333333333333,0.8076433333333333
TELANGANA,1967,0.3,0.0,62.7,8.5,1.1,166.7,320.8,183.7,139.4,5.6,0.2,53.1,942.1,942.1,810.6,0.8604,997.42,805.7333333333333,0.8076433333333333
TELANGANA,1968,16.5,15.0,35.1,16.0,7.4,87.6,188.6,52.3,231.4,82.7,15.8,0.1,748.7,748.5,559.9,0.748,997.42,805.7333333333333,0.8076433333333333
TELANGANA,1969,2.2,0.0,1.4,9.6,53.3,103.2,265.5,186.4,278.8,56.1,64.4,26.2,1047.1,1047.1000000000001,833.9000000000001,0.7964,997.42,805.7333333333333,0.8076433333333333
TELANGANA,1970,6.9,0.7,4.5,22.5,45.8,205.5,135.6,345.8,176.1,26.8,0.0,0.0,970.3,970.1999999999999,863.0000000000001,0.8895,997.42,805.7333333333333,0.8076433333333333
TELANGANA,1971,7.3,7.5,6.3,6.9,37.8,139.9,114.1,144.3,97.2,167.9,0.0,0.0,729.1,729.1999999999999,495.5,0.6795,997.42,805.7333333333333,0.8076433333333333
TELANGANA,1972,0.0,14.6,0.1,12.7,12.2,162.8,183.9,93.9,71.3,64.8,49.7,4.8,670.7,670.8,511.90000000000003,0.7631,997.42,805.7333333333333,0.8076433333333333
TELANGANA,1973,0.0,0.0,1.7,5.5,6.4,110.5,239.4,367.0,83.5,223.0,5.3,0.1,1042.5,1042.3999999999999,800.4,0.7678,997.42,805.7333333333333,0.8076433333333333
TELANGANA,1974,0.0,0.0,1.8,7.0,32.9,111.1,113.1,171.9,124.8,261.6,6.0,0.0,830.4,830.1999999999999,520.9,0.6274,997.42,805.7333333333333,0.8076433333333333
TELANGANA,1975,12.9,10.5,7.7,3.0,21.8,138.8,269.4,194.0,347.0,204.9,5.7,0.0,1215.8,1215.7,949.2,0.7808,997.42,805.7333333333333,0.8076433333333333
TELANGANA,1976,0.2,0.0,1.0,25.6,10.7,85.7,471.7,277.3,123.4,5.6,34.5,0.0,1035.6,1035.7,958.1,0.9251,997.42,805.7333333333333,0.8076433333333333
TELANGANA,1977,0.0,0.0,2.4,8.0,42.3,97.4,253.1,240.0,70.9,51.0,36.7,6.7,808.6,808.5000000000001,661.4,0.8181,997.42,805.7333333333333,0.8076433333333333
TELANGANA,1978,30.7,19.1,5.9,20.6,23.0,261.6,376.5,376.7,116.0,50.1,31.6,0.0,1311.7,1311.8,1130.8,0.862,997.42,805.7333333333333,0.8076433333333333
TELANGANA,1979,9.8,22.8,1.2,12.6,48.7,145.9,156.4,131.8,200.0,15.7,39.5,7.3,791.7,791.7,634.1,0.8009,997.42,805.7333333333333,0.8076433333333333
TELANGANA,1980,0.0,0.0,5.3,15.5,8.3,219.6,210.1,294.5,145.6,5.0,2.4,16.2,922.6,922.5,869.8000000000001,0.9429,997.42,805.7333333333333,0.8076433333333333
TELANGANA,1981,10.3,0.0,26.2,11.7,40.1,187.2,227.5,310.2,285.2,42.5,0.8,2.1,1143.5,1143.8,1010.0999999999999,0.8831,997.42,805.7333333333333,0.8076433333333333
TELANGANA,1982,5.7,0.0,4.2,22.2,37.1,123.8,265.6,184.1,174.4,100.8,15.3,0.0,933.2,933.1999999999999,747.9,0.8014,997.42,805.7333333333333,0.8076433333333333
TELANGANA,1983,0.0,4.2,1.7,3.9,38.4,158.8,301.5,416.8,378.2,185.4,1.0,7.5,1497.5,1497.4,1255.3,0.8383,997.42,805.7333333333333,0.8076433333333333
TELANGANA,1984,7.3,8.1,4.7,11.4,3.5,104.9,277.8,119.8,111.8,91.1,2.2,0.0,742.8,742.6,614.3000000000001,0.8272,997.42,805.7333333333333,0.8076433333333333
TELANGANA,1985,5.7,0.0,4.7,15.5,13.6,181.4,223.8,160.8,70.0,108.0,0.0,2.3,785.9,785.8,636.0,0.8094,997.42,805.7333333333333,0.8076433333333333
TELANGANA,1986,29.4,60.3,1.9,21.5,9.1,115.5,234.9,406.8,65.6,24.6,20.4,17.3,1007.3,1007.3000000000001,822.8000000000001,0.8168,997.42,805.7333333333333,0.8076433333333333
TELANGANA,1987,15.3,1.0,18.4,9.5,30.5,133.1,275.0,221.6,60.1,94.7,116.0,1.8,976.9,977.0,689.8000000000001,0.706,997.42,805.7333333333333,0.8076433333333333
TELANGANA,1988,0.0,6.5,1.1,26.6,3.4,135.8,656.2,341.7,313.4,50.5,2.4,7.2,1544.9,1544.8,1447.1,0.9368,997.42,805.7333333333333,0.8076433333333333
TELANGANA,1989,0.0,0.0,39.2,1.9,4.9,238.5,406.0,277.7,165.4,17.4,1.4,8.6,1161.0,1161.0000000000002,1087.6000000000001,0.9368,997.42,805.7333333333333,0.8076433333333333
TELANGANA,1990,4.2,4.1,35.2,1.0,159.8,245.1,180.2,471.1,132.1,180.2,12.4,0.1,1425.7,1425.4999999999998,1028.5,0.7215,997.42,805.7333333333333,0.8076433333333333
TELANGANA,1991,21.7,4.1,8.9,21.6,34.4,194.5,268.8,122.0,100.8,29.4,36.8,6.0,849.1,848.9999999999999,686.0999999999999,0.8081,997.42,805.7333333333333,0.8076433333333333
TELANGANA,1992,4.8,0.0,2.5,10.7,20.6,180.5,180.5,271.8,99.0,47.0,46.1,0.0,863.5,863.5000000000001,731.8,0.8475,997.42,805.7333333333333,0.8076433333333333
TELANGANA,1993,4.9,2.0,12.9,13.1,29.4,83.9,291.8,146.4,187.0,100.9,0.1,13.2,885.6,885.6,709.1,0.8007,997.42,805.7333333333333,0.8076433333333333
TELANGANA,1994,8.6,12.5,0.0,21.5,20.4,115.3,308.2,256.3,53.9,143.0,36.2,0.0,975.7,975.9,733.6999999999999,0.7518,997.42,805.7333333333333,0.8076433333333333
TELANGANA,1995,98.7,0.5,22.0,16.0,35.6,135.4,282.1,209.2,141.1,332.7,12.6,0.0,1286.0,1285.8999999999999,767.8000000000001,0.5971,997.42,805.7333333333333,0.8076433333333333
TELANGANA,1996,0.0,7.9,4.7,31.1,13.6,115.9,264.1,295.9,160.2,72.4,13.2,7.8,986.8,986.8000000000001,836.0999999999999,0.8473,997.42,805.7333333333333,0.8076433333333333
TELANGANA,1997,22.6,0.9,20.2,43.4,21.3,85.5,156.7,154.5,169.1,87.9,46.9,46.9,856.0,855.8999999999999,565.8,0.6611,997.42,805.7333333333333,0.8076433333333333
TELANGANA,1998,5.2,22.2,15.2,15.5,27.9,149.4,264.0,290.5,209.3,79.4,14.5,0.0,1093.0,1093.1000000000001,913.2,0.8354,997.42,805.7333333333333,0.8076433333333333
TELANGANA,1999,0.0,9.3,4.6,1.7,74.8,141.6,205.2,190.9,177.6,55.7,2.2,0.0,863.8,863.6000000000001,715.3,0.8283,997.42,805.7333333333333,0.8076433333333333
TELANGANA,2000,0.6,16.8,1.0,16.3,48.8,253.2,220.9,420.5,70.7,20.2,6.4,2.5,1078.0,1077.9,965.3000000000001,0.8955,997.42,805.7333333333333,0.8076433333333333
TELANGANA,2001,8.5,0.0,21.5,37.3,7.5,183.9,123.8,266.8,119.9,135.6,17.4,0.0,922.3,922.1999999999999,694.4,0.753,997.42,805.7333333333333,0.8076433333333333
TELANGANA,2002,18.8,10.1,7.6,7.7,32.0,143.2,91.7,321.7,52.4,76.2,3.9,0.0,765.3,765.3,608.9999999999999,0.7958,997.42,805.7333333333333,0.8076433333333333
TELANGANA,2003,0.0,10.7,21.9,14.0,7.9,112.6,312.2,266.5,103.2,101.7,7.3,5.3,963.2,963.3,794.5,0.8248,997.42,805.7333333333333,0.8076433333333333
TELANGANA,2004,34.4,17.9,9.3,25.9,34.6,64.6,216.7,117.7,110.1,30.6,5.3,0.0,667.0,667.1,509.0999999999999,0.7632,997.42,805.7333333333333,0.8076433333333333
TELANGANA,2005,43.4,14.1,14.6,23.8,19.7,115.1,400.3,126.9,246.3,136.1,3.9,18.8,1163.1,1163.0,888.5999999999999,0.7641,997.42,805.7333333333333,0.8076433333333333
TELANGANA,2006,0.0,0.0,42.7,38.6,46.1,104.8,169.5,308.2,280.2,28.1,34.7,0.0,1053.0,1052.8999999999999,862.7,0.8194,997.42,805.7333333333333,0.8076433333333333
TELANGANA,2007,0.0,0.0,0.1,0.1,9.2,176.6,134.6,206.6,262.3,40.8,13.0,0.0,843.3,843.3,780.0999999999999,0.9251,997.42,805.7333333333333,0.8076433333333333
TELANGANA,2008,0.2,18.6,108.6,15.7,4.9,132.9,183.4,391.8,146.7,24.2,7.5,0.8,1035.3,1035.3,854.8,0.8257,997.42,805.7333333333333,0.8076433333333333
TELANGANA,2009,0.0,0.0,2.1,4.5,13.1,85.8,118.4,192.3,149.7,69.5,29.6,1.2,666.3,666.2000000000002,546.2,0.8199,997.42,805.7333333333333,0.8076433333333333
TELANGANA,2010,10.3,5.3,1.5,5.6,24.9,127.0,395.5,308.1,249.8,98.7,40.5,9.3,1276.4,1276.5,1080.4,0.8464,997.42,805.7333333333333,0.8076433333333333
TELANGANA,2011,0.0,11.9,2.6,25.6,9.3,83.9,268.2,225.9,107.6,13.9,4.2,0.0,753.1,753.1,685.6,0.9104,997.42,805.7333333333333,0.8076433333333333
TELANGANA,2012,6.7,0.0,0.2,14.0,8.4,124.4,300.3,229.9,202.4,83.6,38.7,0.0,1008.6,1008.6,857.0,0.8497,997.42,805.7333333333333,0.8076433333333333
TELANGANA,2013,2.4,29.0,0.2,24.4,8.5,213.4,453.8,230.6,161.4,205.9,16.4,2.7,1348.7,1348.7000000000003,1059.2,0.7853,997.42,805.7333333333333,0.8076433333333333
TELANGANA,2014,0.2,2.9,58.3,10.3,73.3,62.3,146.0,205.2,146.8,29.6,10.8,0.7,746.4,746.4,560.3,0.7507,997.42,805.7333333333333,0.8076433333333333
TELANGANA,2015,17.5,0.0,43.0,65.7,23.3,266.9,104.4,160.5,158.3,15.6,0.3,1.7,857.3,857.1999999999999,690.0999999999999,0.8051,997.42,805.7333333333333,0.8076433333333333
RAYALSEEMA,1901,7.0,50.2,0.0,12.1,38.9,53.0,73.4,60.3,109.0,81.6,137.2,91.3,714.0,714.0,295.7,0.4141,808.6,421.77333333333337,0.5226533333333333
RAYALSEEMA,1902,10.0,0.2,1.7,11.0,36.8,73.6,41.3,148.3,181.7,188.5,88.9,36.4,818.4,818.3999999999999,444.9,0.5436,808.6,421.77333333333337,0.5226533333333333
RAYALSEEMA,1903,30.0,0.1,0.0,3.6,80.5,67.5,127.5,140.6,219.7,95.3,289.4,84.0,1138.2,1138.1999999999998,555.3,0.4879,808.6,421.77333333333337,0.5226533333333333
RAYALSEEMA,1904,14.8,0.0,1.7,7.1,58.8,39.8,75.1,19.4,84.7,111.5,4.4,16.1,433.4,433.40000000000003,219.0,0.5053,808.6,421.77333333333337,0.5226533333333333
RAYALSEEMA,1905,6.5,6.8,17.0,18.3,44.2,66.1,50.9,219.3,36.5,180.2,55.4,2.0,703.4,703.1999999999999,372.8,0.5301,808.6,421.77333333333337,0.5226533333333333
RAYALSEEMA,1906,115.3,7.2,6.8,2.1,9.6,84.1,127.9,154.4,130.4,107.7,35.0,132.2,912.6,912.7,496.79999999999995,0.5443,808.6,421.77333333333337,0.5226533333333333
RAYALSEEMA,1907,1.1,0.0,6.5,82.5,8.6,50.5,100.5,34.3,97.7,60.0,140.7,58.0,640.4,640.4,283.0,0.4419,808.6,421.77333333333337,0.5226533333333333
RAYALSEEMA,1908,5.7,4.3,4.7,5.5,41.2,36.2,65.0,45.5,222.6,151.8,27.9,6.8,617.1,617.1999999999999,369.29999999999995,0.5983,808.6,421.77333333333337,0.5226533333333333
RAYALSEEMA,1909,89.2,0.0,0.0,42.2,105.4,34.8,61.5,290.1,205.0,29.4,12.8,0.3,870.6,870.6999999999999,591.4000000000001,0.6792,808.6,421.77333333333337,0.5226533333333333
RAYALSEEMA,1910,0.6,2.1,0.7,13.1,33.3,46.5,197.9,188.2,165.3,205.1,148.4,0.0,1001.1,1001.2,597.9000000000001,0.5972,808.6,421.77333333333337,0.5226533333333333
RAYALSEEMA,1911,0.0,0.0,0.8,20.9,65.0,54.0,73.6,47.5,107.6,102.1,83.2,35.9,590.6,590.6,282.7,0.4787,808.6,421.77333333333337,0.5226533333333333
RAYALSEEMA,1912,1.1,4.1,0.6,5.6,24.3,35.4,67.3,93.3,132.0,157.8,223.8,0.2,745.5,745.5,328.0,0.44,808.6,421.77333333333337,0.5226533333333333
RAYALSEEMA,1913,0.0,0.4,0.9,10.8,52.8,37.0,93.3,36.9,122.1,184.2,12.3,65.6,616.3,616.3,289.3,0.4694,808.6,421.77333333333337,0.5226533333333333
RAYALSEEMA,1914,2.4,1.3,1.2,23.5,53.2,65.3,72.5,130.0,171.9,83.4,61.3,12.4,678.3,678.3999999999999,439.70000000000005,0.6481,808.6,421.77333333333337,0.5226533333333333
RAYALSEEMA,1915,44.9,4.8,80.2,11.9,47.4,55.3,155.3,59.7,167.9,64.6,225.1,5.9,923.1,923.0,438.20000000000005,0.4748,808.6,421.77333333333337,0.5226533333333333
RAYALSEEMA,1916,0.0,1.3,0.0,7.9,32.9,48.1,210.1,160.2,182.9,252.5,140.9,10.4,1047.0,1047.2,601.3,0.5742,808.6,421.77333333333337,0.5226533333333333
RAYALSEEMA,1917,4.5,35.6,7.2,5.4,63.0,86.5,63.0,171.5,185.6,183.8,105.1,21.9,933.1,933.0999999999999,506.6,0.5429,808.6,421.77333333333337,0.5226533333333333
RAYALSEEMA,1918,60.6,2.7,10.5,10.4,69.2,37.6,30.8,74.1,111.4,4.4,211.6,22.8,645.8,646.1,253.9,0.393,808.6,421.77333333333337,0.5226533333333333
RAYALSEEMA,1919,24.8,0.0,22.4,14.6,51.5,72.3,151.8,33.0,237.8,79.0,180.6,22.7,890.5,890.5000000000001,494.90000000000003,0.5558,808.6,421.77333333333337,0.5226533333333333
RAYALSEEMA,1920,79.5,1.2,0.4,11.5,27.5,42.0,24.4,86.3,155.6,134.9,111.5,0.0,674.8,674.8,308.29999999999995,0.4569,808.6,421.77333333333337,0.5226533333333333
RAYALSEEMA,1921,43.2,0.0,0.0,40.7,9.1,58.6,180.3,93.3,84.4,185.8,43.0,5.2,743.6,743.6000000000001,416.6,0.5602,808.6,421.77333333333337,0.5226533333333333
RAYALSEEMA,1922,36.9,0.0,0.0,12.0,52.0,48.4,64.8,85.0,34.8,120.0,306.3,10.0,770.3,770.2,233.0,0.3025,808.6,421.77333333333337,0.5226533333333333
RAYALSEEMA,1923,23.0,8.5,18.0,17.6,23.7,40.6,58.6,24.8,167.4,96.7,19.6,17.3,515.8,515.8000000000001,291.4,0.5649,808.6,421.77333333333337,0.5226533333333333
RAYALSEEMA,1924,9.8,0.0,1.2,12.7,37.0,44.7,83.9,86.2,202.9,47.5,158.1,0.3,684.3,684.3,417.70000000000005,0.6104,808.6,421.77333333333337,0.5226533333333333
RAYALSEEMA,1925,0.0,0.0,5.9,18.3,125.9,33.9,106.3,135.7,85.2,137.3,108.0,109.0,865.5,865.5,361.09999999999997,0.4172,808.6,421.77333333333337,0.5226533333333333
RAYALSEEMA,1926,57.3,0.0,15.0,38.1,27.8,83.0,87.9,92.3,147.9,80.6,43.6,9.0,682.6,682.5000000000001,411.1,0.6023,808.6,421.77333333333337,0.5226533333333333
RAYALSEEMA,1927,2.9,1.9,0.0,1.2,29.8,67.8,98.7,76.1,191.6,60.2,150.8,1.0,682.0,682.0,434.2,0.6367,808.6,421.77333333333337,0.5226533333333333
RAYALSEEMA,1928,1.3,38.7,10.9,23.2,22.8,71.9,85.0,87.5,100.1,202.4,37.0,30.4,711.3,711.1999999999999,344.5,0.4844,808.6,421.77333333333337,0.5226533333333333
RAYALSEEMA,1929,11.0,10.3,0.2,35.4,31.1,66.6,36.6,45.7,165.7,146.5,109.4,38.2,696.6,696.6999999999999,314.59999999999997,0.4516,808.6,421.77333333333337,0.5226533333333333
RAYALSEEMA,1930,15.6,33.9,8.3,7.6,169.6,98.1,45.6,33.1,137.3,245.8,156.6,44.0,995.5,995.5000000000001,314.1,0.3155,808.6,421.77333333333337,0.5226533333333333
RAYALSEEMA,1931,0.2,0.0,2.1,8.9,53.9,92.0,101.2,32.1,137.0,135.7,92.4,63.6,719.2,719.1,362.29999999999995,0.5038,808.6,421.77333333333337,0.5226533333333333
RAYALSEEMA,1932,0.0,17.2,0.0,12.1,50.8,59.7,72.4,128.6,77.6,92.6,108.6,16.2,635.8,635.8000000000001,338.30000000000007,0.5321,808.6,421.77333333333337,0.5226533333333333
RAYALSEEMA,1933,0.0,1.7,9.4,14.8,47.7,23.5,74.8,181.7,56.3,124.6,42.0,101.7,678.2,678.2,336.3,0.4959,808.6,421.77333333333337,0.5226533333333333
RAYALSEEMA,1934,21.5,0.0,0.0,23.2,29.3,84.7,115.0,49.9,57.8,151.5,72.9,5.6,611.5,611.4,307.4,0.5028,808.6,421.77333333333337,0.5226533333333333
RAYALSEEMA,1935,8.5,0.6,1.8,22.9,17.5,79.7,92.6,226.1,113.9,171.4,35.8,11.5,782.3,782.3,512.3,0.6549,808.6,421.77333333333337,0.5226533333333333
RAYALSEEMA,1936,0.2,31.9,8.3,12.7,52.7,87.7,75.7,49.7,149.1,66.8,150.4,10.4,695.6,695.5999999999999,362.20000000000005,0.5207,808.6,421.77333333333337,0.5226533333333333
RAYALSEEMA,1937,0.5,9.0,6.2,93.5,25.9,55.7,105.0,63.7,110.4,161.2,123.0,21.3,775.4,775.3999999999999,334.79999999999995,0.4318,808.6,421.77333333333337,0.5226533333333333
RAYALSEEMA,1938,0.0,6.7,5.4,1.9,54.1,75.6,72.4,199.4,224.8,24.5,2.7,7.0,674.4,674.5,572.2,0.8483,808.6,421.77333333333337,0.5226533333333333
RAYALSEEMA,1939,17.4,0.0,18.3,72.9,10.2,59.3,50.0,85.4,142.5,163.0,177.0,2.2,798.2,798.2,337.2,0.4225,808.6,421.77333333333337,0.5226533333333333
RAYALSEEMA,1940,0.3,0.1,8.8,29.4,122.1,91.0,65.7,105.3,128.1,171.7,168.3,13.8,904.6,904.5999999999999,390.1,0.4312,808.6,421.77333333333337,0.5226533333333333
RAYALSEEMA,1941,5.6,7.3,0.0,7.5,38.3,34.3,25.7,57.5,173.8,108.8,98.3,96.2,653.5,653.3000000000001,291.3,0.4459,808.6,421.77333333333337,0.5226533333333333
RAYALSEEMA,1942,0.4,0.3,0.0,15.1,28.2,86.5,28.8,123.2,86.3,53.1,63.2,51.8,536.9,536.9,324.8,0.605,808.6,421.77333333333337,0.5226533333333333
RAYALSEEMA,1943,22.0,1.8,0.4,26.6,239.8,33.4,88.1,78.1,134.3,309.2,95.7,7.3,1036.5,1036.7,333.9,0.3221,808.6,421.77333333333337,0.5226533333333333
RAYALSEEMA,1944,0.2,10.4,86.9,9.9,21.2,87.5,144.2,69.0,151.5,180.0,141.1,15.7,917.4,917.6,452.2,0.4928,808.6,421.77333333333337,0.5226533333333333
RAYALSEEMA,1945,0.0,0.0,0.0,22.5,36.7,35.1,160.8,107.6,105.2,60.0,75.6,0.5,604.1,604.0000000000001,408.7,0.6767,808.6,421.77333333333337,0.5226533333333333
RAYALSEEMA,1946,1.7,4.1,7.9,11.8,41.8,42.6,60.0,88.4,151.1,87.4,258.2,198.7,953.7,953.7,342.1,0.3587,808.6,421.77333333333337,0.5226533333333333
RAYALSEEMA,1947,23.2,1.4,0.8,10.3,20.3,65.6,124.0,136.2,126.2,87.4,17.2,11.8,624.3,624.4,451.99999999999994,0.7239,808.6,421.77333333333337,0.5226533333333333
RAYALSEEMA,1948,4.2,1.1,4.1,32.5,36.9,33.2,82.9,105.8,77.7,108.8,113.4,8.1,608.9,608.7,299.6,0.4922,808.6,421.77333333333337,0.5226533333333333
RAYALSEEMA,1949,0.0,0.0,0.1,9.1,68.9,115.6,137.8,163.1,180.9,98.0,53.1,0.0,826.5,826.6,597.4,0.7227,808.6,421.77333333333337,0.5226533333333333
RAYALSEEMA,1950,0.2,5.9,3.4,0.7,38.3,31.4,66.8,85.2,136.4,101.5,40.9,0.2,510.9,510.8999999999999,319.79999999999995,0.626,808.6,421.77333333333337,0.5226533333333333
RAYALSEEMA,1951,0.0,0.1,16.1,45.9,78.4,54.8,106.7,56.9,65.6,72.1,41.7,0.1,538.4,538.4000000000001,284.0,0.5275,808.6,421.77333333333337,0.5226533333333333
RAYALSEEMA,1952,0.0,4.3,1.2,12.2,183.5,55.8,59.6,81.9,52.6,108.7,7.4,134.2,701.2,701.4000000000001,249.9,0.3563,808.6,421.77333333333337,0.5226533333333333
RAYALSEEMA,1953,1.2,0.5,0.0,39.2,19.8,63.7,125.2,58.7,141.9,309.4,35.7,0.3,795.7,795.6,389.5,0.4896,808.6,421.77333333333337,0.5226533333333333
RAYALSEEMA,1954,13.4,0.0,11.9,8.8,35.4,50.6,208.4,79.3,73.0,222.4,0.0,82.0,785.4,785.2,411.3,0.5238,808.6,421.77333333333337,0.5226533333333333
RAYALSEEMA,1955,15.2,1.0,4.8,13.8,135.6,42.5,107.3,183.2,118.8,98.9,62.3,33.0,816.4,816.3999999999999,451.8,0.5534,808.6,421.77333333333337,0.5226533333333333
RAYALSEEMA,1956,3.6,0.1,0.0,56.2,59.4,90.6,144.0,72.3,168.6,220.3,79.7,36.0,931.0,930.8,475.5,0.5109,808.6,421.77333333333337,0.5226533333333333
RAYALSEEMA,1957,1.0,0.4,11.0,11.4,41.2,119.2,77.0,89.2,73.2,79.1,69.1,0.0,571.7,571.8,358.59999999999997,0.6271,808.6,421.77333333333337,0.5226533333333333
RAYALSEEMA,1958,2.6,6.2,4.4,30.8,44.1,31.1,65.6,219.2,93.5,202.7,88.2,19.8,808.4,808.2,409.4,0.5066,808.6,421.77333333333337,0.5226533333333333
RAYALSEEMA,1959,0.2,5.2,0.0,19.0,39.4,102.7,89.1,92.8,132.9,77.5,61.6,15.3,635.8,635.6999999999999,417.5,0.6568,808.6,421.77333333333337,0.5226533333333333
RAYALSEEMA,1960,0.5,0.0,5.0,6.6,41.5,55.5,89.9,27.1,224.0,59.8,227.1,7.2,744.0,744.2,396.5,0.5328,808.6,421.77333333333337,0.5226533333333333
RAYALSEEMA,1961,2.4,7.9,0.5,3.0,41.4,96.2,112.5,124.7,54.3,141.5,62.8,4.2,651.5,651.4,387.7,0.5952,808.6,421.77333333333337,0.5226533333333333
RAYALSEEMA,1962,1.9,4.0,5.4,44.8,77.5,54.2,40.4,117.1,140.7,231.4,34.4,64.4,816.3,816.1999999999999,352.4,0.4318,808.6,421.77333333333337,0.5226533333333333
RAYALSEEMA,1963,7.1,0.3,10.1,38.1,26.4,77.6,82.6,148.2,95.9,159.7,33.0,30.0,709.1,709.0,404.29999999999995,0.5702,808.6,421.77333333333337,0.5226533333333333
RAYALSEEMA,1964,0.0,0.0,0.0,2.0,12.0,56.6,213.4,89.4,225.2,51.0,128.4,13.6,791.6,791.5999999999999,584.5999999999999,0.7385,808.6,421.77333333333337,0.5226533333333333
RAYALSEEMA,1965,0.6,0.6,5.5,40.2,15.6,47.2,78.6,168.8,109.4,13.2,62.2,54.3,595.9,596.1999999999999,404.0,0.6776,808.6,421.77333333333337,0.5226533333333333
RAYALSEEMA,1966,6.1,0.2,0.0,9.7,45.2,94.5,96.7,129.1,143.9,94.2,247.9,36.6,904.1,904.1,464.19999999999993,0.5134,808.6,421.77333333333337,0.5226533333333333
RAYALSEEMA,1967,16.8,0.0,34.7,7.3,51.5,62.7,127.3,48.9,140.9,100.3,43.2,104.2,737.6,737.8000000000001,379.8,0.5148,808.6,421.77333333333337,0.5226533333333333
RAYALSEEMA,1968,0.1,2.6,10.8,38.1,21.2,45.2,77.9,13.6,150.4,113.7,83.6,66.8,623.9,623.9999999999999,287.1,0.4601,808.6,421.77333333333337,0.5226533333333333
RAYALSEEMA,1969,0.0,0.0,0.9,5.0,55.3,61.2,118.1,126.6,49.3,258.1,109.0,58.8,842.4,842.3,355.2,0.4217,808.6,421.77333333333337,0.5226533333333333
RAYALSEEMA,1970,0.1,14.2,2.9,12.3,76.7,57.7,107.5,201.3,131.2,107.9,64.1,0.5,776.4,776.4,497.7,0.641,808.6,421.77333333333337,0.5226533333333333
RAYALSEEMA,1971,3.6,4.8,20.0,27.7,52.1,35.3,60.5,98.5,90.7,163.4,40.8,23.8,621.1,621.1999999999999,285.0,0.4588,808.6,421.77333333333337,0.5226533333333333
RAYALSEEMA,1972,3.2,0.7,0.0,13.8,89.2,110.8,30.8,27.4,131.5,218.1,108.3,92.3,826.0,826.0999999999999,300.5,0.3638,808.6,421.77333333333337,0.5226533333333333
RAYALSEEMA,1973,0.0,0.0,0.1,1.5,30.2,51.1,80.4,150.2,141.9,164.1,34.2,35.7,689.5,689.4000000000001,423.6,0.6144,808.6,421.77333333333337,0.5226533333333333
RAYALSEEMA,1974,0.0,0.0,0.0,7.8,61.7,67.3,94.5,68.5,204.9,194.1,29.5,0.0,728.5,728.3000000000001,435.20000000000005,0.5976,808.6,421.77333333333337,0.5226533333333333
RAYALSEEMA,1975,0.8,0.1,4.9,3.8,46.8,46.0,176.9,133.7,156.7,345.5,121.0,5.3,1041.6,1041.5,513.3,0.4928,808.6,421.77333333333337,0.5226533333333333
RAYALSEEMA,1976,0.9,0.0,0.0,11.7,14.6,70.4,134.7,189.3,50.1,137.9,203.8,3.6,817.0,817.0000000000001,444.5,0.5441,808.6,421.77333333333337,0.5226533333333333
RAYALSEEMA,1977,0.4,0.4,2.2,22.5,70.4,98.6,87.4,140.2,51.3,217.0,175.1,1.0,866.6,866.5,377.5,0.4357,808.6,421.77333333333337,0.5226533333333333
RAYALSEEMA,1978,1.6,7.4,0.5,30.6,33.0,61.7,130.0,93.3,196.2,80.0,143.4,91.4,869.3,869.0999999999999,481.2,0.5537,808.6,421.77333333333337,0.5226533333333333
RAYALSEEMA,1979,3.2,19.4,0.0,7.0,96.6,49.7,72.2,79.7,155.3,61.5,256.6,12.3,813.4,813.4999999999999,356.90000000000003,0.4387,808.6,421.77333333333337,0.5226533333333333
RAYALSEEMA,1980,0.0,0.0,1.5,6.6,29.5,58.3,79.5,110.5,62.9,38.6,158.7,27.5,573.7,573.5999999999999,311.2,0.5425,808.6,421.77333333333337,0.5226533333333333
RAYALSEEMA,1981,7.9,0.0,20.5,10.4,39.3,61.4,100.7,115.2,210.0,141.7,37.6,40.6,785.2,785.3,487.3,0.6205,808.6,421.77333333333337,0.5226533333333333
RAYALSEEMA,1982,0.9,0.0,0.6,11.3,37.3,76.7,72.7,32.2,105.5,127.8,130.4,0.0,595.6,595.4,287.1,0.4822,808.6,421.77333333333337,0.5226533333333333
RAYALSEEMA,1983,0.0,1.0,3.9,4.7,54.6,54.8,110.0,193.0,272.5,125.1,35.9,87.5,943.0,943.0,630.3,0.6684,808.6,421.77333333333337,0.5226533333333333
RAYALSEEMA,1984,6.5,81.0,28.4,12.4,10.1,27.8,162.1,19.1,130.9,79.3,127.6,47.8,733.0,733.0,339.9,0.4637,808.6,421.77333333333337,0.5226533333333333
RAYALSEEMA,1985,17.7,0.0,4.2,11.9,13.7,52.1,134.3,77.8,72.3,121.1,140.2,40.6,685.8,685.9,336.5,0.4906,808.6,421.77333333333337,0.5226533333333333
RAYALSEEMA,1986,68.8,14.5,0.0,9.2,17.0,58.7,55.9,54.7,106.9,103.1,81.8,10.3,580.9,580.9,276.20000000000005,0.4755,808.6,421.77333333333337,0.5226533333333333
RAYALSEEMA,1987,5.1,0.0,11.9,7.9,28.7,56.9,28.8,154.5,88.0,178.4,120.3,88.9,769.5,769.4,328.2,0.4266,808.6,421.77333333333337,0.5226533333333333
RAYALSEEMA,1988,0.6,0.4,4.0,43.0,52.9,24.8,178.0,217.6,186.1,42.8,61.3,30.7,842.3,842.1999999999999,606.5,0.7201,808.6,421.77333333333337,0.5226533333333333
RAYALSEEMA,1989,0.0,0.0,25.4,2.2,24.0,50.4,245.2,26.6,146.8,51.2,75.7,46.1,693.7,693.6000000000001,469.0,0.6762,808.6,421.77333333333337,0.5226533333333333
RAYALSEEMA,1990,2.1,5.5,16.9,8.1,138.8,48.9,62.3,100.1,184.7,186.0,166.4,10.9,930.7,930.7,396.0,0.4255,808.6,421.77333333333337,0.5226533333333333
RAYALSEEMA,1991,11.5,0.0,6.2,26.3,32.4,187.6,79.8,101.6,99.9,191.0,219.6,11.7,967.5,967.6,468.9,0.4846,808.6,421.77333333333337,0.5226533333333333
RAYALSEEMA,1992,7.7,0.0,0.0,17.1,41.5,39.3,90.5,89.9,73.5,89.3,142.7,4.6,596.0,596.1,293.20000000000005,0.4919,808.6,421.77333333333337,0.5226533333333333
RAYALSEEMA,1993,0.0,6.7,17.0,11.3,49.3,41.9,109.5,123.7,128.0,172.7,132.3,94.5,887.1,886.8999999999999,403.1,0.4545,808.6,421.77333333333337,0.5226533333333333
RAYALSEEMA,1994,5.3,13.2,2.1,25.1,43.8,34.4,91.5,107.8,38.0,207.4,101.1,20.8,690.5,690.5,271.7,0.3935,808.6,421.77333333333337,0.5226533333333333
RAYALSEEMA,1995,28.1,4.8,12.8,10.4,136.4,69.4,156.1,182.1,94.0,130.9,45.0,4.3,874.3,874.3,501.6,0.5737,808.6,421.77333333333337,0.5226533333333333
RAYALSEEMA,1996,0.0,0.9,2.4,36.6,32.9,270.7,72.2,183.8,210.1,279.2,44.3,144.6,1277.7,1277.6999999999998,736.8000000000001,0.5767,808.6,421.77333333333337,0.5226533333333333
RAYALSEEMA,1997,16.5,1.4,16.9,33.6,36.2,73.7,40.8,80.7,207.4,103.8,145.3,78.8,835.0,835.0999999999999,402.6,0.4821,808.6,421.77333333333337,0.5226533333333333
RAYALSEEMA,1998,0.2,3.1,4.3,32.7,29.0,52.8,126.5,164.7,202.0,146.6,141.3,44.7,948.1,947.9000000000001,546.0,0.576,808.6,421.77333333333337,0.5226533333333333
RAYALSEEMA,1999,0.8,5.1,0.5,11.1,68.8,57.6,50.6,97.4,63.3,100.2,69.8,12.0,537.2,537.1999999999999,268.90000000000003,0.5006,808.6,421.77333333333337,0.5226533333333333
RAYALSEEMA,2000,0.0,34.3,0.2,22.1,73.8,92.7,94.7,241.5,102.9,134.7,37.7,36.7,871.3,871.3,531.8,0.6104,808.6,421.77333333333337,0.5226533333333333
RAYALSEEMA,2001,7.7,0.0,6.5,68.2,24.5,24.0,70.1,95.8,195.5,352.5,41.7,38.1,924.5,924.6,385.4,0.4168,808.6,421.77333333333337,0.5226533333333333
RAYALSEEMA,2002,25.6,3.2,7.7,17.5,55.0,90.8,42.9,69.8,78.2,167.5,44.2,12.9,615.2,615.3000000000001,281.7,0.4578,808.6,421.77333333333337,0.5226533333333333
RAYALSEEMA,2003,0.0,1.3,26.1,15.0,4.1,57.4,183.4,116.4,124.9,175.5,11.7,9.6,725.5,725.4000000000001,482.1,0.6646,808.6,421.77333333333337,0.5226533333333333
RAYALSEEMA,2004,10.2,4.3,12.9,35.1,149.7,39.8,122.9,23.1,153.7,124.4,65.6,0.0,741.7,741.7,339.5,0.4577,808.6,421.77333333333337,0.5226533333333333
RAYALSEEMA,2005,1.3,13.6,14.7,38.5,48.4,51.2,133.2,106.6,127.6,304.8,144.8,81.7,1066.4,1066.4,418.6,0.3925,808.6,421.77333333333337,0.5226533333333333
RAYALSEEMA,2006,0.2,0.0,32.8,9.7,62.7,85.8,43.2,72.0,144.7,88.4,78.6,20.0,638.1,638.1,345.7,0.5418,808.6,421.77333333333337,0.5226533333333333
RAYALSEEMA,2007,0.0,0.5,0.1,6.0,15.1,208.2,83.8,186.9,186.0,176.9,35.3,81.8,980.6,980.5999999999999,664.9,0.6781,808.6,421.77333333333337,0.5226533333333333
RAYALSEEMA,2008,6.4,18.7,62.9,4.1,42.1,31.7,81.4,104.9,121.7,126.0,192.1,5.9,798.0,797.9,339.7,0.4257,808.6,421.77333333333337,0.5226533333333333
RAYALSEEMA,2009,0.5,0.0,5.3,8.4,47.4,68.9,33.2,128.5,155.8,69.3,135.6,35.4,688.2,688.3,386.40000000000003,0.5614,808.6,421.77333333333337,0.5226533333333333
RAYALSEEMA,2010,4.7,0.8,0.6,13.0,65.4,108.3,187.6,155.0,122.9,83.4,175.1,46.7,963.5,963.5,573.8,0.5955,808.6,421.77333333333337,0.5226533333333333
RAYALSEEMA,2011,0.8,12.1,0.0,34.6,33.0,44.5,128.9,163.6,71.2,107.5,106.9,35.1,738.0,738.2,408.2,0.553,808.6,421.77333333333337,0.5226533333333333
RAYALSEEMA,2012,2.7,0.0,2.5,32.7,38.8,47.0,139.7,120.0,69.5,113.7,86.6,61.9,715.0,715.1,376.2,0.5261,808.6,421.77333333333337,0.5226533333333333
RAYALSEEMA,2013,1.3,30.6,11.5,26.8,38.9,73.8,95.7,110.3,163.2,169.3,38.6,2.6,762.6,762.5999999999999,443.0,0.5809,808.6,421.77333333333337,0.5226533333333333
RAYALSEEMA,2014,0.2,0.7,12.5,5.1,46.7,66.3,68.7,115.1,81.4,104.6,37.8,12.8,551.8,551.8999999999999,331.5,0.6007,808.6,421.77333333333337,0.5226533333333333
RAYALSEEMA,2015,1.9,0.0,13.4,73.4,39.7,73.0,43.1,123.6,136.3,106.7,383.8,52.2,1047.1,1047.1000000000001,376.0,0.3591,808.6,421.77333333333337,0.5226533333333333
TAMIL NADU,1901,24.5,39.1,21.7,36.0,74.0,41.8,49.3,67.9,191.1,122.3,212.3,80.4,960.3,960.4,350.1,0.3645,913.66,317.13666666666666,0.35139333333333334
TAMIL NADU,1902,67.2,9.8,25.1,21.9,84.7,39.3,55.1,113.8,98.6,282.2,174.9,165.8,1138.2,1138.4,306.79999999999995,0.2695,913.66,317.13666666666666,0.35139333333333334
TAMIL NADU,1903,19.3,7.8,1.7,18.2,128.5,58.5,72.6,115.0,210.4,128.1,200.5,203.2,1163.9,1163.8,456.5,0.3922,913.66,317.13666666666666,0.35139333333333334
TAMIL NADU,1904,35.2,0.1,0.7,19.5,121.9,34.9,89.0,40.4,85.7,163.2,23.6,49.1,663.1,663.3,250.0,0.3769,913.66,317.13666666666666,0.35139333333333334
TAMIL NADU,1905,6.5,7.5,17.2,64.8,83.7,49.8,39.0,101.8,73.5,250.4,123.7,3.2,821.1,821.1000000000001,264.1,0.3216,913.66,317.13666666666666,0.35139333333333334
TAMIL NADU,1906,52.4,12.9,17.0,8.5,39.6,43.6,76.0,195.2,65.3,162.8,189.1,127.7,990.2,990.1,380.09999999999997,0.3839,913.66,317.13666666666666,0.35139333333333334
TAMIL NADU,1907,8.4,1.2,25.0,78.9,56.6,46.1,70.4,58.2,117.2,160.4,200.0,63.2,885.6,885.6,291.9,0.3296,913.66,317.13666666666666,0.35139333333333334
TAMIL NADU,1908,16.8,36.9,25.0,24.5,70.3,34.2,37.5,48.4,154.2,261.0,36.1,20.1,765.0,765.0,274.29999999999995,0.3586,913.66,317.13666666666666,0.35139333333333334
TAMIL NADU,1909,116.5,11.2,7.7,68.6,117.4,30.8,36.1,206.6,106.1,158.0,74.7,20.8,954.6,954.5,379.6,0.3977,913.66,317.13666666666666,0.35139333333333334
TAMIL NADU,1910,9.2,21.2,2.4,26.8,64.7,51.5,148.1,142.0,52.4,278.0,146.7,0.6,943.7,943.6,394.0,0.4175,913.66,317.13666666666666,0.35139333333333334
TAMIL NADU,1911,2.8,1.1,6.0,30.8,72.1,70.7,50.3,28.9,120.5,125.6,176.2,130.1,814.9,815.1,270.4,0.3317,913.66,317.13666666666666,0.35139333333333334
TAMIL NADU,1912,5.9,2.8,2.9,18.5,64.2,46.7,34.8,74.2,126.7,244.2,259.3,23.9,904.1,904.1,282.4,0.3124,913.66,317.13666666666666,0.35139333333333334
TAMIL NADU,1913,2.9,3.2,6.6,21.0,64.6,29.7,58.7,62.3,124.8,203.4,184.1,117.7,878.8,879.0000000000001,275.5,0.3134,913.66,317.13666666666666,0.35139333333333334
TAMIL NADU,1914,5.7,1.9,5.6,34.6,57.1,37.9,37.6,98.4,132.2,281.2,129.1,132.0,953.3,953.3000000000001,306.1,0.3211,913.66,317.13666666666666,0.35139333333333334
TAMIL NADU,1915,35.1,18.1,43.6,37.0,52.4,66.4,117.7,82.9,133.0,99.9,241.0,61.5,988.5,988.6,400.0,0.4046,913.66,317.13666666666666,0.35139333333333334
TAMIL NADU,1916,0.1,3.2,3.1,19.2,61.1,34.5,168.6,125.5,94.7,208.6,145.7,33.2,897.4,897.5,423.3,0.4716,913.66,317.13666666666666,0.35139333333333334
TAMIL NADU,1917,14.3,39.1,32.3,11.9,77.5,72.4,45.1,155.7,163.5,123.1,167.5,45.9,948.3,948.3,436.7,0.4605,913.66,317.13666666666666,0.35139333333333334
TAMIL NADU,1918,80.9,5.4,25.9,9.9,81.8,36.2,40.8,58.6,47.0,81.8,315.1,88.4,871.7,871.8000000000001,182.6,0.2095,913.66,317.13666666666666,0.35139333333333334
TAMIL NADU,1919,22.9,0.8,16.2,25.0,88.5,49.9,87.8,51.6,162.7,152.4,264.4,106.4,1028.6,1028.6000000000001,352.0,0.3422,913.66,317.13666666666666,0.35139333333333334
TAMIL NADU,1920,135.9,3.1,3.7,67.3,59.6,47.3,37.3,74.8,156.3,159.4,404.9,4.7,1154.2,1154.3,315.7,0.2735,913.66,317.13666666666666,0.35139333333333334
TAMIL NADU,1921,141.2,0.0,1.7,72.3,39.5,55.7,92.5,129.6,78.3,236.4,76.0,56.1,979.4,979.3,356.09999999999997,0.3636,913.66,317.13666666666666,0.35139333333333334
TAMIL NADU,1922,41.9,18.1,2.5,34.9,100.1,48.8,45.4,87.1,75.3,262.8,291.8,71.6,1080.5,1080.3,256.59999999999997,0.2375,913.66,317.13666666666666,0.35139333333333334
TAMIL NADU,1923,136.0,2.5,50.1,26.6,30.8,33.7,40.5,39.8,99.8,220.3,44.3,109.7,834.1,834.1,213.8,0.2563,913.66,317.13666666666666,0.35139333333333334
TAMIL NADU,1924,29.7,0.7,31.3,30.2,75.4,54.9,113.9,87.1,170.8,107.1,163.5,30.6,895.1,895.2,426.70000000000005,0.4767,913.66,317.13666666666666,0.35139333333333334
TAMIL NADU,1925,17.6,4.6,57.2,30.1,85.0,50.6,38.7,91.7,77.3,148.9,229.0,182.8,1013.3,1013.5,258.3,0.2549,913.66,317.13666666666666,0.35139333333333334
TAMIL NADU,1926,88.0,2.2,30.4,41.4,53.7,38.7,73.8,70.5,120.2,151.5,119.2,26.1,815.6,815.7,303.2,0.3717,913.66,317.13666666666666,0.35139333333333334
TAMIL NADU,1927,18.0,21.6,17.2,50.7,73.7,83.1,65.9,77.8,131.0,87.2,171.3,32.5,829.9,830.0,357.8,0.4311,913.66,317.13666666666666,0.35139333333333334
TAMIL NADU,1928,21.0,54.9,24.0,56.9,51.0,41.1,75.5,95.2,59.7,219.0,173.8,98.8,970.8,970.8999999999999,271.5,0.2796,913.66,317.13666666666666,0.35139333333333334
TAMIL NADU,1929,20.4,29.2,9.4,107.3,50.7,63.2,48.9,70.7,135.1,161.2,192.0,89.6,977.7,977.6999999999999,317.9,0.3252,913.66,317.13666666666666,0.35139333333333334
TAMIL NADU,1930,53.6,60.3,21.4,34.4,165.7,68.9,38.9,66.7,94.2,436.1,186.5,48.7,1275.4,1275.3999999999999,268.7,0.2107,913.66,317.13666666666666,0.35139333333333334
TAMIL NADU,1931,22.7,0.0,3.3,55.6,54.2,40.8,77.3,81.7,104.7,120.3,183.4,295.8,1039.8,1039.8,304.5,0.2928,913.66,317.13666666666666,0.35139333333333334
TAMIL NADU,1932,0.7,31.9,7.3,62.9,109.6,43.0,56.5,163.5,61.6,247.4,246.9,78.5,1109.8,1109.8,324.6,0.2925,913.66,317.13666666666666,0.35139333333333334
TAMIL NADU,1933,2.7,5.0,41.2,52.5,105.3,36.9,60.7,169.9,104.5,201.8,124.5,105.9,1010.9,1010.9,372.0,0.368,913.66,317.13666666666666,0.35139333333333334
TAMIL NADU,1934,99.8,0.1,11.6,34.6,49.6,73.5,57.5,56.4,38.1,303.4,99.2,15.9,839.7,839.6999999999999,225.5,0.2685,913.66,317.13666666666666,0.35139333333333334
TAMIL NADU,1935,37.5,2.5,9.3,63.9,23.7,60.0,38.6,153.4,78.6,192.4,147.6,86.3,893.9,893.8,330.6,0.3699,913.66,317.13666666666666,0.35139333333333334
TAMIL NADU,1936,1.9,51.1,55.3,35.7,74.4,56.3,85.5,59.4,122.0,103.7,234.5,64.7,944.5,944.5,323.20000000000005,0.3422,913.66,317.13666666666666,0.35139333333333334
TAMIL NADU,1937,10.7,16.7,26.7,96.1,59.9,42.3,51.1,118.1,105.7,189.8,280.1,22.8,1020.1,1020.0000000000001,317.2,0.311,913.66,317.13666666666666,0.35139333333333334
TAMIL NADU,1938,1.2,52.1,34.8,44.5,54.3,53.0,101.4,146.3,116.8,87.5,39.3,51.8,783.2,782.9999999999999,417.50000000000006,0.5332,913.66,317.13666666666666,0.35139333333333334
TAMIL NADU,1939,31.1,5.0,26.0,132.1,60.0,60.4,35.1,91.3,96.2,243.8,266.2,8.6,1055.8,1055.8,283.0,0.268,913.66,317.13666666666666,0.35139333333333334
TAMIL NADU,1940,0.9,0.7,12.6,82.8,131.5,85.2,59.0,69.4,121.2,152.0,367.8,95.4,1178.5,1178.5000000000002,334.8,0.2841,913.66,317.13666666666666,0.35139333333333334
TAMIL NADU,1941,31.7,4.4,1.4,58.6,70.9,47.1,69.6,84.7,166.4,148.1,216.4,107.5,1006.9,1006.8,367.79999999999995,0.3653,913.66,317.13666666666666,0.35139333333333334
TAMIL NADU,1942,0.5,0.6,6.0,78.6,61.3,53.1,54.9,110.1,120.8,146.5,68.0,146.9,847.3,847.3000000000001,338.9,0.4,913.66,317.13666666666666,0.35139333333333334
TAMIL NADU,1943,112.0,18.5,10.8,72.1,204.4,43.2,75.3,78.8,101.1,310.6,117.4,43.2,1187.3,1187.4,298.4,0.2513,913.66,317.13666666666666,0.35139333333333334
TAMIL NADU,1944,18.4,34.6,83.5,32.7,46.1,81.8,73.8,104.7,143.5,188.8,288.8,130.9,1227.6,1227.6,403.8,0.3289,913.66,317.13666666666666,0.35139333333333334
TAMIL NADU,1945,4.6,5.5,5.0,74.7,38.2,22.0,75.1,110.1,58.6,168.4,206.8,15.0,784.0,784.0,265.8,0.339,913.66,317.13666666666666,0.35139333333333334
TAMIL NADU,1946,19.8,1.0,46.4,45.7,76.4,56.8,59.3,87.7,140.8,175.5,311.2,273.5,1294.1,1294.1000000000001,344.6,0.2663,913.66,317.13666666666666,0.35139333333333334
TAMIL NADU,1947,59.5,14.8,54.4,92.8,40.9,54.1,125.5,113.4,127.6,205.9,30.5,20.0,939.5,939.4,420.6,0.4477,913.66,317.13666666666666,0.35139333333333334
TAMIL NADU,1948,51.7,9.9,10.6,35.3,72.5,67.5,79.8,102.3,68.8,145.4,226.2,36.6,906.7,906.6,318.40000000000003,0.3512,913.66,317.13666666666666,0.35139333333333334
TAMIL NADU,1949,8.6,3.0,0.6,62.3,98.2,75.6,113.6,148.2,82.3,159.4,86.4,2.3,840.7,840.4999999999999,419.7,0.4993,913.66,317.13666666666666,0.35139333333333334
TAMIL NADU,1950,2.4,68.0,16.8,11.8,54.5,31.2,56.1,125.3,85.5,160.6,100.7,34.6,747.5,747.5,298.1,0.3988,913.66,317.13666666666666,0.35139333333333334
TAMIL NADU,1951,11.7,0.8,26.7,115.2,83.0,30.8,83.6,94.7,113.4,98.3,187.2,9.6,855.1,854.9999999999999,322.5,0.3772,913.66,317.13666666666666,0.35139333333333334
TAMIL NADU,1952,13.7,47.7,8.9,29.5,58.7,32.9,74.3,73.7,38.2,123.8,47.2,167.6,716.4,716.2,219.09999999999997,0.3059,913.66,317.13666666666666,0.35139333333333334
TAMIL NADU,1953,13.0,15.8,4.8,97.8,45.8,67.6,111.7,86.2,131.1,278.2,97.1,18.9,968.0,968.0,396.6,0.4097,913.66,317.13666666666666,0.35139333333333334
TAMIL NADU,1954,77.5,2.7,58.2,54.2,77.9,35.5,118.5,147.2,34.0,271.0,32.6,107.0,1016.3,1016.3000000000001,335.2,0.3298,913.66,317.13666666666666,0.35139333333333334
TAMIL NADU,1955,35.7,1.3,10.3,85.3,149.4,47.8,73.4,88.1,128.2,165.2,130.6,145.3,1060.6,1060.6000000000001,337.5,0.3182,913.66,317.13666666666666,0.35139333333333334
TAMIL NADU,1956,22.9,0.5,1.0,34.3,35.1,98.0,46.0,99.2,126.4,255.8,225.5,45.1,989.7,989.8000000000001,369.6,0.3734,913.66,317.13666666666666,0.35139333333333334
TAMIL NADU,1957,1.2,10.3,15.1,14.8,81.1,65.4,64.0,60.8,73.5,203.3,200.4,77.1,866.9,867.0,263.7,0.3042,913.66,317.13666666666666,0.35139333333333334
TAMIL NADU,1958,12.1,6.0,27.2,49.4,114.7,33.0,47.3,147.7,80.0,155.2,154.4,25.5,852.5,852.4999999999999,308.0,0.3613,913.66,317.13666666666666,0.35139333333333334
TAMIL NADU,1959,3.7,34.8,0.1,51.4,68.2,83.5,60.6,62.1,99.1,187.0,190.4,53.4,894.3,894.3,305.29999999999995,0.3414,913.66,317.13666666666666,0.35139333333333334
TAMIL NADU,1960,5.5,9.9,21.0,60.0,60.9,35.9,146.8,55.6,108.4,134.5,354.1,21.2,1013.9,1013.8000000000001,346.70000000000005,0.342,913.66,317.13666666666666,0.35139333333333334
TAMIL NADU,1961,76.0,12.7,2.2,23.9,71.9,73.8,99.4,110.4,122.2,154.7,107.5,56.1,910.7,910.8000000000001,405.8,0.4455,913.66,317.13666666666666,0.35139333333333334
TAMIL NADU,1962,10.0,23.6,13.6,48.4,114.1,44.0,56.7,130.5,114.8,275.7,63.1,47.1,941.6,941.5999999999999,346.0,0.3675,913.66,317.13666666666666,0.35139333333333334
TAMIL NADU,1963,76.2,4.8,39.1,56.5,45.1,49.9,93.1,88.7,115.0,173.4,195.0,135.9,1072.8,1072.6999999999998,346.7,0.3232,913.66,317.13666666666666,0.35139333333333334
TAMIL NADU,1964,1.6,1.2,15.5,11.4,56.8,31.3,174.7,100.8,92.3,187.7,166.4,70.9,910.6,910.5999999999999,399.1,0.4383,913.66,317.13666666666666,0.35139333333333334
TAMIL NADU,1965,1.8,7.2,10.1,63.8,40.9,33.5,55.4,169.8,92.7,123.9,120.3,202.3,921.8,921.7,351.40000000000003,0.3813,913.66,317.13666666666666,0.35139333333333334
TAMIL NADU,1966,16.0,1.6,11.9,33.4,51.8,51.6,76.4,143.4,166.1,290.6,224.3,99.8,1166.9,1166.9,437.5,0.3749,913.66,317.13666666666666,0.35139333333333334
TAMIL NADU,1967,28.9,1.0,40.4,19.3,47.6,69.1,69.4,81.2,76.2,182.3,127.1,156.7,899.1,899.2,295.9,0.3291,913.66,317.13666666666666,0.35139333333333334
TAMIL NADU,1968,4.6,5.6,36.5,85.9,46.9,47.9,53.7,65.0,137.7,111.8,121.1,72.7,789.4,789.4000000000001,304.29999999999995,0.3855,913.66,317.13666666666666,0.35139333333333334
TAMIL NADU,1969,1.5,7.2,3.5,32.1,57.0,30.4,60.9,139.7,36.8,275.1,190.5,127.1,961.8,961.8000000000001,267.8,0.2784,913.66,317.13666666666666,0.35139333333333334
TAMIL NADU,1970,15.9,18.0,9.2,61.8,85.4,51.6,88.9,98.5,102.4,195.1,199.9,15.3,942.1,942.0,341.4,0.3624,913.66,317.13666666666666,0.35139333333333334
TAMIL NADU,1971,19.3,11.1,37.8,40.6,75.7,46.9,87.2,127.8,109.0,221.3,71.3,199.6,1047.6,1047.6,370.9,0.354,913.66,317.13666666666666,0.35139333333333334
TAMIL NADU,1972,4.0,1.2,1.0,14.0,151.1,55.1,49.2,42.7,175.3,273.1,126.0,200.6,1093.4,1093.3,322.3,0.2948,913.66,317.13666666666666,0.35139333333333334
TAMIL NADU,1973,0.3,0.2,5.3,20.7,57.0,63.5,92.3,87.6,130.4,195.2,79.1,127.1,858.5,858.7,373.8,0.4353,913.66,317.13666666666666,0.35139333333333334
TAMIL NADU,1974,0.6,8.9,6.7,30.4,59.5,40.6,79.8,63.5,178.0,114.8,47.8,22.2,652.8,652.8,361.9,0.5544,913.66,317.13666666666666,0.35139333333333334
TAMIL NADU,1975,6.0,4.3,34.8,20.8,80.8,46.8,129.1,121.3,147.8,165.3,130.3,36.4,923.6,923.6999999999999,445.0,0.4818,913.66,317.13666666666666,0.35139333333333334
TAMIL NADU,1976,1.2,0.2,8.4,50.1,33.8,48.6,64.0,129.9,83.7,137.6,244.9,56.6,858.9,859.0,326.2,0.3797,913.66,317.13666666666666,0.35139333333333334
TAMIL NADU,1977,1.4,24.8,10.4,45.5,104.1,50.6,55.4,128.3,118.6,347.5,346.8,12.6,1246.0,1246.0,352.9,0.2832,913.66,317.13666666666666,0.35139333333333334
TAMIL NADU,1978,1.4,11.2,10.9,35.9,55.2,29.4,78.2,55.4,137.2,151.4,234.6,198.1,998.8,998.9,300.2,0.3005,913.66,317.13666666666666,0.35139333333333334
TAMIL NADU,1979,0.7,43.5,12.5,15.3,35.1,60.2,75.2,80.2,183.1,132.6,416.7,48.2,1103.4,1103.3,398.70000000000005,0.3614,913.66,317.13666666666666,0.35139333333333334
TAMIL NADU,1980,0.1,0.0,15.4,45.9,69.2,37.7,64.9,64.2,76.3,122.3,166.2,47.0,709.1,709.2,243.10000000000002,0.3428,913.66,317.13666666666666,0.35139333333333334
TAMIL NADU,1981,8.9,1.3,21.7,23.7,87.2,57.0,117.0,91.8,200.5,258.0,106.4,72.5,1045.9,1046.0,466.3,0.4458,913.66,317.13666666666666,0.35139333333333334
TAMIL NADU,1982,0.2,0.1,8.6,25.2,58.8,49.8,52.5,44.5,93.4,114.0,200.8,30.9,678.6,678.8000000000001,240.20000000000002,0.3539,913.66,317.13666666666666,0.35139333333333334
TAMIL NADU,1983,0.2,0.2,1.9,5.5,86.9,72.9,77.9,132.0,154.6,138.7,94.5,242.6,1007.7,1007.9,437.4,0.434,913.66,317.13666666666666,0.35139333333333334
TAMIL NADU,1984,34.5,131.3,101.7,45.4,21.6,43.6,149.5,38.0,151.3,134.8,113.5,58.5,1023.8,1023.7,382.4,0.3735,913.66,317.13666666666666,0.35139333333333334
TAMIL NADU,1985,89.7,5.2,11.9,43.9,33.4,108.8,81.2,129.7,161.6,107.3,233.3,57.4,1063.5,1063.4,481.29999999999995,0.4526,913.66,317.13666666666666,0.35139333333333334
TAMIL NADU,1986,65.5,39.0,16.1,20.9,62.7,63.4,66.9,115.2,142.3,170.5,133.4,57.1,953.0,953.0,387.8,0.4069,913.66,317.13666666666666,0.35139333333333334
TAMIL NADU,1987,8.0,1.2,28.7,20.0,50.5,70.5,26.1,82.8,127.0,236.7,136.9,175.0,963.5,963.4,306.4,0.318,913.66,317.13666666666666,0.35139333333333334
TAMIL NADU,1988,0.2,3.8,27.4,94.6,59.1,41.1,102.6,149.8,136.1,71.8,117.6,33.1,837.2,837.1999999999999,429.6,0.5131,913.66,317.13666666666666,0.35139333333333334
TAMIL NADU,1989,2.7,0.0,27.9,40.8,53.6,57.4,154.9,39.7,137.3,148.6,154.0,39.8,856.5,856.6999999999999,389.3,0.4544,913.66,317.13666666666666,0.35139333333333334
TAMIL NADU,1990,84.8,10.2,36.2,24.3,94.9,28.9,40.0,80.1,119.6,194.1,144.0,46.1,903.2,903.2,268.6,0.2974,913.66,317.13666666666666,0.35139333333333334
TAMIL NADU,1991,24.2,4.6,9.7,37.4,29.5,128.1,54.7,71.7,114.0,225.1,234.4,21.4,954.8,954.8,368.5,0.3859,913.66,317.13666666666666,0.35139333333333334
TAMIL NADU,1992,3.1,0.2,0.0,22.5,58.3,66.4,77.9,59.9,157.3,123.9,297.2,52.1,918.7,918.8000000000001,361.5,0.3934,913.66,317.13666666666666,0.35139333333333334
TAMIL NADU,1993,0.1,7.0,9.9,11.2,46.6,68.2,60.3,88.8,96.7,214.5,315.9,163.1,1082.3,1082.3,314.0,0.2901,913.66,317.13666666666666,0.35139333333333334
TAMIL NADU,1994,7.0,27.6,5.5,48.3,66.6,38.6,75.3,66.1,84.2,230.6,229.1,27.0,905.9,905.9,264.2,0.2916,913.66,317.13666666666666,0.35139333333333334
TAMIL NADU,1995,23.8,3.3,16.7,39.5,139.0,64.6,86.7,121.1,94.0,143.1,107.9,3.7,843.4,843.4,366.4,0.4344,913.66,317.13666666666666,0.35139333333333334
TAMIL NADU,1996,7.6,3.6,5.0,91.5,34.0,125.3,55.4,112.4,141.2,149.7,106.0,237.6,1069.4,1069.3,434.3,0.4062,913.66,317.13666666666666,0.35139333333333334
TAMIL NADU,1997,7.7,0.2,2.3,42.0,49.2,50.4,63.5,56.4,116.0,169.5,258.1,135.2,950.5,950.5,286.3,0.3012,913.66,317.13666666666666,0.35139333333333334
TAMIL NADU,1998,6.9,5.7,4.1,23.6,55.8,43.0,101.9,152.9,121.8,124.7,242.0,197.4,1079.7,1079.8,419.6,0.3886,913.66,317.13666666666666,0.35139333333333334
TAMIL NADU,1999,8.3,24.1,3.9,56.9,74.5,46.4,55.3,74.8,73.1,268.9,182.8,53.6,922.6,922.6,249.6,0.2705,913.66,317.13666666666666,0.35139333333333334
TAMIL NADU,2000,30.3,74.5,9.4,41.6,54.7,52.2,45.8,136.1,169.8,120.3,148.6,88.9,972.0,972.2,403.9,0.4154,913.66,317.13666666666666,0.35139333333333334
TAMIL NADU,2001,21.8,10.9,13.0,93.8,45.0,39.9,37.2,18.7,53.8,69.5,52.3,27.6,483.4,483.50000000000006,149.6,0.3094,913.66,317.13666666666666,0.35139333333333334
TAMIL NADU,2002,2.9,22.1,3.9,9.2,32.6,23.7,11.8,26.5,32.2,93.7,47.2,12.2,318.0,317.99999999999994,94.2,0.2962,913.66,317.13666666666666,0.35139333333333334
TAMIL NADU,2003,0.3,4.1,18.0,17.1,19.8,22.5,38.7,49.3,26.1,86.0,59.5,7.1,348.5,348.5,136.6,0.392,913.66,317.13666666666666,0.35139333333333334
TAMIL NADU,2004,2.8,0.7,3.0,16.2,101.1,21.2,98.6,85.1,208.3,271.1,204.5,25.0,1037.6,1037.6,413.2,0.3982,913.66,317.13666666666666,0.35139333333333334
TAMIL NADU,2005,4.1,11.1,24.4,128.0,80.6,35.7,87.9,93.3,117.9,280.5,353.4,148.5,1365.3,1365.4,334.8,0.2452,913.66,317.13666666666666,0.35139333333333334
TAMIL NADU,2006,15.3,0.2,52.4,32.6,65.2,57.2,33.6,73.4,116.3,240.4,215.1,26.1,927.9,927.8000000000001,280.5,0.3023,913.66,317.13666666666666,0.35139333333333334
TAMIL NADU,2007,7.2,7.5,1.8,58.0,44.9,73.1,101.0,136.5,89.1,248.9,79.2,219.9,1067.2,1067.1000000000001,399.70000000000005,0.3746,913.66,317.13666666666666,0.35139333333333334
TAMIL NADU,2008,11.7,29.1,164.7,31.5,53.7,51.1,73.1,126.5,70.7,242.7,298.5,50.1,1203.4,1203.3999999999999,321.4,0.2671,913.66,317.13666666666666,0.35139333333333334
TAMIL NADU,2009,7.9,0.0,41.0,41.4,74.8,27.0,42.1,96.9,114.4,62.1,314.7,106.2,928.5,928.5,280.4,0.302,913.66,317.13666666666666,0.35139333333333334
TAMIL NADU,2010,11.8,0.2,1.9,22.9,91.9,70.0,81.4,102.9,111.1,148.1,328.6,124.5,1095.2,1095.3000000000002,365.4,0.3336,913.66,317.13666666666666,0.35139333333333334
TAMIL NADU,2011,4.3,11.2,8.0,91.5,33.4,56.0,45.5,128.9,76.0,200.4,230.5,41.0,926.5,926.7,306.4,0.3306,913.66,317.13666666666666,0.35139333333333334
TAMIL NADU,2012,3.0,0.1,2.5,35.5,41.9,30.1,46.5,98.0,84.9,235.2,44.5,14.0,636.1,636.2,259.5,0.4079,913.66,317.13666666666666,0.35139333333333334
TAMIL NADU,2013,3.9,30.9,30.0,20.3,42.0,54.6,42.7,110.7,113.5,127.9,112.3,53.2,741.9,742.0,321.5,0.4333,913.66,317.13666666666666,0.35139333333333334
TAMIL NADU,2014,7.4,6.1,8.1,8.3,139.1,47.8,50.6,117.7,98.9,252.2,110.8,66.0,913.0,913.0,315.0,0.345,913.66,317.13666666666666,0.35139333333333334
TAMIL NADU,2015,8.3,2.3,21.7,108.8,112.4,62.4,43.5,81.6,98.4,132.6,379.8,152.8,1204.6,1204.6,285.9,0.2373,913.66,317.13666666666666,0.35139333333333334
COASTAL KARNATAKA,1901,1.8,0.6,10.7,52.4,81.6,960.9,991.2,606.4,108.0,120.5,104.9,17.8,3056.9,3056.8,2666.5,0.8723,3525.7166666666667,3069.4733333333334,0.8720733333333333
COASTAL KARNATAKA,1902,3.2,0.3,4.9,10.2,54.6,698.4,1401.6,454.2,708.4,180.4,50.8,132.2,3699.2,3699.2,3262.6,0.882,3525.7166666666667,3069.4733333333334,0.8720733333333333
COASTAL KARNATAKA,1903,0.7,0.0,0.0,4.1,202.8,536.5,1405.5,593.8,304.4,185.0,79.3,5.3,3317.4,3317.4,2840.2000000000003,0.8562,3525.7166666666667,3069.4733333333334,0.8720733333333333
COASTAL KARNATAKA,1904,2.4,0.0,4.8,23.7,93.2,1108.2,1070.0,465.6,245.3,127.2,0.7,0.0,3141.1,3141.1,2889.1,0.9198,3525.7166666666667,3069.4733333333334,0.8720733333333333
COASTAL KARNATAKA,1905,0.0,0.2,0.0,6.4,83.1,767.3,777.3,586.9,172.9,222.2,36.1,0.0,2652.3,2652.3999999999996,2304.4,0.8688,3525.7166666666667,3069.4733333333334,0.8720733333333333
COASTAL KARNATAKA,1906,23.0,0.0,0.0,0.5,29.8,593.6,1173.4,535.0,273.3,128.5,22.1,56.8,2836.0,2836.0000000000005,2575.3,0.9081,3525.7166666666667,3069.4733333333334,0.8720733333333333
COASTAL KARNATAKA,1907,7.0,0.0,2.7,91.3,19.0,845.9,1166.3,1026.1,223.6,87.7,55.8,9.8,3535.2,3535.2,3261.8999999999996,0.9227,3525.7166666666667,3069.4733333333334,0.8720733333333333
COASTAL KARNATAKA,1908,0.0,3.1,0.9,46.1,38.0,708.6,1904.9,766.6,128.0,56.8,2.5,0.0,3655.5,3655.5000000000005,3508.1,0.9597,3525.7166666666667,3069.4733333333334,0.8720733333333333
COASTAL KARNATAKA,1909,4.0,1.0,3.7,6.3,200.1,943.1,1285.6,315.6,293.8,68.8,47.8,3.2,3172.9,3173.0000000000005,2838.1,0.8945,3525.7166666666667,3069.4733333333334,0.8720733333333333
COASTAL KARNATAKA,1910,0.0,0.0,5.0,6.2,40.2,1042.2,589.5,651.2,441.7,177.8,67.0,0.0,3020.8,3020.8,2724.6,0.9019,3525.7166666666667,3069.4733333333334,0.8720733333333333
COASTAL KARNATAKA,1911,0.0,0.0,0.0,3.2,71.0,749.5,830.1,538.3,110.3,160.8,41.6,17.5,2522.3,2522.3000000000006,2228.2,0.8834,3525.7166666666667,3069.4733333333334,0.8720733333333333
COASTAL KARNATAKA,1912,1.1,0.0,0.0,30.5,64.0,787.6,1261.5,789.2,160.8,220.9,80.1,0.4,3395.9,3396.1,2999.1000000000004,0.8831,3525.7166666666667,3069.4733333333334,0.8720733333333333
COASTAL KARNATAKA,1913,0.0,0.4,0.5,10.6,74.2,786.5,1048.0,410.7,161.0,339.1,1.2,4.0,2836.3,2836.2,2406.2,0.8484,3525.7166666666667,3069.4733333333334,0.8720733333333333
COASTAL KARNATAKA,1914,0.0,0.0,0.0,7.2,36.9,743.2,1583.7,933.8,302.8,125.9,102.7,36.6,3872.7,3872.8,3563.5,0.9201,3525.7166666666667,3069.4733333333334,0.8720733333333333
COASTAL KARNATAKA,1915,0.1,2.3,2.0,48.8,75.2,785.0,773.2,388.9,304.0,168.3,96.9,4.2,2648.7,2648.9,2251.1,0.8498,3525.7166666666667,3069.4733333333334,0.8720733333333333
COASTAL KARNATAKA,1916,0.0,0.0,0.3,25.2,88.7,1051.4,633.5,617.0,587.8,208.7,255.2,0.0,3467.9,3467.8,2889.7,0.8333,3525.7166666666667,3069.4733333333334,0.8720733333333333
COASTAL KARNATAKA,1917,0.0,29.8,7.1,10.2,52.6,1075.7,766.1,597.6,500.5,319.6,64.8,0.0,3424.1,3424.0,2939.9,0.8586,3525.7166666666667,3069.4733333333334,0.8720733333333333
COASTAL KARNATAKA,1918,3.4,0.3,3.9,11.4,699.5,564.4,360.6,485.4,134.3,64.7,168.8,14.2,2510.9,2510.9,1544.7,0.6152,3525.7166666666667,3069.4733333333334,0.8720733333333333
COASTAL KARNATAKA,1919,0.0,0.0,0.0,2.4,74.4,669.9,960.9,632.7,208.3,236.2,124.0,9.3,2918.1,2918.1000000000004,2471.8,0.8471,3525.7166666666667,3069.4733333333334,0.8720733333333333
COASTAL KARNATAKA,1920,2.1,0.0,0.1,72.7,29.2,813.3,1107.5,464.7,133.5,129.8,36.3,0.0,2789.2,2789.2000000000003,2519.0,0.9031,3525.7166666666667,3069.4733333333334,0.8720733333333333
COASTAL KARNATAKA,1921,13.0,0.0,3.5,62.4,18.6,699.4,871.9,841.6,327.1,128.6,41.3,0.0,3007.4,3007.4,2740.0,0.9111,3525.7166666666667,3069.4733333333334,0.8720733333333333
COASTAL KARNATAKA,1922,6.5,3.1,0.0,44.8,123.4,763.1,1333.2,564.9,314.4,89.8,89.4,0.0,3332.6,3332.600000000001,2975.6000000000004,0.8929,3525.7166666666667,3069.4733333333334,0.8720733333333333
COASTAL KARNATAKA,1923,0.8,0.2,32.2,9.8,52.8,604.8,1627.2,1013.2,283.3,44.4,6.6,5.8,3681.1,3681.1000000000004,3528.5,0.9585,3525.7166666666667,3069.4733333333334,0.8720733333333333
COASTAL KARNATAKA,1924,0.0,0.0,14.8,46.0,47.2,889.6,1515.4,602.7,282.7,94.4,30.8,5.2,3528.9,3528.7999999999997,3290.3999999999996,0.9324,3525.7166666666667,3069.4733333333334,0.8720733333333333
COASTAL KARNATAKA,1925,0.0,0.0,17.1,20.8,176.6,1176.4,1117.2,733.7,81.5,213.2,27.7,17.2,3581.3,3581.3999999999996,3108.8,0.868,3525.7166666666667,3069.4733333333334,0.8720733333333333
COASTAL KARNATAKA,1926,12.3,2.0,0.1,7.3,15.3,686.3,976.4,850.3,258.7,143.6,4.0,0.1,2956.4,2956.3999999999996,2771.7,0.9375,3525.7166666666667,3069.4733333333334,0.8720733333333333
COASTAL KARNATAKA,1927,0.0,0.0,0.6,21.5,80.1,683.4,1313.2,535.8,319.9,110.5,151.3,0.0,3216.4,3216.3000000000006,2852.2999999999997,0.8868,3525.7166666666667,3069.4733333333334,0.8720733333333333
COASTAL KARNATAKA,1928,0.1,29.3,21.7,36.3,17.1,844.6,1108.8,836.6,107.4,316.4,12.0,9.3,3339.6,3339.6000000000004,2897.4,0.8676,3525.7166666666667,3069.4733333333334,0.8720733333333333
COASTAL KARNATAKA,1929,1.9,0.2,2.5,105.6,114.7,1361.6,901.3,566.9,265.2,281.9,61.4,0.2,3663.6,3663.4,3094.9999999999995,0.8448,3525.7166666666667,3069.4733333333334,0.8720733333333333
COASTAL KARNATAKA,1930,1.2,0.2,0.0,19.3,171.5,910.9,706.8,420.8,401.2,254.1,14.2,12.6,2913.0,2912.7999999999993,2439.7,0.8376,3525.7166666666667,3069.4733333333334,0.8720733333333333
COASTAL KARNATAKA,1931,0.0,0.0,2.4,33.4,85.1,673.4,1244.0,1201.9,255.6,183.5,106.7,56.5,3842.4,3842.4999999999995,3374.9,0.8783,3525.7166666666667,3069.4733333333334,0.8720733333333333
COASTAL KARNATAKA,1932,0.0,0.0,0.0,25.4,255.4,661.5,1072.4,457.2,469.9,348.7,125.6,7.3,3423.4,3423.4,2661.0,0.7773,3525.7166666666667,3069.4733333333334,0.8720733333333333
COASTAL KARNATAKA,1933,0.0,0.1,5.4,60.6,360.3,1031.9,1326.6,481.3,502.5,292.8,42.3,35.6,4139.5,4139.400000000001,3342.3,0.8074,3525.7166666666667,3069.4733333333334,0.8720733333333333
COASTAL KARNATAKA,1934,7.4,0.6,1.0,16.0,24.4,1095.6,827.5,678.2,184.2,143.2,32.7,1.0,3011.8,3011.7999999999993,2785.5,0.9249,3525.7166666666667,3069.4733333333334,0.8720733333333333
COASTAL KARNATAKA,1935,2.0,0.0,0.7,11.3,25.2,674.0,1168.1,425.5,312.5,245.0,11.9,9.9,2886.0,2886.1000000000004,2580.1,0.894,3525.7166666666667,3069.4733333333334,0.8720733333333333
COASTAL KARNATAKA,1936,0.0,0.9,23.3,14.7,138.7,1075.6,981.6,562.3,195.6,219.4,108.6,4.1,3324.7,3324.7999999999993,2815.1,0.8467,3525.7166666666667,3069.4733333333334,0.8720733333333333
COASTAL KARNATAKA,1937,0.0,0.0,5.7,110.1,30.3,740.8,1531.7,365.7,274.1,240.8,11.8,3.2,3314.2,3314.2,2912.2999999999997,0.8787,3525.7166666666667,3069.4733333333334,0.8720733333333333
COASTAL KARNATAKA,1938,0.0,0.0,15.5,43.3,138.2,1025.3,950.2,429.9,374.0,134.3,39.9,0.3,3150.9,3150.9000000000005,2779.4,0.8821,3525.7166666666667,3069.4733333333334,0.8720733333333333
COASTAL KARNATAKA,1939,0.0,0.0,5.4,35.9,8.4,725.7,903.9,631.4,127.3,232.6,73.4,0.2,2744.2,2744.2000000000003,2388.3,0.8703,3525.7166666666667,3069.4733333333334,0.8720733333333333
COASTAL KARNATAKA,1940,0.1,0.0,0.2,26.9,131.0,713.8,1155.7,1247.4,100.4,222.5,120.5,5.5,3723.9,3724.0000000000005,3217.3,0.8639,3525.7166666666667,3069.4733333333334,0.8720733333333333
COASTAL KARNATAKA,1941,4.1,1.2,5.5,18.1,60.5,869.7,589.8,561.6,224.9,122.8,21.6,35.3,2515.1,2515.1000000000004,2246.0,0.893,3525.7166666666667,3069.4733333333334,0.8720733333333333
COASTAL KARNATAKA,1942,0.0,1.7,0.3,77.2,72.5,1104.8,1338.3,540.3,189.5,129.9,25.9,22.4,3502.6,3502.8000000000006,3172.8999999999996,0.9058,3525.7166666666667,3069.4733333333334,0.8720733333333333
COASTAL KARNATAKA,1943,22.4,1.7,1.3,7.1,455.2,941.8,994.4,314.5,461.5,280.2,97.0,0.0,3577.2,3577.1,2712.2,0.7582,3525.7166666666667,3069.4733333333334,0.8720733333333333
COASTAL KARNATAKA,1944,0.0,0.7,18.2,3.3,106.5,777.8,1204.0,451.2,61.6,267.6,81.9,11.8,2984.5,2984.6,2494.6,0.8358,3525.7166666666667,3069.4733333333334,0.8720733333333333
COASTAL KARNATAKA,1945,2.6,0.0,0.0,19.7,24.5,824.7,1296.1,493.2,294.7,63.2,60.7,0.0,3079.3,3079.399999999999,2908.7,0.9446,3525.7166666666667,3069.4733333333334,0.8720733333333333
COASTAL KARNATAKA,1946,0.0,1.5,3.9,41.7,80.8,1227.0,1001.2,1086.6,231.5,148.9,180.6,37.7,4041.4,4041.4,3546.2999999999997,0.8775,3525.7166666666667,3069.4733333333334,0.8720733333333333
COASTAL KARNATAKA,1947,1.7,9.2,13.9,45.2,18.7,630.6,1247.9,899.5,389.5,48.7,7.1,26.3,3338.0,3338.3,3167.5,0.9488,3525.7166666666667,3069.4733333333334,0.8720733333333333
COASTAL KARNATAKA,1948,16.5,0.0,8.4,55.6,66.1,848.8,1102.9,973.2,301.3,90.6,163.0,0.2,3626.6,3626.6,3226.2000000000003,0.8896,3525.7166666666667,3069.4733333333334,0.8720733333333333
COASTAL KARNATAKA,1949,3.3,0.0,1.2,12.0,293.1,691.6,1157.1,585.4,438.0,148.8,32.0,0.0,3362.4,3362.5000000000005,2872.1,0.8542,3525.7166666666667,3069.4733333333334,0.8720733333333333
COASTAL KARNATAKA,1950,0.0,1.0,0.2,3.9,89.3,801.6,1506.7,456.1,716.5,136.6,54.1,0.1,3766.1,3766.0999999999995,3480.9,0.9243,3525.7166666666667,3069.4733333333334,0.8720733333333333
COASTAL KARNATAKA,1951,0.0,0.0,0.9,55.4,70.7,940.2,1083.4,441.1,268.9,187.1,76.2,0.4,3124.3,3124.3,2733.6000000000004,0.8749,3525.7166666666667,3069.4733333333334,0.8720733333333333
COASTAL KARNATAKA,1952,0.0,0.5,0.0,35.4,84.8,912.1,816.6,631.4,54.7,335.5,0.0,25.6,2896.6,2896.6,2414.7999999999997,0.8337,3525.7166666666667,3069.4733333333334,0.8720733333333333
COASTAL KARNATAKA,1953,0.3,0.0,0.0,48.2,8.6,666.2,1630.1,633.6,160.0,313.4,2.9,0.0,3463.3,3463.3,3089.9,0.8922,3525.7166666666667,3069.4733333333334,0.8720733333333333
COASTAL KARNATAKA,1954,0.5,0.0,21.6,61.1,89.8,1034.4,1357.4,688.7,421.8,133.6,0.6,12.1,3821.5,3821.6,3502.3,0.9164,3525.7166666666667,3069.4733333333334,0.8720733333333333
COASTAL KARNATAKA,1955,0.3,0.0,4.7,29.9,360.3,962.7,639.3,702.2,458.2,361.1,31.0,2.8,3552.5,3552.5,2762.3999999999996,0.7776,3525.7166666666667,3069.4733333333334,0.8720733333333333
COASTAL KARNATAKA,1956,0.0,0.8,1.0,78.4,412.7,1001.0,1155.8,520.0,267.6,288.5,129.9,0.7,3856.6,3856.3999999999996,2944.4,0.7635,3525.7166666666667,3069.4733333333334,0.8720733333333333
COASTAL KARNATAKA,1957,0.0,0.0,1.5,8.5,168.0,755.8,1101.1,703.9,98.0,189.0,148.9,0.1,3174.8,3174.7999999999997,2658.7999999999997,0.8375,3525.7166666666667,3069.4733333333334,0.8720733333333333
COASTAL KARNATAKA,1958,0.5,0.1,1.7,46.6,184.8,1031.4,1253.7,705.8,296.9,114.1,49.1,2.8,3687.4,3687.5000000000005,3287.8000000000006,0.8916,3525.7166666666667,3069.4733333333334,0.8720733333333333
COASTAL KARNATAKA,1959,0.0,0.0,0.0,30.4,204.4,994.4,1727.0,704.1,521.6,75.3,52.0,21.7,4330.8,4330.9,3947.1,0.9114,3525.7166666666667,3069.4733333333334,0.8720733333333333
COASTAL KARNATAKA,1960,0.0,0.0,8.5,40.7,393.7,790.6,1053.2,510.5,450.5,169.0,87.6,0.0,3504.2,3504.2999999999997,2804.8,0.8004,3525.7166666666667,3069.4733333333334,0.8720733333333333
COASTAL KARNATAKA,1961,0.0,0.0,0.9,47.7,635.0,1013.0,1884.9,936.3,702.8,309.6,21.0,2.7,5553.9,5553.900000000001,4537.0,0.8169,3525.7166666666667,3069.4733333333334,0.8720733333333333
COASTAL KARNATAKA,1962,0.2,3.4,0.1,31.6,359.4,405.4,1307.9,1080.9,413.5,313.4,18.5,83.3,4017.7,4017.6000000000004,3207.7000000000003,0.7984,3525.7166666666667,3069.4733333333334,0.8720733333333333
COASTAL KARNATAKA,1963,1.1,0.7,28.6,38.5,86.0,682.3,887.6,1013.8,181.0,233.7,8.2,10.0,3171.3,3171.4999999999995,2764.7,0.8717,3525.7166666666667,3069.4733333333334,0.8720733333333333
COASTAL KARNATAKA,1964,0.0,0.0,2.6,5.8,23.4,631.7,864.0,978.1,363.9,200.2,53.1,17.6,3140.5,3140.3999999999996,2837.7000000000003,0.9036,3525.7166666666667,3069.4733333333334,0.8720733333333333
COASTAL KARNATAKA,1965,2.5,0.0,0.0,9.7,39.7,797.8,1002.5,577.2,196.8,25.1,20.1,159.8,2831.1,2831.2,2574.3,0.9093,3525.7166666666667,3069.4733333333334,0.8720733333333333
COASTAL KARNATAKA,1966,3.7,0.0,0.8,11.8,196.0,577.9,1122.4,278.3,299.6,191.9,231.5,62.8,2976.6,2976.7000000000003,2278.2000000000003,0.7653,3525.7166666666667,3069.4733333333334,0.8720733333333333
COASTAL KARNATAKA,1967,2.0,0.0,0.1,18.5,86.7,658.7,1368.5,673.4,237.1,124.8,7.4,4.5,3181.8,3181.7000000000003,2937.7,0.9233,3525.7166666666667,3069.4733333333334,0.8720733333333333
COASTAL KARNATAKA,1968,2.0,0.0,6.3,43.7,19.2,826.6,1550.5,456.3,304.9,221.4,30.1,0.1,3461.0,3461.1000000000004,3138.3,0.9067,3525.7166666666667,3069.4733333333334,0.8720733333333333
COASTAL KARNATAKA,1969,0.0,0.0,1.2,44.8,49.9,704.8,1253.9,488.2,542.7,163.4,82.6,11.4,3342.9,3342.9,2989.6000000000004,0.8943,3525.7166666666667,3069.4733333333334,0.8720733333333333
COASTAL KARNATAKA,1970,0.0,0.0,2.0,30.9,260.4,843.7,1259.2,1130.5,328.7,157.8,28.7,0.0,4042.0,4041.8999999999996,3562.1,0.8813,3525.7166666666667,3069.4733333333334,0.8720733333333333
COASTAL KARNATAKA,1971,0.0,0.1,0.4,23.5,268.3,1113.2,1017.0,532.6,215.6,55.2,7.0,2.5,3235.2,3235.3999999999996,2878.3999999999996,0.8897,3525.7166666666667,3069.4733333333334,0.8720733333333333
COASTAL KARNATAKA,1972,0.0,0.5,0.2,17.0,153.4,716.9,1068.8,522.9,131.2,201.6,38.7,5.8,2856.9,2856.9999999999995,2439.7999999999997,0.854,3525.7166666666667,3069.4733333333334,0.8720733333333333
COASTAL KARNATAKA,1973,0.0,0.0,0.0,15.3,83.0,765.5,982.1,915.9,178.5,140.7,39.6,5.4,3126.0,3126.0,2842.0,0.9091,3525.7166666666667,3069.4733333333334,0.8720733333333333
COASTAL KARNATAKA,1974,0.0,0.0,5.5,25.8,168.1,474.7,1465.9,741.7,361.8,182.4,7.6,0.0,3433.5,3433.5,3044.1000000000004,0.8866,3525.7166666666667,3069.4733333333334,0.8720733333333333
COASTAL KARNATAKA,1975,0.3,0.0,7.0,8.0,103.0,1327.8,1095.5,958.6,537.1,199.5,63.1,0.1,4300.0,4300.0,3919.0,0.9114,3525.7166666666667,3069.4733333333334,0.8720733333333333
COASTAL KARNATAKA,1976,0.0,0.0,8.1,20.3,35.8,492.7,1187.1,644.4,346.4,50.3,138.3,10.6,2933.9,2934.0000000000005,2670.6,0.9102,3525.7166666666667,3069.4733333333334,0.8720733333333333
COASTAL KARNATAKA,1977,0.0,1.9,3.3,24.7,116.1,855.7,1290.3,441.1,266.5,198.5,180.8,0.0,3379.0,3378.9,2853.6,0.8445,3525.7166666666667,3069.4733333333334,0.8720733333333333
COASTAL KARNATAKA,1978,0.3,0.5,0.0,11.8,251.6,1212.6,1222.5,745.4,206.7,121.5,76.3,13.8,3862.9,3863.0000000000005,3387.2,0.8768,3525.7166666666667,3069.4733333333334,0.8720733333333333
COASTAL KARNATAKA,1979,0.8,0.2,0.2,11.7,12.2,735.3,962.7,619.4,238.6,127.3,111.8,3.3,2823.4,2823.5000000000005,2556.0,0.9053,3525.7166666666667,3069.4733333333334,0.8720733333333333
COASTAL KARNATAKA,1980,0.0,0.0,0.8,78.6,57.1,1193.3,1057.7,1004.7,199.5,95.0,71.3,4.1,3762.0,3762.1,3455.2,0.9184,3525.7166666666667,3069.4733333333334,0.8720733333333333
COASTAL KARNATAKA,1981,0.7,0.0,1.9,17.0,58.1,1013.7,1049.3,1187.4,340.7,119.9,56.7,3.2,3848.6,3848.5999999999995,3591.1,0.9331,3525.7166666666667,3069.4733333333334,0.8720733333333333
COASTAL KARNATAKA,1982,0.0,0.3,0.3,3.2,87.5,808.6,1258.7,1579.1,151.8,138.3,62.6,0.3,4090.9,4090.7000000000003,3798.2000000000003,0.9285,3525.7166666666667,3069.4733333333334,0.8720733333333333
COASTAL KARNATAKA,1983,0.0,0.0,0.0,0.0,24.4,712.6,1160.4,1231.8,596.5,140.9,50.3,25.2,3942.2,3942.1,3701.3,0.9389,3525.7166666666667,3069.4733333333334,0.8720733333333333
COASTAL KARNATAKA,1984,4.3,6.0,34.2,46.7,24.0,1110.2,1084.1,613.6,196.8,227.9,11.2,0.1,3359.0,3359.1,3004.7000000000003,0.8945,3525.7166666666667,3069.4733333333334,0.8720733333333333
COASTAL KARNATAKA,1985,5.3,0.0,1.6,12.9,76.9,977.9,668.5,844.3,130.6,258.6,27.5,11.7,3015.7,3015.7999999999993,2621.2999999999997,0.8692,3525.7166666666667,3069.4733333333334,0.8720733333333333
COASTAL KARNATAKA,1986,0.3,0.1,4.8,6.2,20.9,976.5,723.3,808.9,176.3,102.2,112.5,2.5,2934.5,2934.5,2685.0,0.915,3525.7166666666667,3069.4733333333334,0.8720733333333333
COASTAL KARNATAKA,1987,0.0,0.0,0.2,1.7,63.5,728.3,704.5,715.6,180.6,232.2,74.9,14.7,2716.2,2716.1999999999994,2329.0,0.8574,3525.7166666666667,3069.4733333333334,0.8720733333333333
COASTAL KARNATAKA,1988,0.0,0.2,0.0,32.0,28.4,689.3,1295.8,832.6,451.9,122.7,2.4,11.3,3466.6,3466.6,3269.6,0.9432,3525.7166666666667,3069.4733333333334,0.8720733333333333
COASTAL KARNATAKA,1989,0.0,0.0,8.4,22.4,53.6,982.5,914.4,829.3,234.7,138.1,31.9,0.3,3215.6,3215.6000000000004,2960.8999999999996,0.9208,3525.7166666666667,3069.4733333333334,0.8720733333333333
COASTAL KARNATAKA,1990,1.7,0.0,0.1,5.2,343.2,997.0,1110.8,1087.0,265.4,215.0,93.6,1.5,4120.4,4120.5,3460.2000000000003,0.8398,3525.7166666666667,3069.4733333333334,0.8720733333333333
COASTAL KARNATAKA,1991,0.1,0.0,0.3,47.7,95.9,939.9,1501.7,896.5,79.5,111.8,45.6,0.7,3719.7,3719.7000000000003,3417.6,0.9188,3525.7166666666667,3069.4733333333334,0.8720733333333333
COASTAL KARNATAKA,1992,0.0,0.0,0.0,17.2,77.0,873.2,1087.5,1097.5,354.3,133.6,241.8,0.0,3882.2,3882.1000000000004,3412.5,0.879,3525.7166666666667,3069.4733333333334,0.8720733333333333
COASTAL KARNATAKA,1993,0.0,0.1,6.7,21.7,68.3,591.2,1397.3,742.0,214.3,347.4,40.8,51.5,3481.3,3481.3000000000006,2944.8,0.8459,3525.7166666666667,3069.4733333333334,0.8720733333333333
COASTAL KARNATAKA,1994,3.5,0.0,6.3,72.9,44.1,1221.1,1748.2,907.0,268.1,336.0,28.6,0.5,4636.3,4636.3,4144.400000000001,0.8939,3525.7166666666667,3069.4733333333334,0.8720733333333333
COASTAL KARNATAKA,1995,3.7,0.0,0.7,21.1,137.8,535.8,1375.7,685.1,348.5,192.0,57.4,0.0,3357.8,3357.8,2945.1,0.8771,3525.7166666666667,3069.4733333333334,0.8720733333333333
COASTAL KARNATAKA,1996,0.3,0.0,0.4,20.3,26.2,787.0,1122.6,617.9,289.3,259.5,27.5,37.8,3188.9,3188.8,2816.8,0.8833,3525.7166666666667,3069.4733333333334,0.8720733333333333
COASTAL KARNATAKA,1997,0.7,0.0,14.9,21.5,23.1,818.6,1494.1,1146.0,117.1,148.5,109.8,59.2,3953.6,3953.5,3575.7999999999997,0.9045,3525.7166666666667,3069.4733333333334,0.8720733333333333
COASTAL KARNATAKA,1998,0.0,0.0,1.4,6.6,72.0,966.4,1092.0,633.9,572.8,271.0,80.6,11.3,3707.9,3708.0000000000005,3265.1000000000004,0.8806,3525.7166666666667,3069.4733333333334,0.8720733333333333
COASTAL KARNATAKA,1999,0.0,0.4,0.4,7.1,335.5,854.1,1525.9,518.4,186.5,338.2,12.8,0.5,3779.9,3779.8,3084.9,0.8162,3525.7166666666667,3069.4733333333334,0.8720733333333333
COASTAL KARNATAKA,2000,14.9,0.5,0.9,25.8,216.4,966.8,915.6,741.7,279.2,174.7,12.5,2.4,3351.3,3351.4,2903.3,0.8663,3525.7166666666667,3069.4733333333334,0.8720733333333333
COASTAL KARNATAKA,2001,0.6,0.4,0.4,71.4,156.9,930.0,926.9,654.4,151.8,169.7,48.6,0.6,3111.6,3111.7,2663.1000000000004,0.8558,3525.7166666666667,3069.4733333333334,0.8720733333333333
COASTAL KARNATAKA,2002,0.6,11.2,0.5,30.9,164.0,764.5,545.7,731.3,163.5,360.0,20.7,0.3,2793.1,2793.2,2205.0,0.7894,3525.7166666666667,3069.4733333333334,0.8720733333333333
COASTAL KARNATAKA,2003,0.1,3.6,8.4,37.3,10.2,973.8,970.6,637.5,236.0,183.7,10.7,0.0,3071.9,3071.8999999999996,2817.9,0.9173,3525.7166666666667,3069.4733333333334,0.8720733333333333
COASTAL KARNATAKA,2004,0.0,0.0,6.3,24.7,329.2,805.8,718.1,874.5,154.4,104.7,52.1,0.0,3070.0,3069.7999999999997,2552.8,0.8316,3525.7166666666667,3069.4733333333334,0.8720733333333333
COASTAL KARNATAKA,2005,0.5,0.2,0.0,72.5,45.0,821.6,1177.3,692.0,456.2,178.7,24.6,2.3,3470.9,3470.8999999999996,3147.1,0.9067,3525.7166666666667,3069.4733333333334,0.8720733333333333
COASTAL KARNATAKA,2006,1.0,0.0,4.7,5.9,355.7,800.1,1100.8,855.6,404.1,212.0,97.4,0.0,3837.3,3837.2999999999997,3160.6,0.8237,3525.7166666666667,3069.4733333333334,0.8720733333333333
COASTAL KARNATAKA,2007,0.0,0.0,0.6,40.2,61.1,952.0,1004.4,980.4,630.5,152.8,37.5,0.8,3860.2,3860.3000000000006,3567.3,0.9241,3525.7166666666667,3069.4733333333334,0.8720733333333333
COASTAL KARNATAKA,2008,0.0,14.8,161.4,33.4,64.3,850.7,687.8,886.3,383.3,91.6,19.3,13.5,3206.4,3206.4,2808.1000000000004,0.8758,3525.7166666666667,3069.4733333333334,0.8720733333333333
COASTAL KARNATAKA,2009,0.4,0.0,35.2,24.5,100.7,450.3,1778.9,486.1,530.7,287.4,132.4,35.4,3862.0,3862.0000000000005,3246.0,0.8405,3525.7166666666667,3069.4733333333334,0.8720733333333333
COASTAL KARNATAKA,2010,14.4,0.4,3.5,62.2,80.2,682.7,1200.2,637.5,468.4,294.7,231.5,11.0,3686.8,3686.7000000000003,2988.8,0.8107,3525.7166666666667,3069.4733333333334,0.8720733333333333
COASTAL KARNATAKA,2011,4.8,3.8,8.7,66.1,49.3,1018.4,1080.5,861.3,545.2,178.8,81.5,10.2,3908.6,3908.5999999999995,3505.3999999999996,0.8968,3525.7166666666667,3069.4733333333334,0.8720733333333333
COASTAL KARNATAKA,2012,0.1,11.4,5.1,77.0,22.9,650.9,754.6,1027.6,382.0,115.1,68.0,3.6,3360.7,3118.2999999999997,2815.1,0.9028,3525.7166666666667,3069.4733333333334,0.8720733333333333
COASTAL KARNATAKA,2013,2.4,19.6,19.0,28.5,100.4,1153.0,1515.3,680.2,379.1,265.1,56.9,10.0,4229.4,4229.499999999999,3727.6,0.8813,3525.7166666666667,3069.4733333333334,0.8720733333333333
COASTAL KARNATAKA,2014,0.0,0.3,1.9,40.5,181.9,507.0,1155.4,1121.0,379.3,226.4,40.0,30.8,3684.4,3684.5000000000005,3162.7000000000003,0.8584,3525.7166666666667,3069.4733333333334,0.8720733333333333
COASTAL KARNATAKA,2015,1.4,1.0,32.3,72.2,150.3,735.3,930.9,575.2,260.3,208.5,124.2,14.3,3106.0,3105.9000000000005,2501.7,0.8055,3525.7166666666667,3069.4733333333334,0.8720733333333333
NORTH INTERIOR KARNATAKA,1901,3.5,18.8,7.1,67.2,65.5,120.5,151.9,115.1,128.8,80.0,13.6,0.9,773.0,772.9000000000001,516.3,0.668,713.5266666666666,500.76000000000005,0.6969733333333333
NORTH INTERIOR KARNATAKA,1902,0.0,0.0,0.3,22.5,34.4,111.3,83.2,78.1,146.7,118.8,35.7,85.1,716.1,716.1,419.3,0.5855,713.5266666666666,500.76000000000005,0.6969733333333333
NORTH INTERIOR KARNATAKA,1903,3.5,0.0,0.1,6.9,53.4,102.8,209.4,146.4,189.3,166.4,34.3,16.0,928.5,928.4999999999999,647.9000000000001,0.6978,713.5266666666666,500.76000000000005,0.6969733333333333
NORTH INTERIOR KARNATAKA,1904,0.2,0.3,8.5,11.0,46.3,120.6,91.6,48.5,165.1,86.5,0.0,0.0,578.6,578.6,425.79999999999995,0.7359,713.5266666666666,500.76000000000005,0.6969733333333333
NORTH INTERIOR KARNATAKA,1905,0.0,6.0,2.6,16.0,51.2,99.6,60.1,139.2,42.2,85.0,4.4,0.0,506.2,506.29999999999995,341.09999999999997,0.6737,713.5266666666666,500.76000000000005,0.6969733333333333
NORTH INTERIOR KARNATAKA,1906,21.3,0.0,0.2,2.6,30.0,142.0,120.3,182.1,116.0,86.2,24.3,58.9,783.8,783.9,560.4,0.7149,713.5266666666666,500.76000000000005,0.6969733333333333
NORTH INTERIOR KARNATAKA,1907,1.1,0.0,12.1,96.9,5.6,90.6,155.1,185.2,165.8,10.3,17.9,6.1,746.7,746.6999999999998,596.7,0.7991,713.5266666666666,500.76000000000005,0.6969733333333333
NORTH INTERIOR KARNATAKA,1908,1.3,0.3,2.4,16.0,20.7,62.6,154.9,86.1,232.7,16.9,1.1,0.1,595.1,595.1,536.3,0.9012,713.5266666666666,500.76000000000005,0.6969733333333333
NORTH INTERIOR KARNATAKA,1909,2.4,0.1,10.1,11.8,55.3,110.3,140.4,175.6,106.2,50.0,12.0,1.6,675.8,675.8000000000001,532.5,0.788,713.5266666666666,500.76000000000005,0.6969733333333333
NORTH INTERIOR KARNATAKA,1910,0.0,0.0,4.5,2.5,28.2,78.2,127.9,195.5,186.3,104.1,32.3,0.0,759.4,759.5,587.9000000000001,0.7741,713.5266666666666,500.76000000000005,0.6969733333333333
NORTH INTERIOR KARNATAKA,1911,0.0,0.0,5.1,3.1,43.2,87.6,151.5,71.6,67.4,61.4,8.8,10.3,510.0,510.0,378.1,0.7414,713.5266666666666,500.76000000000005,0.6969733333333333
NORTH INTERIOR KARNATAKA,1912,0.0,12.5,0.0,42.6,38.2,43.7,226.2,158.0,104.4,104.9,28.3,0.0,758.7,758.8,532.3,0.7015,713.5266666666666,500.76000000000005,0.6969733333333333
NORTH INTERIOR KARNATAKA,1913,0.0,0.9,0.0,16.3,76.7,104.0,150.9,45.0,89.3,85.4,2.5,1.3,572.3,572.3,389.2,0.6801,713.5266666666666,500.76000000000005,0.6969733333333333
NORTH INTERIOR KARNATAKA,1914,0.0,0.0,0.6,19.5,34.2,74.4,220.9,237.1,152.1,24.9,43.0,18.2,824.8,824.9000000000001,684.5,0.8298,713.5266666666666,500.76000000000005,0.6969733333333333
NORTH INTERIOR KARNATAKA,1915,26.5,2.4,25.6,32.4,40.3,107.2,150.1,57.8,173.6,89.3,42.6,5.5,753.3,753.3,488.70000000000005,0.6487,713.5266666666666,500.76000000000005,0.6969733333333333
NORTH INTERIOR KARNATAKA,1916,0.0,1.2,0.2,22.7,60.1,97.4,234.0,82.4,190.8,197.3,201.8,0.0,1087.9,1087.8999999999999,604.5999999999999,0.5557,713.5266666666666,500.76000000000005,0.6969733333333333
NORTH INTERIOR KARNATAKA,1917,0.0,21.1,22.7,11.7,20.2,117.0,77.8,164.2,192.6,137.2,59.4,0.0,823.8,823.9,551.6,0.6695,713.5266666666666,500.76000000000005,0.6969733333333333
NORTH INTERIOR KARNATAKA,1918,5.9,0.2,2.3,22.5,117.3,43.3,37.0,61.2,150.8,19.6,62.5,5.5,528.0,528.1,292.3,0.5535,713.5266666666666,500.76000000000005,0.6969733333333333
NORTH INTERIOR KARNATAKA,1919,10.6,0.3,0.1,13.2,64.7,124.2,72.7,41.0,228.5,84.3,85.0,2.5,727.1,727.0999999999999,466.4,0.6415,713.5266666666666,500.76000000000005,0.6969733333333333
NORTH INTERIOR KARNATAKA,1920,2.6,0.0,0.0,25.1,32.3,75.3,82.6,56.5,139.5,54.3,2.2,0.0,470.3,470.4,353.9,0.7523,713.5266666666666,500.76000000000005,0.6969733333333333
NORTH INTERIOR KARNATAKA,1921,0.2,0.0,1.2,33.6,5.4,63.5,158.2,41.7,49.4,125.3,104.5,0.0,582.8,583.0,312.79999999999995,0.5365,713.5266666666666,500.76000000000005,0.6969733333333333
NORTH INTERIOR KARNATAKA,1922,24.5,1.5,0.2,30.2,40.4,70.7,108.1,40.4,35.9,64.9,92.1,0.0,509.0,508.9,255.10000000000002,0.5013,713.5266666666666,500.76000000000005,0.6969733333333333
NORTH INTERIOR KARNATAKA,1923,0.2,13.2,32.9,21.4,28.2,38.2,229.4,64.4,163.1,9.4,0.0,2.3,602.8,602.6999999999999,495.1,0.8215,713.5266666666666,500.76000000000005,0.6969733333333333
NORTH INTERIOR KARNATAKA,1924,5.1,0.0,6.0,42.0,22.0,68.3,120.4,117.9,155.1,37.9,13.4,3.1,591.2,591.1999999999999,461.70000000000005,0.781,713.5266666666666,500.76000000000005,0.6969733333333333
NORTH INTERIOR KARNATAKA,1925,0.0,0.0,7.3,34.3,79.0,74.1,113.7,77.5,108.7,118.7,16.6,12.9,642.6,642.8,374.0,0.5818,713.5266666666666,500.76000000000005,0.6969733333333333
NORTH INTERIOR KARNATAKA,1926,24.8,1.0,2.1,4.5,37.1,65.5,123.0,138.4,161.7,22.1,0.8,0.0,581.0,580.9999999999999,488.59999999999997,0.841,713.5266666666666,500.76000000000005,0.6969733333333333
NORTH INTERIOR KARNATAKA,1927,0.0,1.4,4.4,9.3,34.4,123.9,161.0,54.3,184.7,24.7,82.7,0.0,680.8,680.8000000000001,523.9,0.7695,713.5266666666666,500.76000000000005,0.6969733333333333
NORTH INTERIOR KARNATAKA,1928,0.5,28.4,13.2,18.2,20.5,153.6,130.2,73.4,210.7,102.6,0.3,17.0,768.5,768.6,567.8999999999999,0.7389,713.5266666666666,500.76000000000005,0.6969733333333333
NORTH INTERIOR KARNATAKA,1929,2.0,24.9,2.7,49.0,37.8,105.6,67.4,33.0,167.2,91.3,16.0,1.2,598.0,598.1,373.2,0.624,713.5266666666666,500.76000000000005,0.6969733333333333
NORTH INTERIOR KARNATAKA,1930,0.0,0.3,3.1,9.5,56.2,94.1,61.0,61.1,189.4,130.8,22.8,4.3,632.7,632.5999999999999,405.6,0.6412,713.5266666666666,500.76000000000005,0.6969733333333333
NORTH INTERIOR KARNATAKA,1931,0.0,0.1,4.5,30.6,33.1,114.1,134.9,70.1,195.1,51.7,65.6,19.4,719.2,719.2,514.2,0.715,713.5266666666666,500.76000000000005,0.6969733333333333
NORTH INTERIOR KARNATAKA,1932,0.0,1.9,0.6,24.8,46.5,49.9,165.3,160.4,113.9,146.8,98.5,0.1,808.8,808.6999999999999,489.5,0.6053,713.5266666666666,500.76000000000005,0.6969733333333333
NORTH INTERIOR KARNATAKA,1933,0.1,2.8,13.6,50.1,84.1,113.2,131.6,158.9,149.4,160.7,52.3,30.4,947.3,947.1999999999999,553.1,0.5839,713.5266666666666,500.76000000000005,0.6969733333333333
NORTH INTERIOR KARNATAKA,1934,1.2,0.0,0.3,29.5,9.9,70.8,212.3,98.9,67.5,58.9,41.8,0.0,591.2,591.0999999999999,449.5,0.7604,713.5266666666666,500.76000000000005,0.6969733333333333
NORTH INTERIOR KARNATAKA,1935,13.9,0.4,0.1,30.1,13.1,120.8,106.8,204.3,80.5,131.7,11.5,1.7,714.9,714.9000000000001,512.4,0.7167,713.5266666666666,500.76000000000005,0.6969733333333333
NORTH INTERIOR KARNATAKA,1936,0.0,18.4,5.9,13.3,50.4,101.5,62.7,59.5,136.4,50.8,62.7,3.0,564.7,564.6,360.1,0.6378,713.5266666666666,500.76000000000005,0.6969733333333333
NORTH INTERIOR KARNATAKA,1937,0.0,14.0,12.8,63.4,16.4,54.4,124.8,36.6,109.6,113.5,0.0,6.9,552.4,552.4,325.4,0.5891,713.5266666666666,500.76000000000005,0.6969733333333333
NORTH INTERIOR KARNATAKA,1938,0.0,4.9,43.4,15.6,45.6,119.0,142.1,190.4,200.9,44.2,8.0,1.0,815.1,815.1,652.4,0.8004,713.5266666666666,500.76000000000005,0.6969733333333333
NORTH INTERIOR KARNATAKA,1939,0.0,0.0,5.5,11.1,12.9,87.9,113.2,157.8,115.8,122.1,27.6,0.0,653.9,653.9000000000001,474.70000000000005,0.726,713.5266666666666,500.76000000000005,0.6969733333333333
NORTH INTERIOR KARNATAKA,1940,2.0,0.0,0.1,31.0,64.5,122.7,118.3,138.0,111.9,115.2,18.6,14.4,736.8,736.7,490.9,0.6663,713.5266666666666,500.76000000000005,0.6969733333333333
NORTH INTERIOR KARNATAKA,1941,10.7,3.9,7.2,11.2,24.9,64.7,106.3,80.3,164.6,52.5,0.3,9.1,535.7,535.6999999999999,415.9,0.7764,713.5266666666666,500.76000000000005,0.6969733333333333
NORTH INTERIOR KARNATAKA,1942,0.0,3.2,0.4,30.2,35.7,138.5,111.7,143.7,57.4,33.8,4.2,26.7,585.7,585.5,451.29999999999995,0.7708,713.5266666666666,500.76000000000005,0.6969733333333333
NORTH INTERIOR KARNATAKA,1943,6.7,0.8,3.1,31.6,117.8,115.6,128.8,71.8,200.9,174.1,28.0,0.0,879.2,879.2,517.1,0.5881,713.5266666666666,500.76000000000005,0.6969733333333333
NORTH INTERIOR KARNATAKA,1944,0.0,3.2,30.3,12.3,44.8,92.6,174.6,28.0,140.5,158.8,37.1,0.0,722.1,722.1999999999999,435.7,0.6033,713.5266666666666,500.76000000000005,0.6969733333333333
NORTH INTERIOR KARNATAKA,1945,0.3,0.0,0.0,11.2,21.3,69.7,191.9,95.7,92.8,57.6,3.5,0.0,544.0,544.0,450.1,0.8274,713.5266666666666,500.76000000000005,0.6969733333333333
NORTH INTERIOR KARNATAKA,1946,0.0,7.6,3.8,44.2,56.8,106.7,135.0,127.9,146.2,75.5,102.0,3.3,808.9,809.0,515.8,0.6376,713.5266666666666,500.76000000000005,0.6969733333333333
NORTH INTERIOR KARNATAKA,1947,8.6,6.7,11.1,13.9,29.0,102.9,175.5,217.0,161.3,38.4,13.4,8.6,786.3,786.4,656.7,0.8351,713.5266666666666,500.76000000000005,0.6969733333333333
NORTH INTERIOR KARNATAKA,1948,0.9,0.0,7.9,40.1,38.2,72.6,110.3,147.3,155.9,79.0,126.3,0.1,778.3,778.6,486.1,0.6243,713.5266666666666,500.76000000000005,0.6969733333333333
NORTH INTERIOR KARNATAKA,1949,0.0,1.5,6.4,15.2,72.9,82.5,114.1,100.5,265.4,94.1,10.7,0.0,763.3,763.3000000000001,562.5,0.7369,713.5266666666666,500.76000000000005,0.6969733333333333
NORTH INTERIOR KARNATAKA,1950,0.0,6.8,4.0,8.2,51.9,94.9,122.6,120.8,180.4,109.8,7.0,0.0,706.5,706.4,518.7,0.7343,713.5266666666666,500.76000000000005,0.6969733333333333
NORTH INTERIOR KARNATAKA,1951,0.0,0.0,4.5,17.3,63.8,117.6,179.0,64.8,149.0,101.2,10.4,0.8,708.4,708.4,510.40000000000003,0.7205,713.5266666666666,500.76000000000005,0.6969733333333333
NORTH INTERIOR KARNATAKA,1952,0.0,8.0,0.1,32.1,98.3,52.9,132.0,64.7,85.2,141.6,0.0,13.7,628.5,628.6,334.8,0.5326,713.5266666666666,500.76000000000005,0.6969733333333333
NORTH INTERIOR KARNATAKA,1953,0.0,0.0,0.1,38.9,5.8,127.8,192.4,91.6,186.2,248.3,0.0,0.0,891.2,891.0999999999999,598.0,0.6711,713.5266666666666,500.76000000000005,0.6969733333333333
NORTH INTERIOR KARNATAKA,1954,0.0,0.0,16.9,19.7,44.9,80.1,216.4,152.7,78.2,62.8,0.2,11.4,683.3,683.3000000000001,527.4,0.7718,713.5266666666666,500.76000000000005,0.6969733333333333
NORTH INTERIOR KARNATAKA,1955,0.1,0.0,10.0,30.7,92.4,128.7,140.7,223.3,197.2,132.0,12.0,0.0,967.1,967.0999999999999,689.9,0.7134,713.5266666666666,500.76000000000005,0.6969733333333333
NORTH INTERIOR KARNATAKA,1956,0.0,2.8,1.1,30.2,64.0,96.8,314.1,117.9,144.9,164.6,100.1,2.4,1039.0,1038.9,673.7,0.6485,713.5266666666666,500.76000000000005,0.6969733333333333
NORTH INTERIOR KARNATAKA,1957,0.0,0.9,5.5,25.5,70.0,115.4,146.6,188.8,87.8,174.3,23.1,0.0,837.8,837.9,538.6,0.6428,713.5266666666666,500.76000000000005,0.6969733333333333
NORTH INTERIOR KARNATAKA,1958,2.0,0.2,7.3,46.0,100.3,55.2,174.8,179.7,71.2,83.7,31.0,0.5,752.0,751.9000000000001,480.9,0.6396,713.5266666666666,500.76000000000005,0.6969733333333333
NORTH INTERIOR KARNATAKA,1959,0.1,0.0,0.6,26.2,43.8,163.2,155.1,90.6,148.8,52.3,17.2,0.6,698.5,698.5000000000001,557.7,0.7984,713.5266666666666,500.76000000000005,0.6969733333333333
NORTH INTERIOR KARNATAKA,1960,0.0,0.0,14.9,17.2,79.6,86.8,96.4,29.4,313.9,32.9,20.4,0.1,691.6,691.5999999999999,526.5,0.7613,713.5266666666666,500.76000000000005,0.6969733333333333
NORTH INTERIOR KARNATAKA,1961,0.1,0.6,6.4,32.1,102.1,99.9,245.4,78.4,33.1,144.9,5.6,0.0,748.6,748.6,456.80000000000007,0.6102,713.5266666666666,500.76000000000005,0.6969733333333333
NORTH INTERIOR KARNATAKA,1962,0.0,5.0,2.9,58.8,52.5,82.1,140.1,144.7,165.7,99.3,25.4,62.4,839.1,838.8999999999999,532.5999999999999,0.6349,713.5266666666666,500.76000000000005,0.6969733333333333
NORTH INTERIOR KARNATAKA,1963,0.0,10.9,33.9,34.4,78.9,113.1,73.9,195.5,63.0,178.6,1.0,0.0,783.1,783.2,445.5,0.5688,713.5266666666666,500.76000000000005,0.6969733333333333
NORTH INTERIOR KARNATAKA,1964,0.0,0.8,4.3,16.9,14.6,97.6,211.7,129.2,289.1,110.8,22.4,2.4,899.8,899.8,727.5999999999999,0.8086,713.5266666666666,500.76000000000005,0.6969733333333333
NORTH INTERIOR KARNATAKA,1965,1.3,0.0,0.5,14.0,17.2,110.4,185.9,120.0,150.1,3.8,2.8,26.8,632.9,632.7999999999998,566.4,0.8951,713.5266666666666,500.76000000000005,0.6969733333333333
NORTH INTERIOR KARNATAKA,1966,13.4,0.3,5.5,10.6,82.9,68.9,145.5,80.7,160.6,54.8,92.0,8.4,723.6,723.5999999999999,455.70000000000005,0.6298,713.5266666666666,500.76000000000005,0.6969733333333333
NORTH INTERIOR KARNATAKA,1967,1.2,0.0,11.8,34.6,32.5,74.1,187.1,72.5,141.9,80.0,1.7,8.4,645.7,645.8,475.6,0.7365,713.5266666666666,500.76000000000005,0.6969733333333333
NORTH INTERIOR KARNATAKA,1968,1.9,15.8,2.7,41.2,32.2,92.4,162.3,47.6,202.5,98.5,29.9,0.3,727.3,727.3,504.8,0.6941,713.5266666666666,500.76000000000005,0.6969733333333333
NORTH INTERIOR KARNATAKA,1969,0.0,0.0,4.1,14.9,40.6,89.4,151.1,159.2,121.5,113.7,33.5,1.3,729.1,729.3,521.2,0.7147,713.5266666666666,500.76000000000005,0.6969733333333333
NORTH INTERIOR KARNATAKA,1970,0.4,0.2,1.0,31.5,76.5,80.7,131.5,199.9,173.2,95.7,0.0,0.0,790.8,790.6000000000001,585.3,0.7403,713.5266666666666,500.76000000000005,0.6969733333333333
NORTH INTERIOR KARNATAKA,1971,0.9,0.0,0.3,23.9,69.3,102.2,53.7,121.0,109.0,131.2,0.6,0.0,612.1,612.1,385.9,0.6305,713.5266666666666,500.76000000000005,0.6969733333333333
NORTH INTERIOR KARNATAKA,1972,0.0,2.4,1.3,19.5,45.9,79.4,100.8,40.7,126.3,47.2,34.4,1.4,499.4,499.29999999999995,347.2,0.6954,713.5266666666666,500.76000000000005,0.6969733333333333
NORTH INTERIOR KARNATAKA,1973,0.0,0.0,0.2,10.1,29.7,136.2,101.3,154.0,100.6,212.5,5.6,0.5,750.8,750.7,492.1,0.6555,713.5266666666666,500.76000000000005,0.6969733333333333
NORTH INTERIOR KARNATAKA,1974,0.0,0.0,5.0,23.9,83.9,93.3,98.9,92.2,242.5,176.9,0.5,0.0,817.3,817.1,526.9,0.6448,713.5266666666666,500.76000000000005,0.6969733333333333
NORTH INTERIOR KARNATAKA,1975,8.2,1.1,5.6,7.2,59.6,104.2,238.6,109.6,214.8,323.1,21.6,0.1,1093.7,1093.6999999999998,667.2,0.61,713.5266666666666,500.76000000000005,0.6969733333333333
NORTH INTERIOR KARNATAKA,1976,0.0,0.0,5.5,35.1,11.1,82.5,131.6,147.9,74.1,15.6,57.9,0.1,561.3,561.4,436.1,0.7768,713.5266666666666,500.76000000000005,0.6969733333333333
NORTH INTERIOR KARNATAKA,1977,0.0,1.2,10.7,34.8,75.0,170.3,144.4,135.9,70.5,134.2,72.3,0.6,849.9,849.9,521.1,0.6131,713.5266666666666,500.76000000000005,0.6969733333333333
NORTH INTERIOR KARNATAKA,1978,0.5,13.2,0.8,35.1,76.9,102.0,165.9,160.3,204.8,85.9,55.1,4.3,904.9,904.8,633.0,0.6996,713.5266666666666,500.76000000000005,0.6969733333333333
NORTH INTERIOR KARNATAKA,1979,2.0,13.1,2.4,7.3,60.7,141.7,125.4,168.8,291.4,54.5,95.8,0.1,963.2,963.2,727.3,0.7551,713.5266666666666,500.76000000000005,0.6969733333333333
NORTH INTERIOR KARNATAKA,1980,0.1,0.0,1.6,51.5,20.1,149.1,126.0,171.6,125.9,19.8,22.6,3.4,691.7,691.6999999999999,572.6,0.8278,713.5266666666666,500.76000000000005,0.6969733333333333
NORTH INTERIOR KARNATAKA,1981,6.2,0.0,10.3,12.1,39.6,160.8,127.5,151.9,284.3,68.3,16.1,0.1,877.3,877.2,724.5,0.8259,713.5266666666666,500.76000000000005,0.6969733333333333
NORTH INTERIOR KARNATAKA,1982,0.1,0.0,0.8,13.8,59.8,87.2,163.4,83.2,145.5,83.8,43.8,0.0,681.4,681.3999999999999,479.3,0.7034,713.5266666666666,500.76000000000005,0.6969733333333333
NORTH INTERIOR KARNATAKA,1983,0.0,0.0,0.0,0.2,24.5,167.4,135.1,169.0,198.1,66.5,8.3,8.7,777.9,777.8,669.6,0.8609,713.5266666666666,500.76000000000005,0.6969733333333333
NORTH INTERIOR KARNATAKA,1984,0.4,3.9,6.2,14.3,8.0,64.1,217.4,62.1,127.1,113.5,1.1,0.1,618.1,618.2,470.70000000000005,0.7614,713.5266666666666,500.76000000000005,0.6969733333333333
NORTH INTERIOR KARNATAKA,1985,2.9,0.0,6.8,20.8,34.1,86.6,109.7,67.7,75.8,94.7,1.4,0.6,501.2,501.09999999999997,339.8,0.6781,713.5266666666666,500.76000000000005,0.6969733333333333
NORTH INTERIOR KARNATAKA,1986,11.0,7.4,1.4,23.2,38.1,124.9,76.1,129.0,114.1,29.5,60.4,5.3,620.4,620.4,444.1,0.7158,713.5266666666666,500.76000000000005,0.6969733333333333
NORTH INTERIOR KARNATAKA,1987,0.4,0.9,0.5,2.0,44.9,124.0,83.1,166.6,109.3,119.7,68.9,26.8,747.4,747.0999999999999,483.0,0.6465,713.5266666666666,500.76000000000005,0.6969733333333333
NORTH INTERIOR KARNATAKA,1988,1.3,1.6,1.5,38.3,34.5,77.2,170.6,219.5,214.2,16.1,2.0,18.8,795.4,795.6,681.5,0.8566,713.5266666666666,500.76000000000005,0.6969733333333333
NORTH INTERIOR KARNATAKA,1989,0.0,0.0,21.6,10.7,28.5,102.0,199.6,64.1,203.3,23.3,8.9,14.1,676.2,676.0999999999999,569.0,0.8416,713.5266666666666,500.76000000000005,0.6969733333333333
NORTH INTERIOR KARNATAKA,1990,4.8,0.0,0.1,7.8,127.3,129.7,96.2,170.0,64.2,95.6,23.3,0.0,719.0,719.0,460.09999999999997,0.6399,713.5266666666666,500.76000000000005,0.6969733333333333
NORTH INTERIOR KARNATAKA,1991,0.2,0.0,1.3,47.3,59.8,235.7,155.6,94.0,67.6,49.6,8.9,0.0,720.0,720.0,552.9,0.7679,713.5266666666666,500.76000000000005,0.6969733333333333
NORTH INTERIOR KARNATAKA,1992,0.0,0.0,0.0,12.7,48.1,108.0,100.0,121.0,85.1,68.0,125.4,0.0,668.3,668.3,414.1,0.6196,713.5266666666666,500.76000000000005,0.6969733333333333
NORTH INTERIOR KARNATAKA,1993,0.0,0.1,6.5,11.4,37.6,69.3,134.9,128.1,94.8,201.9,10.8,36.4,731.8,731.8,427.09999999999997,0.5836,713.5266666666666,500.76000000000005,0.6969733333333333
NORTH INTERIOR KARNATAKA,1994,4.2,0.3,0.2,35.3,16.8,101.8,146.0,95.9,38.1,200.3,4.2,0.0,643.0,643.1000000000001,381.80000000000007,0.5937,713.5266666666666,500.76000000000005,0.6969733333333333
NORTH INTERIOR KARNATAKA,1995,28.3,0.1,5.4,11.8,33.1,75.5,140.9,95.9,104.3,148.9,18.2,0.0,662.3,662.4000000000001,416.6,0.6289,713.5266666666666,500.76000000000005,0.6969733333333333
NORTH INTERIOR KARNATAKA,1996,0.0,0.0,0.5,20.5,25.1,138.5,98.2,165.2,199.5,154.2,7.5,2.6,811.8,811.8000000000001,601.4,0.7408,713.5266666666666,500.76000000000005,0.6969733333333333
NORTH INTERIOR KARNATAKA,1997,4.3,0.0,14.8,22.6,17.5,213.0,272.8,290.1,76.9,85.3,64.6,33.8,1095.6,1095.6999999999998,852.8000000000001,0.7783,713.5266666666666,500.76000000000005,0.6969733333333333
NORTH INTERIOR KARNATAKA,1998,0.0,0.0,0.4,6.1,32.7,107.8,140.4,155.4,223.1,172.7,13.9,0.1,852.5,852.5999999999999,626.7,0.735,713.5266666666666,500.76000000000005,0.6969733333333333
NORTH INTERIOR KARNATAKA,1999,0.0,3.4,0.6,3.9,89.0,93.2,130.5,89.5,97.5,152.9,0.3,0.0,660.8,660.8,410.7,0.6215,713.5266666666666,500.76000000000005,0.6969733333333333
NORTH INTERIOR KARNATAKA,2000,0.4,2.6,0.1,8.4,49.0,107.5,127.1,164.6,134.4,115.1,2.8,0.5,712.4,712.5,533.6,0.7489,713.5266666666666,500.76000000000005,0.6969733333333333
NORTH INTERIOR KARNATAKA,2001,2.1,0.0,0.1,22.1,13.3,60.9,62.1,108.8,187.1,137.5,2.5,1.4,598.0,597.9,418.9,0.7006,713.5266666666666,500.76000000000005,0.6969733333333333
NORTH INTERIOR KARNATAKA,2002,3.8,7.9,0.3,14.7,40.6,108.2,54.7,118.2,52.2,126.4,3.4,0.0,530.5,530.4,333.3,0.6284,713.5266666666666,500.76000000000005,0.6969733333333333
NORTH INTERIOR KARNATAKA,2003,0.3,1.5,15.2,24.9,3.5,66.9,94.4,104.0,64.3,92.1,4.2,2.2,473.5,473.5,329.6,0.6961,713.5266666666666,500.76000000000005,0.6969733333333333
NORTH INTERIOR KARNATAKA,2004,2.6,2.7,1.6,29.9,93.8,106.1,111.7,92.8,134.6,61.6,4.3,0.2,641.9,641.9,445.20000000000005,0.6936,713.5266666666666,500.76000000000005,0.6969733333333333
NORTH INTERIOR KARNATAKA,2005,5.8,0.8,5.5,52.5,34.5,98.7,219.4,123.3,159.7,102.3,5.0,0.1,807.5,807.6,601.1,0.7443,713.5266666666666,500.76000000000005,0.6969733333333333
NORTH INTERIOR KARNATAKA,2006,0.0,0.0,16.8,12.1,79.0,130.2,113.9,89.1,136.8,43.6,29.0,0.0,650.6,650.5000000000001,470.0,0.7225,713.5266666666666,500.76000000000005,0.6969733333333333
NORTH INTERIOR KARNATAKA,2007,11.7,6.8,7.7,27.0,38.9,215.5,117.2,143.4,205.4,40.5,13.5,9.2,836.9,836.8000000000001,681.5,0.8144,713.5266666666666,500.76000000000005,0.6969733333333333
NORTH INTERIOR KARNATAKA,2008,0.4,9.2,109.2,22.8,29.2,71.6,80.6,147.7,152.5,54.1,29.8,5.3,712.4,712.4,452.4,0.635,713.5266666666666,500.76000000000005,0.6969733333333333
NORTH INTERIOR KARNATAKA,2009,0.3,0.0,9.9,17.4,63.1,112.0,134.9,135.4,215.6,168.6,42.3,13.9,913.5,913.4,597.9,0.6546,713.5266666666666,500.76000000000005,0.6969733333333333
NORTH INTERIOR KARNATAKA,2010,9.6,2.5,0.5,15.5,39.5,110.1,193.5,207.5,119.2,82.1,71.9,1.2,853.2,853.1000000000001,630.3000000000001,0.7388,713.5266666666666,500.76000000000005,0.6969733333333333
NORTH INTERIOR KARNATAKA,2011,0.5,7.2,7.2,41.2,46.8,101.3,150.8,152.0,69.0,73.4,5.7,0.0,655.2,655.1,473.1,0.7222,713.5266666666666,500.76000000000005,0.6969733333333333
NORTH INTERIOR KARNATAKA,2012,28.5,6.2,0.4,35.4,19.5,60.0,114.5,105.5,79.2,85.2,46.5,2.9,583.8,583.8,359.2,0.6153,713.5266666666666,500.76000000000005,0.6969733333333333
NORTH INTERIOR KARNATAKA,2013,1.2,6.1,3.0,25.4,47.4,99.4,160.7,73.9,201.0,101.0,4.2,0.1,723.2,723.4000000000001,535.0,0.7396,713.5266666666666,500.76000000000005,0.6969733333333333
NORTH INTERIOR KARNATAKA,2014,0.0,6.1,29.2,26.4,93.0,50.4,136.8,205.2,90.2,80.3,25.0,14.1,756.8,756.6999999999999,482.59999999999997,0.6378,713.5266666666666,500.76000000000005,0.6969733333333333
NORTH INTERIOR KARNATAKA,2015,2.4,0.0,27.5,50.8,45.3,89.6,38.5,78.4,150.8,61.2,5.7,1.7,551.9,551.9000000000001,357.3,0.6474,713.5266666666666,500.76000000000005,0.6969733333333333
SOUTH INTERIOR KARNATAKA,1901,4.9,31.8,3.0,32.7,109.6,106.0,210.0,109.2,140.8,170.1,72.5,12.3,1003.0,1002.9,566.0,0.5644,1067.1633333333334,716.3666666666667,0.6708633333333334
SOUTH INTERIOR KARNATAKA,1902,1.9,0.5,6.7,42.6,97.7,91.7,210.0,82.1,138.4,219.1,44.6,84.9,1020.1,1020.2,522.1999999999999,0.5119,1067.1633333333334,716.3666666666667,0.6708633333333334
SOUTH INTERIOR KARNATAKA,1903,0.3,0.0,1.1,11.6,125.1,129.7,284.4,155.7,197.1,154.2,186.6,24.1,1269.9,1269.8999999999996,766.9,0.6039,1067.1633333333334,716.3666666666667,0.6708633333333334
SOUTH INTERIOR KARNATAKA,1904,1.0,0.5,5.2,43.5,144.7,167.9,197.1,73.2,89.6,120.4,2.5,0.3,845.8,845.9,527.8,0.624,1067.1633333333334,716.3666666666667,0.6708633333333334
SOUTH INTERIOR KARNATAKA,1905,1.7,7.9,14.2,23.6,118.6,95.9,148.4,140.6,43.1,142.8,22.4,0.3,759.4,759.4999999999999,428.0,0.5635,1067.1633333333334,716.3666666666667,0.6708633333333334
SOUTH INTERIOR KARNATAKA,1906,14.1,1.5,2.2,4.8,46.1,116.4,211.3,256.3,109.5,173.4,16.5,52.6,1004.5,1004.7,693.5,0.6903,1067.1633333333334,716.3666666666667,0.6708633333333334
SOUTH INTERIOR KARNATAKA,1907,4.5,0.0,11.7,84.7,46.5,137.4,231.5,219.4,146.5,52.6,49.5,14.1,998.5,998.4,734.8,0.736,1067.1633333333334,716.3666666666667,0.6708633333333334
SOUTH INTERIOR KARNATAKA,1908,8.3,2.4,9.3,44.4,92.5,92.2,263.6,118.1,88.0,69.6,1.2,0.5,790.2,790.1000000000001,561.9,0.7112,1067.1633333333334,716.3666666666667,0.6708633333333334
SOUTH INTERIOR KARNATAKA,1909,19.8,1.2,6.7,42.1,166.6,138.9,245.5,190.5,109.0,121.5,35.8,9.7,1087.4,1087.3,683.9,0.629,1067.1633333333334,716.3666666666667,0.6708633333333334
SOUTH INTERIOR KARNATAKA,1910,0.0,1.1,7.5,27.0,89.8,124.9,254.1,232.6,123.5,219.6,77.0,0.0,1157.3,1157.1,735.1,0.6353,1067.1633333333334,716.3666666666667,0.6708633333333334
SOUTH INTERIOR KARNATAKA,1911,0.8,0.1,5.2,28.8,123.2,174.8,225.7,84.0,63.3,156.7,35.8,7.9,906.3,906.2999999999998,547.8,0.6044,1067.1633333333334,716.3666666666667,0.6708633333333334
SOUTH INTERIOR KARNATAKA,1912,0.8,4.6,2.7,41.7,70.1,133.0,291.9,181.3,176.1,190.0,57.6,0.1,1150.2,1149.8999999999996,782.3000000000001,0.6803,1067.1633333333334,716.3666666666667,0.6708633333333334
SOUTH INTERIOR KARNATAKA,1913,0.0,0.1,1.0,22.3,93.4,124.5,257.5,88.4,151.0,133.6,1.4,3.1,876.4,876.3000000000001,621.4,0.7091,1067.1633333333334,716.3666666666667,0.6708633333333334
SOUTH INTERIOR KARNATAKA,1914,0.0,0.6,1.7,16.0,62.6,69.6,309.7,153.3,107.9,115.3,64.0,26.0,926.7,926.6999999999999,640.4999999999999,0.6912,1067.1633333333334,716.3666666666667,0.6708633333333334
SOUTH INTERIOR KARNATAKA,1915,9.7,2.6,31.6,43.9,66.5,222.9,184.2,75.7,185.0,106.7,93.4,9.5,1031.9,1031.7000000000003,667.8,0.6473,1067.1633333333334,716.3666666666667,0.6708633333333334
SOUTH INTERIOR KARNATAKA,1916,0.0,0.1,0.2,23.9,146.3,184.0,188.5,204.7,145.5,178.4,151.6,7.4,1230.7,1230.6000000000001,722.7,0.5873,1067.1633333333334,716.3666666666667,0.6708633333333334
SOUTH INTERIOR KARNATAKA,1917,0.3,37.2,15.9,18.4,51.8,163.8,104.4,171.2,275.6,160.0,94.7,1.0,1094.3,1094.3,715.0,0.6534,1067.1633333333334,716.3666666666667,0.6708633333333334
SOUTH INTERIOR KARNATAKA,1918,11.1,0.7,13.9,41.0,110.1,69.2,47.5,102.7,98.7,47.0,182.6,8.9,733.3,733.4,318.1,0.4337,1067.1633333333334,716.3666666666667,0.6708633333333334
SOUTH INTERIOR KARNATAKA,1919,4.8,0.0,7.7,27.1,99.8,152.7,166.9,108.4,225.0,81.9,132.3,4.7,1011.4,1011.3,653.0,0.6457,1067.1633333333334,716.3666666666667,0.6708633333333334
SOUTH INTERIOR KARNATAKA,1920,8.4,0.4,1.7,42.8,58.6,125.1,241.2,92.1,128.1,101.9,28.4,0.1,828.9,828.8,586.5,0.7076,1067.1633333333334,716.3666666666667,0.6708633333333334
SOUTH INTERIOR KARNATAKA,1921,15.4,0.0,2.9,84.6,47.2,114.9,217.8,169.5,77.5,167.6,88.7,0.0,986.1,986.1,579.7,0.5879,1067.1633333333334,716.3666666666667,0.6708633333333334
SOUTH INTERIOR KARNATAKA,1922,16.1,1.2,0.3,33.1,109.9,99.5,186.3,114.3,53.4,151.8,129.0,2.2,897.1,897.1000000000001,453.5,0.5055,1067.1633333333334,716.3666666666667,0.6708633333333334
SOUTH INTERIOR KARNATAKA,1923,3.7,3.9,27.2,31.8,73.8,84.3,408.1,207.7,100.3,40.0,6.7,2.9,990.5,990.4,800.4,0.8082,1067.1633333333334,716.3666666666667,0.6708633333333334
SOUTH INTERIOR KARNATAKA,1924,0.9,0.1,5.8,38.7,96.0,125.7,460.9,146.7,135.1,58.4,47.1,11.7,1127.0,1127.1,868.4,0.7705,1067.1633333333334,716.3666666666667,0.6708633333333334
SOUTH INTERIOR KARNATAKA,1925,0.0,0.1,8.4,63.0,116.5,143.2,221.3,132.6,115.3,65.8,69.4,46.8,982.2,982.3999999999999,612.4,0.6234,1067.1633333333334,716.3666666666667,0.6708633333333334
SOUTH INTERIOR KARNATAKA,1926,23.0,0.4,7.1,37.5,64.1,89.6,234.3,174.2,168.3,89.7,7.6,1.2,897.0,897.0000000000001,666.4,0.7429,1067.1633333333334,716.3666666666667,0.6708633333333334
SOUTH INTERIOR KARNATAKA,1927,0.1,2.5,5.2,11.2,82.5,114.3,249.1,118.5,186.8,19.4,74.2,0.0,863.7,863.8000000000001,668.7,0.7741,1067.1633333333334,716.3666666666667,0.6708633333333334
SOUTH INTERIOR KARNATAKA,1928,0.6,44.3,24.0,43.4,66.1,112.1,189.1,161.7,37.8,229.7,28.9,12.7,950.5,950.4,500.7,0.5268,1067.1633333333334,716.3666666666667,0.6708633333333334
SOUTH INTERIOR KARNATAKA,1929,4.7,13.7,1.9,127.7,101.3,149.7,178.6,88.8,186.0,100.9,76.5,5.2,1034.9,1035.0,603.0999999999999,0.5827,1067.1633333333334,716.3666666666667,0.6708633333333334
SOUTH INTERIOR KARNATAKA,1930,5.2,6.6,10.8,27.0,156.8,126.9,117.2,85.5,150.5,253.9,40.9,12.1,993.3,993.4,480.1,0.4833,1067.1633333333334,716.3666666666667,0.6708633333333334
SOUTH INTERIOR KARNATAKA,1931,0.0,0.0,3.0,45.7,81.7,116.8,188.2,246.0,144.6,42.7,117.5,26.3,1012.6,1012.5,695.6,0.687,1067.1633333333334,716.3666666666667,0.6708633333333334
SOUTH INTERIOR KARNATAKA,1932,0.0,10.4,0.5,35.8,155.8,72.4,262.9,264.3,117.1,227.0,122.4,1.6,1270.1,1270.1999999999998,716.6999999999999,0.5642,1067.1633333333334,716.3666666666667,0.6708633333333334
SOUTH INTERIOR KARNATAKA,1933,0.0,2.9,10.5,43.8,176.0,139.9,216.8,241.6,195.1,236.6,19.2,46.6,1329.2,1329.0,793.4000000000001,0.597,1067.1633333333334,716.3666666666667,0.6708633333333334
SOUTH INTERIOR KARNATAKA,1934,5.9,0.4,1.1,40.9,52.6,149.4,158.7,137.5,27.7,173.5,38.3,0.3,786.3,786.3,473.3,0.6019,1067.1633333333334,716.3666666666667,0.6708633333333334
SOUTH INTERIOR KARNATAKA,1935,6.2,1.2,5.2,48.6,52.6,121.9,211.0,197.1,105.2,191.6,6.8,7.3,954.5,954.7,635.2,0.6653,1067.1633333333334,716.3666666666667,0.6708633333333334
SOUTH INTERIOR KARNATAKA,1936,0.0,6.2,34.7,15.7,102.1,185.2,156.2,111.6,176.1,89.5,76.5,4.5,958.4,958.3,629.1,0.6565,1067.1633333333334,716.3666666666667,0.6708633333333334
SOUTH INTERIOR KARNATAKA,1937,0.1,9.8,14.6,90.8,81.6,99.6,232.7,78.0,121.7,147.0,25.5,9.7,911.2,911.1000000000001,532.0,0.5839,1067.1633333333334,716.3666666666667,0.6708633333333334
SOUTH INTERIOR KARNATAKA,1938,0.0,3.9,17.4,40.7,45.8,144.4,153.8,237.6,178.7,30.6,15.9,2.6,871.4,871.4,714.5,0.8199,1067.1633333333334,716.3666666666667,0.6708633333333334
SOUTH INTERIOR KARNATAKA,1939,3.5,0.0,13.1,70.5,49.6,92.1,184.7,198.1,114.7,226.6,71.6,0.0,1024.6,1024.5,589.6,0.5755,1067.1633333333334,716.3666666666667,0.6708633333333334
SOUTH INTERIOR KARNATAKA,1940,0.0,0.1,0.7,60.1,138.3,177.6,203.4,188.7,80.7,174.9,139.7,15.8,1180.0,1180.0000000000002,650.4000000000001,0.5512,1067.1633333333334,716.3666666666667,0.6708633333333334
SOUTH INTERIOR KARNATAKA,1941,1.2,2.3,2.3,43.8,73.8,154.9,186.5,154.9,129.8,108.4,19.5,60.2,937.6,937.6,626.0999999999999,0.6678,1067.1633333333334,716.3666666666667,0.6708633333333334
SOUTH INTERIOR KARNATAKA,1942,0.1,2.0,0.5,45.0,91.0,164.1,247.5,145.9,77.3,109.0,26.7,23.7,932.9,932.8000000000001,634.8,0.6805,1067.1633333333334,716.3666666666667,0.6708633333333334
SOUTH INTERIOR KARNATAKA,1943,24.4,0.9,3.7,48.3,189.9,88.5,243.1,67.5,137.0,283.0,50.8,0.0,1137.1,1137.1,536.1,0.4715,1067.1633333333334,716.3666666666667,0.6708633333333334
SOUTH INTERIOR KARNATAKA,1944,0.2,24.3,37.0,21.7,98.5,100.0,275.1,82.0,127.2,178.5,74.4,6.7,1025.7,1025.6,584.3000000000001,0.5697,1067.1633333333334,716.3666666666667,0.6708633333333334
SOUTH INTERIOR KARNATAKA,1945,0.4,1.2,0.3,54.9,93.3,79.9,260.9,109.9,72.6,85.2,33.7,0.1,792.3,792.4000000000001,523.3,0.6604,1067.1633333333334,716.3666666666667,0.6708633333333334
SOUTH INTERIOR KARNATAKA,1946,0.1,2.4,14.8,62.5,86.9,146.8,201.5,255.9,168.1,112.9,150.3,42.9,1245.0,1245.1000000000001,772.3000000000001,0.6203,1067.1633333333334,716.3666666666667,0.6708633333333334
SOUTH INTERIOR KARNATAKA,1947,8.1,5.9,10.0,22.4,53.2,83.5,238.9,236.2,139.7,127.6,15.2,17.6,958.3,958.3000000000002,698.3,0.7287,1067.1633333333334,716.3666666666667,0.6708633333333334
SOUTH INTERIOR KARNATAKA,1948,4.0,0.1,3.2,70.7,153.9,135.6,188.6,255.6,61.1,117.7,81.5,2.1,1074.1,1074.1,640.9,0.5967,1067.1633333333334,716.3666666666667,0.6708633333333334
SOUTH INTERIOR KARNATAKA,1949,0.1,0.1,3.8,32.1,103.6,82.4,179.5,165.2,107.8,188.3,13.6,0.0,876.4,876.4999999999999,534.9,0.6103,1067.1633333333334,716.3666666666667,0.6708633333333334
SOUTH INTERIOR KARNATAKA,1950,0.1,13.3,0.8,6.5,61.3,91.2,268.8,148.7,154.5,133.7,77.1,0.4,956.5,956.4000000000001,663.2,0.6934,1067.1633333333334,716.3666666666667,0.6708633333333334
SOUTH INTERIOR KARNATAKA,1951,0.2,0.0,13.0,60.9,135.2,111.7,205.7,89.4,177.9,98.0,33.3,0.0,925.3,925.3,584.6999999999999,0.6319,1067.1633333333334,716.3666666666667,0.6708633333333334
SOUTH INTERIOR KARNATAKA,1952,0.3,10.7,0.6,40.0,76.8,106.8,176.2,156.2,66.7,188.6,0.7,48.2,871.8,871.8000000000001,505.9,0.5803,1067.1633333333334,716.3666666666667,0.6708633333333334
SOUTH INTERIOR KARNATAKA,1953,0.5,2.2,0.7,71.0,34.4,163.7,368.5,191.5,113.0,307.4,2.6,0.5,1255.9,1256.0,836.7,0.6662,1067.1633333333334,716.3666666666667,0.6708633333333334
SOUTH INTERIOR KARNATAKA,1954,1.8,0.5,8.9,38.5,127.2,139.3,298.5,175.6,56.9,164.8,0.5,18.6,1031.1,1031.1,670.3,0.6501,1067.1633333333334,716.3666666666667,0.6708633333333334
SOUTH INTERIOR KARNATAKA,1955,0.9,0.1,10.4,48.7,168.2,135.9,88.9,151.6,201.2,175.1,18.1,2.9,1002.0,1002.0000000000001,577.5999999999999,0.5764,1067.1633333333334,716.3666666666667,0.6708633333333334
SOUTH INTERIOR KARNATAKA,1956,0.4,1.4,2.5,68.5,62.5,209.6,251.3,137.1,120.1,265.0,124.0,1.2,1243.7,1243.6000000000001,718.1,0.5774,1067.1633333333334,716.3666666666667,0.6708633333333334
SOUTH INTERIOR KARNATAKA,1957,0.0,0.5,9.4,18.6,169.0,174.9,242.6,147.2,47.0,177.6,77.9,0.1,1064.7,1064.8,611.7,0.5745,1067.1633333333334,716.3666666666667,0.6708633333333334
SOUTH INTERIOR KARNATAKA,1958,3.3,1.3,13.1,60.6,134.5,163.2,340.2,201.7,123.1,108.7,59.6,0.6,1210.0,1209.8999999999999,828.1999999999999,0.6845,1067.1633333333334,716.3666666666667,0.6708633333333334
SOUTH INTERIOR KARNATAKA,1959,0.2,2.5,0.3,25.2,89.8,255.8,425.6,172.2,218.2,55.4,29.3,6.3,1280.9,1280.8000000000002,1071.8000000000002,0.8368,1067.1633333333334,716.3666666666667,0.6708633333333334
SOUTH INTERIOR KARNATAKA,1960,0.3,0.0,15.3,42.4,92.6,119.8,254.3,124.4,162.7,112.8,65.3,0.2,989.9,990.0999999999999,661.2,0.6678,1067.1633333333334,716.3666666666667,0.6708633333333334
SOUTH INTERIOR KARNATAKA,1961,2.1,3.4,2.6,62.5,161.6,196.2,492.7,213.5,93.8,165.4,14.3,1.4,1409.5,1409.5,996.1999999999999,0.7068,1067.1633333333334,716.3666666666667,0.6708633333333334
SOUTH INTERIOR KARNATAKA,1962,1.4,6.9,5.5,81.3,118.5,66.1,310.4,268.5,149.1,203.7,29.6,65.9,1307.2,1306.8999999999999,794.1,0.6076,1067.1633333333334,716.3666666666667,0.6708633333333334
SOUTH INTERIOR KARNATAKA,1963,1.2,2.8,13.0,51.6,78.1,108.5,197.5,232.5,92.6,193.8,9.0,12.3,992.8,992.9000000000001,631.1,0.6356,1067.1633333333334,716.3666666666667,0.6708633333333334
SOUTH INTERIOR KARNATAKA,1964,0.0,0.1,0.7,23.6,51.0,122.2,280.0,305.4,182.7,121.5,78.4,3.8,1169.4,1169.4,890.3,0.7613,1067.1633333333334,716.3666666666667,0.6708633333333334
SOUTH INTERIOR KARNATAKA,1965,1.0,0.2,4.6,24.6,42.0,129.8,245.2,141.1,81.4,17.7,25.8,21.7,735.2,735.1,597.5,0.8128,1067.1633333333334,716.3666666666667,0.6708633333333334
SOUTH INTERIOR KARNATAKA,1966,4.2,0.9,2.5,24.7,90.9,82.3,256.1,91.0,188.5,132.8,123.2,13.8,1010.9,1010.9000000000001,617.9000000000001,0.6112,1067.1633333333334,716.3666666666667,0.6708633333333334
SOUTH INTERIOR KARNATAKA,1967,5.7,0.0,4.7,25.7,77.8,136.3,350.4,157.3,57.8,96.2,12.3,16.0,940.3,940.2,701.8,0.7464,1067.1633333333334,716.3666666666667,0.6708633333333334
SOUTH INTERIOR KARNATAKA,1968,0.0,8.0,8.5,47.5,71.8,120.6,284.1,124.7,209.7,99.3,23.4,3.4,1001.0,1001.0,739.1000000000001,0.7384,1067.1633333333334,716.3666666666667,0.6708633333333334
SOUTH INTERIOR KARNATAKA,1969,0.0,0.0,2.3,37.8,101.9,100.8,289.5,216.3,104.0,174.8,51.4,27.7,1106.5,1106.5,710.6,0.6422,1067.1633333333334,716.3666666666667,0.6708633333333334
SOUTH INTERIOR KARNATAKA,1970,1.4,5.4,4.3,49.5,129.6,99.5,210.1,206.4,129.0,217.6,20.9,0.2,1073.8,1073.9,645.0,0.6006,1067.1633333333334,716.3666666666667,0.6708633333333334
SOUTH INTERIOR KARNATAKA,1971,2.0,5.3,2.7,37.9,100.5,204.5,174.9,180.7,161.7,122.3,17.4,10.3,1020.2,1020.1999999999999,721.8,0.7075,1067.1633333333334,716.3666666666667,0.6708633333333334
SOUTH INTERIOR KARNATAKA,1972,0.0,1.1,0.1,26.9,190.5,153.6,214.6,97.6,176.2,135.7,26.3,41.5,1064.0,1064.1,642.0,0.6033,1067.1633333333334,716.3666666666667,0.6708633333333334
SOUTH INTERIOR KARNATAKA,1973,0.0,0.0,0.2,21.8,102.4,214.9,232.7,220.8,118.0,140.5,26.5,8.7,1086.6,1086.5,786.4000000000001,0.7238,1067.1633333333334,716.3666666666667,0.6708633333333334
SOUTH INTERIOR KARNATAKA,1974,0.1,0.0,4.3,34.5,113.2,71.0,281.8,166.7,235.0,138.2,6.6,0.0,1051.5,1051.3999999999999,754.5,0.7176,1067.1633333333334,716.3666666666667,0.6708633333333334
SOUTH INTERIOR KARNATAKA,1975,4.1,3.2,15.5,21.0,93.0,224.8,260.6,252.8,224.0,157.7,76.3,1.3,1334.3,1334.3,962.2,0.7211,1067.1633333333334,716.3666666666667,0.6708633333333334
SOUTH INTERIOR KARNATAKA,1976,0.0,0.1,2.6,66.9,25.9,64.0,203.7,148.3,87.2,54.4,106.5,1.7,761.2,761.3000000000001,503.2,0.661,1067.1633333333334,716.3666666666667,0.6708633333333334
SOUTH INTERIOR KARNATAKA,1977,0.0,1.3,13.8,51.2,136.8,168.5,227.7,134.5,166.5,224.6,82.8,0.1,1207.8,1207.7999999999997,697.2,0.5772,1067.1633333333334,716.3666666666667,0.6708633333333334
SOUTH INTERIOR KARNATAKA,1978,0.5,7.0,2.6,40.1,104.5,188.1,281.8,231.2,156.8,107.1,81.0,30.8,1231.6,1231.4999999999998,857.8999999999999,0.6966,1067.1633333333334,716.3666666666667,0.6708633333333334
SOUTH INTERIOR KARNATAKA,1979,0.3,29.2,4.1,31.3,49.0,192.8,189.3,207.9,219.6,81.9,113.9,1.4,1120.8,1120.7000000000003,809.6,0.7224,1067.1633333333334,716.3666666666667,0.6708633333333334
SOUTH INTERIOR KARNATAKA,1980,0.0,0.0,7.2,79.1,99.0,228.0,287.7,179.6,161.8,99.6,81.1,1.9,1225.0,1225.0,857.1000000000001,0.6997,1067.1633333333334,716.3666666666667,0.6708633333333334
SOUTH INTERIOR KARNATAKA,1981,1.8,0.1,19.6,25.5,94.9,136.3,189.4,299.8,254.6,123.2,32.8,6.5,1184.6,1184.5,880.1,0.743,1067.1633333333334,716.3666666666667,0.6708633333333334
SOUTH INTERIOR KARNATAKA,1982,0.1,0.0,2.0,18.3,99.2,151.1,217.0,240.8,126.9,97.1,50.8,0.2,1003.5,1003.5,735.8000000000001,0.7332,1067.1633333333334,716.3666666666667,0.6708633333333334
SOUTH INTERIOR KARNATAKA,1983,0.0,0.0,0.9,5.1,77.0,215.3,206.6,262.5,185.9,97.8,21.1,38.9,1111.2,1111.1,870.3,0.7833,1067.1633333333334,716.3666666666667,0.6708633333333334
SOUTH INTERIOR KARNATAKA,1984,2.1,7.9,75.4,39.0,44.7,196.2,256.8,122.3,167.1,142.3,5.7,4.4,1063.9,1063.9,742.4,0.6978,1067.1633333333334,716.3666666666667,0.6708633333333334
SOUTH INTERIOR KARNATAKA,1985,4.1,0.1,13.8,42.1,52.8,193.3,138.7,172.3,139.7,67.4,29.3,5.8,859.3,859.4,644.0,0.7494,1067.1633333333334,716.3666666666667,0.6708633333333334
SOUTH INTERIOR KARNATAKA,1986,13.9,9.2,3.9,26.2,51.7,210.0,149.9,208.2,175.3,79.4,94.1,8.4,1030.2,1030.2,743.3999999999999,0.7216,1067.1633333333334,716.3666666666667,0.6708633333333334
SOUTH INTERIOR KARNATAKA,1987,0.3,0.0,4.5,9.2,64.2,135.7,114.9,151.7,139.9,205.4,76.9,31.9,934.7,934.5999999999999,542.1999999999999,0.5801,1067.1633333333334,716.3666666666667,0.6708633333333334
SOUTH INTERIOR KARNATAKA,1988,0.2,2.9,11.9,71.4,84.9,68.0,276.0,251.3,199.2,30.6,5.9,19.9,1022.2,1022.1999999999999,794.5,0.7772,1067.1633333333334,716.3666666666667,0.6708633333333334
SOUTH INTERIOR KARNATAKA,1989,0.0,0.1,12.5,24.0,53.3,145.0,286.3,135.0,149.4,86.9,15.7,5.2,913.5,913.4000000000001,715.6999999999999,0.7836,1067.1633333333334,716.3666666666667,0.6708633333333334
SOUTH INTERIOR KARNATAKA,1990,4.0,0.1,5.0,15.2,115.1,130.1,148.5,193.8,59.0,128.5,47.0,2.2,848.5,848.5,531.4000000000001,0.6263,1067.1633333333334,716.3666666666667,0.6708633333333334
SOUTH INTERIOR KARNATAKA,1991,1.0,0.1,2.6,64.2,108.6,248.9,261.9,165.5,115.8,192.5,60.0,0.1,1221.2,1221.1999999999998,792.0999999999999,0.6486,1067.1633333333334,716.3666666666667,0.6708633333333334
SOUTH INTERIOR KARNATAKA,1992,0.2,0.3,0.0,28.6,78.9,269.4,202.1,215.9,145.5,113.5,146.5,0.2,1201.0,1201.1000000000001,832.9,0.6934,1067.1633333333334,716.3666666666667,0.6708633333333334
SOUTH INTERIOR KARNATAKA,1993,0.0,0.5,6.2,22.9,66.4,149.0,204.7,189.9,105.3,234.5,25.0,33.7,1038.1,1038.1,648.9,0.6251,1067.1633333333334,716.3666666666667,0.6708633333333334
SOUTH INTERIOR KARNATAKA,1994,11.7,2.4,3.9,54.6,70.9,184.9,336.4,132.6,96.4,238.6,24.8,0.5,1157.8,1157.6999999999998,750.3,0.6481,1067.1633333333334,716.3666666666667,0.6708633333333334
SOUTH INTERIOR KARNATAKA,1995,4.2,0.2,3.5,32.1,70.9,79.6,248.4,179.8,135.6,98.8,30.1,0.0,883.2,883.2,643.4,0.7285,1067.1633333333334,716.3666666666667,0.6708633333333334
SOUTH INTERIOR KARNATAKA,1996,1.1,0.2,1.5,49.8,52.8,204.4,187.3,187.4,188.3,132.9,10.9,27.5,1044.0,1044.1,767.4000000000001,0.735,1067.1633333333334,716.3666666666667,0.6708633333333334
SOUTH INTERIOR KARNATAKA,1997,4.9,0.1,26.2,26.0,45.3,178.9,251.7,246.8,108.4,134.4,123.8,33.6,1180.0,1180.0999999999997,785.8000000000001,0.6659,1067.1633333333334,716.3666666666667,0.6708633333333334
SOUTH INTERIOR KARNATAKA,1998,0.0,0.0,3.5,31.6,47.0,155.6,278.4,205.5,175.8,148.9,55.0,11.7,1113.3,1113.0,815.3,0.7325,1067.1633333333334,716.3666666666667,0.6708633333333334
SOUTH INTERIOR KARNATAKA,1999,0.1,4.6,1.5,42.2,131.2,129.5,289.6,138.8,108.0,271.9,28.8,3.5,1149.6,1149.7,665.9000000000001,0.5792,1067.1633333333334,716.3666666666667,0.6708633333333334
SOUTH INTERIOR KARNATAKA,2000,1.4,15.5,0.3,46.3,59.3,167.5,200.5,300.6,183.5,206.2,14.1,12.1,1207.2,1207.3,852.1,0.7058,1067.1633333333334,716.3666666666667,0.6708633333333334
SOUTH INTERIOR KARNATAKA,2001,0.5,1.1,1.7,90.6,30.4,127.2,168.2,152.0,189.9,122.7,40.0,2.1,926.3,926.4000000000001,637.3,0.6879,1067.1633333333334,716.3666666666667,0.6708633333333334
SOUTH INTERIOR KARNATAKA,2002,2.0,11.4,2.3,20.6,77.2,131.9,92.6,155.1,74.9,168.4,18.8,0.6,755.8,755.8,454.5,0.6013,1067.1633333333334,716.3666666666667,0.6708633333333334
SOUTH INTERIOR KARNATAKA,2003,0.1,4.2,20.1,36.4,9.6,118.2,162.5,152.2,51.9,192.4,11.5,3.6,762.8,762.7,484.79999999999995,0.6356,1067.1633333333334,716.3666666666667,0.6708633333333334
SOUTH INTERIOR KARNATAKA,2004,9.1,12.8,16.4,62.2,180.2,196.6,191.7,211.1,117.5,101.5,24.0,10.4,1133.4,1133.5,716.9,0.6325,1067.1633333333334,716.3666666666667,0.6708633333333334
SOUTH INTERIOR KARNATAKA,2005,7.2,3.9,3.2,76.0,74.7,138.7,333.5,233.2,145.5,241.8,56.3,5.3,1319.3,1319.3,850.9,0.645,1067.1633333333334,716.3666666666667,0.6708633333333334
SOUTH INTERIOR KARNATAKA,2006,0.2,0.1,35.4,24.7,127.1,183.7,226.7,172.9,112.0,61.7,84.9,1.1,1030.5,1030.5,695.3,0.6747,1067.1633333333334,716.3666666666667,0.6708633333333334
SOUTH INTERIOR KARNATAKA,2007,0.1,0.3,0.9,39.8,76.7,216.7,267.2,245.5,198.5,152.5,18.2,14.6,1231.0,1231.0,927.9,0.7538,1067.1633333333334,716.3666666666667,0.6708633333333334
SOUTH INTERIOR KARNATAKA,2008,0.8,20.7,108.9,24.9,66.3,149.8,203.4,269.8,141.4,117.1,32.3,5.2,1140.6,1140.6000000000001,764.4,0.6702,1067.1633333333334,716.3666666666667,0.6708633333333334
SOUTH INTERIOR KARNATAKA,2009,0.1,0.1,27.3,25.4,101.3,101.6,324.7,153.2,247.9,98.2,55.7,22.9,1158.4,1158.4,827.4,0.7143,1067.1633333333334,716.3666666666667,0.6708633333333334
SOUTH INTERIOR KARNATAKA,2010,7.9,1.7,5.6,71.1,94.9,129.1,235.1,228.1,150.7,129.6,183.5,2.5,1239.7,1239.8,743.0,0.5993,1067.1633333333334,716.3666666666667,0.6708633333333334
SOUTH INTERIOR KARNATAKA,2011,2.1,12.4,12.4,80.2,83.5,177.1,202.4,199.5,111.2,144.8,56.7,5.0,1087.4,1087.3000000000002,690.2,0.6348,1067.1633333333334,716.3666666666667,0.6708633333333334
SOUTH INTERIOR KARNATAKA,2012,4.6,5.5,8.1,99.0,45.6,81.8,144.7,236.5,100.6,62.8,82.6,6.2,877.8,878.0,563.6,0.6419,1067.1633333333334,716.3666666666667,0.6708633333333334
SOUTH INTERIOR KARNATAKA,2013,0.5,10.1,11.7,34.6,95.6,176.2,307.4,151.7,191.8,103.7,24.9,2.4,1110.7,1110.6000000000001,827.0999999999999,0.7447,1067.1633333333334,716.3666666666667,0.6708633333333334
SOUTH INTERIOR KARNATAKA,2014,0.4,2.4,17.7,46.7,130.5,106.8,271.6,254.6,161.6,152.9,20.2,18.7,1184.2,1184.1000000000001,794.6,0.6711,1067.1633333333334,716.3666666666667,0.6708633333333334
SOUTH INTERIOR KARNATAKA,2015,1.7,0.2,24.4,80.5,125.3,218.7,112.0,136.6,164.5,106.1,138.1,4.4,1112.5,1112.5,631.8,0.5679,1067.1633333333334,716.3666666666667,0.6708633333333334
KERALA,1901,28.7,44.7,51.6,160.0,174.7,824.6,743.0,357.5,197.7,266.9,350.8,48.4,3248.6,3248.6000000000004,2122.7999999999997,0.6535,2823.96,1938.1366666666665,0.6839166666666666
KERALA,1902,6.7,2.6,57.3,83.9,134.5,390.9,1205.0,315.8,491.6,358.4,158.3,121.5,3326.6,3326.5000000000005,2403.3,0.7225,2823.96,1938.1366666666665,0.6839166666666666
KERALA,1903,3.2,18.6,3.1,83.6,249.7,558.6,1022.5,420.2,341.8,354.1,157.0,59.0,3271.2,3271.4,2343.1,0.7162,2823.96,1938.1366666666665,0.6839166666666666
KERALA,1904,23.7,3.0,32.2,71.5,235.7,1098.2,725.5,351.8,222.7,328.1,33.9,3.3,3129.7,3129.6000000000004,2398.2,0.7663,2823.96,1938.1366666666665,0.6839166666666666
KERALA,1905,1.2,22.3,9.4,105.9,263.3,850.2,520.5,293.6,217.2,383.5,74.4,0.2,2741.6,2741.7,1881.5000000000002,0.6863,2823.96,1938.1366666666665,0.6839166666666666
KERALA,1906,26.7,7.4,9.9,59.4,160.8,414.9,954.2,442.8,131.2,251.7,163.1,86.0,2708.0,2708.1,1943.1,0.7175,2823.96,1938.1366666666665,0.6839166666666666
KERALA,1907,18.8,4.8,55.7,170.8,101.4,770.9,760.4,981.5,225.0,309.7,219.1,52.8,3671.1,3670.9,2737.8,0.7458,2823.96,1938.1366666666665,0.6839166666666666
KERALA,1908,8.0,20.8,38.2,102.9,142.6,592.6,902.2,352.9,175.9,253.3,47.9,11.0,2648.3,2648.3000000000006,2023.6000000000004,0.7641,2823.96,1938.1366666666665,0.6839166666666666
KERALA,1909,54.1,11.8,61.3,93.8,473.2,704.7,782.3,258.0,195.4,212.1,171.1,32.3,3050.2,3050.1,1940.4,0.6362,2823.96,1938.1366666666665,0.6839166666666666
KERALA,1910,2.7,25.7,23.3,124.5,148.8,680.0,484.1,473.8,248.6,356.6,280.4,0.1,2848.6,2848.6,1886.4999999999998,0.6623,2823.96,1938.1366666666665,0.6839166666666666
KERALA,1911,3.0,4.3,18.2,51.0,180.6,990.0,705.3,178.6,60.2,302.3,145.7,87.6,2726.7,2726.7999999999997,1934.1,0.7093,2823.96,1938.1366666666665,0.6839166666666666
KERALA,1912,1.9,15.0,11.2,122.7,217.3,948.2,833.6,534.4,136.8,469.5,138.7,22.0,3451.3,3451.3,2453.0000000000005,0.7107,2823.96,1938.1366666666665,0.6839166666666666
KERALA,1913,3.1,5.2,20.7,75.7,198.8,541.7,763.2,247.2,176.9,422.5,109.9,45.8,2610.8,2610.7000000000003,1729.0000000000002,0.6623,2823.96,1938.1366666666665,0.6839166666666666
KERALA,1914,0.7,6.8,18.1,32.7,164.2,565.3,857.7,402.2,241.0,374.4,100.9,135.2,2899.1,2899.2,2066.2,0.7127,2823.96,1938.1366666666665,0.6839166666666666
KERALA,1915,16.9,23.5,42.7,106.0,154.5,696.1,775.6,298.8,396.6,196.6,302.5,14.9,3024.5,3024.7000000000003,2167.1,0.7165,2823.96,1938.1366666666665,0.6839166666666666
KERALA,1916,0.0,7.8,22.0,82.4,199.0,920.2,513.9,396.9,339.3,320.7,134.3,8.9,2945.3,2945.4000000000005,2170.3,0.7368,2823.96,1938.1366666666665,0.6839166666666666
KERALA,1917,2.9,47.6,79.4,38.1,122.9,703.7,342.7,335.1,470.3,264.1,256.4,41.6,2704.8,2704.8,1851.8,0.6846,2823.96,1938.1366666666665,0.6839166666666666
KERALA,1918,42.9,5.0,32.8,51.3,683.0,464.3,167.5,376.0,96.4,233.2,295.4,54.1,2501.9,2501.9,1104.2,0.4413,2823.96,1938.1366666666665,0.6839166666666666
KERALA,1919,43.0,6.1,33.9,65.9,247.0,636.8,648.0,484.2,255.9,249.2,280.1,53.0,3003.3,3003.0999999999995,2024.9,0.6743,2823.96,1938.1366666666665,0.6839166666666666
KERALA,1920,35.2,5.5,24.1,172.0,87.7,964.3,940.8,235.0,178.0,350.1,302.3,8.2,3303.1,3303.2,2318.1,0.7018,2823.96,1938.1366666666665,0.6839166666666666
KERALA,1921,43.0,4.7,15.0,171.3,104.1,489.1,639.8,641.9,156.7,302.4,136.2,15.8,2719.9,2720.0,1927.5000000000002,0.7086,2823.96,1938.1366666666665,0.6839166666666666
KERALA,1922,30.5,21.4,16.3,89.6,293.6,663.1,1025.1,320.6,222.4,266.3,293.7,25.1,3267.6,3267.7,2231.2,0.6828,2823.96,1938.1366666666665,0.6839166666666666
KERALA,1923,24.7,0.7,78.9,43.5,80.0,722.5,1008.7,943.0,254.3,203.1,83.9,41.6,3484.7,3484.9,2928.5,0.8403,2823.96,1938.1366666666665,0.6839166666666666
KERALA,1924,19.3,2.9,66.6,111.0,185.4,1011.7,1526.5,624.0,289.1,176.5,162.9,50.4,4226.4,4226.299999999999,3451.2999999999997,0.8166,2823.96,1938.1366666666665,0.6839166666666666
KERALA,1925,4.1,16.5,76.9,93.4,258.2,688.8,593.5,554.1,158.8,295.4,223.7,98.8,3062.1,3062.2000000000003,1995.2,0.6516,2823.96,1938.1366666666665,0.6839166666666666
KERALA,1926,28.6,5.8,23.1,55.8,222.6,563.9,885.2,536.0,322.7,216.7,88.8,16.2,2965.4,2965.3999999999996,2307.7999999999997,0.7782,2823.96,1938.1366666666665,0.6839166666666666
KERALA,1927,18.8,35.3,49.6,86.5,265.4,720.2,888.2,315.0,335.6,135.8,137.6,6.8,2994.7,2994.8,2259.0,0.7543,2823.96,1938.1366666666665,0.6839166666666666
KERALA,1928,12.7,65.9,51.3,121.1,81.9,590.7,420.6,553.2,75.9,321.5,155.2,52.7,2502.8,2502.7,1640.4,0.6555,2823.96,1938.1366666666665,0.6839166666666666
KERALA,1929,12.8,29.8,58.9,210.7,148.0,946.6,844.0,293.9,268.9,350.4,158.2,39.4,3361.6,3361.6000000000004,2353.4,0.7001,2823.96,1938.1366666666665,0.6839166666666666
KERALA,1930,10.8,10.8,39.0,102.7,404.9,633.1,401.7,273.4,411.5,433.9,207.0,89.2,3018.0,3018.0,1719.6999999999998,0.5698,2823.96,1938.1366666666665,0.6839166666666666
KERALA,1931,3.3,0.3,19.2,126.9,131.7,541.7,653.9,1199.2,163.2,149.3,164.3,106.5,3259.6,3259.5,2558.0,0.7848,2823.96,1938.1366666666665,0.6839166666666666
KERALA,1932,0.1,19.3,28.6,113.0,646.5,341.0,716.4,423.2,317.3,543.2,223.2,31.3,3403.0,3403.1000000000004,1797.9,0.5283,2823.96,1938.1366666666665,0.6839166666666666
KERALA,1933,1.0,9.3,36.9,139.5,738.8,859.3,773.4,479.5,469.7,397.0,126.1,42.3,4072.9,4072.7999999999997,2581.8999999999996,0.6339,2823.96,1938.1366666666665,0.6839166666666666
KERALA,1934,74.5,1.7,47.7,92.4,106.7,852.9,415.0,337.2,48.4,335.9,93.4,4.9,2410.7,2410.7000000000003,1653.5000000000002,0.6859,2823.96,1938.1366666666665,0.6839166666666666
KERALA,1935,23.9,8.3,18.1,120.7,56.6,431.3,687.3,280.9,283.3,403.8,153.0,30.9,2498.2,2498.1,1682.8,0.6736,2823.96,1938.1366666666665,0.6839166666666666
KERALA,1936,1.2,16.5,116.0,34.0,466.5,620.8,672.1,367.9,286.7,231.7,211.1,18.6,3043.3,3043.0999999999995,1947.5000000000002,0.64,2823.96,1938.1366666666665,0.6839166666666666
KERALA,1937,6.5,21.2,58.7,175.5,137.1,485.6,970.5,281.2,139.8,401.9,121.0,19.1,2818.2,2818.1,1877.1,0.6661,2823.96,1938.1366666666665,0.6839166666666666
KERALA,1938,0.3,79.0,53.3,164.5,179.6,681.6,648.6,287.9,223.2,223.7,69.5,22.9,2634.1,2634.1,1841.3,0.699,2823.96,1938.1366666666665,0.6839166666666666
KERALA,1939,13.6,3.6,24.9,172.8,105.1,625.8,749.6,459.9,134.1,339.8,298.1,10.2,2937.5,2937.5,1969.4,0.6704,2823.96,1938.1366666666665,0.6839166666666666
KERALA,1940,0.6,1.5,3.8,126.5,217.4,606.4,877.3,610.8,68.2,257.7,287.5,60.1,3117.8,3117.7999999999997,2162.7,0.6937,2823.96,1938.1366666666665,0.6839166666666666
KERALA,1941,15.9,4.6,12.7,101.9,417.5,797.6,517.9,458.5,257.9,221.6,220.5,84.6,3111.1,3111.2,2031.9,0.6531,2823.96,1938.1366666666665,0.6839166666666666
KERALA,1942,2.4,4.7,23.2,180.3,191.9,813.6,828.8,329.3,99.8,374.4,84.7,117.9,3050.9,3051.0,2071.5,0.679,2823.96,1938.1366666666665,0.6839166666666666
KERALA,1943,83.5,14.6,38.4,107.5,478.4,794.5,831.6,183.3,257.6,427.2,223.4,24.3,3464.2,3464.3,2067.0,0.5967,2823.96,1938.1366666666665,0.6839166666666666
KERALA,1944,6.4,26.6,61.6,61.6,212.7,498.9,614.1,230.7,155.0,289.0,244.1,89.2,2490.0,2489.9,1498.7,0.6019,2823.96,1938.1366666666665,0.6839166666666666
KERALA,1945,4.4,9.9,12.7,104.1,53.4,549.8,704.0,351.8,110.9,253.8,259.5,18.0,2432.4,2432.3,1716.5,0.7057,2823.96,1938.1366666666665,0.6839166666666666
KERALA,1946,1.8,5.4,108.4,139.8,83.0,919.0,671.7,695.6,199.4,266.1,273.0,202.3,3565.5,3565.5000000000005,2485.7000000000003,0.6972,2823.96,1938.1366666666665,0.6839166666666666
KERALA,1947,22.2,27.3,98.0,142.2,85.7,556.1,669.3,739.6,394.5,183.7,32.4,47.0,2998.1,2998.0,2359.5,0.787,2823.96,1938.1366666666665,0.6839166666666666
KERALA,1948,43.0,8.3,48.2,125.0,212.3,910.2,619.0,487.9,166.6,183.9,215.6,19.2,3039.2,3039.2,2183.7,0.7185,2823.96,1938.1366666666665,0.6839166666666666
KERALA,1949,0.6,1.8,4.5,98.1,440.0,536.3,758.7,445.2,354.5,229.1,71.9,1.8,2942.6,2942.5,2094.7,0.7119,2823.96,1938.1366666666665,0.6839166666666666
KERALA,1950,0.1,53.7,31.1,68.5,242.0,638.3,905.7,387.3,411.6,250.4,149.2,8.8,3146.6,3146.7,2342.9,0.7446,2823.96,1938.1366666666665,0.6839166666666666
KERALA,1951,6.6,6.5,41.6,175.9,148.5,774.1,544.6,190.6,313.8,250.6,229.6,23.2,2705.5,2705.6,1823.1,0.6738,2823.96,1938.1366666666665,0.6839166666666666
KERALA,1952,5.2,48.2,20.8,112.2,214.6,576.7,430.0,413.6,57.4,339.6,49.6,66.9,2334.8,2334.8,1477.7000000000003,0.6329,2823.96,1938.1366666666665,0.6839166666666666
KERALA,1953,13.1,22.6,18.5,132.4,55.4,340.5,1027.6,356.4,100.5,410.5,62.2,5.1,2544.9,2544.7999999999997,1825.0,0.7171,2823.96,1938.1366666666665,0.6839166666666666
KERALA,1954,23.5,2.8,90.6,136.9,179.5,798.3,640.5,467.0,201.6,303.1,31.6,62.5,2938.0,2937.8999999999996,2107.4,0.7173,2823.96,1938.1366666666665,0.6839166666666666
KERALA,1955,4.2,6.3,28.2,125.9,544.2,782.4,392.8,236.0,438.5,378.2,178.1,19.8,3134.7,3134.6,1849.7,0.5901,2823.96,1938.1366666666665,0.6839166666666666
KERALA,1956,7.9,11.7,15.1,151.6,351.3,755.4,466.8,319.5,178.4,353.3,178.2,9.1,2798.4,2798.3,1720.1000000000001,0.6147,2823.96,1938.1366666666665,0.6839166666666666
KERALA,1957,1.2,16.0,25.7,70.2,381.2,872.0,835.3,358.8,41.3,280.1,192.5,28.9,3103.3,3103.2000000000003,2107.4,0.6791,2823.96,1938.1366666666665,0.6839166666666666
KERALA,1958,4.4,19.3,57.3,135.1,353.5,713.3,622.7,526.6,86.1,191.0,206.1,7.7,2923.1,2923.1,1948.6999999999998,0.6667,2823.96,1938.1366666666665,0.6839166666666666
KERALA,1959,3.0,21.4,6.3,150.7,347.2,872.8,1155.7,397.3,405.5,200.4,151.9,34.0,3746.0,3746.2000000000003,2831.3,0.7558,2823.96,1938.1366666666665,0.6839166666666666
KERALA,1960,9.4,8.4,44.4,206.6,540.0,480.3,750.9,336.8,371.2,255.9,358.0,23.7,3385.5,3385.6,1939.2,0.5728,2823.96,1938.1366666666665,0.6839166666666666
KERALA,1961,13.7,31.3,11.4,94.1,500.5,1005.2,1146.5,678.3,399.3,274.2,85.9,17.5,4257.8,4257.9,3229.3,0.7584,2823.96,1938.1366666666665,0.6839166666666666
KERALA,1962,28.4,54.7,39.6,95.1,472.4,244.9,951.1,510.7,394.9,475.6,31.5,76.9,3375.8,3375.7999999999997,2101.6,0.6225,2823.96,1938.1366666666665,0.6839166666666666
KERALA,1963,30.2,24.8,69.8,96.3,157.1,393.3,720.2,511.0,223.9,282.6,93.4,48.4,2651.1,2651.0,1848.4,0.6972,2823.96,1938.1366666666665,0.6839166666666666
KERALA,1964,1.1,7.8,67.2,83.3,94.8,379.4,754.2,548.0,398.2,325.7,191.7,17.8,2869.1,2869.2,2079.7999999999997,0.7249,2823.96,1938.1366666666665,0.6839166666666666
KERALA,1965,9.1,0.9,28.3,109.8,214.5,597.7,465.1,296.1,150.1,183.7,131.7,155.5,2342.4,2342.4999999999995,1509.0,0.6442,2823.96,1938.1366666666665,0.6839166666666666
KERALA,1966,3.0,6.9,67.7,167.4,95.2,496.2,601.9,202.1,293.2,392.3,245.4,50.5,2621.7,2621.8,1593.3999999999999,0.6078,2823.96,1938.1366666666665,0.6839166666666666
KERALA,1967,14.3,0.1,24.6,70.1,244.9,541.7,741.4,508.4,145.8,172.7,74.0,31.1,2569.1,2569.1,1937.3,0.7541,2823.96,1938.1366666666665,0.6839166666666666
KERALA,1968,7.3,30.5,89.2,133.3,90.0,696.4,1308.9,380.7,325.4,178.9,119.4,32.7,3392.7,3392.7000000000003,2711.4,0.7992,2823.96,1938.1366666666665,0.6839166666666666
KERALA,1969,2.7,6.4,19.4,117.2,227.4,550.5,818.8,284.8,216.4,235.6,119.4,66.3,2665.0,2664.9,1870.5,0.7019,2823.96,1938.1366666666665,0.6839166666666666
KERALA,1970,12.9,17.6,25.8,132.7,289.1,535.3,558.1,554.8,212.5,278.3,80.5,5.7,2703.5,2703.3,1860.7,0.6883,2823.96,1938.1366666666665,0.6839166666666666
KERALA,1971,31.6,18.5,20.0,113.0,317.5,889.6,648.6,385.2,331.2,220.9,38.3,62.3,3076.8,3076.7000000000003,2254.6,0.7328,2823.96,1938.1366666666665,0.6839166666666666
KERALA,1972,2.6,7.5,2.5,87.5,436.0,401.8,714.4,294.9,185.7,351.5,140.5,114.3,2739.4,2739.2000000000003,1596.8,0.5829,2823.96,1938.1366666666665,0.6839166666666666
KERALA,1973,0.0,0.3,12.3,131.5,119.9,617.0,583.5,487.5,61.3,260.8,84.5,53.8,2412.5,2412.4,1749.3,0.7251,2823.96,1938.1366666666665,0.6839166666666666
KERALA,1974,1.6,5.4,16.0,128.0,221.5,266.9,1004.2,533.6,383.6,142.1,61.0,3.6,2767.4,2767.4999999999995,2188.2999999999997,0.7907,2823.96,1938.1366666666665,0.6839166666666666
KERALA,1975,5.2,21.4,63.4,123.8,162.2,864.4,531.3,675.9,457.7,368.9,204.3,19.9,3498.4,3498.4,2529.2999999999997,0.723,2823.96,1938.1366666666665,0.6839166666666666
KERALA,1976,0.1,1.5,21.0,134.5,75.8,196.8,641.5,342.6,116.2,221.3,286.7,30.8,2068.8,2068.8,1297.1000000000001,0.627,2823.96,1938.1366666666665,0.6839166666666666
KERALA,1977,1.1,15.7,28.3,102.3,306.4,599.6,753.3,234.2,201.3,437.0,361.7,6.7,3047.6,3047.6,1788.4,0.5868,2823.96,1938.1366666666665,0.6839166666666666
KERALA,1978,3.3,14.7,31.4,73.9,396.8,758.1,686.7,516.8,119.4,171.0,365.6,39.0,3176.7,3176.7,2081.0,0.6551,2823.96,1938.1366666666665,0.6839166666666666
KERALA,1979,2.4,30.0,11.7,42.0,127.7,582.9,662.2,383.7,211.7,163.8,261.7,23.3,2503.0,2503.1000000000004,1840.5,0.7353,2823.96,1938.1366666666665,0.6839166666666666
KERALA,1980,0.0,0.9,20.8,114.8,105.3,745.9,754.0,438.1,139.5,282.3,162.3,39.5,2803.4,2803.4000000000005,2077.5,0.7411,2823.96,1938.1366666666665,0.6839166666666666
KERALA,1981,7.0,6.8,28.5,75.9,166.3,912.4,489.8,495.6,376.6,265.0,138.6,43.3,3005.9,3005.8,2274.4,0.7567,2823.96,1938.1366666666665,0.6839166666666666
KERALA,1982,0.7,0.1,21.9,60.4,148.2,612.2,511.5,495.0,70.6,164.4,127.5,10.8,2223.3,2223.3,1689.3,0.7598,2823.96,1938.1366666666665,0.6839166666666666
KERALA,1983,0.2,1.5,0.9,13.1,76.0,322.8,583.2,579.9,421.1,136.2,116.5,69.1,2320.3,2320.4999999999995,1907.0,0.8218,2823.96,1938.1366666666665,0.6839166666666666
KERALA,1984,36.8,60.0,95.3,162.1,84.6,842.6,653.6,284.4,171.1,286.0,67.7,18.0,2762.1,2762.2,1951.6999999999998,0.7066,2823.96,1938.1366666666665,0.6839166666666666
KERALA,1985,61.2,6.1,29.3,66.6,254.2,828.7,388.9,315.3,117.6,204.0,74.9,44.0,2390.5,2390.8,1650.4999999999998,0.6904,2823.96,1938.1366666666665,0.6839166666666666
KERALA,1986,5.6,18.7,11.2,63.1,126.7,597.9,324.8,340.3,235.4,165.5,194.7,9.5,2093.2,2093.4,1498.4,0.7158,2823.96,1938.1366666666665,0.6839166666666666
KERALA,1987,0.6,0.8,4.3,57.2,108.3,572.6,221.0,396.6,157.0,272.1,216.0,131.1,2137.6,2137.6,1347.2,0.6302,2823.96,1938.1366666666665,0.6839166666666666
KERALA,1988,0.8,17.5,38.1,177.6,157.2,511.3,502.8,379.8,451.7,68.5,67.0,31.1,2403.5,2403.3999999999996,1845.6000000000001,0.7679,2823.96,1938.1366666666665,0.6839166666666666
KERALA,1989,10.3,0.0,30.1,141.5,169.4,657.5,450.7,285.5,271.1,308.0,92.9,5.6,2422.7,2422.6,1664.8000000000002,0.6872,2823.96,1938.1366666666665,0.6839166666666666
KERALA,1990,14.9,4.8,18.0,41.8,488.5,528.6,635.4,370.8,103.3,323.2,158.8,5.2,2693.1,2693.3,1638.1,0.6082,2823.96,1938.1366666666665,0.6839166666666666
KERALA,1991,10.9,4.4,33.2,97.0,113.4,1096.1,905.5,465.5,48.5,307.8,99.9,2.3,3184.5,3184.5000000000005,2515.6,0.79,2823.96,1938.1366666666665,0.6839166666666666
KERALA,1992,2.4,0.9,0.1,43.0,218.4,819.3,767.8,508.0,297.5,290.7,287.6,3.7,3239.5,3239.399999999999,2392.6,0.7386,2823.96,1938.1366666666665,0.6839166666666666
KERALA,1993,0.0,17.8,20.1,66.5,159.0,657.1,776.1,301.9,88.0,431.2,153.8,46.2,2717.7,2717.7,1823.1,0.6708,2823.96,1938.1366666666665,0.6839166666666666
KERALA,1994,24.3,27.1,18.1,154.5,141.3,845.0,955.5,479.9,212.6,428.4,117.6,6.5,3410.8,3410.8,2493.0,0.7309,2823.96,1938.1366666666665,0.6839166666666666
KERALA,1995,10.3,6.5,37.3,134.9,355.6,493.4,702.5,457.3,280.0,198.3,182.6,0.1,2858.8,2858.8,1933.2,0.6762,2823.96,1938.1366666666665,0.6839166666666666
KERALA,1996,2.8,9.1,14.4,124.3,74.3,572.4,696.0,327.4,342.7,294.1,89.9,62.5,2610.0,2609.8999999999996,1938.5000000000002,0.7427,2823.96,1938.1366666666665,0.6839166666666666
KERALA,1997,2.1,1.5,36.1,60.6,133.6,544.2,970.5,536.0,292.2,288.9,298.4,88.4,3252.4,3252.5,2342.8999999999996,0.7203,2823.96,1938.1366666666665,0.6839166666666666
KERALA,1998,6.0,2.1,8.1,61.1,151.6,732.5,641.4,371.8,517.6,444.8,135.0,79.4,3151.5,3151.4,2263.3,0.7182,2823.96,1938.1366666666665,0.6839166666666666
KERALA,1999,1.8,23.8,21.4,111.6,453.2,607.3,700.4,266.3,88.0,567.9,68.1,4.9,2914.6,2914.7000000000003,1661.9999999999998,0.5702,2823.96,1938.1366666666665,0.6839166666666666
KERALA,2000,11.7,57.8,21.5,96.3,124.5,633.8,343.2,566.5,195.8,214.2,78.1,69.1,2412.6,2412.4999999999995,1739.3,0.721,2823.96,1938.1366666666665,0.6839166666666666
KERALA,2001,16.5,28.3,7.0,238.0,238.6,715.3,598.5,361.3,216.8,319.6,181.0,10.1,2931.1,2931.0,1891.8999999999999,0.6455,2823.96,1938.1366666666665,0.6839166666666666
KERALA,2002,4.7,8.7,35.7,117.3,330.8,503.1,318.7,438.2,99.0,511.7,137.5,2.1,2507.4,2507.5,1359.0,0.542,2823.96,1938.1366666666665,0.6839166666666666
KERALA,2003,0.7,50.9,82.1,134.4,91.0,566.7,532.0,350.3,93.6,407.0,76.4,9.7,2394.9,2394.7999999999997,1542.6,0.6441,2823.96,1938.1366666666665,0.6839166666666666
KERALA,2004,2.4,8.1,37.9,113.2,610.9,673.4,385.4,417.9,192.8,320.6,120.7,2.7,2886.1,2886.0,1669.4999999999998,0.5785,2823.96,1938.1366666666665,0.6839166666666666
KERALA,2005,19.8,7.0,25.3,205.9,134.8,619.2,832.7,291.0,414.7,240.1,184.3,56.4,3031.1,3031.2,2157.6,0.7118,2823.96,1938.1366666666665,0.6839166666666666
KERALA,2006,8.1,0.5,90.7,65.3,521.2,482.4,804.0,432.6,474.8,376.4,162.8,1.8,3420.6,3420.600000000001,2193.8,0.6413,2823.96,1938.1366666666665,0.6839166666666666
KERALA,2007,0.5,5.6,7.3,138.5,192.7,705.9,966.3,489.6,526.7,357.2,87.4,11.9,3489.6,3489.6000000000004,2688.5,0.7704,2823.96,1938.1366666666665,0.6839166666666666
KERALA,2008,0.8,30.3,217.2,108.4,81.2,469.9,505.1,349.0,347.0,343.4,55.4,17.0,2524.5,2524.7000000000003,1671.0,0.6619,2823.96,1938.1366666666665,0.6839166666666666
KERALA,2009,3.3,1.5,62.6,69.0,191.6,438.2,924.9,269.3,326.5,205.2,274.4,44.2,2810.6,2810.6999999999994,1958.8999999999999,0.6969,2823.96,1938.1366666666665,0.6839166666666666
KERALA,2010,18.6,1.0,31.4,138.9,190.6,667.5,629.0,356.0,275.6,441.4,335.1,46.8,3131.8,3131.9,1928.1,0.6156,2823.96,1938.1366666666665,0.6839166666666666
KERALA,2011,20.5,45.7,24.1,165.2,124.2,788.5,536.8,492.7,391.2,227.2,169.7,49.5,3035.1,3035.2999999999993,2209.2,0.7278,2823.96,1938.1366666666665,0.6839166666666666
KERALA,2012,7.4,11.0,21.0,171.1,95.3,430.3,362.6,501.6,241.1,187.5,112.9,9.4,2151.1,2151.2000000000003,1535.6,0.7138,2823.96,1938.1366666666665,0.6839166666666666
KERALA,2013,3.9,40.1,49.9,49.3,119.3,1042.7,830.2,369.7,318.6,259.9,154.9,17.0,3255.4,3255.5,2561.2,0.7867,2823.96,1938.1366666666665,0.6839166666666666
KERALA,2014,4.6,10.3,17.9,95.7,251.0,454.4,677.8,733.9,298.8,355.5,99.5,47.2,3046.4,3046.6,2164.9,0.7106,2823.96,1938.1366666666665,0.6839166666666666
KERALA,2015,3.1,5.8,50.1,214.1,201.8,563.6,406.0,252.2,292.9,308.1,223.6,79.4,2600.6,2600.7,1514.6999999999998,0.5824,2823.96,1938.1366666666665,0.6839166666666666
LAKSHADWEEP,1901,22.6,86.4,114.8,263.8,37.3,459.0,0.0,0.0,46.7,183.7,229.9,15.0,1459.2,1459.2,505.7,0.3466,1580.8033333333333,1022.9799999999999,0.6464766666666667
LAKSHADWEEP,1902,99.3,9.6,32.6,40.4,179.1,374.2,413.3,170.0,214.3,384.2,192.8,49.0,2158.8,2158.8,1171.8,0.5428,1580.8033333333333,1022.9799999999999,0.6464766666666667
LAKSHADWEEP,1903,63.5,95.0,0.0,29.5,144.1,212.4,261.8,202.0,292.1,79.1,109.19999999999999,41.5,1557.4,1530.2,968.3000000000001,0.6328,1580.8033333333333,1022.9799999999999,0.6464766666666667
LAKSHADWEEP,1904,0.0,0.0,13.5,13.2,143.3,261.3,256.0,38.9,219.9,153.6,8.3,68.9,1176.9,1176.8999999999999,776.0999999999999,0.6594,1580.8033333333333,1022.9799999999999,0.6464766666666667
LAKSHADWEEP,1905,62.4,0.0,0.0,0.0,166.7,400.7,68.7,377.5,107.5,232.1,159.3,0.0,1574.9,1574.8999999999999,954.4,0.606,1580.8033333333333,1022.9799999999999,0.6464766666666667
LAKSHADWEEP,1906,17.8,0.0,24.4,33.8,213.0,465.0,348.6,260.5,25.9,252.3,106.5,63.8,1811.6,1811.6,1100.0,0.6072,1580.8033333333333,1022.9799999999999,0.6464766666666667
LAKSHADWEEP,1907,60.6,49.3,0.0,123.5,77.0,241.1,199.5,165.6,25.8,176.3,292.7,47.4,1458.8,1458.8000000000002,632.0,0.4332,1580.8033333333333,1022.9799999999999,0.6464766666666667
LAKSHADWEEP,1908,18.0,9.2,5.6,162.0,150.9,471.7,184.9,73.9,437.0,251.2,98.0,96.7,1959.1,1959.1000000000001,1167.5,0.5959,1580.8033333333333,1022.9799999999999,0.6464766666666667
LAKSHADWEEP,1909,70.4,0.0,34.2,92.4,48.4,204.0,122.4,368.8,105.1,340.5,45.0,32.3,1463.5,1463.4999999999998,800.3000000000001,0.5468,1580.8033333333333,1022.9799999999999,0.6464766666666667
LAKSHADWEEP,1910,2.3,0.0,32.8,34.3,201.1,340.4,155.2,292.4,301.8,317.1,171.8,0.0,1849.2,1849.2,1089.8,0.5893,1580.8033333333333,1022.9799999999999,0.6464766666666667
LAKSHADWEEP,1911,22.4,0.0,0.0,0.0,104.2,425.3,245.5,60.3,67.9,316.1,276.0,170.0,1687.7,1687.6999999999998,798.9999999999999,0.4734,1580.8033333333333,1022.9799999999999,0.6464766666666667
LAKSHADWEEP,1912,11.4,54.6,8.1,118.6,165.1,417.8,171.7,152.2,68.9,267.8,126.2,92.5,1654.9,1654.9,810.6,0.4898,1580.8033333333333,1022.9799999999999,0.6464766666666667
LAKSHADWEEP,1913,77.0,1.8,50.3,53.4,244.0,251.8,215.5,235.5,38.6,154.3,111.4,84.9,1518.5,1518.5,741.4,0.4882,1580.8033333333333,1022.9799999999999,0.6464766666666667
LAKSHADWEEP,1914,10.4,0.0,53.3,10.2,120.7,377.1,347.5,220.4,26.5,437.0,172.0,258.9,2034.0,2034.0,971.5,0.4776,1580.8033333333333,1022.9799999999999,0.6464766666666667
LAKSHADWEEP,1915,0.0,0.0,22.9,50.5,143.3,183.4,461.6,76.0,222.1,151.6,155.8,78.3,1545.5,1545.4999999999998,943.1,0.6102,1580.8033333333333,1022.9799999999999,0.6464766666666667
LAKSHADWEEP,1916,0.3,13.2,32.0,28.7,130.5,327.6,445.9,31.8,275.4,85.2,17.5,10.4,1398.5,1398.5,1080.6999999999998,0.7728,1580.8033333333333,1022.9799999999999,0.6464766666666667
LAKSHADWEEP,1917,13.0,68.6,5.300000000000001,32.45,147.15,326.15,277.0,198.10000000000002,156.0,155.4,109.19999999999999,41.5,1557.4,1529.8500000000001,957.25,0.6257,1580.8033333333333,1022.9799999999999,0.6464766666666667
LAKSHADWEEP,1919,74.4,1.3,39.4,25.6,249.8,352.1,367.4,175.6,196.9,181.0,150.2,112.8,1926.5,1926.5,1092.0,0.5668,1580.8033333333333,1022.9799999999999,0.6464766666666667
LAKSHADWEEP,1920,82.6,4.1,35.6,49.4,203.1,530.0,134.2,116.9,247.6,258.8,359.6,33.1,1557.4,2055.0,1028.7,0.5006,1580.8033333333333,1022.9799999999999,0.6464766666666667
LAKSHADWEEP,1921,37.6,0.0,16.8,82.4,156.3,326.2,163.7,235.5,156.0,170.3,110.3,93.0,1557.4,1548.1,881.4,0.5693,1580.8033333333333,1022.9799999999999,0.6464766666666667
LAKSHADWEEP,1922,17.8,56.7,0.0,214.1,112.8,232.9,258.0,190.4,425.2,152.7,210.0,57.9,1928.5,1928.5000000000002,1106.5,0.5738,1580.8033333333333,1022.9799999999999,0.6464766666666667
LAKSHADWEEP,1923,43.7,1.6,25.0,0.0,13.5,372.8,314.6,198.9,189.3,149.7,65.2,197.9,1572.2,1572.2000000000003,1075.6000000000001,0.6841,1580.8033333333333,1022.9799999999999,0.6464766666666667
LAKSHADWEEP,1924,23.8,1.0,4.7,57.6,224.9,567.3,339.2,396.4,236.8,96.5,15.2,8.6,1972.0,1972.0,1539.7,0.7808,1580.8033333333333,1022.9799999999999,0.6464766666666667
LAKSHADWEEP,1925,2.3,7.5,15.5,32.6,244.2,327.5,192.3,295.3,63.5,109.3,144.9,242.0,1676.9,1676.9,878.5999999999999,0.5239,1580.8033333333333,1022.9799999999999,0.6464766666666667
LAKSHADWEEP,1926,262.8,16.0,33.6,60.2,335.8,392.0,303.9,118.2,97.2,83.4,119.3,13.8,1836.2,1836.2000000000003,911.3000000000001,0.4963,1580.8033333333333,1022.9799999999999,0.6464766666666667
LAKSHADWEEP,1927,108.2,14.7,40.7,40.4,229.0,181.2,277.0,42.0,256.0,155.4,109.19999999999999,41.5,1557.4,1495.3000000000002,756.2,0.5057,1580.8033333333333,1022.9799999999999,0.6464766666666667
LAKSHADWEEP,1928,42.5,66.6,5.300000000000001,1.4,212.3,206.9,268.8,174.9,53.8,124.1,116.3,139.3,1557.4,1412.1999999999998,704.4,0.4988,1580.8033333333333,1022.9799999999999,0.6464766666666667
LAKSHADWEEP,1929,6.1,66.6,49.5,91.0,248.0,259.3,452.7,34.2,186.3,100.2,109.19999999999999,28.8,1557.4,1631.9,932.5,0.5714,1580.8033333333333,1022.9799999999999,0.6464766666666667
LAKSHADWEEP,1930,14.0,24.6,14.2,0.0,110.6,277.5,115.5,186.4,193.0,170.6,79.6,72.4,1258.4,1258.3999999999999,772.4,0.6138,1580.8033333333333,1022.9799999999999,0.6464766666666667
LAKSHADWEEP,1931,13.0,0.0,0.0,28.5,194.6,262.0,290.4,347.9,167.1,102.0,118.3,96.1,1557.4,1619.8999999999999,1067.3999999999999,0.6589,1580.8033333333333,1022.9799999999999,0.6464766666666667
LAKSHADWEEP,1932,0.0,0.2,4.8,0.4,372.6,239.4,435.0,286.7,63.5,256.3,178.1,56.7,1893.7,1893.7,1024.6,0.5411,1580.8033333333333,1022.9799999999999,0.6464766666666667
LAKSHADWEEP,1933,6.1,34.5,16.5,44.5,660.8,200.3,366.0,334.8,390.0,157.9,85.1,17.6,2314.1,2314.1,1291.1,0.5579,1580.8033333333333,1022.9799999999999,0.6464766666666667
LAKSHADWEEP,1934,122.3,5.7,5.1,30.8,37.4,305.1,197.1,71.4,76.3,161.5,74.9,0.3,1087.9,1087.8999999999999,649.9,0.5974,1580.8033333333333,1022.9799999999999,0.6464766666666667
LAKSHADWEEP,1935,9.2,7.7,0.0,41.1,15.8,351.8,309.1,277.5,136.4,142.8,145.4,92.4,1529.2,1529.2000000000003,1074.8000000000002,0.7029,1580.8033333333333,1022.9799999999999,0.6464766666666667
LAKSHADWEEP,1936,0.5,1.0,41.1,18.8,354.8,464.2,177.1,161.1,219.1,70.1,177.1,59.2,1744.1,1744.0999999999997,1021.5,0.5857,1580.8033333333333,1022.9799999999999,0.6464766666666667
LAKSHADWEEP,1937,8.3,2.5,1.5,15.8,79.7,371.8,391.0,80.0,101.3,167.9,191.0,32.8,1443.6,1443.6000000000001,944.0999999999999,0.654,1580.8033333333333,1022.9799999999999,0.6464766666666667
LAKSHADWEEP,1938,6.8,6.3,8.0,74.0,113.8,145.4,230.3,385.8,132.8,113.3,210.8,120.3,1547.6,1547.5999999999997,894.3,0.5779,1580.8033333333333,1022.9799999999999,0.6464766666666667
LAKSHADWEEP,1939,9.0,0.5,0.0,2.5,20.3,412.7,220.1,248.0,47.0,114.6,126.8,5.8,1207.3,1207.3,927.8,0.7685,1580.8033333333333,1022.9799999999999,0.6464766666666667
LAKSHADWEEP,1940,14.8,0.4,0.0,19.2,61.4,292.5,267.2,242.0,36.4,237.7,194.3,40.8,1406.7,1406.6999999999998,838.1,0.5958,1580.8033333333333,1022.9799999999999,0.6464766666666667
LAKSHADWEEP,1941,44.4,16.5,2.7,1.0,227.6,213.3,142.0,182.4,138.5,78.1,72.9,44.0,1163.4,1163.4,676.2,0.5812,1580.8033333333333,1022.9799999999999,0.6464766666666667
LAKSHADWEEP,1942,40.0,3.8,15.1,69.1,154.1,539.7,346.6,207.3,90.1,120.5,39.2,160.7,1786.2,1786.2,1183.7,0.6627,1580.8033333333333,1022.9799999999999,0.6464766666666667
LAKSHADWEEP,1943,112.6,57.4,0.0,32.45,146.0,422.3,346.0,203.1,154.8,309.3,142.8,55.5,1557.4,1982.2499999999998,1126.2,0.5681,1580.8033333333333,1022.9799999999999,0.6464766666666667
LAKSHADWEEP,1944,25.4,67.9,5.8,16.6,174.5,261.4,247.3,99.1,272.6,175.9,234.9,86.7,1668.1,1668.1000000000004,880.4,0.5278,1580.8033333333333,1022.9799999999999,0.6464766666666667
LAKSHADWEEP,1945,16.8,1.3,0.0,0.9,54.2,362.0,341.0,148.8,42.8,132.8,155.1,65.6,1321.3,1321.2999999999997,894.5999999999999,0.6771,1580.8033333333333,1022.9799999999999,0.6464766666666667
LAKSHADWEEP,1946,15.7,1.5,9.5,32.0,147.15,326.15,277.0,198.10000000000002,156.0,155.4,109.19999999999999,41.5,1557.4,1469.2,957.25,0.6515,1580.8033333333333,1022.9799999999999,0.6464766666666667
LAKSHADWEEP,1947,20.1,9.1,24.3,140.2,87.9,364.8,303.6,504.6,168.8,74.2,28.4,29.9,1755.9,1755.9000000000003,1341.8,0.7642,1580.8033333333333,1022.9799999999999,0.6464766666666667
LAKSHADWEEP,1948,70.0,5.7,0.2,17.2,121.0,278.5,159.0,124.8,39.5,356.7,118.5,34.2,1325.3,1325.3,601.8,0.4541,1580.8033333333333,1022.9799999999999,0.6464766666666667
LAKSHADWEEP,1949,2.2,1.0,0.0,2.4,372.5,380.5,476.7,242.5,188.5,80.1,109.19999999999999,8.8,1557.4,1864.3999999999999,1288.2,0.6909,1580.8033333333333,1022.9799999999999,0.6464766666666667
LAKSHADWEEP,1950,8.5,38.7,25.1,69.9,158.6,203.1,405.0,266.5,135.3,52.7,31.0,99.7,1494.1,1494.1000000000001,1009.9000000000001,0.6759,1580.8033333333333,1022.9799999999999,0.6464766666666667
LAKSHADWEEP,1951,24.3,28.9,35.3,129.9,108.4,445.1,524.2,43.7,156.0,68.6,103.6,47.3,1715.3,1715.3,1169.0,0.6815,1580.8033333333333,1022.9799999999999,0.6464766666666667
LAKSHADWEEP,1952,21.3,11.2,0.8,11.6,152.4,343.5,157.9,79.6,38.3,273.0,12.2,22.7,1124.5,1124.5,619.3,0.5507,1580.8033333333333,1022.9799999999999,0.6464766666666667
LAKSHADWEEP,1953,10.4,40.8,9.3,35.0,15.3,205.8,537.0,69.4,125.5,452.4,95.6,9.7,1606.2,1606.2,937.6999999999999,0.5838,1580.8033333333333,1022.9799999999999,0.6464766666666667
LAKSHADWEEP,1954,74.1,0.0,14.6,39.8,122.3,375.2,259.5,232.9,123.5,256.2,34.1,23.3,1555.5,1555.5,991.1,0.6372,1580.8033333333333,1022.9799999999999,0.6464766666666667
LAKSHADWEEP,1955,11.4,39.1,0.0,105.4,235.2,345.5,215.4,63.2,302.5,155.9,61.2,13.5,1548.3,1548.3000000000002,926.6,0.5985,1580.8033333333333,1022.9799999999999,0.6464766666666667
LAKSHADWEEP,1956,13.6,27.7,1.3,40.8,269.5,356.1,109.8,91.6,148.0,175.6,48.5,4.9,1287.4,1287.4,705.5,0.548,1580.8033333333333,1022.9799999999999,0.6464766666666667
LAKSHADWEEP,1957,0.9,11.4,34.6,23.7,195.6,309.9,129.1,149.6,47.5,215.2,198.5,31.2,1347.2,1347.2,636.1,0.4722,1580.8033333333333,1022.9799999999999,0.6464766666666667
LAKSHADWEEP,1958,0.2,1.6,0.0,8.0,116.0,269.4,84.5,238.2,54.0,133.4,51.1,36.2,992.6,992.6,646.0999999999999,0.6509,1580.8033333333333,1022.9799999999999,0.6464766666666667
LAKSHADWEEP,1959,15.0,0.0,8.0,51.6,320.5,337.7,205.8,151.2,183.2,183.8,97.8,29.0,1583.6,1583.6,877.9000000000001,0.5544,1580.8033333333333,1022.9799999999999,0.6464766666666667
LAKSHADWEEP,1960,29.6,40.0,3.3,85.4,497.1,176.8,257.3,168.4,221.3,169.7,235.9,17.0,1901.8,1901.8000000000002,823.8,0.4332,1580.8033333333333,1022.9799999999999,0.6464766666666667
LAKSHADWEEP,1961,60.3,47.4,0.0,31.3,421.1,593.2,297.3,228.2,215.8,148.1,98.8,93.8,2235.3,2235.3,1334.5,0.597,1580.8033333333333,1022.9799999999999,0.6464766666666667
LAKSHADWEEP,1962,11.1,0.0,0.0,81.5,331.2,149.3,204.5,286.7,201.8,210.9,33.5,76.1,1586.6,1586.6,842.3,0.5309,1580.8033333333333,1022.9799999999999,0.6464766666666667
LAKSHADWEEP,1963,126.7,112.9,6.5,72.6,204.6,233.0,367.0,249.9,121.8,113.5,211.5,82.1,1902.1,1902.1000000000001,971.6999999999999,0.5109,1580.8033333333333,1022.9799999999999,0.6464766666666667
LAKSHADWEEP,1964,2.5,3.5,5.2,40.4,64.2,376.1,407.0,174.6,342.5,120.9,90.8,24.0,1651.7,1651.7,1300.2,0.7872,1580.8033333333333,1022.9799999999999,0.6464766666666667
LAKSHADWEEP,1965,0.2,7.3,8.3,35.0,162.5,200.6,164.2,267.7,92.4,69.2,77.9,320.6,1405.9,1405.9,724.9,0.5156,1580.8033333333333,1022.9799999999999,0.6464766666666667
LAKSHADWEEP,1966,21.3,0.2,6.2,4.4,34.9,376.7,421.9,158.9,225.4,266.1,158.0,67.5,1741.5,1741.5,1182.8999999999999,0.6792,1580.8033333333333,1022.9799999999999,0.6464766666666667
LAKSHADWEEP,1967,7.8,2.7,0.0,0.0,148.3,301.2,380.1,196.9,100.4,92.3,24.5,33.1,1287.3,1287.3,978.5999999999999,0.7602,1580.8033333333333,1022.9799999999999,0.6464766666666667
LAKSHADWEEP,1968,8.7,1.8,30.6,45.4,16.6,393.8,439.8,84.1,202.8,46.5,31.4,42.9,1344.4,1344.4000000000003,1120.5,0.8335,1580.8033333333333,1022.9799999999999,0.6464766666666667
LAKSHADWEEP,1969,30.0,4.1,0.0,63.3,237.9,125.6,149.0,225.3,95.9,162.3,157.5,165.2,1416.1,1416.1000000000001,595.8000000000001,0.4207,1580.8033333333333,1022.9799999999999,0.6464766666666667
LAKSHADWEEP,1970,18.7,6.3,13.8,32.3,164.9,322.1,484.4,284.6,228.9,126.9,81.2,18.9,1783.0,1783.0000000000002,1320.0,0.7403,1580.8033333333333,1022.9799999999999,0.6464766666666667
LAKSHADWEEP,1971,3.8,12.3,5.4,25.0,271.6,333.9,308.1,349.6,281.8,113.8,63.0,133.1,1901.4,1901.3999999999999,1273.4,0.6697,1580.8033333333333,1022.9799999999999,0.6464766666666667
LAKSHADWEEP,1972,0.0,1.1,0.0,11.4,81.3,349.2,197.3,172.5,152.0,219.2,94.2,9.4,1287.6,1287.6000000000001,871.0,0.6765,1580.8033333333333,1022.9799999999999,0.6464766666666667
LAKSHADWEEP,1973,0.3,5.8,0.0,40.7,96.3,260.5,299.9,437.9,57.3,150.9,108.1,99.7,1557.4,1557.4,1055.6,0.6778,1580.8033333333333,1022.9799999999999,0.6464766666666667
LAKSHADWEEP,1974,0.0,16.8,0.8,35.4,171.9,277.6,491.6,165.7,258.3,65.9,20.1,7.2,1511.3,1511.3,1193.2,0.7895,1580.8033333333333,1022.9799999999999,0.6464766666666667
LAKSHADWEEP,1975,8.6,0.7,18.4,92.9,282.2,250.0,278.0,348.4,299.5,111.6,155.2,45.0,1890.5,1890.4999999999998,1175.9,0.622,1580.8033333333333,1022.9799999999999,0.6464766666666667
LAKSHADWEEP,1976,10.3,0.0,1.1,72.9,85.3,260.7,329.2,344.1,36.6,189.2,161.6,11.1,1502.1,1502.0999999999997,970.6,0.6462,1580.8033333333333,1022.9799999999999,0.6464766666666667
LAKSHADWEEP,1977,1.4,38.2,16.5,27.6,256.8,460.7,337.4,125.3,90.7,248.4,243.8,1.4,1848.2,1848.2,1014.0999999999999,0.5487,1580.8033333333333,1022.9799999999999,0.6464766666666667
LAKSHADWEEP,1978,0.2,6.5,0.6,44.1,309.5,568.3,224.7,303.5,105.1,92.1,294.2,18.6,1967.4,1967.3999999999996,1201.6,0.6108,1580.8033333333333,1022.9799999999999,0.6464766666666667
LAKSHADWEEP,1979,14.9,1.3,10.0,15.4,23.1,367.1,451.3,127.3,221.1,173.6,378.1,42.2,1825.4,1825.3999999999999,1166.8,0.6392,1580.8033333333333,1022.9799999999999,0.6464766666666667
LAKSHADWEEP,1980,7.5,10.5,13.1,19.7,123.5,233.6,185.0,217.6,67.0,122.1,98.5,113.6,1211.7,1211.6999999999998,703.2,0.5803,1580.8033333333333,1022.9799999999999,0.6464766666666667
LAKSHADWEEP,1981,1.8,20.4,0.6,22.3,208.6,421.5,168.9,213.3,281.4,167.4,76.6,34.6,1617.4,1617.4,1085.1,0.6709,1580.8033333333333,1022.9799999999999,0.6464766666666667
LAKSHADWEEP,1982,1.6,0.4,0.6,0.4,106.8,321.6,254.5,326.1,121.3,70.7,178.6,9.4,1392.0,1392.0000000000002,1023.5,0.7353,1580.8033333333333,1022.9799999999999,0.6464766666666667
LAKSHADWEEP,1983,1.4,0.0,0.0,0.2,113.5,215.0,277.0,375.0,219.8,77.6,71.2,52.5,1403.2,1403.2,1086.8,0.7745,1580.8033333333333,1022.9799999999999,0.6464766666666667
LAKSHADWEEP,1984,71.1,114.9,96.7,65.1,46.7,318.9,271.5,124.9,83.1,218.3,155.4,25.0,1591.6,1591.6,798.4,0.5016,1580.8033333333333,1022.9799999999999,0.6464766666666667
LAKSHADWEEP,1985,6.4,0.0,27.4,11.1,182.9,326.1,152.1,203.0,206.4,42.0,62.3,83.7,1303.4,1303.4,887.6,0.681,1580.8033333333333,1022.9799999999999,0.6464766666666667
LAKSHADWEEP,1986,12.4,3.0,25.3,6.5,102.1,399.2,193.3,218.3,179.9,128.6,147.8,49.5,1465.9,1465.8999999999999,990.6999999999999,0.6758,1580.8033333333333,1022.9799999999999,0.6464766666666667
LAKSHADWEEP,1987,1.9,1.5,0.0,16.5,72.9,389.3,29.4,284.7,183.4,133.0,47.7,128.3,1288.6,1288.6,886.8,0.6882,1580.8033333333333,1022.9799999999999,0.6464766666666667
LAKSHADWEEP,1988,0.8,7.0,0.9,54.0,142.8,352.5,293.6,240.9,240.9,28.9,82.7,5.8,1450.8,1450.8000000000002,1127.9,0.7774,1580.8033333333333,1022.9799999999999,0.6464766666666667
LAKSHADWEEP,1989,20.6,0.0,4.4,93.0,106.7,473.5,387.5,167.3,216.3,172.4,69.2,3.5,1714.4,1714.4,1244.6,0.726,1580.8033333333333,1022.9799999999999,0.6464766666666667
LAKSHADWEEP,1990,38.9,0.3,21.4,0.0,191.1,181.6,334.0,123.5,98.9,160.4,155.4,5.0,1310.5,1310.5,738.0,0.5631,1580.8033333333333,1022.9799999999999,0.6464766666666667
LAKSHADWEEP,1991,12.3,0.0,18.7,12.3,68.0,604.3,241.1,253.8,45.7,222.7,75.5,28.6,1583.0,1583.0,1144.9,0.7232,1580.8033333333333,1022.9799999999999,0.6464766666666667
LAKSHADWEEP,1992,4.0,0.1,0.0,3.3,128.1,346.6,363.0,373.3,95.1,120.4,69.3,31.7,1534.9,1534.9,1178.0,0.7675,1580.8033333333333,1022.9799999999999,0.6464766666666667
LAKSHADWEEP,1993,1.2,0.5,0.2,0.2,56.5,276.1,346.7,154.4,161.0,131.6,280.5,40.8,1449.7,1449.7,938.1999999999999,0.6472,1580.8033333333333,1022.9799999999999,0.6464766666666667
LAKSHADWEEP,1994,12.4,66.6,34.8,88.8,78.9,361.1,240.2,219.7,76.2,213.5,153.7,1.2,1547.1,1547.1000000000001,897.2,0.5799,1580.8033333333333,1022.9799999999999,0.6464766666666667
LAKSHADWEEP,1995,131.3,18.5,0.3,315.4,179.6,286.0,486.7,384.8,71.8,81.0,72.2,3.3,2030.9,2030.8999999999999,1229.3,0.6053,1580.8033333333333,1022.9799999999999,0.6464766666666667
LAKSHADWEEP,1996,44.7,1.1,1.6,17.4,50.0,427.1,335.3,197.3,230.4,109.0,60.5,131.6,1606.0,1606.0,1190.1000000000001,0.741,1580.8033333333333,1022.9799999999999,0.6464766666666667
LAKSHADWEEP,1997,2.2,0.1,4.9,33.8,62.3,307.0,459.6,216.8,144.0,213.5,200.8,119.7,1764.7,1764.7,1127.4,0.6389,1580.8033333333333,1022.9799999999999,0.6464766666666667
LAKSHADWEEP,1998,52.0,0.0,1.8,40.3,68.2,382.0,388.8,196.7,274.7,184.8,144.1,253.5,1986.9,1986.8999999999999,1242.2,0.6252,1580.8033333333333,1022.9799999999999,0.6464766666666667
LAKSHADWEEP,1999,47.8,2.5,18.3,20.6,416.7,279.6,459.4,133.8,73.4,305.0,51.2,49.0,1857.3,1857.3000000000002,946.1999999999999,0.5094,1580.8033333333333,1022.9799999999999,0.6464766666666667
LAKSHADWEEP,2000,83.3,18.9,3.4,47.9,204.6,225.4,95.5,319.9,164.5,141.4,56.3,11.0,1372.1,1372.1000000000001,805.3,0.5869,1580.8033333333333,1022.9799999999999,0.6464766666666667
LAKSHADWEEP,2001,4.4,20.4,0.0,104.6,187.3,283.9,198.9,144.3,213.5,105.2,101.5,16.6,1380.6,1380.6,840.5999999999999,0.6089,1580.8033333333333,1022.9799999999999,0.6464766666666667
LAKSHADWEEP,2002,10.8,16.8,7.2,23.4,189.8,261.8,81.3,143.9,50.0,178.2,52.9,17.4,1033.5,1033.5,537.0,0.5196,1580.8033333333333,1022.9799999999999,0.6464766666666667
LAKSHADWEEP,2003,11.8,18.2,28.5,18.1,109.6,364.5,400.6,92.1,84.3,191.6,206.1,7.5,1532.9,1532.8999999999999,941.5,0.6142,1580.8033333333333,1022.9799999999999,0.6464766666666667
LAKSHADWEEP,2004,7.2,1.5,1.9,7.7,330.2,251.2,280.8,169.5,200.0,193.4,107.6,2.2,1553.2,1553.2,901.5,0.5804,1580.8033333333333,1022.9799999999999,0.6464766666666667
LAKSHADWEEP,2005,17.6,11.1,0.0,37.0,92.8,248.5,378.9,102.4,278.0,164.2,218.3,26.6,1575.4,1575.3999999999999,1007.8,0.6397,1580.8033333333333,1022.9799999999999,0.6464766666666667
LAKSHADWEEP,2006,20.1,0.0,33.0,0.3,327.9,286.9,172.3,150.7,318.5,119.1,158.9,10.9,1598.6,1598.6000000000001,928.4,0.5808,1580.8033333333333,1022.9799999999999,0.6464766666666667
LAKSHADWEEP,2007,2.5,4.2,0.2,22.2,166.2,573.4,427.4,294.7,457.5,256.1,47.6,109.6,2361.6,2361.6,1753.0,0.7423,1580.8033333333333,1022.9799999999999,0.6464766666666667
LAKSHADWEEP,2008,5.5,19.8,120.7,15.8,180.4,254.6,363.9,206.6,108.9,252.9,67.6,130.1,1726.8,1726.8,934.0,0.5409,1580.8033333333333,1022.9799999999999,0.6464766666666667
LAKSHADWEEP,2009,4.7,1.5,0.1,18.1,162.1,401.2,266.4,185.0,145.1,87.4,166.2,132.3,1570.1,1570.1,997.6999999999999,0.6354,1580.8033333333333,1022.9799999999999,0.6464766666666667
LAKSHADWEEP,2010,18.8,0.0,1.2,35.6,79.0,318.9,336.7,335.1,161.5,155.4,201.5,81.5,1725.2,1725.2000000000003,1152.1999999999998,0.6679,1580.8033333333333,1022.9799999999999,0.6464766666666667
LAKSHADWEEP,2011,5.1,2.8,3.1,85.9,107.2,153.6,350.2,254.0,255.2,117.4,184.3,14.9,1533.7,1533.7000000000003,1013.0,0.6605,1580.8033333333333,1022.9799999999999,0.6464766666666667
LAKSHADWEEP,2012,19.2,0.1,1.6,76.8,21.2,327.0,231.5,381.2,179.8,145.9,12.4,8.8,1405.5,1405.5,1119.5,0.7965,1580.8033333333333,1022.9799999999999,0.6464766666666667
LAKSHADWEEP,2013,26.2,34.4,37.5,5.3,88.3,426.2,296.4,154.4,180.0,72.8,78.1,26.7,1426.3,1426.3,1057.0,0.7411,1580.8033333333333,1022.9799999999999,0.6464766666666667
LAKSHADWEEP,2014,53.2,16.1,4.4,14.9,57.4,244.1,116.1,466.1,132.2,169.2,59.0,62.3,1395.0,1395.0,958.5,0.6871,1580.8033333333333,1022.9799999999999,0.6464766666666667
LAKSHADWEEP,2015,2.2,0.5,3.7,87.1,133.1,296.6,257.5,146.4,160.4,165.4,231.0,159.0,1642.9,1642.9,860.9,0.524,1580.8033333333333,1022.9799999999999,0.6464766666666667
