train_number,train_name,train_type,source_code,dest_code,running_days,total_route_distance_km,total_halts
04601,Jammu Tawi Udhampur Special,DEMU,JAT,UHP,"SUN,MON,TUE,WED,THU,FRI,SAT",53,6
04602,UDHAMPUR JAMMUTAWI DMU,DEMU,UHP,JAT,"SUN,MON,TUE,WED,THU,FRI,SAT",53,6
04603,JAT UDAHMPUR DMU,DEMU,JAT,UHP,"SUN,MON,TUE,WED,THU,FRI,SAT",53,6
04604,UDHAMPUR JAMMUTAWI DMU,DEMU,UHP,JAT,"SUN,MON,TUE,WED,THU,FRI,SAT",53,6
04728,Mumbai BandraT-Bikaner SF Special,SF,BDTS,BKN,"SUN,MON,TUE,WED,THU,FRI,SAT",1212,185
04741,Sirsa - Hisar Passenger Special,Pass,SSA,HSR,"SUN,MON,TUE,WED,THU,FRI,SAT",82,8
04742,Hisar - Sirsa Passenger Special,Pass,HSR,SSA,"SUN,MON,TUE,WED,THU,FRI,SAT",82,7
04853,Rewari Degana Merta Special,Pass,DNA,MTD,"SUN,MON,TUE,WED,THU,FRI,SAT",44,6
04854,Degana Merta Special,Pass,MTD,DNA,"SUN,MON,TUE,WED,THU,FRI,SAT",44,6
09022,JAMMU TAWI - BANDRA TERMINUS AC Suvidha Special (Starts 5 April),SF,JAT,BDTS,"SUN,MON,TUE,WED,THU,FRI,SAT",1957,317
11017,Chalukya Express,Exp,DR,YPR,SAT,1205,175
11019,Konark Express,Exp,CSTM,BBS,"SUN,MON,TUE,WED,THU,FRI,SAT",1932,300
11020,Konark Express,Exp,BBS,CSTM,"SUN,MON,TUE,WED,THU,FRI,SAT",1932,300
11023,Sahyadri Express,Exp,CSTM,KOP,"SUN,MON,TUE,WED,THU,FRI,SAT",518,95
11024,Sahyadri Express,Exp,KOP,CSTM,"SUN,MON,TUE,WED,THU,FRI,SAT",518,95
11025,Manmad Pune Express(Via Nasik),Exp,MMR,PUNE,"SUN,MON,TUE,WED,THU,FRI,SAT",364,54
11026,Pune Manmad Express,Exp,PUNE,MMR,"SUN,MON,TUE,WED,THU,FRI,SAT",364,54
11027,Mumbai CST-Chennai Mail,Mail,CSTM,MAS,"SUN,MON,FRI",1283,204
11029,Koyna Express,Exp,CSTM,KOP,"SUN,MON,TUE,WED,THU,FRI,SAT",518,95
11030,Koyna Express,Exp,KOP,CSTM,"SUN,MON,TUE,WED,THU,FRI,SAT",518,95
11033,PUNE - DARBHANGA Gyan Ganga Exp,Exp,PUNE,DBG,WED,1948,272
11035,Dadar-Mysore Sharavati Express,Exp,DR,MYS,THU,1212,157
11036,Mysore-Dadar Sharavati Express,Exp,MYS,DR,SUN,1212,157
11037,PUNE - GORAKHPUR Exp,Exp,PUNE,GKP,THU,1771,233
11038,GORAKHPUR - PUNE Exp,Exp,GKP,PUNE,SAT,1771,233
11039,Maharashtra Express,Exp,KOP,G,"SUN,MON,TUE,WED,THU,FRI,SAT",1346,158
11039-Slip,Kolhapur-Gorakhpur Express Slip,Exp,KOP,GKP,"SUN,MON,TUE,WED,THU,FRI,SAT",2107,247
11040,Maharashtra Express,Exp,G,KOP,"SUN,MON,TUE,WED,THU,FRI,SAT",1346,158
11040-Slip,Gondia-Solapur Maharashtra Express Slip,Exp,G,SUR,"SUN,MON,TUE,WED,THU,FRI,SAT",1132,129
11041,Mumbai - Chennai Express,Exp,CSTM,MAS,"TUE,WED,THU,SAT",1283,203
11043,MUMBAI LTT - MADURAI Exp,Exp,LTT,MDU,FRI,1702,263
11044,MADURAI - MUMBAI LTT Exp,Exp,MDU,LTT,SAT,1702,263
11045,KOLHAPUR CSMT - DHANBAD Deekshabhoomi Exp,Exp,KOP,DHN,FRI,2968,376
11047,Hubli Express,Exp,MRJ,UBL,"SUN,MON,TUE,WED,THU,FRI,SAT",279,34
11048,Hubli Miraj Express,Exp,UBL,MRJ,"SUN,MON,TUE,WED,THU,FRI,SAT",279,34
11049,Ahmedabad-Kolhapur Express,Exp,ADI,KOP,SUN,961,153
11050,Kolhapur-Ahmedabad Express,Exp,KOP,ADI,SAT,961,153
11051,Solapur-Kolhapur Express,Exp,SUR,KOP,"SUN,MON,TUE,WED,THU,FRI,SAT",315,37
11052,Kolhapur Solapur Express,Exp,KOP,SUR,"SUN,MON,TUE,WED,THU,FRI,SAT",315,37
11056,GORAKHPUR - MUMBAI LTT Exp,Exp,GKP,LTT,"SUN,TUE,WED,FRI",1733,236
11057,Dadar Amritsar Express,Exp,DR,ASR,"SUN,MON,TUE,WED,THU,FRI,SAT",2037,271
11057-Slip,Dadar Amritsar Express Slip,Exp,DR,DHI,"SUN,MON,TUE,WED,THU,FRI,SAT",375,60
11058,Amritsar Dadar Express,Exp,ASR,DR,"SUN,MON,TUE,WED,THU,FRI,SAT",2037,271
11059,MUMBAI LTT - CHHAPRA Godan Exp,Exp,LTT,CPR,"TUE,THU,SAT",1772,248
11060,CHHAPRA - MUMBAI LTT Godan Exp,Exp,CPR,LTT,"MON,THU,SAT",1772,248
11062,DARBHANGA - MUMBAI LTT Pawan Exp,Exp,DBG,LTT,"SUN,MON,TUE,WED,THU,FRI,SAT",1791,278
56305,Kottayam Kollam Passenger,Pass,KTYM,QLN,"SUN,MON,TUE,WED,THU,FRI,SAT",96,14
58651,Ranchi Lohardaga Passenger,Pass,RNC,LAD,"SUN,MON,TUE,WED,THU,FRI,SAT",67,10
04858,Jodhpur Pipar Road Passenger Special,Pass,JU,PPR,"SUN,MON,TUE,WED,THU,FRI,SAT",46,7
05305,Farrukhabad-KanpurAnwarganj Passenger,Pass,FBD,CPA,"MON,THU",138,24
05306,KanpurAnwarganj-Farrukhabad Special,Exp,CPA,FBD,"WED,SAT",138,24
05650,Kamakhya - Mumbai LTT (Weekly) Special,Exp,KYQ,LTT,"SUN,MON,TUE,WED,THU,FRI,SAT",2613,334
05697,Hill Queen Express,JShtb,LMG,LFG,"SUN,MON,TUE,WED,THU,FRI,SAT",104,12
05698,Hill Queen Express,JShtb,LFG,LMG,"SUN,MON,TUE,WED,THU,FRI,SAT",104,12
06002,Kollam-Chennai Central SF Special,SF,QLN,MAS,"SUN,MON,TUE,WED,THU,FRI,SAT",858,149
06003,Chennai Central-Kollam Special,Exp,MAS,QLN,"SUN,MON,TUE,WED,THU,FRI,SAT",857,149
06004,Kollam-Chennai Central Special,Exp,QLN,MAS,"SUN,MON,TUE,WED,THU,FRI,SAT",857,149
06005,Chennai Central-Kollam SF Special,SF,MAS,QLN,"SUN,MON,TUE,WED,THU,FRI,SAT",857,149
06006,Kollam-Chennai Central SF Special,SF,QLN,MAS,"SUN,MON,TUE,WED,THU,FRI,SAT",857,149
06007,Chennai Central-Kollam SF Special,SF,MAS,QLN,"SUN,MON,TUE,WED,THU,FRI,SAT",858,149
06008,KollamChennai Central SF Special,SF,QLN,MAS,"SUN,MON,TUE,WED,THU,FRI,SAT",858,149
06009,Chennai CentralKollam SF Special,SF,MAS,QLN,"SUN,MON,TUE,WED,THU,FRI,SAT",858,149
06011,Chennai Central Kollam (Weekly) SF Special,SF,MAS,QLN,"SUN,MON,TUE,WED,THU,FRI,SAT",858,149
06201,Mysore-Sainagar Shirdi Special,Exp,MYS,SNSI,"SUN,MON,TUE,WED,THU,FRI,SAT",1304,158
06202,Sainagar Shirdi - Mysore Special,Exp,SNSI,MYS,"SUN,MON,TUE,WED,THU,FRI,SAT",1304,158
06215,Mysore Nanjangud Town passenger,Pass,MYS,NTW,"SUN,MON,TUE,WED,THU,FRI,SAT",25,7
06216,Nanjangud Town Mysore Passenger,Pass,NTW,MYS,"SUN,MON,TUE,WED,THU,FRI,SAT",25,7
06228,Shimoga Mysore Express,Exp,SMET,MYS,"SUN,MON,TUE,WED,THU,FRI,SAT",276,21
06301,Nagercoil-Mangalore Special,Exp,NCJ,MAJN,"SUN,MON,TUE,WED,THU,FRI,SAT",711,133
06302,Mangalore-Nagercoil Special,Exp,MAJN,NCJ,"SUN,MON,TUE,WED,THU,FRI,SAT",711,133
06501,Yesvantpur - Ahmedabad Garib Rath Special,GR,YPR,ADI,"SUN,MON,TUE,WED,THU,FRI,SAT",1719,252
06502,Ahmedabad -Yesvantpur Garib Rath Special,GR,ADI,YPR,"SUN,MON,TUE,WED,THU,FRI,SAT",1719,252
06535,Bijapur Express,Exp,YPR,BJP,"MON,TUE,WED,THU,FRI,SAT",712,93
06536,Bijapur-Yesvantpur Special,Exp,BJP,YPR,"MON,TUE,WED,THU,FRI,SAT",712,93
06591,Yesvantpur-Hosur Passenger Special,Pass,YPR,HSRA,"MON,TUE,WED,THU,FRI,SAT",67,10
06592,Hosur-Yesvantpur Passenger,Pass,HSRA,YPR,"MON,TUE,WED,THU,FRI,SAT",67,10
06594,Hosur-Yesvantpur Passenger Special,Pass,HSRA,YPR,"MON,TUE,WED,THU,FRI,SAT",67,10
06595,Yesvantpur-Devanhalli Special,Pass,YPR,DHL,"SUN,MON,TUE,WED,THU,FRI,SAT",36,7
06596,Devanahalli-Yesvantpur Special,Pass,DHL,YPR,"SUN,MON,TUE,WED,THU,FRI,SAT",36,7
06617,Coimbatore-Nagercoil Special,Exp,CBE,NCJ,"SUN,MON,TUE,WED,THU,FRI,SAT",497,89
06618,Nagercoil-Coimbatore Special,Exp,NCJ,CBE,"SUN,MON,TUE,WED,THU,FRI,SAT",497,89
06621,Coimbatore-Yesvantpur SF Special,SF,CBE,YPR,"SUN,MON,TUE,WED,THU,FRI,SAT",440,58
06622,Yesvantpur-Coimbatore SF Special,SF,YPR,CBE,"SUN,MON,TUE,WED,THU,FRI,SAT",440,58
06837,Karaikkudi Manamadurai Passenger,Pass,KKDI,MNM,"SUN,MON,TUE,WED,THU,FRI,SAT",61,9
06838,Manamadurai Karaikkudi Passenger,Pass,MNM,KKDI,"SUN,MON,TUE,WED,THU,FRI,SAT",61,9
06839,Tiruchirappalli Karaikkudi Passenger Special,Pass,TPJ,KKDI,"SUN,MON,TUE,WED,THU,FRI,SAT",90,13
06840,Karaikkudi-Tiruchirappalli Passenger Special,Pass,KKDI,TPJ,"SUN,MON,TUE,WED,THU,FRI,SAT",90,13
06948,Hubli Jn - Vasco Da Gama Link Express,Exp,UBL,VSG,"SUN,MON,TUE,WED,THU,FRI,SAT",236,32
07003,Hyderabad-Korba Special,Exp,HYB,KRBA,SUN,996,119
07004,Korba-Hyderabad Special,Exp,KRBA,HYB,MON,999,119
07105,Ajmer - Hyderabad Special,Exp,AII,HYB,"SUN,MON,TUE,WED,THU,FRI,SAT",2033,246
40005,Chennai Beach Tambaram EMU,MEMU,MSB,TBM,"SUN,MON,TUE,WED,THU,FRI,SAT",29,19
55138,Shahganj Ballia Passenger,Pass,SHG,BUI,"SUN,MON,TUE,WED,THU,FRI,SAT",168,20
56393,Kottayam Kollam Passenger,Pass,KTYM,QLN,"SUN,MON,TUE,WED,THU,FRI,SAT",96,14
24041,DELHI SARAI ROHILLA - KOTDWAR Mussoorie Exp,Express,NBD,KTW,"SUN,MON,TUE,WED,THU,FRI,SAT",0,4
07144,Shahu Maharaj T. Kolhapur - Hyderabad Special,Exp,KOP,HYB,"SUN,MON,TUE,WED,THU,FRI,SAT",998,127
07301,Mysore Shimoga Express,Exp,MYS,SMET,"SUN,MON,TUE,WED,THU,FRI,SAT",276,21
07403,Adilabad-Nanded Special,Pass,ADB,NED,"SUN,MON,TUE,WED,THU,FRI,SAT",185,20
07404,Nanded-Adilabad Special,Pass,NED,ADB,"SUN,MON,TUE,WED,THU,FRI,SAT",185,20
07603,Kacheguda Kamareddi Special,Pass,KCG,KMC,"SUN,MON,TUE,WED,THU,FRI,SAT",114,32
07605,Kamareddi-Nizamabad Passenger Special,Pass,KMC,NZB,FRI,52,6
07606,Nizamabad-Kamareddi Special,Pass,NZB,KMC,"SUN,MON,TUE,WED,THU,FRI,SAT",52,6
07607,Secunderabad - Mancherial Special,Exp,SC,MCI,"SUN,MON,TUE,WED,THU,FRI,SAT",239,29
07608,Mancherial - Secunderabad Special,Exp,MCI,SC,"SUN,MON,TUE,WED,THU,FRI,SAT",239,29
08001,Kharagpur-Jhargram Express Special,Exp,KGP,JGM,"SUN,MON,TUE,WED,THU,FRI,SAT",39,7
08002,Jhargram-Kharagpur Special,Exp,JGM,KGP,"SUN,MON,TUE,WED,THU,FRI,SAT",39,7
08004,Mysore - Howrah Special,Exp,MYS,HWH,"SUN,MON,TUE,WED,THU,FRI,SAT",2111,312
08017,Kharagpur- Jhargram MEMU Special,MEMU,KGP,JGM,"SUN,MON,TUE,WED,THU,FRI,SAT",38,7
08018,Jhargram - Kharagpur MEMU Special,MEMU,JGM,KGP,"SUN,MON,TUE,WED,THU,FRI,SAT",38,7
08043,Kolkata Shalimar-Haridwar Puja Special,Exp,SHM,HW,"SUN,MON,TUE,WED,THU,FRI,SAT",1595,237
08051,Kharagpur- Jhargram MEMU Special,MEMU,KGP,JGM,"MON,TUE,WED,THU,FRI,SAT",38,7
08052,Jhargram - Kharagpur MEMU Special,MEMU,JGM,KGP,"MON,TUE,WED,THU,FRI,SAT",38,7
08055,Shalimar-Tirupati Special,SF,SHM,TPTY,"SUN,MON,TUE,WED,THU,FRI,SAT",1616,265
08113,Tatanagar Bilaspur Passenger,Pass,TATA,BSP,"SUN,MON,TUE,WED,THU,FRI,SAT",470,60
08114,Bilaspur Tatanagar Passenger,Pass,BSP,TATA,"SUN,MON,TUE,WED,THU,FRI,SAT",470,60
08469,Puri-Bangalore weekly Garib Rath special,GR,PURI,SBC,"SUN,MON,TUE,WED,THU,FRI,SAT",1529,208
08470,Bangalore-Puri Garib Rath Special,GR,SBC,PURI,"SUN,MON,TUE,WED,THU,FRI,SAT",1529,208
08471,Bhubaneswar - Tirupati Weekly Special,Exp,BBS,TPTY,MON,1205,180
08472,Tirupati - Bhubaneswar Weekly Special,Exp,TPTY,BBS,TUE,1205,180
08565,Visakhapatnam-Secunderabad Special,Exp,VSKP,SC,"SUN,MON,TUE,WED,THU,FRI,SAT",701,102
08566,Secunderabad Vishakaptnam Special,Exp,SC,VSKP,"SUN,MON,TUE,WED,THU,FRI,SAT",701,102
08567,Visakhapatnam Sainagar Shirdi special,Exp,VSKP,SNSI,"SUN,MON,TUE,WED,THU,FRI,SAT",1403,190
08568,Shirdi-Visakhapatnam Weekly Special,Exp,SNSI,VSKP,"SUN,MON,TUE,WED,THU,FRI,SAT",1405,190
08569,Visakhapatnam-Kollam Sabarimalai Special,Exp,VSKP,QLN,"SUN,MON,TUE,WED,THU,FRI,SAT",1568,239
08786,Dalli Rajhara Durg Pass,Pass,DRZ,DURG,"SUN,MON,TUE,WED,THU,FRI,SAT",88,9
08787,Raipur-Durg Special,Pass,R,DURG,"SUN,MON,TUE,WED,THU,FRI,SAT",37,9
08788,Durg-Raipur Special,Pass,DURG,R,"SUN,MON,TUE,WED,THU,FRI,SAT",37,9
09002,Ahmedabad Mumbai Central Superfast Special,SF,ADI,BCT,"SUN,MON,TUE,WED,THU,FRI,SAT",491,99
09021,BANDRA TERMINUS - JAMMU TAWI AC Suvidha Special (Starts 4 April),SF,BDTS,JAT,"SUN,MON,TUE,WED,THU,FRI,SAT",1955,317
09051,Valsad-Varanasi Weekly Special,Exp,BL,BSB,"MON,WED,SAT",1467,179
09221,Porbandar Secunderabad Weekly Special,Exp,PBR,SC,"SUN,MON,TUE,WED,THU,FRI,SAT",1694,248
09561,Bandra Terminus Okha Weekly Special,Exp,BDTS,OKHA,"SUN,MON,TUE,WED,THU,FRI,SAT",980,151
09733,Hanumangarh Kota Special,Exp,HMH,KOTA,"SUN,MON,TUE,WED,THU,FRI,SAT",852,85
09734,Kota Hanumangarh Special,Exp,KOTA,HMH,"SUN,MON,TUE,WED,THU,FRI,SAT",852,85
11015,Kushinagar Express,Exp,LTT,GKP,FRI,1680,217
12084,Coimbatore-Mayiladuturai Jan Shatabdi,JShtb,CBE,MV,"SUN,MON,TUE,WED,THU,FRI,SAT",362,66
13401,InterCity Express,Exp,BGP,DNR,"SUN,MON,TUE,WED,THU,FRI,SAT",231,45
13410,InterCity Express,Exp,BGP,MLDT,"SUN,MON,TUE,WED,THU,FRI,SAT",178,23
40007,Chennai Beach Tambaram EMU(12 Car),MEMU,MSB,TBM,"SUN,MON,TUE,WED,THU,FRI,SAT",33,19
56320,Coimbatore Nagercoil Passenger,Pass,CBE,NCJ,"SUN,MON,TUE,WED,THU,FRI,SAT",532,60
08785,Durg Dalli Rajhara Pass,Pass,DURG,DRZ,"SUN,MON,TUE,WED,THU,FRI,SAT",88,9
01494,Bijapur Hubli Special,Exp,BJP,UBL,"SUN,MON,TUE,WED,THU,FRI,SAT",249,33
09222,Secunderabad-Porbandar Weekly Special,Exp,SC,PBR,"SUN,MON,TUE,WED,THU,FRI,SAT",1683,248
09405,Ahmedabad Yesvantpur (Weekly) Special,Exp,ADI,YPR,"SUN,MON,TUE,WED,THU,FRI,SAT",1556,217
09406,Yeshwantpur-Ahmedabad Special,Exp,YPR,ADI,"SUN,MON,TUE,WED,THU,FRI,SAT",1581,217
09562,Okha - Bandra Terminus Weekly Special,Exp,OKHA,BDTS,"SUN,MON,TUE,WED,THU,FRI,SAT",980,151
09621,Ajmer Jaipur SF Special,SF,AII,JP,SUN,135,19
09622,Jaipur Ajmer SF Special,SF,JP,AII,MON,135,19
09715,Jaipur Solapur (Weekly) Special,Exp,JP,SUR,"SUN,MON,TUE,WED,THU,FRI,SAT",1744,197
09716,Solapur - Jaipur Special,Exp,SUR,JP,"SUN,MON,TUE,WED,THU,FRI,SAT",1744,197
09721,Jaipur Delhi Sarai Rohilla SF Special,SF,JP,DEE,"SUN,MON,TUE,WED,THU,FRI,SAT",303,51
09724,Jaipur - Sabarmati SF Holiday Spl,SF,JP,SBI,THU,620,95
09727,Indore-Jaipur Special,Exp,INDB,JP,"SUN,MON,TUE,WED,THU,FRI,SAT",599,67
09728,Jaipur-Indore Special,Exp,JP,INDB,"SUN,MON,TUE,WED,THU,FRI,SAT",599,67
09735,Secunderabad-Jaipur Special,Exp,SC,JP,"SUN,MON,TUE,WED,THU,FRI,SAT",1666,186
09736,Jaipur - Secunderabad (Weekly) Special,Exp,JP,SC,"SUN,MON,TUE,WED,THU,FRI,SAT",1669,186
09741,Rewari - Delhi Sarai Rohilla (Daily) Special,Exp,RE,DEE,"SUN,MON,TUE,WED,THU,FRI,SAT",78,19
09742,Delhi Sarai Rohilla - Rewari (Daily) Special,Exp,DEE,RE,"SUN,MON,TUE,WED,THU,FRI,SAT",78,19
09761,Surathgarh Anupgarh Passenger,Pass,APH,SOG,"SUN,MON,TUE,WED,THU,FRI,SAT",78,8
09762,Suratgarh - Anupgarh Passenger Special,Pass,SOG,APH,"SUN,MON,TUE,WED,THU,FRI,SAT",76,6
09763,Surathgarh Anupgarh Passenger,Pass,APH,SOG,"SUN,MON,TUE,WED,THU,FRI,SAT",78,8
09764,Suratgarh - Anupgarh Passenger Special,Pass,SOG,APH,"SUN,MON,TUE,WED,THU,FRI,SAT",78,8
09765,Phulera Rewari Passenger Special,Pass,FL,RE,"SUN,MON,TUE,WED,THU,FRI,SAT",216,28
09766,Rewari-Phulera Passenger Special,Pass,RE,FL,"SUN,MON,TUE,WED,THU,FRI,SAT",216,28
10001,Satpura Express,Exp,BTC,JBP,"SUN,MON,TUE,WED,THU,FRI,SAT",187,18
10002,Satpura Express,Exp,JBP,BTC,"SUN,MON,TUE,WED,THU,FRI,SAT",187,18
10103,MUMBAI CST - MADGAON Mandovi Exp,Exp,CSTM,MAO,"SUN,MON,TUE,WED,THU,FRI,SAT",765,75
10104,MADGAON - MUMBAI CST Mandovi Exp,Exp,MAO,CSTM,"SUN,MON,TUE,WED,THU,FRI,SAT",765,75
10111,MUMBAI CST - MADGAON Konkan Knaya Exp,Exp,CSTM,MAO,"SUN,MON,TUE,WED,THU,FRI,SAT",765,75
10112,MADGAON - MUMBAI CST Konkan Knaya Exp,Exp,MAO,CSTM,"SUN,MON,TUE,WED,THU,FRI,SAT",765,75
10215,Madgaon Ernakulam Weekly Super Fast Express,Exp,MAO,ERS,SUN,850,105
10216,Ernakulam Madgaon Weekly SF Express,Exp,ERS,MAO,MON,850,105
11003,DADAR - SAWANTWADI RD Rajya Rani Exp,Exp,DR,SWV,"SUN,MON,TUE,WED,THU,FRI,SAT",646,60
11004,SAWANTWADI RD - DADAR Rajya Rani Exp,Exp,SWV,DR,"SUN,MON,TUE,WED,THU,FRI,SAT",646,60
11007,Deccan Express,Exp,CSTM,PUNE,"SUN,MON,TUE,WED,THU,FRI,SAT",192,55
11009,Sinhagad Express,Exp,CSTM,PUNE,"SUN,MON,TUE,WED,THU,FRI,SAT",192,55
11010,Sinhagad Express,Exp,PUNE,CSTM,"SUN,MON,TUE,WED,THU,FRI,SAT",192,55
11011,Mahalaxmi Express,Exp,CSTM,KOP,"SUN,MON,TUE,WED,THU,FRI,SAT",518,95
11012,Mahalaxmi Express,Exp,KOP,CSTM,"SUN,MON,TUE,WED,THU,FRI,SAT",518,95
11014,Coimbatore Mumbai LTT Express,Exp,CBE,LTT,"SUN,MON,TUE,WED,THU,FRI,SAT",1518,197
11016,Kushinagar Express,Exp,GKP,LTT,SUN,1680,217
11018,Chalukya Express,Exp,YPR,DR,MON,1205,175
15212,AMRITSAR - DARBHANGA Jan Nayak Exp,Exp,ASR,DBG,"SUN,MON,TUE,WED,THU,FRI,SAT",1499,246
40013,Chennai Beach Tambaram EMU(12 Car),MEMU,MSB,TBM,"SUN,MON,TUE,WED,THU,FRI,SAT",33,19
56304,Nagercoil Kottayam Passenger,Pass,NCJ,KTYM,"SUN,MON,TUE,WED,THU,FRI,SAT",231,44
56386,Kottayam Ernakulam Passenger,Pass,KTYM,ERS,"SUN,MON,TUE,WED,THU,FRI,SAT",60,12
56390,Kottayam Ernakulam Passenger,Pass,KTYM,ERS,"SUN,MON,TUE,WED,THU,FRI,SAT",60,12
02082,Loharu - Jaipur Passenger Spl (MG),Pass,LHU,JP,"SUN,MON,TUE,WED,THU,FRI,SAT",229,28
02083,Jaipur-Loharu MG Passenger Special,Pass,JP,LHU,"SUN,MON,TUE,WED,THU,FRI,SAT",229,28
02084,Loharu - Jaipur Passenger Spl (MG),Pass,LHU,JP,"SUN,MON,TUE,WED,THU,FRI,SAT",230,24
02085,Jaipur - Churu Passenger Spl (MG),Pass,JP,CUR,"SUN,MON,TUE,WED,THU,FRI,SAT",198,23
02086,Churu - Jaipur Passenger Spl (MG),Pass,CUR,JP,"SUN,MON,TUE,WED,THU,FRI,SAT",198,23
02087,Jaipur - Churu Passenger Spl (MG),Pass,JP,CUR,"SUN,MON,TUE,WED,THU,FRI,SAT",198,23
02088,Churu - Jaipur Passenger Spl (MG),Pass,CUR,JP,"SUN,MON,TUE,WED,THU,FRI,SAT",198,23
02089,Sikar - Churu Passenger Spl (MG),Pass,SIKR,CUR,"SUN,MON,TUE,WED,THU,FRI,SAT",90,9
02090,Sikar - Churu Passenger Spl (MG),Pass,CUR,SIKR,"SUN,MON,TUE,WED,THU,FRI,SAT",90,9
02093,Jaipur Loharu Passenger,Pass,JP,LHU,"SUN,MON,TUE,WED,THU,FRI,SAT",229,28
02411,Ratangarh-Sardarshahar Passenger,Pass,RTGH,SRDR,"SUN,MON,TUE,WED,THU,FRI,SAT",46,3
02412,Sardarshahr-Ratangarh Passenger Special,Pass,SRDR,RTGH,"SUN,MON,TUE,WED,THU,FRI,SAT",46,3
02413,Sadulpur-Shri Ganganagar Passenger Special,Pass,SDLP,SGNR,"SUN,MON,TUE,WED,THU,FRI,SAT",246,20
02423,Dibrugarh Guwahati Rajdhani Express,Raj,DBRT,GHY,"SUN,MON,TUE,WED,THU,FRI,SAT",564,80
02424,Guwahati Dibrugarh Rajdhani Express,Raj,GHY,DBRT,"SUN,MON,TUE,WED,THU,FRI,SAT",564,80
02435,Dibrugarh Guwahati Rajdhani Express,Raj,DBRT,GHY,"SUN,MON,TUE,WED,THU,FRI,SAT",564,80
02436,Guwahati Dibrugarh Rajdhani Express,Raj,GHY,DBRT,"SUN,MON,TUE,WED,THU,FRI,SAT",564,80
02451,Kalka Shimla Holiday Special,Pass,KLK,SML,"SUN,MON,TUE,WED,THU,FRI,SAT",95,19
02452,Shimla Kalka Holiday Special,Pass,SML,KLK,"SUN,MON,TUE,WED,THU,FRI,SAT",96,19
02453,Kalka Shimla Holiday Special,Pass,KLK,SML,"SUN,MON,TUE,WED,THU,FRI,SAT",95,19
02454,Shimla Kalka Holiday Special,Pass,SML,KLK,"SUN,MON,TUE,WED,THU,FRI,SAT",96,19
02779,Vasco da Gama Bangalore Link Express,SF,VSG,SBC,"SUN,MON,TUE,WED,THU,FRI,SAT",705,97
03283,Rajendra Nagar-Tatanagar Special,Exp,RJPB,TATA,"SUN,MON,TUE,WED,THU,FRI,SAT",496,81
03284,Tatanagar-Rajendra Nagar Special,Exp,TATA,RJPB,"SUN,MON,TUE,WED,THU,FRI,SAT",496,81
03686,Delhi Gaya S,SF,DLI,GAYA,"SUN,MON,TUE,WED,THU,FRI,SAT",972,136
04011,Sainagar Shirdi - H. Nizamuddin (Weekly) Special,Exp,SNSI,NZM,"SUN,MON,TUE,WED,THU,FRI,SAT",1361,158
04031,Delhi-Panipat Special,Exp,DLI,PNP,"SUN,MON,TUE,WED,THU,FRI,SAT",89,19
04032,Panipat Delhi Special,Exp,PNP,DLI,"SUN,MON,TUE,WED,THU,FRI,SAT",89,19
04053,Anand Vihar T.-Jammu Tawi Special,Exp,ANVT,JAT,"SUN,MON,TUE,WED,THU,FRI,SAT",633,89
04054,Jammu Tawi-Anand Vihar Special,Exp,JAT,ANVT,"SUN,MON,TUE,WED,THU,FRI,SAT",633,89
04115,Allahabad - Mumbai LTT (Weekly) Special,Exp,ALD,LTT,THU,1533,194
02081,Jaipur Luharu Special,Exp,JP,LHU,"SUN,MON,TUE,WED,THU,FRI,SAT",229,28
04116,Mumbai LTT-Allahabad Special,Exp,LTT,ALD,FRI,1533,194
04201,Lucknow -New Delhi Special,Exp,LKO,NDLS,"SUN,MON,TUE,WED,THU,FRI,SAT",493,79
04202,New Delhi-Lucknow tri-weekly Special,Exp,NDLS,LKO,"SUN,MON,TUE,WED,THU,FRI,SAT",493,79
04203,Varanasi-Old Delhi Special,Exp,BSB,DLI,MON,770,111
11067-Slip,Saket Express Slip,Exp,LTT,RBL,"SUN,MON,TUE,WED,THU,FRI,SAT",1502,187
11108,Varanasi-Gwalior Bundelkhand Express,Exp,BSB,GWL,"SUN,MON,TUE,WED,THU,FRI,SAT",624,67
11109,Jhansi-Lucknow Intercity Express,Exp,JHS,LKO,"SUN,MON,TUE,WED,THU,FRI,SAT",292,39
11110,Lucknow-Jhansi InterCity,Exp,LKO,JHS,"SUN,MON,TUE,WED,THU,FRI,SAT",292,39
11123,Barauni-Gwalior Mail,Mail,BJU,GWL,"SUN,MON,TUE,WED,THU,FRI,SAT",1055,146
11124,Gwalior Barauni Mail,Mail,GWL,BJU,"SUN,MON,TUE,WED,THU,FRI,SAT",1055,146
11125,Indore Gwalior Express,Exp,INDB,GWL,"SUN,MON,WED,THU",562,39
11126,Gwalior Indore Express,Exp,GWL,INDB,"MON,TUE,THU,FRI",562,39
11454,Prerna Express,Exp,NGP,ADI,"SUN,MON,TUE,WED,THU,FRI,SAT",959,134
52071,BARI SADRI - MAVLI PASSENGER,Pass,BI,MVJ,"SUN,MON,TUE,WED,THU,FRI,SAT",82,7
11063-Slip,Chennai Salem Express Slip,Exp,MS,MTDM,"SUN,MON,TUE,WED,THU,FRI,SAT",393,62
11065,MUMBAI LTT - DARBHANGA Pawan Exp,Exp,LTT,DBG,"SUN,MON,TUE,WED,THU,FRI,SAT",1880,273
11066,DARBHANGA - MUMBAI LTT Pawan Exp,Exp,DBG,LTT,"SUN,MON,TUE,WED,THU,FRI,SAT",1880,273
11067,MUMBAI LTT - FAIZABAD Saket Exp,Exp,LTT,FD,"WED,SAT",1505,205
11068,FAIZABAD - MUMBAI LTT Saket Exp,Exp,FD,LTT,"SUN,THU",1505,200
11069,Tulsi Express,Exp,LTT,ALD,"SUN,MON,TUE,WED,THU,FRI,SAT",1511,182
11070,Tulsi Express,Exp,ALD,LTT,"SUN,MON,TUE,WED,THU,FRI,SAT",1511,182
11071,Kamayani Express,Exp,LTT,BSB,"SUN,MON,TUE,WED,THU,FRI,SAT",1640,200
11072,Kamayani Express,Exp,BSB,LTT,"SUN,MON,TUE,WED,THU,FRI,SAT",1640,200
11077,Jhelum Express,Exp,PUNE,JAT,"SUN,MON,TUE,WED,THU,FRI,SAT",2177,276
11078,Jhelum Express,Exp,JAT,PUNE,"SUN,MON,TUE,WED,THU,FRI,SAT",2173,274
11087,Veraval Pune Express,Exp,VRL,PUNE,SAT,1066,168
11088,Pune Veraval Express,Exp,PUNE,VRL,THU,1066,168
11089,BHAGAT KI KOTHI - PUNE Exp,Exp,BGKT,PUNE,TUE,1094,201
11090,PUNE - BHAGAT KI KOTHI Exp,Exp,PUNE,BGKT,SUN,1094,201
11091,BHUJ - PUNE Ahimsa Exp,Exp,BHUJ,PUNE,WED,993,173
11092,PUNE - BHUJ Ahimsa Exp,Exp,PUNE,BHUJ,MON,993,173
11093,MUMBAI CST - VARANASI Mahanagari Exp,Exp,CSTM,BSB,"SUN,MON,TUE,WED,THU,FRI,SAT",1533,211
11094,VARANASI - MUMBAI CST Mahanagari Exp,Exp,BSB,CSTM,"SUN,MON,TUE,WED,THU,FRI,SAT",1533,202
11095,Ahimsa Express,Exp,ADI,PUNE,"SUN,MON,TUE,WED,THU,FRI,SAT",635,113
11096,Ahimsa Express,Exp,PUNE,ADI,"SUN,MON,TUE,WED,THU,FRI,SAT",635,113
11105,Pratham Swatantrata Sangram Express,Exp,KOAA,JHS,"SUN,MON,TUE,WED,THU,FRI,SAT",1326,204
11106,Pratham Swatantrata Sangram Express,Exp,JHS,KOAA,"SUN,MON,TUE,WED,THU,FRI,SAT",1326,204
11266,AMBIKAPUR - JABALPUR Exp,Exp,ABKP,JBP,"SUN,MON,TUE,WED,THU,FRI,SAT",433,49
11401,Nandigram Express,Exp,CSTM,NGP,"SUN,MON,TUE,WED,THU,FRI,SAT",1139,125
11402,Nandigram Express,Exp,NGP,CSTM,"SUN,MON,TUE,WED,THU,FRI,SAT",1139,125
11403,NAGPUR - KOLHAPUR EXP,Exp,NGP,KOP,"TUE,SAT",1038,127
11404,KOLHAPUR - NAGPUR EXP,Exp,KOP,NGP,"MON,FRI",1038,127
11423,Solapur - Hubli Express,Exp,SUR,UBL,"SUN,MON,TUE,WED,THU,FRI,SAT",358,47
11424,Hubli Jn - Solapur Express,Exp,UBL,SUR,"SUN,MON,TUE,WED,THU,FRI,SAT",357,47
11447,JABALPUR - KOL HOWRAH Shaktipunj Exp,Exp,JBP,HWH,"SUN,MON,TUE,WED,THU,FRI,SAT",1152,191
11448,HOWRAH - JABALPUR Shaktipunj Exp,Exp,HWH,JBP,"SUN,MON,TUE,WED,THU,FRI,SAT",1152,191
11449,JABALPUR - SHRI MATA VAISHNO DEVI KATRA Express,Exp,JBP,SVDK,TUE,1509,231
11450,SHRI MATA VAISHNO DEVI KATRA - JABALPUR Express,Exp,SVDK,JBP,WED,1509,231
11451,JABALPUR - REWA Intercity Exp,Exp,JBP,REWA,"SUN,MON,TUE,WED,THU,FRI,SAT",238,27
11452,REWA - JABALPUR Intercity Exp,Exp,REWA,JBP,"SUN,MON,TUE,WED,THU,FRI,SAT",238,27
11453,Prerna Express,Exp,ADI,NGP,"SUN,MON,TUE,WED,THU,FRI,SAT",959,134
11463,Somnath-Jabalpur Express,Exp,SMNH,JBP,"SUN,TUE,WED,THU,FRI",1415,180
11464,Jabalpur-Somnath Express,Exp,JBP,SMNH,"SUN,TUE,WED,THU,SAT",1415,180
11471,Indore-Jabalpur Overnight Express,Exp,INDB,JBP,"SUN,MON,TUE,WED,THU,FRI,SAT",555,62
11472,Jabalpur-Indore Express,Exp,JBP,INDB,"SUN,MON,TUE,WED,THU,FRI,SAT",555,62
12003,Lucknow-NewDelhi Swarn Shatabdi Express,Shtb,LKO,NDLS,"SUN,MON,TUE,WED,THU,FRI,SAT",511,74
12020,Ranchi-Howrah Shatabdi Express,Shtb,RNC,HWH,"SUN,MON,TUE,WED,THU,FRI,SAT",423,81
12021,Barbil Janshatabdi,JShtb,HWH,BBN,"SUN,MON,TUE,WED,THU,FRI,SAT",398,69
12022,Barbil Howrah Janshatabdi,JShtb,BBN,HWH,"SUN,MON,TUE,WED,THU,FRI,SAT",398,69
12189,JABALPUR - DELHI H NIZAMUDDIN Mahakoshal SF Exp,SF,JBP,NZM,"SUN,MON,TUE,WED,THU,FRI,SAT",961,114
53030,Bhagalpur Azimganj Passenger,Pass,BGP,AZ,"SUN,MON,TUE,WED,THU,FRI,SAT",226,43
56385,Ernakulam Kottayam Passenger,Pass,ERS,KTYM,"SUN,MON,TUE,WED,THU,FRI,SAT",60,12
11465,SOMNATH - JABALPUR Exp (via Bina),Exp,SMNH,JBP,"MON,SAT",1570,230
11466,JABALPUR - SOMNATH Exp (via Bina),Exp,JBP,SMNH,"MON,FRI",1570,227
11702,INDORE - JABALPUR Intercity Exp,Exp,INDB,JBP,"SUN,MON,TUE,WED,THU,FRI,SAT",761,90
12002,New Delhi-Bhopal Shatabdi Express,Shtb,NDLS,BPL,"SUN,MON,TUE,WED,THU,FRI,SAT",701,87
12004,NewDelh-Lucknowi Swarn Shatabdi Express,SF,NDLS,LKO,"SUN,MON,TUE,WED,THU,FRI,SAT",511,74
12005,New Delhi-Kalka Shatabdi,Shtb,NDLS,KLK,"SUN,MON,TUE,WED,THU,FRI,SAT",303,43
12006,Kalka-New Delhi Shatabdi,Shtb,KLK,NDLS,"SUN,MON,TUE,WED,THU,FRI,SAT",303,43
12008,MYSORE - CHENNAI CENT Shatabdi Express,Shtb,MYS,MAS,"SUN,MON,TUE,WED,THU,FRI,SAT",500,101
12009,Mumbai-Ahmedabad Shatabdi Express,Shtb,BCT,ADI,"SUN,MON,TUE,WED,THU,FRI,SAT",491,99
12010,Ahmedabad-Mumbai Central Shatabdi,Shtb,ADI,BCT,"SUN,MON,TUE,WED,THU,FRI,SAT",491,99
12011,Kalka Shatabdi Express,Shtb,NDLS,KLK,"SUN,MON,TUE,WED,THU,FRI,SAT",303,43
12012,Kalka-New Delhi Shatabdi,Shtb,KLK,NDLS,"SUN,MON,TUE,WED,THU,FRI,SAT",303,43
12013,New Delhi-Amritsar Shatabdi Express,Shtb,NDLS,ASR,"SUN,MON,TUE,WED,THU,FRI,SAT",448,69
12014,Amritsar-NewDelhi Shatabdi,Shtb,ASR,NDLS,"SUN,MON,TUE,WED,THU,FRI,SAT",448,69
12015,New Delhi-Ajmer Shatabdi,Shtb,NDLS,AII,"SUN,MON,TUE,WED,THU,FRI,SAT",443,72
12016,Ajmer-New Delhi Shatabdi,Shtb,AII,NDLS,"SUN,MON,TUE,WED,THU,FRI,SAT",443,72
12017,New Delhi-Dehradun Shatabdi,Shtb,NDLS,DDN,"SUN,MON,TUE,WED,THU,FRI,SAT",315,49
12018,Dehradun-New Delhi Shatabdi,Shtb,DDN,NDLS,"SUN,MON,TUE,WED,THU,FRI,SAT",315,49
12023,Howrah-Patna Jan Shatabdi,JShtb,HWH,PNBE,"SUN,MON,TUE,WED,THU,FRI,SAT",532,96
12024,Patna-Howrah Jan Shatabdi,JShtb,PNBE,HWH,"SUN,MON,TUE,WED,THU,FRI,SAT",532,96
12025,Pune-Secunderabad Shatabdi Express,Shtb,PUNE,SC,"SUN,MON,TUE,WED,THU,FRI,SAT",597,83
12026,Secunderabad-Pune Shatabdi,Shtb,SC,PUNE,"SUN,MON,TUE,WED,THU,FRI,SAT",597,83
12028,BANGALORE CITY - CHENNAI CENT Shatabdi Exp,Shtb,SBC,MAS,"SUN,MON,TUE,WED,THU,FRI,SAT",362,75
12029,New Delhi-Amritsar Swarna Shatabdi Express,Shtb,NDLS,ASR,"SUN,MON,TUE,WED,THU,FRI,SAT",448,69
12031,Amritsar Shatabdi Express,Shtb,NDLS,ASR,"SUN,MON,TUE,WED,THU,FRI,SAT",448,69
12032,Amritsar Shatabdi Express,Shtb,ASR,NDLS,"SUN,MON,TUE,WED,THU,FRI,SAT",448,69
12033,Kanpur Shatabdi,Shtb,CNB,NDLS,"SUN,MON,TUE,WED,THU,FRI,SAT",437,61
12034,New Delhi-Kanpur Shatabdi Express,Shtb,NDLS,CNB,"SUN,MON,TUE,WED,THU,FRI,SAT",437,61
12037,New Delhi-Ludhiana Shatabdi Express,Shtb,NDLS,LDH,"SUN,MON,TUE,WED,THU,FRI,SAT",329,53
12038,Ludhiana-New Delhi Shatabdi Express,Shtb,LDH,NDLS,"SUN,MON,TUE,WED,THU,FRI,SAT",329,53
12051,DADAR - MADGAON Jan Shatabdi Exp,JShtb,DR,MAO,"SUN,MON,TUE,WED,THU,FRI,SAT",765,68
12052,MADGAON - DADAR Jan Shatabdi Exp,JShtb,MAO,DR,"SUN,MON,TUE,WED,THU,FRI,SAT",765,68
12053,Haridwar Amritsar Jan Shatabdi Express,JShtb,HW,ASR,"SUN,MON,TUE,WED,THU,FRI,SAT",407,60
12054,Amritsar Haridwar Jan Shatabdi,JShtb,ASR,HW,"SUN,MON,TUE,WED,THU,FRI,SAT",407,60
12055,Dehradun Jan Shatabdi Express,JShtb,NDLS,DDN,"SUN,MON,TUE,WED,THU,FRI,SAT",303,48
12059,Kota-Hazrat Nizamuddin Jan Shatabdi,JShtb,KOTA,NZM,"SUN,MON,TUE,WED,THU,FRI,SAT",458,56
12060,Hazarat Nizamuddin-Kota Jan Shatabdi,JShtb,NZM,KOTA,"SUN,MON,TUE,WED,THU,FRI,SAT",458,56
12063,Haridwar Chandigarh Una Link Jan Shatabdi Express,JShtb,HW,UHL,"SUN,MON,TUE,WED,THU,FRI,SAT",368,46
12064,Una Chandigarh Haridwar Link Jan Shatabdi,JShtb,UHL,HW,"SUN,MON,TUE,WED,THU,FRI,SAT",368,46
12067,Guwahati Jorhat Jan Shatabdi,JShtb,GHY,JTTN,"SUN,MON,TUE,WED,THU,FRI,SAT",376,51
12083,Mayiladuturai-Coimbatore Jan Shatabdi,JShtb,MV,CBE,"SUN,MON,TUE,WED,THU,FRI,SAT",362,66
12107,Mumbai LTT Lucknow Superfast Express,SF,LTT,LJN,"MON,WED,SAT",1410,177
12108,Lucknow Mumbai LTT Superfast Express,SF,LJN,LTT,"SUN,TUE,THU",1409,177
12110,Panchavati Express,SF,MMR,CSTM,"SUN,MON,TUE,WED,THU,FRI,SAT",261,50
12118,Manmad-Mumbai LTT Express,SF,MMR,LTT,"SUN,MON,TUE,WED,THU,FRI,SAT",245,39
56389,Ernakulam Kottayam Passenger,Pass,ERS,KTYM,"SUN,MON,TUE,WED,THU,FRI,SAT",60,12
12056,Dehradun Jan Shatabdi Express,JShtb,DDN,NDLS,"SUN,MON,TUE,WED,THU,FRI,SAT",305,48
12057,New Delhi-Una Janshatabdi,JShtb,NDLS,UHL,"SUN,MON,TUE,WED,THU,FRI,SAT",410,55
12058,Una-New Delhi Janshatabdi,JShtb,UHL,NDLS,"SUN,MON,TUE,WED,THU,FRI,SAT",410,55
12061,HabibGanj Bhopal-Jabalpur Jan Shatabdi,JShtb,HBJ,JBP,"SUN,MON,TUE,WED,THU,FRI,SAT",331,35
12062,Jabalpur-HabibGanj Bhopal Jan Shatabdi,JShtb,JBP,HBJ,"SUN,MON,TUE,WED,THU,FRI,SAT",331,35
12068,Jorhat Guwahati Jan Shatabdi,JShtb,JTTN,GHY,"SUN,MON,TUE,WED,THU,FRI,SAT",376,51
12069,Raigarh-Gondia Jan Shatabdi,JShtb,RIG,G,"SUN,MON,TUE,WED,THU,FRI,SAT",414,56
12070,Gondia-Raigarh Jan Shatabdi,JShtb,G,RIG,"SUN,MON,TUE,WED,THU,FRI,SAT",414,56
12072,Aurangabad Mumbai Jan Shatabdi,JShtb,AWB,CSTM,"SUN,MON,TUE,WED,THU,FRI,SAT",374,59
12074,Bhubaneswar-Howrah Jan Shatabdi Express,JShtb,BBS,HWH,"SUN,MON,TUE,WED,THU,FRI,SAT",439,89
12075,Kozhikode-Trivandrum Jan Shatabdi Express,JShtb,CLT,TVC,"SUN,MON,TUE,WED,THU,FRI,SAT",399,80
12076,Trivandrum-Kozhikode Jan Shatabdi Express,JShtb,TVC,CLT,"SUN,MON,TUE,WED,THU,FRI,SAT",399,80
12078,Vijayawada Chennai Jan Shatabdi,JShtb,BZA,MAS,"SUN,MON,TUE,WED,THU,FRI,SAT",431,72
12079,Bangalore City-Hubli Jan Shatabdi,JShtb,SBC,UBL,"SUN,MON,TUE,WED,THU,FRI,SAT",469,63
12080,Hubli Bangalore Janshatabdi,JShtb,UBL,SBC,"SUN,MON,TUE,WED,THU,FRI,SAT",469,63
12081,Kozhikode - Trivandrum Jan Shatabdi,JShtb,CLT,TVC,"SUN,MON,TUE,WED,THU,FRI,SAT",413,78
12082,Trivandrum-Kozhikode Jan Shatabdi,JShtb,TVC,CLT,"SUN,MON,TUE,WED,THU,FRI,SAT",413,78
12101,MUMBAI LTT - HOWRAH Janeswari Super Deluxe Exp,SF,LTT,HWH,"MON,TUE,FRI,SAT",1952,298
12102,HOWRAH - MUMBAI LTT Janeswari Super Deluxe Exp,SF,HWH,LTT,"SUN,MON,WED,THU",1952,298
12103,Pune Lucknow Jn SuperFast Express,SF,PUNE,LJN,TUE,1478,173
12104,Lucknow Jn - Pune Express,SF,LJN,PUNE,WED,1477,173
12105,Vidarbha Express,SF,CSTM,G,"SUN,MON,TUE,WED,THU,FRI,SAT",968,133
12106,Vidarbha Express,SF,G,CSTM,"SUN,MON,TUE,WED,THU,FRI,SAT",968,133
12109,Panchavati Express,SF,CSTM,MMR,"SUN,MON,TUE,WED,THU,FRI,SAT",261,50
12111,Mumbai CST-Amaravati SF Express,SF,CSTM,AMI,"SUN,MON,TUE,WED,THU,FRI,SAT",673,96
12112,Amaravati-Mumbai CST Express,SF,AMI,CSTM,"SUN,MON,TUE,WED,THU,FRI,SAT",673,96
12113,Pune-Nagpur Garib Rath Express,GR,PUNE,NGP,"SUN,MON,TUE,WED,THU,FRI,SAT",890,100
12114,Nagpur-Pune Garib Rath,GR,NGP,PUNE,"SUN,MON,TUE,WED,THU,FRI,SAT",890,101
12115,Siddheshwar Express,SF,CSTM,SUR,"SUN,MON,TUE,WED,THU,FRI,SAT",455,88
12116,Siddheshwar Express,SF,SUR,CSTM,"SUN,MON,TUE,WED,THU,FRI,SAT",455,87
12117,Mumbai LTT- Manmad Express,SF,LTT,MMR,"SUN,MON,TUE,WED,THU,FRI,SAT",245,39
12119,Amaravati Nagpur Express,SF,AMI,NGP,"SUN,MON,TUE,WED,THU,FRI,SAT",184,23
12120,Nagpur Amravati Express,SF,NGP,AMI,"SUN,MON,TUE,WED,THU,FRI,SAT",184,23
12122,DELHI H NIZAMUDDIN - JABALPUR S Kranti Exp,SKr,NZM,JBP,"MON,THU,SAT",909,115
12135,Pune -Nagpur SuperFast Express,SF,PUNE,NGP,"SUN,TUE,THU",890,101
12136,Nagpur Pune Express,SF,NGP,PUNE,"MON,WED,SAT",890,101
12137,Punjab Mail,SF,CSTM,FZR,"SUN,MON,TUE,WED,THU,FRI,SAT",1930,264
12138,Punjab Mail,SF,FZR,CSTM,"SUN,MON,TUE,WED,THU,FRI,SAT",1930,264
12139,Sevagram Express,SF,CSTM,NGP,"SUN,MON,TUE,WED,THU,FRI,SAT",838,116
12139-Slip,Sewagram Express Slip,SF,CSTM,NGP,"SUN,MON,TUE,WED,THU,FRI,SAT",838,116
12140,Sevagram Express,SF,NGP,CSTM,"SUN,MON,TUE,WED,THU,FRI,SAT",838,116
12143,LTT Sultanpur Superfast Weekly Express,SF,LTT,SLN,SUN,1550,193
12144,Sultanpur-LTT Weekly SF Express,SF,SLN,LTT,TUE,1550,193
12148,Nizamuddin-Kolhapur Express,SF,NZM,KOP,THU,1915,225
12161,Lashkar Superfast Express,SF,LTT,AGC,FRI,1334,165
12162,Lashkar Express,SF,AGC,LTT,SAT,1334,165
51817,Agra Fort Bandikui Pass,Pass,AF,BKI,"SUN,MON,TUE,WED,THU,FRI,SAT",150,23
12123,Deccan Queen SF Express,SF,CSTM,PUNE,"SUN,MON,TUE,WED,THU,FRI,SAT",192,55
12124,Deccan Queen SF Express,SF,PUNE,CSTM,"SUN,MON,TUE,WED,THU,FRI,SAT",192,55
12125,Pragati Superfast Express,SF,CSTM,PUNE,"SUN,MON,TUE,WED,THU,FRI,SAT",192,55
12126,Pragati Superfast Express,SF,PUNE,CSTM,"SUN,MON,TUE,WED,THU,FRI,SAT",192,55
12127,MumbaiCST-Pune SF InterCity,SF,CSTM,PUNE,"SUN,MON,TUE,WED,THU,FRI,SAT",192,55
12128,Pune-MumbaiCST Intercity Express,SF,PUNE,CSTM,"SUN,MON,TUE,WED,THU,FRI,SAT",192,55
12129,PUNE - HOWRAH Azad Hind SF Exp,SF,PUNE,HWH,"SUN,MON,TUE,WED,THU,FRI,SAT",2020,294
12130,HOWRAH - PUNE Azad Hind SF Exp,SF,HWH,PUNE,"SUN,MON,TUE,WED,THU,FRI,SAT",2020,295
12131,Mumbai Dadar-Sainagar Shirdi Express,SF,DR,SNSI,"MON,WED,SAT",336,50
12132,Sainagar Shirdi-Mumbai Dadar Express,SF,SNSI,DR,"SUN,TUE,THU",336,50
12133,MUMBAI CST - MANGALORE Exp,SF,CSTM,MAJN,"SUN,MON,TUE,WED,THU,FRI,SAT",1195,103
12134,MANGALORE - MUMBAI CST Exp,SF,MAJN,CSTM,"SUN,MON,TUE,WED,THU,FRI,SAT",1195,103
12141,MUMBAI LTT - PATLIPUTRA SF Exp,SF,LTT,PPTA,"SUN,MON,TUE,WED,THU,FRI,SAT",1714,247
12145,MUMBAI LTT - PURI SF Exp,SF,LTT,PURI,SUN,1818,256
12147,Kolhapur-Nizamuddin Express,SF,KOP,NZM,TUE,1915,225
12149,PUNE - PATLIPUTRA SF Exp,SF,PUNE,PPTA,"SUN,MON,TUE,WED,THU,FRI,SAT",1781,245
12150,PATLIPUTRA - PUNE SF Exp,SF,PPTA,PUNE,"SUN,MON,TUE,WED,THU,FRI,SAT",1780,244
12151,MUMBAI LTT - HOWRAH Samarsata SF Exp,SF,LTT,HWH,"WED,THU",2082,308
12152,HOWRAH - MUMBAI LTT Samarsata SF Exp,SF,HWH,LTT,"FRI,SAT",2082,308
12153,Lokmanya Tilak (T) Habibganj Express,SF,LTT,HBJ,THU,822,106
12154,Habibganj LTT Superfast Express,SF,HBJ,LTT,FRI,822,106
12155,Shaan-e-Bhopal Express,SF,HBJ,NZM,"SUN,MON,TUE,WED,THU,FRI,SAT",700,84
12156,Shaan E Bhopal SF Express,SF,NZM,HBJ,"SUN,MON,TUE,WED,THU,FRI,SAT",700,84
12157,Hutatma Express,SF,PUNE,SUR,"SUN,MON,TUE,WED,THU,FRI,SAT",264,34
12158,Hutatma Express,SF,SUR,PUNE,"SUN,MON,TUE,WED,THU,FRI,SAT",264,34
12159,Amravati -Jabalpur Express,SF,AMI,JBP,"SUN,MON,TUE,WED,THU,FRI,SAT",726,80
12160,Jabalpur - Amravati Express,SF,JBP,AMI,"SUN,MON,TUE,WED,THU,FRI,SAT",726,80
12166,VARANASI - MUMBAI LTT Ratnagiri SF Exp,SF,BSB,LTT,"TUE,FRI,SAT",1483,197
12167,MUMBAI LTT - VARANASI SF Exp,SF,LTT,BSB,"SUN,MON,TUE,WED,THU,FRI,SAT",1480,198
12168,VARANASI - MUMBAI LTT SF Exp,SF,BSB,LTT,"SUN,MON,TUE,WED,THU,FRI,SAT",1480,198
12169,Pune Solapur InterCity Express,SF,PUNE,SUR,"SUN,MON,TUE,WED,THU,FRI,SAT",264,34
12170,Solapur Pune Intercity Express,SF,SUR,PUNE,"SUN,MON,TUE,WED,THU,FRI,SAT",264,34
12171,Mumbai LTT -Haridwar AC Express,SF,LTT,HW,"MON,THU",1772,229
12172,Haridwar-Mumbai LTT AC Express,SF,HW,LTT,"TUE,FRI",1772,229
12173,Udyog Nagri Express,SF,LTT,PBH,"SUN,TUE",1583,202
12174,Udyog Nagri Express,SF,PBH,LTT,"TUE,THU",1583,202
12177,Chambal Express,SF,HWH,MTJ,FRI,1475,199
12178,Chambal Express,SF,MTJ,HWH,MON,1475,200
12183,Bhopal Partapgarh Express,SF,BPL,PBH,"SUN,TUE,FRI",758,96
12184,Pratapgarh-Bhopal Express,SF,PBH,BPL,"MON,WED,SAT",756,96
12185,BHOPAL HABIBGANJ - REWA Rewanchal Exp,SF,HBJ,REWA,"SUN,MON,TUE,WED,THU,FRI,SAT",554,69
12186,REWA - BHOPAL HABIBGANJ Rewanchal Exp,SF,REWA,HBJ,"SUN,MON,TUE,WED,THU,FRI,SAT",554,69
12187,Jabalpur-CST Garib Rath Express,GR,JBP,CSTM,"SUN,MON,TUE,WED,THU,FRI,SAT",997,135
12188,Mumbai-Jabalpur Garib Rath Express,GR,CSTM,JBP,"SUN,MON,TUE,WED,THU,FRI,SAT",997,135
12194,Partapgarh Bhopal SuperFast Express,SF,PBH,BPL,SAT,756,96
12195,Agra Fort - Ajmer Express,SF,AF,AII,"SUN,MON,TUE,WED,THU,FRI,SAT",376,55
12196,Ajmer-Agra Fort Express,SF,AII,AF,"SUN,MON,TUE,WED,THU,FRI,SAT",376,55
53444,Bhagalpur Mandar Hill Passenger,Pass,BGP,MDLE,"MON,TUE,WED,THU,FRI,SAT",50,12
12176,Chambal Express,SF,GWL,HWH,"TUE,SAT",1303,179
12179,Lucknow Agra Intercity SF Express,SF,LJN,AGC,"SUN,MON,TUE,WED,THU,FRI,SAT",330,48
12180,Agra Lucknow Intercity SF Express,SF,AGC,LJN,"SUN,MON,TUE,WED,THU,FRI,SAT",330,48
12190,DELHI H NIZAMUDDIN - JABALPUR Mahakoshal SF Exp,SF,NZM,JBP,"SUN,MON,TUE,WED,THU,FRI,SAT",961,116
12191,Shridham Express,SF,NDLS,JBP,"SUN,MON,TUE,WED,THU,FRI,SAT",1038,122
12192,Jabalpur-New Delhi Superfast Express,SF,JBP,NDLS,"SUN,MON,TUE,WED,THU,FRI,SAT",1038,122
12197,Bhopal Gwalior InterCity Express,SF,BPL,GWL,"SUN,MON,TUE,WED,THU,FRI,SAT",485,36
12198,Gwalior Bhopal InterCity Express,SF,GWL,BPL,"SUN,MON,TUE,WED,THU,FRI,SAT",485,36
12201,MUMBAI LTT - KOCHUVELI Garib Rath Exp,GR,LTT,KCVL,"SUN,MON,TUE,WED,THU,FRI,SAT",1812,211
12202,KOCHUVELI - MUMBAI LTT Garib Rath Exp,GR,KCVL,LTT,"SUN,MON,TUE,WED,THU,FRI,SAT",1812,211
12203,Saharsa Amritsar Garib Rath,GR,SHC,ASR,"SUN,MON,TUE,WED,THU,FRI,SAT",1723,259
12204,Amritsar Saharsa Garib Rath,GR,ASR,SHC,"SUN,MON,TUE,WED,THU,FRI,SAT",1723,258
12205,New Delhi-Dehradun AC Express,SF,NDLS,DDN,"SUN,MON,TUE,WED,THU,FRI,SAT",303,48
12206,Dehradun-NewDelhi AC Express,SF,DDN,NDLS,"SUN,MON,TUE,WED,THU,FRI,SAT",303,48
12207,Kathgodam-Jammu Garib Rath Express,GR,KGM,JAT,"SUN,MON,TUE,WED,THU,FRI,SAT",769,105
12208,Jammu-Kathgodam Garib Rath Express,GR,JAT,KGM,"SUN,MON,TUE,WED,THU,FRI,SAT",769,105
12209,Kanpur-Kathgodam Garib Rath,GR,CNB,KGM,"SUN,MON,TUE,WED,THU,FRI,SAT",459,65
12210,Kathgodam-Kanpur Garib Rath,GR,KGM,CNB,"SUN,MON,TUE,WED,THU,FRI,SAT",459,65
12211,Muzaffarpur-Anand Vihar(T) Garib Rath Exp.,GR,MFP,ANVT,"SUN,MON,TUE,WED,THU,FRI,SAT",1060,154
12212,Anand Vihar T.- Muzaffarpur Garib Rath,GR,ANVT,MFP,"SUN,MON,TUE,WED,THU,FRI,SAT",1060,154
12213,Yeswantpur-Delhi Sarai Rohilla AC Duronto Express,Drnt,YPR,DEE,"SUN,MON,TUE,WED,THU,FRI,SAT",2314,282
12214,Delhi Sarai Rohilla-Yesvantpur AC Duronto Express,Drnt,DEE,YPR,"SUN,MON,TUE,WED,THU,FRI,SAT",2314,282
12215,Delhi Sarai Rohilla-Mumbai BandraT Garib Rath,GR,DEE,BDTS,"SUN,MON,TUE,WED,THU,FRI,SAT",1431,240
12216,Mumbai Bandra T. - Delhi Sarai Rohilla Garib Rath,GR,BDTS,DEE,"SUN,MON,TUE,WED,THU,FRI,SAT",1431,240
12217,KOCHUVELI - CHANDIGARH Kerala Sampark Kranti Exp,SKr,KCVL,CDG,"MON,SAT",3415,456
12218,CHANDIGARH - KOCHUVELI Kerala Sampark Kranti Exp,SKr,CDG,KCVL,"WED,FRI",3415,456
12219,Lokmanya Tilak (T)-Secunderabad AC Duronto Express,Drnt,LTT,SC,"SUN,MON,TUE,WED,THU,FRI,SAT",773,126
12220,Secunderabad-Mumbai LTT AC Duronto Express,Drnt,SC,LTT,"SUN,MON,TUE,WED,THU,FRI,SAT",773,126
12222,HOWRAH - PUNE AC Duronto Exp,Drnt,HWH,PUNE,"SUN,MON,TUE,WED,THU,FRI,SAT",2020,295
12223,MUM LTT - ERNAKULAM AC Duronto,Drnt,LTT,ERS,"SUN,MON,TUE,WED,THU,FRI,SAT",1599,174
12224,ERNAKULAM - MUM LTT AC Duronto,Drnt,ERS,LTT,"SUN,MON,TUE,WED,THU,FRI,SAT",1598,175
12225,Kaifiat Express,SF,AMH,DLI,"SUN,MON,TUE,WED,THU,FRI,SAT",803,109
12226,Kaifiat Express,SF,DLI,AMH,"SUN,MON,TUE,WED,THU,FRI,SAT",803,110
12228,Indore- Mumbai Central Duronto Express,Drnt,INDB,BCT,"SUN,MON,TUE,WED,THU,FRI,SAT",829,134
12229,Lucknow Mail,SF,LKO,NDLS,"SUN,MON,TUE,WED,THU,FRI,SAT",493,79
12230,Lucknow Mail,SF,NDLS,LKO,"SUN,MON,TUE,WED,THU,FRI,SAT",493,79
12231,Lucknow-Chandigarh Express,SF,LKO,CDG,"SUN,MON,TUE,WED,THU,FRI,SAT",667,95
12232,Chandigarh - Lucknow Sadhbhavna SF Express,SF,CDG,LKO,"SUN,MON,TUE,WED,THU,FRI,SAT",667,95
12233,Lucknow New Delhi AC Express,SF,LKO,NDLS,"SUN,MON,TUE,WED,THU,FRI,SAT",493,79
12239,Mumbai Central Jaipur AC Duronto Express,Drnt,BCT,JP,"SUN,MON,TUE,WED,THU,FRI,SAT",1159,168
12260,New Delhi-Sealdah AC Duronto Express,Drnt,NDLS,SDAH,"SUN,MON,TUE,WED,THU,FRI,SAT",1453,222
12271,Lucknow-New Delhi AC Duronto Express,Drnt,LKO,NDLS,"SUN,MON,TUE,WED,THU,FRI,SAT",493,79
12273,Howrah-New Delhi Duronto Express,Drnt,HWH,NDLS,"SUN,MON,TUE,WED,THU,FRI,SAT",1446,218
12274,New Delhi-Howrah Duronto Express,Drnt,NDLS,HWH,"SUN,MON,TUE,WED,THU,FRI,SAT",1441,218
40029,Chennai Beach TambaramEMU (12 car),MEMU,MSB,TBM,"SUN,MON,TUE,WED,THU,FRI,SAT",33,19
56394,Kollam Kottayam Passenger,Pass,QLN,KTYM,"SUN,MON,TUE,WED,THU,FRI,SAT",96,14
12234,NewDelhi-Lucknow AC Express,SF,NDLS,LKO,"SUN,MON,TUE,WED,THU,FRI,SAT",493,79
12235,DIBRUGARH - NEW DELHI Rajdhani Exp,Raj,DBRG,NDLS,"SUN,MON,TUE,WED,THU,FRI,SAT",2453,338
12236,NEW DELHI - DIBRUGARH Rajdhani Exp,Raj,NDLS,DBRG,"SUN,MON,TUE,WED,THU,FRI,SAT",2474,337
12237,Varanasi-Jammu Tawi SF Express,SF,BSB,JAT,"SUN,MON,TUE,WED,THU,FRI,SAT",1261,177
12238,Jammu-Varanasi SF Express,SF,JAT,BSB,"SUN,MON,TUE,WED,THU,FRI,SAT",1261,177
12241,Chandigarh-Amritsar Duronto Express,Drnt,CDG,ASR,"SUN,MON,TUE,WED,THU,FRI,SAT",267,35
12242,Amritsar-Chandigarh Duronto Express,Drnt,ASR,CDG,"SUN,MON,TUE,WED,THU,FRI,SAT",267,35
12243,Chennai Central-Coimbatore AC Duronto Express,Drnt,MAS,CBE,"SUN,MON,TUE,WED,THU,FRI,SAT",497,89
12244,Coimbatore-Chennai Central AC Duronto Express,Drnt,CBE,MAS,"SUN,MON,TUE,WED,THU,FRI,SAT",497,88
12245,HOWRAH - YESVANTPUR AC Duronto Exp,Drnt,HWH,YPR,"SUN,MON,TUE,WED,THU,FRI,SAT",1946,337
12251,Wainganga express,SF,YPR,KRBA,"TUE,FRI",1614,192
12252,Wainganga express,SF,KRBA,YPR,"SUN,THU",1605,192
12253,YESVANTPUR - BHAGALPUR Anga SF Exp,SF,YPR,BGP,SAT,2473,458
12254,BHAGALPUR - YESVANTPUR Anga SF Exp,SF,BGP,YPR,WED,2474,458
12261,MUMBAI CST - HOWRAH AC Duronto Exp,Drnt,CSTM,HWH,"SUN,MON,TUE,WED,THU,FRI,SAT",1968,314
12262,HOWRAH - MUMBAI CST AC Duronto Exp,Drnt,HWH,CSTM,"SUN,MON,TUE,WED,THU,FRI,SAT",1968,310
12264,Hazrat Nizamuddin-Pune AC Duronto Express,Drnt,NZM,PUNE,"SUN,MON,TUE,WED,THU,FRI,SAT",1508,212
12265,Delhi Sarai Rohilla Jammu Tawi Duronto Express,Drnt,DEE,JAT,"SUN,MON,TUE,WED,THU,FRI,SAT",578,86
12266,Jammu Tawi-Delhi Sarai Rohilla Duronto Express,Drnt,JAT,DEE,"SUN,MON,TUE,WED,THU,FRI,SAT",578,86
12267,Mumbai Central-Ahmedabad AC Duronto Express,Drnt,BCT,ADI,"SUN,MON,TUE,WED,THU,FRI,SAT",491,99
12268,Ahmedabad-Mumbai Central AC Duronto Express,Drnt,ADI,BCT,"SUN,MON,TUE,WED,THU,FRI,SAT",491,99
12269,Chennai-Hazrat Nizamuddin Duronto Express,Drnt,MAS,NZM,"SUN,MON,TUE,WED,THU,FRI,SAT",2176,270
12270,Hazrat Nizamuddin-Chennai Duronto,Drnt,NZM,MAS,"SUN,MON,TUE,WED,THU,FRI,SAT",2176,270
12272,New Delhi-Lucknow AC Duronto Express,Drnt,NDLS,LKO,"SUN,MON,TUE,WED,THU,FRI,SAT",493,79
12275,Allahabad-New Delhi Duronto Express,Drnt,ALD,NDLS,"SUN,MON,TUE,WED,THU,FRI,SAT",634,90
12276,New Delhi-Allahabad Duronto Express,Drnt,NDLS,ALD,"SUN,MON,TUE,WED,THU,FRI,SAT",634,90
12277,Howrah Puri Duronto Express,Drnt,HWH,PURI,"SUN,MON,TUE,WED,THU,FRI,SAT",502,102
12301,Howrah-New Delhi Rajdhani Express,Raj,HWH,NDLS,"SUN,MON,TUE,WED,THU,FRI,SAT",1447,218
12303,Poorva Express,SF,HWH,NDLS,"MON,TUE,FRI,SAT",1530,236
12307,Howrah-Jodhpur SF Express,SF,HWH,JU,"SUN,TUE,WED,SAT",1814,264
12307-Slip,Howrah-Bikaner Express,SF,HWH,JU,"SUN,MON,TUE,WED,THU,FRI,SAT",1814,264
12311,Kalka Mail,SF,HWH,KLK,"SUN,MON,TUE,WED,THU,FRI,SAT",1743,256
12313,KOL SEALDAH - NEW DELHI Rajdhani Exp,Raj,SDAH,NDLS,"SUN,MON,TUE,WED,THU,FRI,SAT",1454,264
12314,NEW DELHI - KOL SEALDAH Rajdhani Exp,Raj,NDLS,SDAH,"SUN,MON,TUE,WED,THU,FRI,SAT",1454,264
12316,Ananya Express,SF,UDZ,SDAH,MON,2141,307
12318,AKAL TAKHT Express,SF,ASR,SDAH,"TUE,FRI",1898,394
12320,AGRA CANTT - KOLKATA CHITPUR SF Exp,SF,AGC,KOAA,THU,1405,256
12325,KOLKATA CHITPUR - NANGAL DAM Gurumukhi Exp,SF,KOAA,NLDM,THU,1803,350
12326,NANGAL DAM - KOLKATA CHITPUR Gurumukhi Exp,SF,NLDM,KOAA,SAT,1803,357
12327,Upasana Express,SF,HWH,DDN,"TUE,FRI",1587,244
12329,West Bengal Sampark Kranti,SKr,SDAH,DLI,TUE,1448,219
12330,West Bengal Sampark Kranti Express,SKr,DLI,SDAH,WED,1448,219
12331,Himgiri Express,SF,HWH,JAT,"TUE,FRI,SAT",2021,306
15941,JHAJHA - DIBRUGARH Exp,Exp,JAJ,DBRG,FRI,1710,217
40031,Chennai Beach TambaramEMU (12 car),MEMU,MSB,TBM,"SUN,MON,TUE,WED,THU,FRI,SAT",33,19
55334,Mathura-KasGanj Passenger,Pass,AF,KSJ,"SUN,MON,TUE,WED,THU,FRI,SAT",162,18
63566,Jhajha Jasidih Passenger,MEMU,JAJ,JSME,"SUN,MON,TUE,WED,THU,FRI,SAT",44,5
12278,Puri-Howrah AC Duronto Express,Drnt,PURI,HWH,"SUN,MON,TUE,WED,THU,FRI,SAT",502,102
12279,Jhansi-H.Nizamuddin Taj Express,SF,JHS,NZM,"SUN,MON,TUE,WED,THU,FRI,SAT",403,48
12280,H.Nizamuddin-Jhansi Taj Express,SF,NZM,JHS,"SUN,MON,TUE,WED,THU,FRI,SAT",403,48
12281,Bhubaneswar-New Delhi Duronto,Drnt,BBS,NDLS,"SUN,MON,TUE,WED,THU,FRI,SAT",1724,245
12282,New Delhi-Bhubaneswar Duronto Express,Drnt,NDLS,BBS,"SUN,MON,TUE,WED,THU,FRI,SAT",1724,245
12284,DELHI H NIZAMUDDIN - ERNAKULAM Duronto Exp,Drnt,NZM,ERS,"SUN,MON,TUE,WED,THU,FRI,SAT",2943,371
12287,Kochuveli-Dehradun Weekly Express,SF,KCVL,DDN,"SUN,MON,TUE,WED,THU,FRI,SAT",3459,421
12289,Mumbai CSTM-Nagpur Duronto Express,Drnt,CSTM,NGP,"SUN,MON,TUE,WED,THU,FRI,SAT",838,116
12290,Nagpur-Mumbai CST Duronto Express,Drnt,NGP,CSTM,"SUN,MON,TUE,WED,THU,FRI,SAT",838,116
12291,YESVANTPUR - CHENNAI SF Exp,SF,YPR,MAS,FRI,370,77
12292,CHENNAI - YESVANTPUR SF Exp,SF,MAS,YPR,SAT,370,77
12295,BANGALORE - PATLIPUTRA Sanghamitra SF Exp,SF,SBC,PPTA,"SUN,MON,TUE,WED,THU,FRI,SAT",2729,413
12296,PATLIPUTRA - BANGALORE Sanghamitra SF Exp,SF,PPTA,SBC,"SUN,MON,TUE,WED,THU,FRI,SAT",2729,413
12302,New Delhi-Howrah Rajdhani Express,Raj,NDLS,HWH,"SUN,MON,TUE,WED,THU,FRI,SAT",1447,218
12304,Poorva Express,SF,NDLS,HWH,"SUN,WED,THU,SAT",1530,236
12305,Howrah-New Delhi Rajdhani Express,Raj,HWH,NDLS,"SUN,MON,TUE,WED,THU,FRI,SAT",1530,236
12306,New Delhi-Howrah Rajdhani Express,Raj,NDLS,HWH,"SUN,MON,TUE,WED,THU,FRI,SAT",1542,236
12308,Jodhpur-Howrah SF Express,SF,JU,HWH,"MON,TUE,THU,FRI",1814,264
12309,Rajendra Nagar-New Delhi Rajdhani Express,Raj,RJPB,NDLS,"SUN,MON,TUE,WED,THU,FRI,SAT",1001,142
12310,New Delhi Rajendra Nagar Rajdhani Express,Raj,NDLS,RJPB,"SUN,MON,TUE,WED,THU,FRI,SAT",1001,142
12312,Kalka Mail,SF,KLK,HWH,"SUN,MON,TUE,WED,THU,FRI,SAT",1743,256
12321,HOWRAH - MUMBAI CST Mail (via Allahabad),SF,HWH,CSTM,"SUN,MON,TUE,WED,THU,FRI,SAT",2177,351
12322,MUMBAI CST - HOWRAH Mail (via Allahabad),SF,CSTM,HWH,"SUN,MON,TUE,WED,THU,FRI,SAT",2177,351
12323,Howrah-NewDelhi SF Express,SF,HWH,NDLS,"TUE,FRI",1447,218
12324,New Delhi-Howrah SF Express,SF,NDLS,HWH,"WED,SAT",1447,218
12328,Upasana Express,SF,DDN,HWH,"WED,SAT",1587,244
12332,Himgiri Express,SF,JAT,HWH,"SUN,MON,THU",2021,306
12333,Vibhuti Express,SF,HWH,ALY,"SUN,MON,TUE,WED,THU,FRI,SAT",882,150
12339,Coalfield Express,SF,HWH,DHN,"SUN,MON,TUE,WED,THU,FRI,SAT",259,55
12340,Coalfield Express,SF,DHN,HWH,"SUN,MON,TUE,WED,THU,FRI,SAT",259,55
12343-Slip,Darjeeling Mail Slip,Mail,SDAH,HDB,"SUN,MON,TUE,WED,THU,FRI,SAT",624,112
12344,Darjeeling Mail,SF,HDB,SDAH,"SUN,MON,TUE,WED,THU,FRI,SAT",624,112
12355,Archana Express,SF,RJPB,JAT,"TUE,SAT",1510,217
12359,KOLKATA CHITPUR - PATNA Garib Rath Exp,GR,KOAA,PNBE,"SUN,MON,TUE,WED,THU,FRI,SAT",534,136
12363,KOLKATA CHITPUR - HALDIBARI SF Intercity Exp,SF,KOAA,HDB,"TUE,THU,SAT",620,132
12367,Vikramshila Express,SF,BGP,ANVT,"SUN,MON,TUE,WED,THU,FRI,SAT",1206,175
12377,Padatik Express,SF,SDAH,NJP,"SUN,MON,TUE,WED,THU,FRI,SAT",567,106
12378,Padatik Express,SF,NJP,SDAH,"SUN,MON,TUE,WED,THU,FRI,SAT",567,106
12379,Sealdah - Amritsar Superfast Express,SF,SDAH,ASR,FRI,1894,287
12383,Howrah-Dhanbad AC DD Express,SF,HWH,DHN,"MON,TUE,WED,THU,FRI,SAT",259,55
12384,Dhanbad-Howrah AC DD Express,SF,DHN,HWH,"MON,TUE,WED,THU,FRI,SAT",259,55
12757,Tirupati-Coimbatore Intercity Express,SF,TPTY,CBE,"SUN,MON,TUE,WED,THU,FRI,SAT",472,65
12758,Coimbatore-Tirupati (Triweekly) SF Intercity Expre,SF,CBE,TPTY,"SUN,MON,TUE,WED,THU,FRI,SAT",472,65
17488,Tirumala Express,Exp,VSKP,TPTY,"SUN,MON,TUE,WED,THU,FRI,SAT",736,117
19065,MUMBAI BANDRA - BHAGAT KI KOTHI Exp,Exp,BDTS,BGKT,"SUN,MON,TUE,WED,THU,FRI,SAT",935,173
54552,Bhatinda Ambala Passenger,Pass,BTI,UMB,"SUN,MON,TUE,WED,THU,FRI,SAT",200,26
56041,Tirupati-Pondicherry Passenger,Pass,TPTY,PDY,"SUN,MON,TUE,WED,THU,FRI,SAT",284,42
57200,Rajahmundry Vijayawada Passenger,Pass,RJY,BZA,"SUN,MON,TUE,WED,THU,FRI,SAT",149,30
12246,YESVANTPUR - HOWRAH AC Duronto Exp,Drnt,YPR,HWH,"SUN,MON,TUE,WED,THU,FRI,SAT",1946,340
12334,Vibhuti Express,SF,ALY,HWH,"SUN,MON,TUE,WED,THU,FRI,SAT",882,150
12337,Shantiniketan Express,SF,HWH,BHP,"SUN,MON,TUE,WED,THU,FRI,SAT",146,39
12338,Shantiniketan Express,SF,BHP,HWH,"SUN,MON,TUE,WED,THU,FRI,SAT",146,39
12341,Agniveena Express,SF,HWH,ASN,"SUN,MON,TUE,WED,THU,FRI,SAT",200,43
12342,Agniveena Express,SF,ASN,HWH,"SUN,MON,TUE,WED,THU,FRI,SAT",200,43
12345,HOWRAH - GUWAHATI Saraighat SF Exp,SF,HWH,GHY,"SUN,MON,TUE,WED,THU,FRI,SAT",1020,176
12347,Howrah-Rampur Hat SF Express,SF,HWH,RPH,"SUN,MON,TUE,WED,THU,FRI,SAT",207,48
12348,Rampur Hat-Howrah SF Express,SF,RPH,HWH,"SUN,MON,TUE,WED,THU,FRI,SAT",207,48
12351,Howrah- Danapur Express,SF,HWH,DNR,"SUN,MON,TUE,WED,THU,FRI,SAT",541,97
12352,Danapur- Howrah Express,SF,DNR,HWH,"SUN,MON,TUE,WED,THU,FRI,SAT",541,97
12356,Archana Express,SF,JAT,RJPB,"SUN,WED",1510,217
12357,KOLKATA CHITPUR - AMRITSAR Durgiana SF Exp,SF,KOAA,ASR,"TUE,SAT",1812,330
12358,AMRITSAR - KOLKATA CHITPUR Durgiana SF Exp,SF,ASR,KOAA,"MON,THU",1812,330
12360,KOLKATA CHITPUR - PATNA Garib Rath Exp,GR,PNBE,KOAA,"SUN,MON,TUE,WED,THU,FRI,SAT",534,136
12361,ASANSOL - MUMBAI CST SF Exp,SF,ASN,CSTM,SUN,2043,332
12362,MUMBAI CST - ASANSOL SF Exp,SF,CSTM,ASN,WED,2043,332
12364,HALDIBARI - KOLKATA CHITPUR SF Intercity Exp,SF,HDB,KOAA,"SUN,WED,FRI",620,127
12365,Patna-Ranchi Jan Shatabdi Express,JShtb,PNBE,RNC,"SUN,MON,TUE,WED,THU,FRI,SAT",411,53
12366,Ranchi Patna Jan Shatabdi Express,JShtb,RNC,PNBE,"SUN,MON,TUE,WED,THU,FRI,SAT",411,53
12369,Kumbh Express,SF,HWH,HW,"SUN,MON,WED,THU,SAT",1536,238
12370,Kumbh Express,SF,HW,HWH,"SUN,MON,TUE,THU,FRI",1536,238
12381,Poorva Express,SF,HWH,NDLS,"SUN,WED,THU",1446,222
12382,Poorva Express,SF,NDLS,HWH,"MON,TUE,FRI",1446,222
12389,GAYA - CHENNAI EGMORE SF Exp,SF,GAYA,MS,SUN,2346,329
12390,CHENNAI EGMORE - GAYA SF Exp,SF,MS,GAYA,TUE,2346,329
12391,Shramjeevi Express,SF,RGD,NDLS,"SUN,MON,TUE,WED,THU,FRI,SAT",1103,170
12392,Shramjeevi Express,SF,NDLS,RGD,"SUN,MON,TUE,WED,THU,FRI,SAT",1103,170
12396,Ajmer-RajendraNagar Ziyarat Express,SF,AII,RJPB,FRI,1305,176
12404,Mathura Allahabad SF Express,SF,MTJ,ALD,"SUN,TUE,WED,FRI",507,73
12408,AMRITSAR - NEW JALPAIGURI Karmabhoomi Exp,SF,ASR,NJP,FRI,1834,303
12410,Gondwana Express,SF,NZM,RIG,"MON,TUE,WED,THU,SAT",1626,195
12411,CHANDIGARH - AMRITSAR Intercity SF Exp,SF,CDG,ASR,"SUN,MON,TUE,WED,THU,FRI,SAT",909,34
12412,AMRITSAR - CHANDIGARH Intercity SF Exp,SF,ASR,CDG,"SUN,MON,TUE,WED,THU,FRI,SAT",909,34
12413,Pooja express,SF,AII,JAT,"SUN,MON,TUE,WED,THU,FRI,SAT",1017,153
12414,Pooja Express,SF,JAT,AII,"SUN,MON,TUE,WED,THU,FRI,SAT",1017,153
12419,Gomti Express,SF,LKO,NDLS,"SUN,MON,TUE,WED,THU,FRI,SAT",511,74
12420,Gomti Express,SF,NDLS,LKO,"SUN,MON,TUE,WED,THU,FRI,SAT",511,74
12423,DIBRUGARH TOWN - NEW DELHI Rajdhani Exp,Raj,DBRT,NDLS,"SUN,MON,TUE,WED,THU,FRI,SAT",2443,408
12427,REWA - DELHI ANAND VIHAR SF Exp,SF,REWA,ANVT,"SUN,MON,TUE,WED,THU,FRI,SAT",860,124
12428,DELHI ANAND VIHAR - REWA SF Exp,SF,ANVT,REWA,"SUN,MON,TUE,WED,THU,FRI,SAT",860,124
12431,TRIVANDRUM - DELHI H NIZAMUDDIN Rajdhani Exp,Raj,TVC,NZM,"SUN,MON,TUE,WED,THU,FRI,SAT",3149,414
12432,DELHI H NIZAMUDDIN - TRIVANDRUM Rajdhani Exp,Raj,NZM,TVC,"SUN,MON,TUE,WED,THU,FRI,SAT",3149,414
12437,Secunderabad Rajdhani Express,Raj,SC,NZM,"SUN,MON,TUE,WED,THU,FRI,SAT",1660,187
12438,Secunderabad Rajdhani Express,Raj,NZM,SC,"SUN,MON,TUE,WED,THU,FRI,SAT",1660,187
12439,RANCHI - NEW DELHI Rajdhani Exp,Raj,RNC,NDLS,SUN,1306,206
12440,NEW DELHI - RANCHI Rajdhani Exp,Raj,NDLS,RNC,FRI,1306,208
40001,Chennai Beach Tambaram EMU(12 Car),MEMU,MSB,TBM,"SUN,MON,TUE,WED,THU,FRI,SAT",33,19
12397,Mahabodhi Express,SF,GAYA,NDLS,"SUN,MON,TUE,WED,THU,FRI,SAT",990,139
12398,Mahabodhi Express,SF,NDLS,GAYA,"SUN,MON,TUE,WED,THU,FRI,SAT",990,139
12401,Magadh Express,SF,IPR,NDLS,"SUN,MON,TUE,WED,THU,FRI,SAT",1063,151
12402,Magadh Express,SF,NDLS,IPR,"SUN,MON,TUE,WED,THU,FRI,SAT",1063,151
12405,Gondwana Express,SF,BSL,NZM,"SUN,TUE",1476,167
12406,H.Nizamuddin-Bhusaval Gondwana Express,SF,NZM,BSL,"SUN,FRI",1476,167
12415,Indore-Nizamuddin Express,SF,INDB,NZM,"SUN,MON,TUE,WED,THU,FRI,SAT",817,97
12416,Nizamuddin-Indore Express,SF,NZM,INDB,"SUN,MON,TUE,WED,THU,FRI,SAT",817,97
12417,Prayagraj Express,SF,ALD,NDLS,"SUN,MON,TUE,WED,THU,FRI,SAT",634,90
12418,Prayagraj Express,SF,NDLS,ALD,"SUN,MON,TUE,WED,THU,FRI,SAT",634,90
12424,NEW DELHI - DIBRUGARH TOWN Rajdhani Exp,Raj,NDLS,DBRT,"SUN,MON,TUE,WED,THU,FRI,SAT",2443,408
12425,Jammu Rajdhani Express,Raj,NDLS,JAT,"SUN,MON,TUE,WED,THU,FRI,SAT",577,88
12426,Jammu Rajdhani Express,Raj,JAT,NDLS,"SUN,MON,TUE,WED,THU,FRI,SAT",577,88
12429,Bangalore - Hazrat Nizamuddin Rajdhani Express,Raj,SBC,NZM,"SUN,MON,TUE,WED,THU,FRI,SAT",2365,275
12430,Delhi H Nizamuddin-Bangalore Rajdhani Express,Raj,NZM,SBC,"SUN,MON,TUE,WED,THU,FRI,SAT",2382,275
12433,Chennai Central-Delhi H.Nizamuddin Rajdhani Expres,Raj,MAS,NZM,"SUN,MON,TUE,WED,THU,FRI,SAT",2176,270
12435,DIBRUGARH TOWN - NEW DELHI Rajdhani Exp,Raj,DBRT,NDLS,"SUN,MON,TUE,WED,THU,FRI,SAT",2463,399
12436,NEW DELHI - DIBRUGARH TOWN Rajdhani Exp,Raj,NDLS,DBRT,"SUN,MON,TUE,WED,THU,FRI,SAT",2463,399
12441,Bilaspur-New Delhi Rajdhani Express,Raj,BSP,NDLS,"SUN,MON,TUE,WED,THU,FRI,SAT",1501,182
12442,Bilaspur Rajdhani Express,Raj,NDLS,BSP,"SUN,MON,TUE,WED,THU,FRI,SAT",1501,182
12445,Uttar Sampark Kranti Express,SKr,NDLS,UHP,"SUN,MON,TUE,WED,THU,FRI,SAT",630,93
12446,Uttar Sampark Kranti Express,SKr,UHP,NDLS,"SUN,MON,TUE,WED,THU,FRI,SAT",630,93
12447,UP Sampark Kranti Express,SKr,MKP,NZM,"SUN,MON,TUE,WED,THU,FRI,SAT",695,76
12448,UP Sampark Kranti Express,SKr,NZM,MKP,"SUN,MON,TUE,WED,THU,FRI,SAT",695,76
12497,Shan-e-Punjab Express,SF,NDLS,ASR,"SUN,MON,TUE,WED,THU,FRI,SAT",448,69
12455,DelhiSaraiRohilla-ShriGanganagar AC SF Express,SF,DEE,SGNR,"SUN,MON,TUE,WED,THU,FRI,SAT",486,71
12456,ShriGanganagar-DelhiSaraiRohilla AC SF Express,SF,SGNR,DEE,"SUN,MON,TUE,WED,THU,FRI,SAT",486,71
12457,Delhi SaraiRohilla-Bikaner Express,SF,DEE,BKN,"SUN,MON,TUE,WED,THU,FRI,SAT",458,49
12458,Bikaner-DelhiSaraiRohiilla Express,SF,BKN,DEE,"SUN,MON,TUE,WED,THU,FRI,SAT",458,49
12468,Jaipur Bikaner InterCity Express,SF,JP,BKN,"SUN,MON,TUE,WED,THU,FRI,SAT",382,41
12472,Jammu Tawi - Mumbai Bandra (T.) SF Swaraj Express,SF,JAT,BDTS,"TUE,WED,FRI,SAT",1950,281
12475,Hapa - Jammu Tawi Sarvodaya SF Express,SF,HAPA,JAT,TUE,1992,271
12476,Jammu Tawi - Hapa Sarvodaya SF Express,SF,JAT,HAPA,MON,1992,271
12477,Jamnagar - Jammu Tawi SF Sindhu Express,SF,JAM,JAT,WED,2000,272
12479,JODHPUR - MUMBAI BANDRA Suryanagari SF Exp,SF,JU,BDTS,"SUN,MON,TUE,WED,THU,FRI,SAT",935,168
12480,MUMBAI BANDRA - JODHPUR Suryanagari SF Exp,SF,BDTS,JU,"SUN,MON,TUE,WED,THU,FRI,SAT",935,168
12485,H S NANDED - SHRI GANGANAGAR Exp,SF,NED,SGNR,"MON,THU",1965,279
12486,SHRI GANGANAGAR - H S NANDED Exp,SF,SGNR,NED,"TUE,SAT",1965,279
12487,Seemanchal Express,SF,JBN,ANVT,"SUN,MON,TUE,WED,THU,FRI,SAT",1383,171
12489,Bikaner-Dadar Express,SF,BKN,DDR,"TUE,SAT",1245,186
12490,Dadar - Bikaner Express,SF,DDR,BKN,"SUN,WED",1245,186
12491,BARAUNI - JAMMU TAWI Maur Dhwaj Express,SF,BJU,JAT,"SUN,MON,TUE,WED,THU,FRI,SAT",1510,272
12492,JAMMU TAWI - BARAUNI Maur Dhwaj Express,SF,JAT,BJU,"SUN,MON,TUE,WED,THU,FRI,SAT",1510,271
12496,KOLKATA CHITPUR - BIKANER Pratap Exp,SF,KOAA,BKN,FRI,1885,270
16359,ERNAKULAM - PATNA Exp,Exp,ERS,PNBE,"SUN,MON,TUE,WED,THU,FRI,SAT",2988,439
22607,ERNAKULAM - BANGALORE Weekly SF Exp,SF,ERS,SBC,"SUN,MON,TUE,WED,THU,FRI,SAT",625,94
53446,Bhagalpur Mandar Hill Passenger,Pass,BGP,MDLE,"SUN,MON,TUE,WED,THU,FRI,SAT",0,12
12449,MADGAON - CHANDIGARH Goa Sampark Kranti Exp,SKr,MAO,CDG,"TUE,WED",2094,308
12450,CHANDIGARH - MADGAON Goa Sampark Kranti Exp,SKr,CDG,MAO,"MON,SAT",2094,308
12451,Shram Shakti Express,SF,CNB,NDLS,"SUN,MON,TUE,WED,THU,FRI,SAT",440,61
12452,Shram Shakti Express,SF,NDLS,CNB,"SUN,MON,TUE,WED,THU,FRI,SAT",440,61
12453,Ranchi-New Delhi Rajdhani Express,Raj,RNC,NDLS,"SUN,MON,TUE,WED,THU,FRI,SAT",1341,179
12454,New Delhi-Ranchi Rajdhani Express,Raj,NDLS,RNC,"SUN,MON,TUE,WED,THU,FRI,SAT",1341,179
12459,NewDelhi-Amritsar SF InterCity,SF,NDLS,ASR,"SUN,MON,TUE,WED,THU,FRI,SAT",448,69
12460,Amritsar-New Delhi Intercity Express,SF,ASR,NDLS,"SUN,MON,TUE,WED,THU,FRI,SAT",448,69
12461,Mandore Express,SF,DLI,JU,"SUN,MON,TUE,WED,THU,FRI,SAT",620,85
12462,Mandore Express,SF,JU,DLI,"SUN,MON,TUE,WED,THU,FRI,SAT",620,85
12464,Rajasthan Sampark Kranti Express,SKr,JU,DEE,THU,616,88
12465,Indore-Jodhpur Ranthambhore Express,SF,INDB,JU,"SUN,MON,TUE,WED,THU,FRI,SAT",911,104
12466,Jodhpur-Indore Ranthambhore Intercity Express,SF,JU,INDB,"SUN,MON,TUE,WED,THU,FRI,SAT",911,104
12469,Kanpur Jammu Express,SF,CNB,JAT,"WED,FRI",1026,147
12470,Jammu Kanpur Express,SF,JAT,CNB,"TUE,THU",1026,147
12473,Sarvodaya SF Express,SF,ADI,JAT,SAT,1669,229
12474,Sarvodaya SF Express,SF,JAT,ADI,THU,1669,229
12478,Jammu Tawi - Jamnagar (Weekly) Sindhu SF Express,SF,JAT,JAM,SUN,2000,272
12481,Delhi Sriganganagar InterCity,SF,DLI,SGNR,"SUN,MON,TUE,WED,THU,FRI,SAT",424,66
12482,Sriganganagar Delhi InterCity Express,SF,SGNR,DLI,"SUN,MON,TUE,WED,THU,FRI,SAT",424,66
12484,AMRITSAR - KOCHUVELI SF Exp,SF,ASR,KCVL,SUN,3597,487
12493,Bangalore-Hazrat Nizammudin Rajdhani Express,Raj,SBC,NZM,SUN,2294,265
12494,Hazrat Nizamuddin-Bangalore Rajdhani Express,Raj,NZM,SBC,FRI,2383,265
12501,GUWAHATI - NEW DELHI Poorvottar Sampark Kranti Exp,SKr,GHY,NDLS,"SUN,MON,TUE,WED,THU,FRI,SAT",1974,321
12502,NEW DELHI - GUWAHATI Poorvottar Sampark Kranti Exp,SKr,NDLS,SCL,"SUN,MON,TUE,WED,THU,FRI,SAT",1974,382
12507,TRIVANDRUM - GUWAHATI SF Exp,SF,TVC,GHY,TUE,3331,634
12508,GUWAHATI - TRIVANDRUM SF Exp,SF,GHY,TVC,THU,3332,634
12511,Rapti Sagar Express,SF,GKP,TVC,"SUN,THU,FRI",3251,469
12512,Rapti Sagar Expres,SF,TVC,GKP,"SUN,TUE,WED",3251,469
12514,GUWAHATI - SECUNDERABAD Exp,SF,GHY,SC,WED,2551,442
12519,MUMBAI LTT - KAMAKHYA AC Exp,SF,LTT,KYQ,SUN,1667,401
12520,KAMAKHYA - MUMBAI LTT AC Exp,SF,KYQ,LTT,THU,1667,400
12522,Raptisagar Express,SF,ERS,BJU,FRI,3441,484
12527,Mumbai CST-Latur Superfast Express.,SF,CSTM,LUR,"SUN,MON,TUE,WED,THU,FRI,SAT",530,96
12528,Latur-Mumbai CST Superfast Express,SF,LUR,CSTM,"SUN,MON,TUE,WED,THU,FRI,SAT",530,96
12535,Lucknow-Raipur Garib Rath Express,GR,LJN,R,"SUN,MON,TUE,WED,THU,FRI,SAT",917,108
12536,Raipur-Lucknow Garib Rath,GR,R,LJN,"SUN,MON,TUE,WED,THU,FRI,SAT",917,108
12537,Bapudham Express,SF,MKI,MUV,"SUN,MON,TUE,WED,THU,FRI,SAT",465,62
12538,Bapudham Express,SF,MUV,MKI,"SUN,MON,TUE,WED,THU,FRI,SAT",465,62
12539,YESVANTPUR - LUCKNOW SF Exp,SF,YPR,LKO,WED,2554,347
12540,LUCKNOW - YESVANTPUR SF Exp,SF,LKO,YPR,FRI,2532,353
12541,Gorakhpur-Mumbai LTT SF Express,SF,GKP,LTT,"SUN,MON,TUE,WED,THU,FRI,SAT",1680,221
12543,Yesvantpur-Tirupati Tri Weekly Intercity,SF,YPR,TPTY,"SUN,MON,TUE,WED,THU,FRI,SAT",345,44
12544,Tirupati-Yesvantpur Tri Weekly SF Intercity,SF,TPTY,YPR,"SUN,MON,TUE,WED,THU,FRI,SAT",345,44
12549,DURG - JAMMU TAWI SF Exp,SF,DURG,JAT,TUE,1873,275
12550,JAMMU TAWI - DURG SF Exp,SF,JAT,DURG,THU,1873,275
12553,Vaishali SF Express,SF,BJU,NDLS,"SUN,MON,TUE,WED,THU,FRI,SAT",1185,175
40003,Chennai Beach Tambaram EMU(12 Car),MEMU,MSB,TBM,"SUN,MON,TUE,WED,THU,FRI,SAT",33,19
12498,Shan-e-Punjab Express,SF,ASR,NDLS,"SUN,MON,TUE,WED,THU,FRI,SAT",448,69
12505,GUWAHATI - DELHI ANAND VIHAR North East Exp,SF,GHY,ANVT,"SUN,MON,TUE,WED,THU,FRI,SAT",1866,316
12506,DELHI ANAND VIHAR - GUWAHATI North East Exp,SF,ANVT,GHY,"SUN,MON,TUE,WED,THU,FRI,SAT",1867,316
12509,BENGALURU - GUWAHATI (Kaziranga) SF Express,SF,BNC,GHY,"WED,THU,FRI",2992,546
12510,GUWAHATI - BENGALURU (Kaziranga) SF Express,SF,GHY,SBC,"SUN,MON,TUE",2992,534
12515,RIVANDRUM - GUWAHATI Exp,SF,TVC,GHY,SUN,3552,629
12516,GUWAHATI - TRIVANDRUM CENTRAL EXP,SF,GHY,TVC,TUE,3552,630
12517,KOLKATA - GUWAHATI Garib Rath Exp,GR,KOAA,GHY,"SUN,MON,TUE,WED,THU,FRI,SAT",1027,189
12518,GUWAHATI - KOLKATA Garib Rath Exp,GR,GHY,KOAA,"SUN,MON,TUE,WED,THU,FRI,SAT",1027,189
12521,Raptisagar Express,SF,BJU,ERS,MON,3441,484
12523,New Jalpaiguri-New Delhi Superfast Express,SF,NJP,NDLS,"TUE,SAT",1500,221
12524,New Delhi New Jalpaiguri SuperFast Express,SF,NDLS,NJP,"SUN,WED",1497,221
12525,Indrayani SF Express,SF,CSTM,PUNE,WED,192,55
12526,Indrayani SF Express,SF,PUNE,CSTM,TUE,192,55
12529,Bhopal-Jabalpur Intercity Express,SF,HBJ,JBP,"SUN,MON,TUE,WED,THU,FRI,SAT",331,35
12530,Jabalpur-Bhopal Intercity,SF,JBP,HBJ,"SUN,MON,TUE,WED,THU,FRI,SAT",331,35
12531,Gorakhpur Lucknow InterCity Express,SF,GKP,LJN,"SUN,MON,TUE,WED,THU,FRI,SAT",279,45
12532,Lucknow Gorakhpur Inter City Express,SF,LJN,GKP,"SUN,MON,TUE,WED,THU,FRI,SAT",279,45
12533,Pushpak Express,SF,LJN,CSTM,"SUN,MON,TUE,WED,THU,FRI,SAT",1426,188
12534,Pushpak Express,SF,CSTM,LJN,"SUN,MON,TUE,WED,THU,FRI,SAT",1426,188
12545,RAXAUL - MUMBAI LTT Karmabhoomi Exp,SF,RXL,LTT,THU,1963,327
12547,Agra Fort Ahmedabad Tri Weekly Express,SF,AF,ADI,"MON,TUE,THU,FRI",867,132
12548,Ahmedabad-Agra Fort Express,SF,ADI,AF,"SUN,MON,WED,THU",867,132
12554,Vaishali SF Express,SF,NDLS,BJU,"SUN,MON,TUE,WED,THU,FRI,SAT",1185,175
12557,Sapt Kranti SF Express,SF,MFP,ANVT,"SUN,MON,TUE,WED,THU,FRI,SAT",1060,154
12558,Sapt Kranti SF Express,SF,ANVT,MFP,"SUN,MON,TUE,WED,THU,FRI,SAT",1060,154
12569,Jaynagar-Delhi AnandViharT Garib Rath,GR,JYG,ANVT,"SUN,MON,TUE,WED,THU,FRI,SAT",1252,183
12570,Anand Vihar Terminus-Jaynagar Garib Rath Express,GR,ANVT,JYG,"SUN,MON,TUE,WED,THU,FRI,SAT",1252,183
12571,Howrah Prasanti Nilayam SF Express,SF,HWH,SSPN,"SUN,MON,TUE,WED,THU,FRI,SAT",1763,260
12572,Prashanti Nilayam Howrah SF Express,SF,SSPN,HWH,"SUN,MON,TUE,WED,THU,FRI,SAT",1763,260
12573,SainagarShirdi-Howrah Express,SF,SNSI,HWH,"SUN,MON,TUE,WED,THU,FRI,SAT",1792,238
12577,DARBHANGA - MYSORE BAGMATI SF Exp,SF,DBG,MYS,TUE,2910,494
12578,MYSORE - DARBHANGA BAGMATI SF Exp,SF,MYS,DBG,FRI,2910,489
12579,Digha- Puri SamudraKanya Express,SF,DGHA,PURI,"SUN,MON,TUE,WED,THU,FRI,SAT",549,91
12581,Pune Bhubaneshwar Express,SF,PUNE,BBS,"SUN,MON,THU,FRI,SAT",1689,235
12582,Bhubaneshwar-Pune Express,SF,BBS,PUNE,"SUN,WED,THU,FRI,SAT",1689,235
12583,LUCKNOW - DELHI ANAND VIHAR T DOUBLE DECKER,SF,LJN,ANVT,"SUN,TUE,THU,FRI",2071,82
12584,DELHI ANAND VIHAR T - LUCKNOW DOUBLE DECKER,SF,ANVT,LJN,"SUN,TUE,THU,FRI",2071,82
12592,YESVANTPUR - GORAKHPUR SF Exp,SF,YPR,GKP,MON,2529,352
12593,Lucknow-Bhopal Garib Rath,GR,LJN,BPL,"SUN,MON,TUE,WED,THU,FRI,SAT",585,71
12594,Bhopal-Lucknow Garib Rath Express,GR,BPL,LJN,"SUN,MON,TUE,WED,THU,FRI,SAT",585,71
12605,Pallavan Superfast Express,SF,MS,TPJ,"SUN,MON,TUE,WED,THU,FRI,SAT",336,70
12606,Pallavan Superfast Express,SF,TPJ,MS,"SUN,MON,TUE,WED,THU,FRI,SAT",336,70
12607,CHENNAI CENTRAL - BANGALORE Lalbagh Exp,SF,MAS,SBC,"SUN,MON,TUE,WED,THU,FRI,SAT",358,75
12608,BANGALORE - CHENNAI CENTRAL Lalbagh Exp,SF,SBC,MAS,"SUN,MON,TUE,WED,THU,FRI,SAT",362,75
12609,CHENNAI CENT - BANGALORE SF Intercity Exp,SF,MAS,SBC,"SUN,MON,TUE,WED,THU,FRI,SAT",362,75
40009,Chennai Beach Tambaram EMU(12 Car),MEMU,MSB,TBM,"SUN,MON,TUE,WED,THU,FRI,SAT",33,19
12556,Gorakhdham Express,SF,HSR,GKP,"SUN,MON,TUE,WED,THU,FRI,SAT",962,141
12559,Shiv Ganga Express,SF,BSB,NDLS,"SUN,MON,TUE,WED,THU,FRI,SAT",758,111
12560,Shiv Ganga Express,SF,NDLS,BSB,"SUN,MON,TUE,WED,THU,FRI,SAT",758,111
12562,Swatantrata Sainani Express,SF,NDLS,DBG,"SUN,MON,TUE,WED,THU,FRI,SAT",1166,176
12563,Mumbai LTT - Faizabad SF Express,SF,LTT,FD,"SUN,MON,TUE,WED,THU,FRI,SAT",1600,199
12564,Faizabad-Mumbai LTT SF Express,SF,FD,LTT,"SUN,MON,TUE,WED,THU,FRI,SAT",1600,199
12565,Bihar Sampark Kranti Express,SKr,DBG,NDLS,"SUN,MON,TUE,WED,THU,FRI,SAT",1172,170
12566,Bihar Sampark Kranti Express,SKr,NDLS,DBG,"SUN,MON,TUE,WED,THU,FRI,SAT",1172,170
12575,Kharagpur Purulia Express,SF,KGP,PRR,"SUN,MON,TUE,WED,THU,FRI,SAT",208,29
12576,Purulia Khargapur Intercity Express,SF,PRR,KGP,"SUN,MON,TUE,WED,THU,FRI,SAT",208,29
12587,Amarnath Express,SF,GKP,JAT,MON,1248,181
12588,Amarnath Express,SF,JAT,GKP,SAT,1248,181
12589,Gorakhpur-Secunderabad Express,SF,GKP,SC,WED,1827,219
12590,Secunderabad - Gorakhpur Express,SF,SC,GKP,THU,1827,219
12601,Chennai Mangalore Mail,SF,MAS,MAQ,"SUN,MON,TUE,WED,THU,FRI,SAT",889,158
12602,Chennai Mail,SF,MAQ,MAS,"SUN,MON,TUE,WED,THU,FRI,SAT",889,158
12603,Chennai - Hyderabad Express,SF,MAS,HYB,"SUN,MON,TUE,WED,THU,FRI,SAT",715,107
12604,Hyderabad - Chennai Express,SF,HYB,MAS,"SUN,MON,TUE,WED,THU,FRI,SAT",715,107
12611,Chennai Central-H.Nizamuddin Garib Rath Express,GR,MAS,NZM,"SUN,MON,TUE,WED,THU,FRI,SAT",2177,270
12612,H Nizamuddin-Chennai Garib Rath Express,GR,NZM,MAS,"SUN,MON,TUE,WED,THU,FRI,SAT",2176,270
12613,Tippu Express,SF,MYS,SBC,"SUN,MON,TUE,WED,THU,FRI,SAT",139,23
12614,Tippu Express,SF,SBC,MYS,"SUN,MON,TUE,WED,THU,FRI,SAT",139,23
12616,GrandTrunk Express,SF,NDLS,MAS,"SUN,MON,TUE,WED,THU,FRI,SAT",2184,274
12620,MANGALORE CENT - MUMBAI LTT Matsyagandha Exp,SF,MAQ,LTT,"SUN,MON,TUE,WED,THU,FRI,SAT",1186,94
12622,Tamil Nadu Express,SF,NDLS,MAS,"SUN,MON,TUE,WED,THU,FRI,SAT",2184,274
12623,Chennai Tiruvananthapuram SF Mail,SF,MAS,TVC,"SUN,MON,TUE,WED,THU,FRI,SAT",909,161
12625,Kerala Express,SF,TVC,NDLS,"SUN,MON,TUE,WED,THU,FRI,SAT",3036,398
12626,Kerala Express,SF,NDLS,TVC,"SUN,MON,TUE,WED,THU,FRI,SAT",3036,399
12628,Karnataka Express,SF,NDLS,SBC,"SUN,MON,TUE,WED,THU,FRI,SAT",2406,276
12629,Karnataka Sampark Kranti Express,SKr,YPR,NZM,"TUE,THU",2610,312
12630,Karnataka Sampark Kranti Express,SKr,NZM,YPR,"WED,FRI",2610,312
12635,CHENNAI EGMORE - MADURAI Vaigai SF Exp,SF,MS,MDU,"SUN,MON,TUE,WED,THU,FRI,SAT",497,94
12637,CHENNAI EGMORE - MADURAI Pandiyan SF Exp,SF,MS,MDU,"SUN,MON,TUE,WED,THU,FRI,SAT",497,94
12638,MADURAI - CHENNAI EGMORE Pandiyan SF Exp,SF,MDU,MS,"SUN,MON,TUE,WED,THU,FRI,SAT",497,94
12640,BANGALORE - CHENNAI CENT Brindavan Exp,SF,SBC,MAS,"SUN,MON,TUE,WED,THU,FRI,SAT",362,75
12643,Swarna Jayanthi Express,SF,TVC,NZM,TUE,3014,396
12644,Swarna Jayanti Express,SF,NZM,TVC,FRI,3014,396
12649,Karnataka Sampark Kranti Express,SKr,YPR,NZM,"SUN,MON,WED,FRI,SAT",2277,261
12650,Karnataka Sampark Kranti Express,SKr,NZM,YPR,"SUN,MON,TUE,THU,SAT",2276,261
12651,MADURAI - DELHI H NIZAMUDDIN Tamil Nadu S Kranti,SKr,MDU,NZM,"SUN,TUE",2677,407
12654,Mangalore Tiruchirappalli Weekly Superfast Express,SF,MAQ,TPJ,"SUN,MON,TUE,WED,THU,FRI,SAT",635,108
12657,CHENNAI - BANGALORE Mail,SF,MAS,SBC,"SUN,MON,TUE,WED,THU,FRI,SAT",362,75
12658,BANGALORE - CHENNAI Mail,SF,SBC,MAS,"SUN,MON,TUE,WED,THU,FRI,SAT",362,75
12662,SENGOTTAI - CHENNAI EGMORE Pothigai SF Exp,SF,SCT,MS,"SUN,MON,TUE,WED,THU,FRI,SAT",670,110
12664,Tiruchirappalli-Howrah Express,SF,TPJ,HWH,"TUE,FRI",2025,355
15605,Jorhat Town InterCity Express,Exp,GHY,MXN,"SUN,MON,TUE,WED,THU,FRI,SAT",405,55
40011,Chennai Beach Tambaram EMU(12 Car),MEMU,MSB,TBM,"SUN,MON,TUE,WED,THU,FRI,SAT",33,19
12617,ERNAKULAM - NEW DELHI H NIZAMUDDIN Mangala Lakshadweep Exp,SF,ERS,NZM,"SUN,MON,TUE,WED,THU,FRI,SAT",3067,371
12618,NEW DELHI H NIZAMUDDIN - ERNAKULAM Mangala Lakshadweep Exp,SF,NZM,ERS,"SUN,MON,TUE,WED,THU,FRI,SAT",3067,369
12621,Tamil Nadu Express,SF,MAS,NDLS,"SUN,MON,TUE,WED,THU,FRI,SAT",2184,274
12627,Karnataka Express,SF,SBC,NDLS,"SUN,MON,TUE,WED,THU,FRI,SAT",2406,276
12631,CHENNAI EGMORE - TIRUNELVELI Nellai SF Exp,SF,MS,TEN,"SUN,MON,TUE,WED,THU,FRI,SAT",653,111
12632,TIRUNELVELI - CHENNAI EGMORE Nellai SF Exp,SF,TEN,MS,"SUN,MON,TUE,WED,THU,FRI,SAT",653,111
12634,KANNIYAKUMARI - CHENNAI EGMORE SF Exp,SF,CAPE,MS,"SUN,MON,TUE,WED,THU,FRI,SAT",742,122
12639,CHENNAI CENT - BANGALORE Brindavan Exp,SF,MAS,SBC,"SUN,MON,TUE,WED,THU,FRI,SAT",362,75
12642,D H NIZAMUDDIN - KANYAKUMARI Thirukkural Exp,SF,NZM,CAPE,"MON,SAT",2919,435
12645,Millennium Expres,SF,ERS,NZM,SAT,2809,353
12646,Millennium Express,SF,NZM,ERS,TUE,2809,353
12647,Kongu Express,SF,CBE,NZM,SUN,2671,313
12648,Kongu Express,SF,NZM,CBE,WED,2671,313
12655,Navjeevan Express,SF,ADI,MAS,"SUN,MON,TUE,WED,THU,FRI,SAT",1893,261
12656,Navajivan Express,SF,MAS,ADI,"SUN,MON,TUE,WED,THU,FRI,SAT",1893,261
12659,Gurudev Express,SF,NCJ,SHM,SUN,2583,416
12660,Shalimar-Nagercoil Gurudev Express,SF,SHM,NCJ,WED,2583,416
12667,CHENNAI EGMORE - NAGERCOIL SF Exp,SF,MS,NCJ,THU,727,120
12668,NAGERCOIL - CHENNAI EGMORE SF Exp,SF,NCJ,MS,FRI,727,120
12673,Cheran Express,SF,MAS,CBE,"SUN,MON,TUE,WED,THU,FRI,SAT",497,91
12674,Cheran Express,SF,CBE,MAS,"SUN,MON,TUE,WED,THU,FRI,SAT",497,91
12675,Kovai Express,SF,MAS,CBE,"SUN,MON,TUE,WED,THU,FRI,SAT",497,91
12676,Kovai Express,SF,CBE,MAS,"SUN,MON,TUE,WED,THU,FRI,SAT",497,91
12677,Bangalore City - Ernakulam Intercity SF Express,SF,SBC,ERS,"SUN,MON,TUE,WED,THU,FRI,SAT",587,78
12678,Ernakulam-BangaloreCity Intercity Express,SF,ERS,SBC,"SUN,MON,TUE,WED,THU,FRI,SAT",587,78
12679,ChennaiCentral-Coimbatore InterCity,SF,MAS,CBE,"SUN,MON,TUE,WED,THU,FRI,SAT",497,91
12680,Coimbatore-Chennai Central InterCity SF Express,SF,CBE,MAS,"SUN,MON,TUE,WED,THU,FRI,SAT",497,91
12681,Chennai-Coimbatore Express,SF,MAS,CBE,SAT,497,91
12682,Coimbatore-Chennai Express,SF,CBE,MAS,FRI,497,91
12683,ERNAKULAM - BANGALORE SF Exp,SF,ERS,SBC,"SUN,MON,WED",625,94
12695,Chennai-Trivandrum SuperFast Express,SF,MAS,TVC,"SUN,MON,TUE,WED,THU,FRI,SAT",922,166
12696,Trivandrum-Chennai Superfast Express,SF,TVC,MAS,"SUN,MON,TUE,WED,THU,FRI,SAT",922,165
12697,Chennai-Thiruvananthapuram Express,SF,MAS,TVC,SUN,909,162
12698,Thiruvananthapuram Central Chennai Central weekly express,SF,TVC,MAS,SAT,909,161
12701,Hussain Sagar Express,SF,CSTM,HYB,"SUN,MON,TUE,WED,THU,FRI,SAT",790,138
12702,Hussain Sagar Express,SF,HYB,CSTM,"SUN,MON,TUE,WED,THU,FRI,SAT",790,138
12703,Howrah - Secunderabad Falaknuma SF Express,SF,HWH,SC,"SUN,MON,TUE,WED,THU,FRI,SAT",1545,245
12704,Falaknuma Express,SF,SC,HWH,"SUN,MON,TUE,WED,THU,FRI,SAT",1545,245
12707,Andhra Pradesh Sampark Kranti Express,SKr,TPTY,NZM,"MON,WED,FRI",2302,276
12708,Andhra Pradesh Sampark Kranti Express,SKr,NZM,TPTY,"SUN,WED,FRI",2302,276
12710,Simhapuri SF Express,SF,SC,GDR,"SUN,MON,TUE,WED,THU,FRI,SAT",644,88
12711,Pinakini Express,SF,BZA,MAS,"SUN,MON,TUE,WED,THU,FRI,SAT",431,72
12712,Pinakini Express,SF,MAS,BZA,"SUN,MON,TUE,WED,THU,FRI,SAT",431,72
12714,Satavahana Express,SF,SC,BZA,"SUN,MON,TUE,WED,THU,FRI,SAT",351,43
12715,Sachkhand SF Express,SF,NED,ASR,"SUN,MON,TUE,WED,THU,FRI,SAT",2081,257
15718,Mariani-Guwahati Intercity Express,Exp,MXN,GHY,"SUN,MON,TUE,WED,THU,FRI,SAT",404,50
40015,Chennai Beach Tambaram EMU(12 Car),MEMU,MSB,TBM,"SUN,MON,TUE,WED,THU,FRI,SAT",33,19
52473,PATHANKOT - JOGINDER NAGAR PASSENGER,Pass,PTK,JDNX,"SUN,MON,TUE,WED,THU,FRI,SAT",170,34
12666,KANYAKUMARI - KOL HOWRAH Weekly Exp,SF,CAPE,HWH,SAT,2431,420
12669,CHENNAI CENTRAL - CHHAPRA Ganga Kaveri Exp,SF,MAS,CPR,"MON,SAT",2343,327
12670,CHHAPRA - CHENNAI CENTRAL Ganga Kaveri Exp,SF,CPR,MAS,"MON,WED",2343,327
12671,Nilgiri (Blue Mountain) Express,SF,MAS,MTP,"SUN,MON,TUE,WED,THU,FRI,SAT",532,95
12672,Nilgiri (Blue Mountain) Express,SF,MTP,MAS,"SUN,MON,TUE,WED,THU,FRI,SAT",532,95
12685,Chennai - Mangalore Express,SF,MAS,MAQ,"SUN,MON,TUE,WED,THU,FRI,SAT",889,158
12686,Mangalore - Chennai Express,SF,MAQ,MAS,"SUN,MON,TUE,WED,THU,FRI,SAT",889,158
12687,Chennai Dehradun Express,SF,MAS,DDN,"SUN,MON,TUE,WED,THU,FRI,SAT",2488,317
12688,Dehradun Chennai Express,SF,DDN,MAS,"SUN,MON,TUE,WED,THU,FRI,SAT",2488,317
12690,NAGERCOIL - CHENNAI SF Exp,SF,NCJ,MAS,SUN,927,153
12691,CHENNAI - SSP NILAYAM SF Exp,SF,MAS,SSPN,FRI,529,96
12692,SSP NILAYAM - CHENNAI SF Exp,SF,SSPN,MAS,SAT,529,96
12693,CHENNAI EGMORE - TUTICORIN Pearl City SF Exp,SF,MS,TN,"SUN,MON,TUE,WED,THU,FRI,SAT",656,113
12694,TUTICORIN - CHENNAI EGMORE Pearl City SF Exp,SF,TN,MS,"SUN,MON,TUE,WED,THU,FRI,SAT",656,113
12705,Guntur-Secunderabad SF Intercity,SF,GNT,SC,"SUN,MON,TUE,WED,THU,FRI,SAT",383,47
12706,Secunderabad-Guntur SF Intercity,SF,SC,GNT,"SUN,MON,TUE,WED,THU,FRI,SAT",383,47
12716,Sachkhand SF Express,SF,ASR,NED,"SUN,MON,TUE,WED,THU,FRI,SAT",2081,257
12719,AJMER - HYDERABAD DECCAN SF Exp,SF,AII,HYB,"WED,FRI",1711,248
12720,HYDERABAD DECCAN - AJMER SF Exp,SF,HYB,AII,"MON,WED",1711,250
12725,Siddhaganga Intercity Express,SF,SBC,DWR,"SUN,MON,TUE,WED,THU,FRI,SAT",490,67
12726,Siddhaganga InterCity Express,SF,DWR,SBC,"SUN,MON,TUE,WED,THU,FRI,SAT",490,67
12731,Tirupati-Secunderabad Express,SF,TPTY,SC,"SUN,THU",801,93
12732,Secunderabad-Tirupati Express,SF,SC,TPTY,"WED,SAT",801,93
12733,Narayanadri Express,SF,TPTY,SC,"SUN,MON,TUE,WED,THU,FRI,SAT",661,86
12734,Narayanadri Express,SF,SC,TPTY,"SUN,MON,TUE,WED,THU,FRI,SAT",661,86
12737,Gowthami SF Express,SF,COA,SC,"SUN,MON,TUE,WED,THU,FRI,SAT",566,84
12738,Secunderabad - Kakinada Gowthami SF Express,SF,SC,COA,"SUN,MON,TUE,WED,THU,FRI,SAT",566,84
12740,Secunderabad-Visakhapatnam Garib Rath,GR,SC,VSKP,"SUN,MON,TUE,WED,THU,FRI,SAT",701,102
12741,VASCO DA GAMA - PATNA SF Exp,SF,VSG,PNBE,WED,2419,295
12742,PATNA - VASCO DA GAMA SF Exp,SF,PNBE,VSG,SAT,2419,291
12747,Palnadu Express,SF,GNT,VKB,"SUN,MON,TUE,WED,THU,FRI,SAT",353,50
12748,Palnadu Express,SF,VKB,GNT,"SUN,MON,TUE,WED,THU,FRI,SAT",353,50
12750,Mumbai LTT-Visakhapatnam SF Express,SF,LTT,VSKP,"SUN,MON,TUE,WED,THU,FRI,SAT",1502,235
12751,Manuguru-Secunderabad Tri Weekly SF Express,SF,MUGR,SC,"SUN,MON,TUE,WED,THU,FRI,SAT",331,36
12752,Secunderabad-Manuguru SF Express,SF,SC,MUGR,"SUN,MON,TUE,WED,THU,FRI,SAT",331,36
12753,Chennai-NewJalpaiguri SF Express,SF,MAS,NJP,TUE,2257,348
12754,New Jalpaiguri-Chennai SF Express,SF,NJP,MAS,WED,2257,348
12763,Padmavati Express,SF,TPTY,SC,"MON,TUE,WED,FRI,SAT",737,100
12764,Padmavati Express,SF,SC,TPTY,"SUN,MON,TUE,THU,FRI",737,100
12777,HUBLI - TRIVANDRUM KOCHUVELI SF Exp,SF,UBL,KCVL,WED,1307,195
40045,Chennai Beach TambaramEMU,MEMU,MSB,TBM,"SUN,MON,TUE,WED,THU,FRI,SAT",29,19
52469,PATHANKOT - BAIJNATHPAPROLA PASSENGER,Pass,PTK,BJPL,"SUN,MON,TUE,WED,THU,FRI,SAT",141,25
53448,Bhagalpur Banka Passenger,Pass,BGP,BAKA,"SUN,MON,TUE,WED,THU,FRI,SAT",53,12
55010,Chhapra Bhatni Passenger,Pass,CPR,BTT,"SUN,MON,TUE,WED,THU,FRI,SAT",110,16
55102,Barhaj Bazar Bhatni Passenger,Pass,BHJ,BTT,"SUN,MON,TUE,WED,THU,FRI,SAT",0,6
55103,Bhatani Barhaj Passenger,Pass,BTT,BHJ,"SUN,MON,TUE,WED,THU,FRI,SAT",0,6
55118,Bhatni Chhapra Passenger,Pass,BTT,SV,"SUN,MON,TUE,WED,THU,FRI,SAT",49,8
55123,Bhatani Manduadih Passenger,Pass,BTT,MUV,"SUN,MON,TUE,WED,THU,FRI,SAT",165,23
12717,Ratnachal SF Express,SF,VSKP,BZA,"SUN,MON,TUE,WED,THU,FRI,SAT",351,60
12718,Ratnachal SF Express,SF,BZA,VSKP,"SUN,MON,TUE,WED,THU,FRI,SAT",351,60
12721,Dakshin SF Express,SF,HYB,NZM,"SUN,MON,TUE,WED,THU,FRI,SAT",1670,194
12722,Dakshin SF Express,SF,NZM,HYB,"SUN,MON,TUE,WED,THU,FRI,SAT",1670,194
12723,Andhra Pradesh Express,SF,HYB,NDLS,"SUN,MON,TUE,WED,THU,FRI,SAT",1677,198
12724,Andhra Pradesh Express,SF,NDLS,HYB,"SUN,MON,TUE,WED,THU,FRI,SAT",1677,198
12727,Godavari SF Express,SF,VSKP,HYB,"SUN,MON,TUE,WED,THU,FRI,SAT",711,109
12728,Godavari SF Express,SF,HYB,VSKP,"SUN,MON,TUE,WED,THU,FRI,SAT",711,109
12729,Pune-Nanded Express,SF,PUNE,NED,"SUN,MON,TUE,WED,THU,FRI,SAT",662,69
12730,Nanded-Pune SuperFast Express,SF,NED,PUNE,"SUN,MON,TUE,WED,THU,FRI,SAT",662,69
12755,Sangrami SF Expres,SF,MAS,HLZ,THU,1647,268
12756,Sangrami Expres,SF,HLZ,MAS,SAT,1647,268
12759,Charminar Express,SF,MAS,HYB,"SUN,MON,TUE,WED,THU,FRI,SAT",790,121
12760,Charminar Express,SF,HYB,MAS,"SUN,MON,TUE,WED,THU,FRI,SAT",790,121
12785,Kacheguda-Bangalore SF Express,SF,KCG,SBC,"SUN,MON,TUE,WED,THU,FRI,SAT",625,72
12789,Rameswaram Kanyakumari SF Express,SF,RMM,CAPE,"TUE,FRI",407,44
12790,Kanyakumari Rameswaram SF Express,SF,CAPE,RMM,"WED,SAT",407,44
12791,SECUNDERABAD - DANAPUR SF EXP,SF,SC,DNR,"SUN,MON,TUE,WED,THU,FRI,SAT",1840,261
12792,DANAPUR - SECUNDERABAD SF EXP,SF,DNR,SC,"SUN,MON,TUE,WED,THU,FRI,SAT",1840,261
12793,Chennai Egmore Madurai BI-Weekly Superfast Express,SF,MS,MDU,"SUN,MON,TUE,WED,THU,FRI,SAT",561,106
12794,Madurai Chennai Egmore BI-Weekly Superfast Express,SF,MDU,MS,"SUN,MON,TUE,WED,THU,FRI,SAT",561,106
12802,Purushottam SF Express,SF,NDLS,PURI,"SUN,MON,TUE,WED,THU,FRI,SAT",1863,274
12805,Janmabhoomi Express,SF,VSKP,SC,"SUN,MON,TUE,WED,THU,FRI,SAT",689,102
12806,Janmabhoomi Express,SF,SC,VSKP,"SUN,MON,TUE,WED,THU,FRI,SAT",689,102
12811,MUMBAI - HATIA LTT SF Exp,SF,LTT,HTE,"SUN,MON",1706,236
12812,HATIA - MUMBAI LTT SF Exp,SF,HTE,LTT,"FRI,SAT",1706,241
12813,Steel Express,SF,HWH,TATA,"SUN,MON,TUE,WED,THU,FRI,SAT",250,51
12814,Steel Express,SF,TATA,HWH,"SUN,MON,TUE,WED,THU,FRI,SAT",250,51
12816,New Delhi-Puri Superfast Express,SF,NDLS,PURI,"MON,WED,THU,SAT",1794,263
12817,Jharkhand Swarna Jayanti SF Express,SF,HTE,ANVT,"SUN,WED,FRI",1300,176
12818,Jharkhand Swarna Jayanti Express,SF,ANVT,HTE,"MON,THU,SAT",1303,176
12819,Orissa Sampark Kranti Express,SKr,BBS,NDLS,"SUN,WED",1799,261
12820,Orissa Sampark Kranti Express,SKr,NDLS,BBS,"TUE,FRI",1799,261
12821,Dhauli Express,SF,HWH,PURI,"SUN,MON,TUE,WED,THU,FRI,SAT",502,102
12822,Dhauli Express,SF,PURI,HWH,"SUN,MON,TUE,WED,THU,FRI,SAT",502,102
12827,Howrah Purulia Express,SF,HWH,PRR,"SUN,MON,TUE,WED,THU,FRI,SAT",323,61
12828,Howrah Express,SF,PRR,HWH,"SUN,MON,TUE,WED,THU,FRI,SAT",323,61
12829,Chennai Bhubaneswar SF Express,SF,MAS,BBS,"SUN,MON,TUE,WED,THU,FRI,SAT",1223,193
12830,Bhubaneswar Chennai Superfast Express,SF,BBS,MAS,"SUN,MON,TUE,WED,THU,FRI,SAT",1223,193
12831,DHANBAD - BHUBANESWAR Garib Rath Exp,GR,DHN,BBS,"SUN,MON,TUE,WED,THU,FRI,SAT",780,124
12832,BHUBANESWAR - DHANBAD Garib Rath Exp,GR,BBS,DHN,"SUN,MON,TUE,WED,THU,FRI,SAT",780,124
12833,AHMEDABAD - HOWRAH SF EXP,SF,ADI,HWH,"SUN,MON,TUE,WED,THU,FRI,SAT",2087,332
12834,HOWRAH - AHMEDABAD SF EXP,SF,HWH,ADI,"SUN,MON,TUE,WED,THU,FRI,SAT",2087,322
40017,Chennai Beach Tambaram EMU(12 Car),MEMU,MSB,TBM,"SUN,MON,TUE,WED,THU,FRI,SAT",33,19
55104,Barhaj Bazar Bhatni Passenger,Pass,BHJ,BTT,"SUN,MON,TUE,WED,THU,FRI,SAT",0,6
55117,Siwan Bhatni Passenger,Pass,SV,BTT,"SUN,MON,TUE,WED,THU,FRI,SAT",49,8
55121,Bhatni Varanasi Passenger,Pass,BTT,BSB,"SUN,MON,TUE,WED,THU,FRI,SAT",161,22
55122,Manduadih Bhatni Passenger,Pass,MUV,BTT,"SUN,MON,TUE,WED,THU,FRI,SAT",165,23
55124,Varanasi City- Bhatni Passenger,Pass,BCY,BTT,"SUN,MON,TUE,WED,THU,FRI,SAT",158,21
12779,VASCO DA GAMA - DELHI H NIZAMUDDIN Goa Exp,SF,VSG,NZM,"SUN,MON,TUE,WED,THU,FRI,SAT",2202,285
12780-Slip,H.Nizamuddin Hubli Goa Express Slip,SF,NZM,VSG,"SUN,MON,TUE,WED,THU,FRI,SAT",2202,252
12781,Mysore-Nizamuddin Swarna Jayanti Express,SF,MYS,NZM,FRI,2618,294
12787,Bilaspur Tirunelveli SF Express,SF,BSP,TEN,"MON,TUE,WED,THU,SAT",2493,347
12788,Tirunelveli Bilaspur SF Express,SF,TEN,BSP,"SUN,TUE,WED,THU,FRI",2494,347
12801,Purushottam SF Express,SF,PURI,NDLS,"SUN,MON,TUE,WED,THU,FRI,SAT",1863,274
12804,Swarna Jayanti Express,SF,NZM,VSKP,"SUN,WED",2096,258
12807,Samata Express,SF,VSKP,NZM,"SUN,TUE,WED,THU,SAT",1911,218
12808,Samata Express,SF,NZM,VSKP,"MON,TUE,THU,FRI,SAT",1911,218
12815,Puri New Delhi Superfast Express,SF,PURI,NDLS,"MON,WED,THU,SAT",1804,261
12823,Chhattisgarh Sampark Kranti Express,SKr,DURG,NZM,"MON,THU,SAT",1281,150
12824,Chhattisgarh Sampark Kranti Express,SKr,NZM,DURG,"SUN,TUE,FRI",1284,150
12825,Jharkhand Sampark Kranti Express,SKr,RNC,NDLS,"MON,THU",1306,178
12837,Howrah-Puri Express,SF,HWH,PURI,"SUN,MON,TUE,WED,THU,FRI,SAT",502,102
12838,Puri Howrah Express,SF,PURI,HWH,"SUN,MON,TUE,WED,THU,FRI,SAT",502,102
12839,Howrah Chennai Superfast Mail,SF,HWH,MAS,"SUN,MON,TUE,WED,THU,FRI,SAT",1662,281
12841,Coromandel Express,SF,HWH,MAS,"SUN,MON,TUE,WED,THU,FRI,SAT",1662,281
12842,Coromandel Express,SF,MAS,HWH,"SUN,MON,TUE,WED,THU,FRI,SAT",1662,281
12845,BHUBANESWAR - BENGALURU CANTT SF Exp,SF,BBS,BNC,SUN,1524,237
40019,Chennai Beach Tambaram EMU,MEMU,MSB,TBM,"SUN,MON,TUE,WED,THU,FRI,SAT",33,19
12887,Howrah-Puri Express,SF,HWH,PURI,MON,502,102
12886,Aranyak Express,SF,BJE,SHM,"MON,TUE,WED,THU,FRI,SAT",311,56
12885,Aranyak Express,SF,SHM,BJE,"MON,TUE,WED,THU,FRI,SAT",311,57
12883,Rupashi Bangla Express,SF,HWH,PRR,"SUN,MON,TUE,WED,THU,FRI,SAT",333,63
12882,Puri Howrah Garib Rath,GR,PURI,HWH,"SUN,MON,TUE,WED,THU,FRI,SAT",502,102
12881,Howrah Puri Garib Rath,GR,HWH,PURI,"SUN,MON,TUE,WED,THU,FRI,SAT",502,102
12872,TITLAGARH - HOWRAH Ispat Exp,SF,TIG,HWH,"SUN,TUE,THU",745,117
12873,Jharkhand Swarna Jayanti Express,SF,HTE,ANVT,"MON,TUE,THU",1334,161
12874,Jharkhand Swarna Jayanti Express,SF,ANVT,HTE,"TUE,WED,FRI",1334,161
12875,PURI - NEW DELHI Neelanchal SF Exp,SF,PURI,NDLS,"SUN,TUE,FRI",1910,322
12876,NEW DELHI - PURI Neelanchal SF Exp,SF,NDLS,PURI,"SUN,TUE,FRI",1910,322
12877,Ranchi-New Delhi Garib Rath,GR,RNC,NDLS,"SUN,MON,TUE,WED,THU,FRI,SAT",1341,179
12780,DELHI H NIZAMUDDIN - VASCO DA GAMA Goa Exp,SF,NZM,VSG,"SUN,MON,TUE,WED,THU,FRI,SAT",2202,285
12843,Puri Ahmedabad Superfast Express,SF,PURI,ADI,"TUE,THU,FRI,SAT",2130,280
12844,Ahmedabad Puri Superfast Express,SF,ADI,PURI,"SUN,MON,THU,SAT",2130,280
12879,MUMBAI LTT - BHUBANESWAR SF Exp,SF,LTT,BBS,"WED,SAT",1788,247
12884,Rupashi Bangla Express,SF,PRR,HWH,"SUN,MON,TUE,WED,THU,FRI,SAT",333,63
12880,BHUBANESWAR - MUMBAI LTT SF Exp,SF,BBS,LTT,"MON,THU",1789,245
12891,Baripada- Bhubaneswar Express,SF,BPO,BBS,"SUN,MON,TUE,WED,THU,FRI,SAT",275,47
12888,Howrah Express,SF,PURI,HWH,SUN,502,102
12893,BHUBANESWAR - BALANGIR SF Exp,SF,BBS,BLGR,"SUN,MON,TUE,WED,THU,FRI,SAT",397,47
12892,Bhubaneswar Baripada SF Express,SF,BBS,BPO,"SUN,MON,TUE,WED,THU,FRI,SAT",275,47
12895,Kolkata-Puri Express,SF,HWH,PURI,FRI,502,102
12894,BALANGIR - BHUBANESWAR SF Exp,SF,BLGR,BBS,"SUN,MON,TUE,WED,THU,FRI,SAT",397,47
12897,Puducherry-Bhubaneswar Express,SF,PDY,BBS,"SUN,MON,TUE,WED,THU,FRI,SAT",1424,241
12896,Puri-Howrah Express,SF,PURI,HWH,THU,502,102
12903,Golden Temple Mail,SF,BCT,ASR,"SUN,MON,TUE,WED,THU,FRI,SAT",1891,270
12898,Bhubaneswar-Puducherry Superfast Express,SF,BBS,PDY,"SUN,MON,TUE,WED,THU,FRI,SAT",1424,241
12908,Maharashtra Sampark Kranti Express,SKr,NZM,BDTS,"MON,THU",1366,190
12906-Slip,Howrah-Porbandar SF Express Slip,SF,HWH,OKHA,"SUN,MON,TUE,WED,THU,FRI,SAT",2586,358
12911,Valsad-Haridwar Exp,SF,BL,HW,TUE,1433,195
12910,H.Nizamuddin-Bandra Terminus Garib Rath Express,GR,NZM,BDTS,"SUN,MON,TUE,WED,THU,FRI,SAT",1366,190
12913,Indore-Nagpur Weekly Express,SF,INDB,NGP,SUN,652,74
12912,Haridwar Valsad Superfast Express,SF,HW,BL,WED,1433,195
12919,Malwa Express,SF,INDB,JAT,"SUN,MON,TUE,WED,THU,FRI,SAT",1540,207
12914,Nagpur-Indore Weekly Express,SF,NGP,INDB,MON,652,74
12921,Flying Rani Express,SF,BCT,ST,"SUN,MON,TUE,WED,THU,FRI,SAT",263,56
12920,Malwa Express,SF,JAT,INDB,"SUN,MON,TUE,WED,THU,FRI,SAT",1540,207
12923,Indore Nagpur Express,SF,INDB,NGP,TUE,607,67
12922,Flying Rani Express,SF,ST,BCT,"SUN,MON,TUE,WED,THU,FRI,SAT",263,56
12925,Paschim Express,SF,BDTS,ASR,"SUN,MON,TUE,WED,THU,FRI,SAT",1821,262
12924,Indore Express,SF,NGP,INDB,WED,607,67
12925-Slip,Paschim Express Slip,SF,BDTS,ASR,"SUN,MON,TUE,WED,THU,FRI,SAT",1821,262
12926,Paschim Express,SF,ASR,BDTS,"SUN,MON,TUE,WED,THU,FRI,SAT",1821,262
12927,Mumbai Central -Vadodara Express,SF,BCT,BRC,"SUN,MON,TUE,WED,THU,FRI,SAT",392,80
12928,Vadodara - Mumbai Central Express,SF,BRC,BCT,"SUN,MON,TUE,WED,THU,FRI,SAT",392,80
12929,Valsad Dahod InterCity Express,SF,BL,DHD,"SUN,MON,TUE,WED,THU,FRI,SAT",344,57
12930,Dahod Valsad InterCity Express,SF,DHD,BL,"SUN,MON,TUE,WED,THU,FRI,SAT",344,57
12935,Bandra Surat InterCity Express,SF,BDTS,ST,"SUN,MON,TUE,WED,THU,FRI,SAT",252,48
12936,Surat Bandra InterCity Express,SF,ST,BDTS,"SUN,MON,TUE,WED,THU,FRI,SAT",252,48
12937,GANDHIDHAM - HOWRAH Garbha Exp,SF,GIMB,HWH,SAT,2509,406
12938,HOWRAH - GANDHIDHAM Garbha Exp,SF,HWH,GIMB,MON,2509,406
12939,Pune-Jaipur SF Express,SF,PUNE,JP,"SUN,WED",1302,182
12940,Jaipur-Pune SF Express,SF,JP,PUNE,"TUE,SAT",1302,182
40025,Chennai Beach TambaramEMU (12 car),MEMU,MSB,TBM,"SUN,MON,TUE,WED,THU,FRI,SAT",33,19
58115,CKP ROU SARANDA PASSENGER,Pass,CKP,ROU,"SUN,MON,TUE,WED,THU,FRI,SAT",101,16
12901,Gujarat Mail,SF,BCT,ADI,"SUN,MON,TUE,WED,THU,FRI,SAT",491,99
12902,Gujarat Mail,SF,ADI,BCT,"SUN,MON,TUE,WED,THU,FRI,SAT",491,99
12907,Maharashtra Sampark Kranti Express,SKr,BDTS,NZM,"SUN,WED",1366,190
12909,Bandra Terminus- Hazrat Nizamuddin Garib Rath,GR,BDTS,NZM,"SUN,MON,TUE,WED,THU,FRI,SAT",1366,190
12915,Ashram SF Express,SF,ADI,DLI,"SUN,MON,TUE,WED,THU,FRI,SAT",933,142
12916,Ashram SF Express,SF,DLI,ADI,"SUN,MON,TUE,WED,THU,FRI,SAT",933,143
12917,Gujarat Sampark Kranti Express,SKr,ADI,NZM,MON,1085,138
12933,Karnavati Express,SF,BCT,ADI,"SUN,MON,TUE,WED,THU,FRI,SAT",491,99
12934,Karnavati Express,SF,ADI,BCT,"SUN,MON,TUE,WED,THU,FRI,SAT",491,99
12943,Valsad-Kanpur Udyogkarmi Express,SF,BL,CNB,WED,1305,161
12944,Kanpur-Valsad Udyogkarmi Express,SF,CNB,BL,FRI,1305,161
12945,SURAT - MAHUVA SF Exp,SF,ST,MHV,MON,1409,106
12947,Azimabad Express,SF,ADI,PNBE,"MON,WED",1772,238
12948,Azimabad Express,SF,PNBE,ADI,"WED,FRI",1772,238
12949,PORBANDAR - K SANTRAGANCHI Kavi Guru SF Exp,SF,PBR,SRC,FRI,2657,397
12951,Mumbai Central-New Delhi Rajdhani Express,Raj,BCT,NDLS,"SUN,MON,TUE,WED,THU,FRI,SAT",1384,202
12955,Mumbai-Jaipur SF Express,SF,BCT,JP,"SUN,MON,TUE,WED,THU,FRI,SAT",1159,168
12956,Jaipur-Mumbai SF Express,SF,JP,BCT,"SUN,MON,TUE,WED,THU,FRI,SAT",1159,168
12959,MUMBAI DADAR - BHUJ SF Exp,SF,DDR,BHUJ,SAT,977,178
12960,BHUJ - MUMBAI DADAR SF Exp,SF,BHUJ,DDR,MON,977,178
12961,Avantika Express,SF,BCT,INDB,"SUN,MON,TUE,WED,THU,FRI,SAT",829,134
12962,Avantika Express,SF,INDB,BCT,"SUN,MON,TUE,WED,THU,FRI,SAT",829,134
12965,Gwalior Udaipur Express,SF,GWL,UDZ,TUE,794,101
12966,Udaipur Gwalior Express,SF,UDZ,GWL,FRI,794,101
12967,Chennai-Jaipur SF Express,SF,MAS,JP,"SUN,TUE",2185,269
12968,Jaipur-Chennai SF Express,SF,JP,MAS,"SUN,FRI",2185,269
12969,Coimbatore-Jaipur Express,SF,CBE,JP,FRI,2682,359
12970,Jaipur-Coimbatore Express,SF,JP,CBE,TUE,2682,359
12971,Bhavnagar Express,SF,BDTS,BVC,"SUN,MON,TUE,WED,THU,FRI,SAT",778,126
12973,Indore-Jaipur SF Express,SF,INDB,JP,"MON,SAT",599,67
12974,Jaipur Indore SF Express,SF,JP,INDB,"SUN,FRI",599,67
12975,Mysore-Jaipur SF Express,SF,MYS,JP,"THU,SAT",2479,290
12976,Jaipur-Mysore SF Express,SF,JP,MYS,"MON,WED",2479,290
12977,ERNAKULAM - AJMER Marusagar Exp,SF,ERS,AII,SUN,2859,355
12978,AJMER - ERNAKULAM Marusagar Exp,SF,AII,ERS,FRI,2859,355
12979,Mumbai Bandra (T.) - Jaipur (Tri-weekly) SF Exp,SF,BDTS,JP,"TUE,THU,SAT",1148,160
12981,Chetak Express,SF,DEE,UDZ,"SUN,MON,TUE,WED,THU,FRI,SAT",673,88
12982,Chetak Express,SF,UDZ,DEE,"SUN,MON,TUE,WED,THU,FRI,SAT",673,88
12983,Ajmer-Chandigarh GaribRath Express,GR,AII,CDG,"SUN,MON,TUE,WED,THU,FRI,SAT",740,91
12984,Chandigarh-Ajmer GaribRath,GR,CDG,AII,"SUN,MON,TUE,WED,THU,FRI,SAT",740,91
12988,Ajmer Sealdah Express,SF,AII,SDAH,"SUN,MON,TUE,WED,THU,FRI,SAT",1642,249
12989,Dadar Ajmer Superfast Express,SF,DDR,AII,"MON,THU,SAT",976,172
12990,Ajmer-Dadar SF Express,SF,AII,DDR,"SUN,WED,FRI",976,172
12991,Udaipur-Ajmer Express,SF,UDZ,AII,"SUN,MON,TUE,WED,THU,FRI,SAT",301,34
12992,Ajmer Udaipur Express,SF,AII,UDZ,"SUN,MON,TUE,WED,THU,FRI,SAT",301,34
40027,Chennai Beach TambaramEMU (12 car),MEMU,MSB,TBM,"SUN,MON,TUE,WED,THU,FRI,SAT",33,19
40033,Chennai Beach TambaramEMU (12 car),MEMU,MSB,TBM,"SUN,MON,TUE,WED,THU,FRI,SAT",33,19
40055,Chennai Beach TambaramEMU,MEMU,MSB,TBM,"SUN,MON,TUE,WED,THU,FRI,SAT",29,19
58610,Chakradharpur Tatanagar Passenger,Pass,CKP,TATA,"SUN,MON,TUE,WED,THU,FRI,SAT",62,9
12941,Ahmedabad-Asansol (Weekly) SF Parasnath Express,SF,ADI,ASN,TUE,2021,273
12942,Asansol Ahmedabad (Weekly) SF Express,SF,ASN,ADI,THU,2021,273
12954,August Kranti Rajdhani Express,Raj,NZM,BCT,"SUN,MON,TUE,WED,THU,FRI,SAT",1377,198
12957,Ahmadabad-New Delhi Swarna Jayanti Rajdhani Expres,Raj,ADI,NDLS,"SUN,MON,TUE,WED,THU,FRI,SAT",934,149
12958,New Delhi-Ahmedabad Swarna Jayanti Rajdhani Expres,Raj,NDLS,ADI,"SUN,MON,TUE,WED,THU,FRI,SAT",934,149
12963,Mewar Express,SF,NZM,UDZ,"SUN,MON,TUE,WED,THU,FRI,SAT",743,78
12964,Mewar Express,SF,UDZ,NZM,"SUN,MON,TUE,WED,THU,FRI,SAT",743,78
12995,Bandra-Udaipur SF Express,SF,BDTS,UDZ,"SUN,WED,FRI",945,134
12996,Udaipur Bandra SF Express Slip,SF,UDZ,BDTS,"TUE,THU,SAT",945,134
12997,Tirunelveli - Hapa (Biweekly) SF Express,SF,TEN,HAPA,"SUN,MON,TUE,WED,THU,FRI,SAT",2730,344
12998,Hapa-Tirunelveli Express,SF,HAPA,TEN,"SUN,MON,TUE,WED,THU,FRI,SAT",2730,344
13005,Howrah-Amritsar Mail,Mail,HWH,ASR,"SUN,MON,TUE,WED,THU,FRI,SAT",1910,292
13007,Udyan Abha Toofan Express,Exp,HWH,SGNR,"SUN,MON,TUE,WED,THU,FRI,SAT",1978,308
13008-Slip,Udyan Abha Toofan Express Slip,Exp,SGNR,KLK,"SUN,MON,TUE,WED,THU,FRI,SAT",433,50
13009,Doon Express,Exp,HWH,DDN,"SUN,MON,TUE,WED,THU,FRI,SAT",1557,239
13009-Slip,Doon Express Slip,Exp,HWH,KTW,"SUN,MON,TUE,WED,THU,FRI,SAT",1461,225
13010,Doon Express,Exp,DDN,HWH,"SUN,MON,TUE,WED,THU,FRI,SAT",1557,239
13011,InterCity Express,Exp,HWH,MLDT,"SUN,MON,TUE,WED,THU,FRI,SAT",340,69
13012,InterCity Express,Exp,MLDT,HWH,"SUN,MON,TUE,WED,THU,FRI,SAT",340,69
13015,Howrah Bolpur KaviGuru Express,Exp,HWH,BHP,"SUN,MON,TUE,WED,THU,FRI,SAT",158,43
13017,Ganadevta Express,Exp,HWH,AZ,"SUN,MON,TUE,WED,THU,FRI,SAT",278,60
13018,Ganadevta Express,Exp,AZ,HWH,"SUN,MON,TUE,WED,THU,FRI,SAT",278,59
13019,Bagh Express,Exp,HWH,KGM,"SUN,MON,TUE,WED,THU,FRI,SAT",1521,235
13020,Bagh Express,Exp,KGM,HWH,"SUN,MON,TUE,WED,THU,FRI,SAT",1521,235
13021,Mithila Express,Exp,HWH,RXL,"SUN,MON,TUE,WED,THU,FRI,SAT",693,112
13022,Mithila Express,Exp,RXL,HWH,"SUN,MON,TUE,WED,THU,FRI,SAT",693,112
13023,Howrah-Gaya Express,Exp,HWH,GAYA,"SUN,MON,TUE,WED,THU,FRI,SAT",654,99
13025,Howrah-Bhopal Express,Exp,HWH,BPL,MON,1459,189
13026,Bhopal-Howrah Express,Exp,BPL,HWH,WED,1459,180
13027,Kaviguru Express,Exp,HWH,AZ,"SUN,MON,TUE,WED,THU,FRI,SAT",278,60
13028,Kaviguru Express,Exp,AZ,HWH,"SUN,MON,TUE,WED,THU,FRI,SAT",278,60
13039,Howrah-Rajgir Express Slip,Exp,HWH,RGD,"SUN,MON,TUE,WED,THU,FRI,SAT",552,98
13040,Janata Express,Exp,DLI,HWH,"SUN,MON,TUE,WED,THU,FRI,SAT",1540,239
13049,Howrah-Amritsar Express,Exp,HWH,ASR,"SUN,MON,TUE,WED,THU,FRI,SAT",1922,289
13050,Amritsar Howrah Express,Exp,ASR,HWH,"SUN,MON,TUE,WED,THU,FRI,SAT",1922,289
13051,Hool Express,Exp,HWH,SURI,"SUN,MON,TUE,WED,THU,FRI,SAT",241,52
13052,Hool Express,Exp,SURI,HWH,"SUN,MON,TUE,WED,THU,FRI,SAT",241,52
13054,Siuri-Howrah Intercity Express,Exp,SURI,HWH,"SUN,MON,TUE,WED,THU,FRI,SAT",211,45
13072,Howrah Express,Exp,JMP,HWH,"SUN,MON,TUE,WED,THU,FRI,SAT",467,78
13104,Bhagirathi Express,Exp,LGL,SDAH,"SUN,MON,TUE,WED,THU,FRI,SAT",227,54
13105,Sealdah-Ballia Express,Exp,SDAH,BUI,"SUN,MON,TUE,WED,THU,FRI,SAT",679,116
13106,Ballia-Sealdah Express,Exp,BUI,SDAH,"SUN,MON,TUE,WED,THU,FRI,SAT",679,117
13107,Maitree Express BR,Exp,DHCA,KOAA,"SUN,TUE,FRI",375,37
13108,Maitree Express BR,Exp,KOAA,DHCA,"MON,WED,SAT",375,37
13109,Maitree Express IR,Exp,KOAA,DHCA,"TUE,FRI",375,37
13110,Maitree Express,Exp,DHCA,KOAA,"WED,SAT",375,37
13111,Lal Quila Express,Exp,KOAA,DLI,"SUN,MON,TUE,WED,THU,FRI,SAT",1527,235
13111-Slip,Lal Quila Express Slip,Exp,KOAA,GRD,"SUN,MON,TUE,WED,THU,FRI,SAT",322,60
40035,Chennai Beach TambaramEMU (12 car),MEMU,MSB,TBM,"SUN,MON,TUE,WED,THU,FRI,SAT",33,19
40059,Chennai Beach TambaramEMU,MEMU,MSB,TBM,"SUN,MON,TUE,WED,THU,FRI,SAT",29,19
13008,Udyan Abha Toofan Express,Exp,MGS,HWH,"SUN,MON,TUE,WED,THU,FRI,SAT",755,130
13013,Barddhaman Rampurhat Tri-Weekly Express,Exp,BWN,RPH,"MON,THU,SAT",112,19
13014,Rampurhat-Barddhaman Tri-Weekly Express,Exp,RPH,BWN,"SUN,WED,FRI",112,19
13016,Bolpur-Howrah Kavi Guru Express,Exp,BHP,HWH,"SUN,MON,TUE,WED,THU,FRI,SAT",158,43
13024,Gaya-Howrah Express,Exp,GAYA,HWH,"SUN,MON,TUE,WED,THU,FRI,SAT",654,99
13112,Lal Quila Express,Exp,DLI,KOAA,"SUN,MON,TUE,WED,THU,FRI,SAT",1552,237
13113,Hazarduari Express,Exp,KOAA,LGL,"SUN,MON,TUE,WED,THU,FRI,SAT",223,53
13114,Hazarduari Express,Exp,LGL,KOAA,"SUN,MON,TUE,WED,THU,FRI,SAT",223,53
13117,Kolkata Berhampore Court Express,Exp,KOAA,BPC,"SUN,TUE,THU,FRI",182,45
13118,Berhampore Court Kolkata Express,Exp,BPC,KOAA,"MON,WED,FRI,SAT",182,45
13133,Sealdah-Varanasi Express,Exp,SDAH,BSB,"MON,TUE,WED,FRI,SAT",871,153
13134,Varanasi- Sealdah Express,Exp,BSB,SDAH,"MON,TUE,THU,FRI,SAT",871,151
13141,Testa Torsa Express,Exp,SDAH,NOQ,"SUN,MON,TUE,WED,THU,FRI,SAT",716,141
13141-Slip,Testa Torsa Express Slip,Exp,SDAH,HDB,"SUN,MON,TUE,WED,THU,FRI,SAT",628,129
13142,Teesta Torsa Express,Exp,NOQ,SDAH,"SUN,MON,TUE,WED,THU,FRI,SAT",716,141
13145,Radhikapur Express,Exp,KOAA,RDP,"SUN,MON,TUE,WED,THU,FRI,SAT",476,95
13146,Radhikapur Express,Exp,RDP,KOAA,"SUN,MON,TUE,WED,THU,FRI,SAT",476,95
13147,Uttar Banga Express,Exp,SDAH,NCB,"SUN,MON,TUE,WED,THU,FRI,SAT",693,122
13148,Uttar Banga Express,Exp,NCB,SDAH,"SUN,MON,TUE,WED,THU,FRI,SAT",693,122
13149,Kanchan Kanya Express,Exp,SDAH,APDJ,"SUN,MON,TUE,WED,THU,FRI,SAT",735,128
13150,Kanchan Kanya Express,Exp,APDJ,SDAH,"SUN,MON,TUE,WED,THU,FRI,SAT",735,128
13152,JammuTawi-Kolkata Chitpur Express,Exp,JAT,KOAA,"SUN,MON,TUE,WED,THU,FRI,SAT",1982,302
13153-Slip,Gour Express Slip,Exp,SDAH,BLGT,"SUN,MON,TUE,WED,THU,FRI,SAT",454,84
13154,Malda Town-Sealdah Gour Express,Exp,MLDT,SDAH,"SUN,MON,TUE,WED,THU,FRI,SAT",347,71
13156,SITAMARHI - KOLKATA CHITPUR Mithilanchal Exp,Exp,SMI,KOAA,"MON,FRI",553,136
13159,KOLKATA CHITPUR - JOGBANI Exp,Exp,KOAA,JBN,"MON,WED,FRI",542,114
13160,JOGBANI - KOLKATA CHITPUR Exp,Exp,JBN,KOAA,"TUE,THU,SAT",542,114
13161,KOLKATA CHITPUR - BALURGHAT Tebhaga Exp,Exp,KOAA,BLGT,"SUN,MON,TUE,WED,THU,FRI",438,90
13162,BALURGHAT - KOLKATA CHITPUR Tebhaga Exp,Exp,BLGT,KOAA,"MON,TUE,WED,THU,FRI,SAT",437,90
13163,Hatey Bazare Express,Exp,SDAH,SHC,"SUN,MON,WED,FRI,SAT",589,120
13164,Hatey Bazare Express,Exp,SHC,SDAH,"SUN,MON,TUE,THU,SAT",589,120
13185,Ganga Sagar Express,Exp,SDAH,JYG,"SUN,MON,TUE,WED,THU,FRI,SAT",624,106
13186,Ganga Sagar Express,Exp,JYG,SDAH,"SUN,MON,TUE,WED,THU,FRI,SAT",624,106
13188,Rampurhat- Sealdah Express,Exp,RPH,SDAH,"SUN,MON,TUE,WED,THU,FRI,SAT",226,54
13202,MUMBAI LTT - RAJENDRA NAGAR PATNA Janta Exp,Exp,LTT,RJPB,"SUN,MON,TUE,WED,THU,FRI,SAT",1715,244
13225,Jaynagar-Danapur Intercity,Exp,JYG,DNR,"SUN,MON,TUE,WED,THU,FRI,SAT",277,49
13226,Danapur-Jaynagar Intercity,Exp,DNR,JYG,"SUN,MON,TUE,WED,THU,FRI,SAT",277,49
13233,Rajgriha Express,Exp,RGD,DNR,"SUN,MON,TUE,WED,THU,FRI,SAT",109,25
13234,Rajgriha Express,Exp,DNR,RGD,"SUN,MON,TUE,WED,THU,FRI,SAT",109,25
13237,Patna Mathura Express,Exp,PNBE,MTJ,"SUN,TUE,SAT",938,135
13238,Mathura Patna Express,Exp,MTJ,PNBE,"SUN,THU,FRI",936,135
13239,Patna Mathura Express,Exp,PNBE,MTJ,"MON,WED,THU,FRI",895,126
13240,Mathura Patna Express,Exp,MTJ,PNBE,"MON,TUE,WED,SAT",895,126
13241,Banka Patna Express,Exp,BAKA,RJPB,"SUN,MON,TUE,WED,THU,FRI",272,45
13242,Patna Banka Express,Exp,RJPB,BAKA,"SUN,MON,TUE,WED,THU,SAT",272,45
13243,Patna Dehri On Sone InterCity Express,Exp,PNBE,DOS,"SUN,MON,TUE,WED,THU,FRI,SAT",177,26
13248,RAJENDRA NAGAR - GUWAHATI Capital Exp,Exp,RJPB,GHY,"SUN,MON,TUE,WED",980,169
19321,Indore-Rajendranagar Express,Exp,INDB,RJPB,SAT,1400,184
40037,Chennai Beach TambaramEMU (12 car),MEMU,MSB,TBM,"SUN,MON,TUE,WED,THU,FRI,SAT",33,19
13235,Sahibganj-Danapur InterCity,Exp,SBG,DNR,"MON,TUE,WED,THU,FRI,SAT",306,51
13236,Danapur-Sahibganj InterCity,Exp,DNR,SBG,"MON,TUE,WED,THU,FRI,SAT",306,52
13244,Dehri On Sone Patna InterCity Express,Exp,DOS,PNBE,"SUN,MON,TUE,WED,THU,FRI,SAT",177,26
13246,Capital Express,Exp,DNR,NJP,"THU,FRI,SAT",501,78
13247,GUWAHATI - RAJENDRA NAGAR Capital Exp,Exp,GHY,RJPB,"TUE,WED,THU,FRI",980,164
13251,Islampur Rajendra Nagar Express,Exp,IPR,RJPB,"SUN,MON,TUE,WED,THU,FRI,SAT",63,10
13252,Rajendra Nagar Islampur Express,Exp,RJPB,IPR,"SUN,MON,TUE,WED,THU,FRI,SAT",63,10
13287,DURG - RAJENDRA NAGAR South Bihar Exp,Exp,DURG,RJPB,"SUN,MON,TUE,WED,THU,FRI,SAT",1130,194
13288,RAJENDRA NAGAR BIHAR - DURG South Bihar Exp,Exp,RJPB,DURG,"SUN,MON,TUE,WED,THU,FRI,SAT",1130,194
13301,Suvarna Rekha Express,Exp,DHN,TATA,"SUN,MON,TUE,WED,THU,FRI,SAT",193,32
13302,Suvarna Rekha Express,Exp,TATA,DHN,"SUN,MON,TUE,WED,THU,FRI,SAT",193,32
13304,Dhanbad InterCity Express,Exp,RNC,DHN,"SUN,MON,TUE,WED,THU,FRI,SAT",162,27
13305,Dhanbad-Gaya InterCity,Exp,DHN,GAYA,"SUN,MON,TUE,WED,THU,FRI,SAT",199,26
13306,Gaya-Dhanbad InterCity,Exp,GAYA,DHN,"SUN,MON,TUE,WED,THU,FRI,SAT",199,26
13307,Ganga Sutlej Express,Exp,DHN,FZR,"SUN,MON,TUE,WED,THU,FRI,SAT",1599,225
13308,Ganga Sutlej Express,Exp,FZR,DHN,"SUN,MON,TUE,WED,THU,FRI,SAT",1599,225
13317,Black Diamond Express,Exp,HWH,DHN,"SUN,MON,TUE,WED,THU,FRI,SAT",271,59
13319,Baidyanthdham-Ranchi Express,Exp,BDME,RNC,"SUN,MON,TUE,WED,THU,FRI,SAT",328,50
13320,Ranchi-Baidyanathdham Express,Exp,RNC,BDME,"SUN,MON,TUE,WED,THU,FRI,SAT",333,50
13329,Ganga Damodar Express,Exp,DHN,PNBE,"SUN,MON,TUE,WED,THU,FRI,SAT",291,39
13330,Ganga Damodar Express,Exp,PNBE,DHN,"SUN,MON,TUE,WED,THU,FRI,SAT",291,39
13331,Dhanbad Patna Express,Exp,DHN,PNBE,"SUN,MON,TUE,WED,THU,FRI,SAT",373,62
13332,Patna Dhanbad Express,Exp,PNBE,DHN,"SUN,MON,TUE,WED,THU,FRI,SAT",373,62
13345,Varanasi-Singrauli Intercity,Exp,BSB,SGRL,"SUN,MON,TUE,WED",209,21
13347,Palamau Express,Exp,BRKA,PNBE,"SUN,MON,TUE,WED,THU,FRI,SAT",494,63
13348,Palamau Express,Exp,PNBE,BRKA,"SUN,MON,TUE,WED,THU,FRI,SAT",494,63
13352,ALAPPUZHA - DHANBAD (Bokaro) Express,Exp,ALLP,DHN,"SUN,MON,TUE,WED,THU,FRI,SAT",2536,418
13404,Vananchal Express,Exp,BGP,RNC,"SUN,MON,TUE,WED,THU,FRI,SAT",561,79
13413,Farakka Express,Exp,MLDT,DLI,"SUN,MON,TUE,WED,THU,FRI,SAT",1416,200
13414,Farakka Express,Exp,DLI,MLDT,"SUN,MON,TUE,WED,THU,FRI,SAT",1416,200
13415,Malda Patna Express,Exp,MLDT,PNBE,"SUN,WED,FRI",399,62
13416,Patna-Malda Express,Exp,PNBE,MLDT,"MON,THU,SAT",399,62
13419,Jan Sewa Express,Exp,BGP,MFP,"SUN,MON,TUE,WED,THU,FRI,SAT",240,36
13421,Nabadwipdham Malda Express,Exp,NDAE,MLDT,"MON,THU",226,52
13422,Malda Nabadwipdham Express,Exp,MLDT,NDAE,"MON,THU",226,52
13465,InterCity Express,Exp,HWH,MLDT,"SUN,MON,TUE,WED,THU,FRI,SAT",331,84
13466,InterCity Express,Exp,MLDT,HWH,"SUN,MON,TUE,WED,THU,FRI,SAT",331,84
13483,Farakka Express,Exp,MLDT,DLI,"SUN,MON,TUE,WED,THU,FRI,SAT",1456,209
13484,Farakka Express,Exp,DLI,MLDT,"SUN,MON,TUE,WED,THU,FRI,SAT",1456,209
13501,Haldia-Asansol Express,Exp,HLZ,ASN,"SUN,MON,TUE,WED,THU,FRI,SAT",322,52
40039,Chennai Beach TambaramEMU (12 car),MEMU,MSB,TBM,"SUN,MON,TUE,WED,THU,FRI,SAT",33,19
40041,Chennai Beach TambaramEMU (12 car),MEMU,MSB,TBM,"SUN,MON,TUE,WED,THU,FRI,SAT",33,19
40043,Chennai Beach TambaramEMU,MEMU,MSB,TBM,"SUN,MON,TUE,WED,THU,FRI,SAT",33,19
40047,Chennai Beach TambaramEMU (12 car),MEMU,MSB,TBM,"SUN,MON,TUE,WED,THU,FRI,SAT",29,19
40049,Chennai Beach TambaramEMU (12 car),MEMU,MSB,TBM,"SUN,MON,TUE,WED,THU,FRI,SAT",29,19
40051,Chennai Beach TambaramEMU (12 car),MEMU,MSB,TBM,"SUN,MON,TUE,WED,THU,FRI,SAT",29,19
40053,Chennai Beach TambaramEMU (12 car),MEMU,MSB,TBM,"SUN,MON,TUE,WED,THU,FRI,SAT",29,19
56842,Erode Tiruchchirapalli Passenger,Pass,ED,TPJ,"SUN,MON,TUE,WED,THU,FRI,SAT",141,26
56860,Villupuram Tambaram Passenger,Pass,VM,TBM,"SUN,MON,TUE,WED,THU,FRI,SAT",133,26
12259,Sealdah-New Delhi AC Duronto Express,Drnt,SDAH,NDLS,"SUN,MON,TUE,WED,THU,FRI,SAT",1453,222
13346,Singrauli-Varanasi Intercity,Exp,SGRL,BSB,"MON,TUE,WED,THU",209,21
13502,Asansol Haldia Express,Exp,ASN,HLZ,"SUN,MON,TUE,WED,THU,FRI,SAT",322,52
13504,Asansol-Sealdah InterCity Express,Exp,ASN,SDAH,"SUN,MON,TUE,WED,THU,FRI,SAT",220,49
13506,Asansol Digha Express,Exp,ASN,DGHA,SUN,372,52
13507,Asansol-Gorakhpur Express,Exp,ASN,GKP,FRI,644,93
13509,Asansol-Gonda Express,Exp,ASN,GD,TUE,862,131
13510,Gonda-Asansol Express,Exp,GD,ASN,WED,862,131
14001,OLD DELHI - ATARI SHYAM SINGH Samjhauta Exp,Exp,DLI,ATT,"SUN,WED",472,76
14002,ATARI SHYAM SINGH - OLD DELHI Samjhauta Exp,Exp,ATT,DLI,"MON,THU",472,76
14004,New Delhi-New Farakka Express,Exp,NDLS,NFK,"SUN,THU",1387,209
14005,Lichhavi Express,Exp,SMI,ANVT,"SUN,MON,TUE,WED,THU,FRI,SAT",1285,191
14006,Lichhavi Express,Exp,ANVT,SMI,"SUN,MON,TUE,WED,THU,FRI,SAT",1285,191
14007,Muzaffarpur-Old Delhi Sadbhavna Express,Exp,MFP,DLI,"WED,FRI",1106,161
14008,Old Delhi-Muzaffarpur Sadbhavana Express,Exp,DLI,MFP,"TUE,THU",1106,161
14009,Patalkot Express,Exp,CWA,DEE,"SUN,TUE,THU",1050,132
14010,Patalkot Express,Exp,DEE,CWA,"MON,WED,SAT",1050,132
14011,Kathgodam-Anand Vihar AC Express,Exp,KGM,ANVT,TUE,271,38
14012,Anand Vihar-Kathgodam AC Express,Exp,ANVT,KGM,SUN,271,38
14013,Sadbhavna Express,Exp,SLN,DLI,"SUN,TUE",645,90
14014,Sadbhavna Express,Exp,DLI,SLN,"MON,SAT",645,90
14015,Sadbhavna Express,Exp,RXL,DLI,"SUN,TUE",1236,177
14016,Sadbhavana Express,Exp,DLI,RXL,"SUN,FRI",1236,177
14017,Sadbhavna Express,Exp,MFP,DLI,THU,1147,170
14018,Sadbhavana Expres,Exp,DLI,MFP,WED,1147,170
14020,Delhi SR Chhindwara Kanhan Valley Express,Exp,DEE,CWA,MON,1050,132
14033,Jammu Mail,Mail,DLI,UHP,"SUN,MON,TUE,WED,THU,FRI,SAT",637,96
14034,Jammu Mail,Mail,UHP,DLI,"SUN,MON,TUE,WED,THU,FRI,SAT",637,96
14035,Dhauladhar Express,Exp,DLI,PTK,"MON,WED,FRI",496,81
14036,Dhauladhar Express,Exp,PTK,DLI,"TUE,THU,SAT",496,81
14037,Delhi-Pathankot Express,Exp,DLI,PTK,MON,554,84
14038,Pathankot Delhi Express,Exp,PTK,DLI,THU,554,83
14041-Slip,Mussoorie Express Slip,Exp,DEE,KTW,"SUN,MON,TUE,WED,THU,FRI,SAT",243,34
14042,DEHRADUN - DELHI SARAI ROHILLA Mussoorie Exp,Exp,DDN,DEE,"SUN,MON,TUE,WED,THU,FRI,SAT",339,55
14043,KOTDWAR - OLD DELHI Garhwal Exp,Exp,KTW,DLI,"SUN,MON,TUE,WED,THU,FRI,SAT",238,38
14044,OLD DELHI - KOTDWAR Garhwal Exp,Exp,DLI,KTW,"SUN,MON,TUE,WED,THU,FRI,SAT",238,38
14056,OLD DELHI - DIBRUGARH Brahmaputra Exp,Mail,DLI,DBRG,"SUN,MON,TUE,WED,THU,FRI,SAT",2589,450
14083,Sikkim Mahananda Express,Exp,APDJ,DLI,"SUN,MON,TUE,WED,THU,FRI,SAT",1651,234
14084,Sikkim Mahananda Express,Exp,DLI,APDJ,"SUN,MON,TUE,WED,THU,FRI,SAT",1651,234
14085,Haryana Express,Exp,TKJ,SSA,"SUN,MON,TUE,WED,THU,FRI,SAT",264,38
14086,Haryana Express,Exp,SSA,TKJ,"SUN,MON,TUE,WED,THU,FRI,SAT",264,38
14095,Himalayan Queen,Exp,DEE,KLK,"SUN,MON,TUE,WED,THU,FRI,SAT",305,41
14096,Himalayan Queen,Exp,KLK,DEE,"SUN,MON,TUE,WED,THU,FRI,SAT",305,41
14096-Slip,Himalayan Queen Slip,Exp,KLK,BNW,"SUN,MON,TUE,WED,THU,FRI,SAT",335,33
14109,Chitrakoot Kanpur Express,Exp,CKTD,CNB,"SUN,MON,TUE,WED,THU,FRI,SAT",213,23
14110,Kanpur Chitrakoot Express,Exp,CNB,CKTD,"SUN,MON,TUE,WED,THU,FRI,SAT",213,23
14114,Link Express,Exp,DDN,ALD,"SUN,MON,TUE,WED,THU,FRI,SAT",863,129
40057,Chennai Beach TambaramEMU (12 car),MEMU,MSB,TBM,"SUN,MON,TUE,WED,THU,FRI,SAT",29,19
51672,KATNI - ITARSI Fast Passenger,Pass,KTE,ET,"SUN,MON,TUE,WED,THU,FRI,SAT",335,38
12343,Darjeeling Mail,SF,SDAH,NJP,"SUN,MON,TUE,WED,THU,FRI,SAT",567,105
12483,KOCHUVELI - AMRITSAR SF Exp,SF,KCVL,ASR,WED,3597,487
14119,Kathgodam Dehradun Express,Exp,KGM,DDN,"SUN,MON,TUE,WED,THU,FRI,SAT",335,43
14120,Dehradun Kathgodam Express,Exp,DDN,KGM,"SUN,MON,TUE,WED,THU,FRI,SAT",335,43
14123,Pratapgarh Kanpur InterCity Express,Exp,PBH,CNB,"SUN,MON,TUE,WED,THU,FRI,SAT",245,38
14124,Kanpur Pratapgarh InterCity Express,Exp,CNB,PBH,"SUN,MON,TUE,WED,THU,FRI,SAT",245,38
14126,Saryu Express,Exp,FD,ALD,"SUN,MON,TUE,WED,THU,FRI,SAT",157,20
14163,Sangam Express,Exp,ALD,MTC,"SUN,MON,TUE,WED,THU,FRI,SAT",639,85
14163-Slip,Sangam Express Slip,Exp,ALD,DDN,"SUN,MON,TUE,WED,THU,FRI,SAT",863,115
14164,Sangam Express,Exp,MTC,ALD,"SUN,MON,TUE,WED,THU,FRI,SAT",639,85
14201,Jaunpur-Rae Bareliy Express,Exp,JNU,RBL,"SUN,MON,TUE,WED,THU,FRI,SAT",203,32
14203,Varanasi Lucknow InterCity Express,Exp,BSB,LKO,"SUN,MON,TUE,WED,THU,FRI,SAT",302,41
14204,Lucknow Varanasi InterCity Express,Exp,LKO,BSB,"SUN,MON,TUE,WED,THU,FRI,SAT",302,41
14205,Faizabad Delhi Express,Exp,FD,DLI,"SUN,MON,TUE,WED,THU,FRI,SAT",615,93
14206,Delhi-Faizabad Express,Exp,DLI,FD,"SUN,MON,TUE,WED,THU,FRI,SAT",615,93
14207,Padmavat Express,Exp,PBH,DLI,"SUN,MON,TUE,WED,THU,FRI,SAT",660,100
14208,Padmavat Express,Exp,DLI,PBH,"SUN,MON,TUE,WED,THU,FRI,SAT",660,100
14210,Lucknow-Vindhyachal InterCity,Exp,LKO,BDL,"SUN,MON,TUE,WED,THU,FRI,SAT",284,38
14211,Agra-New Delhi Intercity Express,Exp,AGC,NDLS,"SUN,MON,TUE,WED,THU,FRI,SAT",195,29
14212,NewDelhi-Agra InterCity Express,Exp,NDLS,AGC,"SUN,MON,TUE,WED,THU,FRI,SAT",195,29
14213,Varanasi-Gonda Intercity Express,Exp,BSB,GD,"SUN,MON,TUE,WED,THU,FRI,SAT",256,34
14214,Gonda-Varanasi Intercity Express,Exp,GD,BSB,"SUN,MON,TUE,WED,THU,FRI,SAT",256,34
14215,Ganga Gomti Express,Exp,ALD,LKO,"SUN,MON,TUE,WED,THU,FRI,SAT",201,27
14216,Ganga Gomti Express,Exp,LKO,ALD,"SUN,MON,TUE,WED,THU,FRI,SAT",201,27
14217,Unchahar Express,Exp,ALD,CDG,"SUN,MON,TUE,WED,THU,FRI,SAT",913,126
14227,Varuna Express,Exp,BSB,LKO,"MON,THU",284,36
14228,Varuna Express,Exp,LKO,BSB,"MON,THU",284,36
14235,Varanasi Bareilly Express,Exp,BSB,BE,"SUN,MON,TUE,WED,THU,FRI,SAT",559,78
14236,Bareilly Varanasi Express,Exp,BE,BSB,"SUN,MON,TUE,WED,THU,FRI,SAT",559,78
14257,Kashi Vishwanath Express,Exp,BSB,NDLS,"SUN,MON,TUE,WED,THU,FRI,SAT",794,119
14258,Kashi Vishwanath Express,Exp,NDLS,BSB,"SUN,MON,TUE,WED,THU,FRI,SAT",794,119
14259,MUGHAL SARAI - LUCKNOW Ekatmata Exp,Exp,MGS,LKO,SUN,2796,51
14265,Varanasi Dehradun Janata Express,Exp,BSB,DDN,"SUN,MON,TUE,WED,THU,FRI,SAT",846,120
14265-Slip,Varanasi-Ramnagar Express Slip,Exp,BSB,RMR,"SUN,MON,TUE,WED,THU,FRI,SAT",705,102
14266,Dehradun Varanasi Janata Express,Exp,DDN,BSB,"SUN,MON,TUE,WED,THU,FRI,SAT",846,120
14307,Bareilly Express,Exp,PRG,BE,"SUN,MON,TUE,WED,THU,FRI,SAT",461,65
14308,Bareilly-Prayag Passenger,Pass,BE,PRG,"SUN,MON,TUE,WED,THU,FRI,SAT",461,65
14309,Ujjaini Express,Exp,UJN,DDN,"WED,THU",1241,144
14310,Ujjaini Express,Exp,DDN,UJN,"TUE,WED",1241,144
14311,BAREILLY - BHUJ Ala Hazrat Exp,Exp,BE,BHUJ,"TUE,THU,SAT",1543,248
14314,BAREILLY - MUMBAI LTT Weekly Exp,Exp,BE,LTT,SAT,1608,233
14315,Bareilly-NewDelhi InterCity,Exp,BE,NDLS,"SUN,MON,TUE,WED,THU,FRI,SAT",258,46
14316,NewDelhi-Bareilly InterCity,Exp,NDLS,BE,"SUN,MON,TUE,WED,THU,FRI,SAT",258,46
14317,INDORE - DEHRADUN Exp,Exp,INDB,DDN,"SUN,SAT",1183,150
14318,DEHRADUN - INDORE Exp,Exp,DDN,INDB,"FRI,SAT",1179,150
14321,BAREILLY - BHUJ Ala Hazrat Exp,Exp,BE,BHUJ,"SUN,MON,WED,FRI",1410,213
19131,MUMBAI BANDRA - BHUJ Kutch Exp,Exp,BDTS,BHUJ,"SUN,MON,TUE,WED,THU,FRI,SAT",839,145
40107,Chennai Beach Tambaram EMU,MEMU,MSB,TBM,"SUN,MON,TUE,WED,THU,FRI,SAT",29,19
40555,Chennai Beach Chengalpet Semi Fast EMU,MEMU,MSB,CGL,"SUN,MON,TUE,WED,THU,FRI,SAT",59,29
14322,BHUJ - BAREILLY Ala Hazrat Exp,Exp,BHUJ,BE,"SUN,MON,THU,SAT",1410,213
14323,New Delhi-Rohtak Express,Exp,NDLS,ROK,"SUN,MON,TUE,WED,THU,FRI,SAT",72,18
14324,New Delhi Express,Exp,ROK,NDLS,"SUN,MON,TUE,WED,THU,FRI,SAT",72,18
14369,Tribeni Express,Exp,SGRL,BE,"SUN,MON,TUE,WED,THU,FRI,SAT",723,91
14370,Triveni Express,Exp,BE,SGRL,"SUN,MON,TUE,WED,THU,FRI,SAT",723,91
14370-Slip,Triveni Express Slip,Exp,BE,BRWD,"SUN,MON,TUE,WED,THU,FRI,SAT",862,101
14511-Slip,Allahabad-Saharanpur Nauchandi Express Slip,Exp,ALD,KRJ,"SUN,MON,TUE,WED,THU,FRI,SAT",695,100
14512,Saharanpur-Allahabad Nauchandi Express,Exp,SRE,ALD,"SUN,MON,TUE,WED,THU,FRI,SAT",774,111
14519,Kissan Express,Exp,DLI,BTI,"SUN,MON,TUE,WED,THU,FRI,SAT",337,41
14520,Kisan Express,Exp,BTI,DLI,"SUN,MON,TUE,WED,THU,FRI,SAT",337,41
14524,Harihar Express,Exp,UMB,MFP,"TUE,SAT",1201,176
14525,Ambala Cantt-Shri GangaNagar InterCity Express,Exp,UMB,SGNR,"SUN,MON,TUE,WED,THU,FRI,SAT",328,43
14526,Shri Ganganagar-Ambala Cantt InterCity Express,Exp,SGNR,UMB,"SUN,MON,TUE,WED,THU,FRI,SAT",328,43
14545,Farukhnagar Saharanpur Express,Exp,FN,SRE,"SUN,MON,TUE,WED,THU,FRI,SAT",216,47
14546,Saharanpur Farukhnagar Express,Exp,SRE,FN,"SUN,MON,TUE,WED,THU,FRI,SAT",216,47
14553,Himachal Express,Exp,DLI,UHL,"SUN,MON,TUE,WED,THU,FRI,SAT",371,56
14554,Himachal Express,Exp,UHL,DLI,"SUN,MON,TUE,WED,THU,FRI,SAT",371,56
14555,Bareilly-Delhi Express,Exp,BE,DLI,"SUN,MON,TUE,WED,THU,FRI,SAT",274,45
14556,Delhi-Bareilly Express,Exp,DLI,BE,"SUN,MON,TUE,WED,THU,FRI,SAT",274,46
14603,SAHARSA - AMRITSAR Jan Sadharan Exp,Exp,SHC,ASR,FRI,1580,262
14607,Amritsar Atari Samjhauta Express,Exp,ASR,ATT,"MON,THU",24,4
14608,Atari Amritsar Samjhauta Express,Exp,ATT,ASR,"MON,THU",24,4
14609,Hemkunt Express,Exp,RKSH,JAT,"SUN,MON,TUE,WED,THU,FRI,SAT",558,83
14610,Hemkunt Express,Exp,JAT,RKSH,"SUN,MON,TUE,WED,THU,FRI,SAT",558,83
14629,Ludhiana Firozpur Sutlej Express,Exp,LDH,FZR,"SUN,MON,TUE,WED,THU,FRI,SAT",124,17
14630,Firozpur Ludhiana Sutlej Express,Exp,FZR,LDH,"SUN,MON,TUE,WED,THU,FRI,SAT",124,17
14631,Dehradun Amritsar Express,Exp,DDN,ASR,"SUN,MON,TUE,WED,THU,FRI,SAT",463,66
14632,Amritsar Dehradun Express,Exp,ASR,DDN,"SUN,MON,TUE,WED,THU,FRI,SAT",463,66
14633,Ravi Express,Exp,ASR,PTK,"SUN,MON,TUE,WED,THU,FRI,SAT",107,16
14634,Ravi Express,Exp,PTK,ASR,"SUN,MON,TUE,WED,THU,FRI,SAT",107,16
14645,Shalimar Express,Exp,DLI,JAT,"SUN,MON,TUE,WED,THU,FRI,SAT",640,90
14646,Shalimar Express,Exp,JAT,DLI,"SUN,MON,TUE,WED,THU,FRI,SAT",640,90
14650,Saryu Yamuna Express,Exp,ASR,JYG,"MON,WED,SAT",1670,242
14659-Slip,Delhi-Jaisalmer Express Slip,Exp,DLI,BME,"SUN,MON,TUE,WED,THU,FRI,SAT",829,114
14660,Jaisalmer Delhi Express,Exp,JSM,DLI,"SUN,MON,TUE,WED,THU,FRI,SAT",918,114
14661,Delhi Barmer Link Express,Exp,JU,BME,"SUN,MON,TUE,WED,THU,FRI,SAT",209,24
14662,Barmer-Delhi MALANI Express,Exp,BME,DLI,"SUN,MON,TUE,WED,THU,FRI,SAT",829,114
14673,Shaheed Express,Exp,JYG,ASR,"MON,WED,THU,SAT",1654,248
14674,Shaheed Express,Exp,ASR,JYG,"SUN,TUE,THU,FRI",1654,248
14681,New Delhi-Jalandhar Express,Exp,NDLS,JUC,"SUN,MON,TUE,WED,THU,FRI,SAT",439,63
14682,Jalandhar NDLS Express,Exp,JUC,NDLS,"SUN,MON,TUE,WED,THU,FRI,SAT",439,63
14701,Jaisalmer-Bikaner Express,Exp,JSM,BKN,"SUN,MON,TUE,WED,THU,FRI,SAT",327,21
14702,Bikaner-Jaisalmer Express,Exp,BKN,JSM,"SUN,MON,TUE,WED,THU,FRI,SAT",327,21
14703,Bikaner Express,Exp,JSM,LGH,"SUN,MON,TUE,WED,THU,FRI,SAT",323,20
14704,Jaisalmer Express,Exp,LGH,JSM,"SUN,MON,TUE,WED,THU,FRI,SAT",323,20
14705,Delhi Sarai Rohilla Sadulpur Express,Exp,DEE,SDLP,"SUN,MON,TUE,WED,THU,FRI,SAT",220,32
14706,Sadulpur Delhi Sarai Rohilla Express,Exp,SDLP,DEE,"SUN,MON,TUE,WED,THU,FRI,SAT",220,32
15011,LUCKNOW - CHANDIGARH Exp,Exp,LJN,CDG,"SUN,MON,TUE,WED,THU,FRI,SAT",724,114
15012,CHANDIGARH - LUCKNOW Exp,Exp,CDG,LJN,"SUN,MON,TUE,WED,THU,FRI,SAT",724,114
13103,Bhagirathi Express,Exp,SDAH,LGL,"SUN,MON,TUE,WED,THU,FRI,SAT",227,54
13245,Capital Express,Exp,NJP,DNR,"SUN,MON,SAT",501,78
14708,MUMBAI BANDRA - BIKANER Ranakpur Exp,Exp,BDTS,BKN,"SUN,MON,TUE,WED,THU,FRI,SAT",1212,202
14711,Haridwar Shri Ganganagar InterCity Express,Exp,HW,SGNR,"SUN,MON,TUE,WED,THU,FRI,SAT",485,69
14712,Shriganganagar Haridwar Express,Exp,SGNR,HW,"SUN,MON,TUE,WED,THU,FRI,SAT",485,69
14723,Kalindi Express,Exp,CNB,BNW,"SUN,MON,TUE,WED,THU,FRI,SAT",605,84
14724,Kalindi Express,Exp,BNW,CNB,"SUN,MON,TUE,WED,THU,FRI,SAT",605,84
14731,Delhi Bhatinda Intercity Express,Exp,DLI,BTI,"SUN,MON,TUE,WED,THU,FRI,SAT",399,60
14732,Bhatinda Delhi Express,Exp,BTI,DLI,"SUN,MON,TUE,WED,THU,FRI,SAT",399,60
14795,Ekta Express,Exp,BNW,KLK,"SUN,MON,TUE,WED,THU,FRI,SAT",299,33
14796,Ekta Express,Exp,KLK,BNW,"SUN,MON,TUE,WED,THU,FRI,SAT",299,33
14801,Jodhpur Gandhidham Express,Exp,JU,GIMB,"SUN,MON,TUE,WED,THU,FRI,SAT",559,47
14802,Gandhidham Jodhpur Express,Exp,GIMB,JU,"SUN,MON,TUE,WED,THU,FRI,SAT",559,47
14809,Jaisalmer Jodhpur Express,Exp,JSM,JU,"SUN,MON,TUE,WED,THU,FRI,SAT",301,24
14810,Jaisalmer Express,Exp,JU,JSM,"SUN,MON,TUE,WED,THU,FRI,SAT",301,24
14853,Marudhar Express,Exp,BSB,JU,"MON,WED,SAT",1201,164
14854,Marudhar Express,Exp,JU,BSB,"MON,THU,SAT",1201,164
14863,Marudhar Express,Exp,BSB,JU,"SUN,TUE,FRI",1161,155
14864,Marudhar Express,Exp,JU,BSB,"SUN,TUE,FRI",1161,155
14865,Marudhar Express,Exp,BSB,JU,THU,1179,160
14866,Marudhar Express,Exp,JU,BSB,WED,1179,160
14887-Slip,Kalka - Sriganganar Express (Slip),Exp,KLK,SGNR,"SUN,MON,TUE,WED,THU,FRI,SAT",433,50
14887S,KALKA BARMER Express Slip,Exp,KLK,BME,"SUN,MON,TUE,WED,THU,FRI,SAT",1117,113
14888,Barmer-Kalka Express,Exp,BME,KLK,"SUN,MON,TUE,WED,THU,FRI,SAT",1117,113
14889,Thar Link Express,Exp,BGKT,MBF,SAT,325,30
14890,Thar Link Express,Exp,MBF,BGKT,SAT,325,30
15001,Rapti Ganga Express,Exp,MFP,DDN,MON,1124,159
15002,Rapti Ganga Express,Exp,DDN,MFP,SAT,1124,159
15004,Chauri Chaura Express,Exp,GKP,CPA,"SUN,MON,TUE,WED,THU,FRI,SAT",552,83
15005,Rapti Ganga Express,Exp,GKP,DDN,"WED,FRI",815,119
15006,Rapti Ganga Express,Exp,DDN,GKP,"TUE,THU",815,119
15007,Krishak Express,Exp,MUV,LJN,"SUN,MON,TUE,WED,THU,FRI,SAT",513,77
15009,Chitrakoot Express,Exp,LJN,JBP,"SUN,MON,TUE,WED,THU,FRI,SAT",582,69
15010,Chitrakoot Express,Exp,JBP,LJN,"SUN,MON,TUE,WED,THU,FRI,SAT",582,69
15013,Ranikhet Express,Exp,DLI,KGM,"SUN,MON,TUE,WED,THU,FRI,SAT",278,39
15013-Slip,Ranikhet Express Slip,Exp,DLI,RMR,"SUN,MON,TUE,WED,THU,FRI,SAT",239,39
15014,Ranikhet Express,Exp,KGM,DLI,"SUN,MON,TUE,WED,THU,FRI,SAT",278,39
15016,YESVANTPUR - GORAKHPUR Exp,Exp,YPR,GKP,TUE,2515,349
15018,GORAKHPUR - MUMBAI LTT Kashi Exp,Exp,GKP,LTT,"SUN,MON,TUE,WED,THU,FRI,SAT",1714,230
15018-Slip,Gorakhpur -Kolhapur Slip,Exp,GKP,KOP,"SUN,MON,TUE,WED,THU,FRI,SAT",2108,245
15019,Gorakhpur Nautanwa Express,Exp,GKP,NTV,SUN,82,14
15020,Gorakhpur Nautanwa Express,Exp,NTV,GKP,SAT,82,14
15021,Kolkata Shalimar-Gorakhpur Bhojpuri Express,Exp,SHM,GKP,TUE,1050,152
15022,Bhojpuri Express,Exp,GKP,SHM,MON,1050,152
15023,GORAKHPUR - YESVANTPUR Exp,Exp,GKP,YPR,TUE,2473,334
15035,Uttarakhand Sampark Kranti Express,SKr,DLI,KGM,"SUN,MON,TUE,WED,THU,FRI,SAT",278,39
15035-Slip,Uttarakhand Sampark Kranti Express Slip,SKr,DLI,RMR,"SUN,MON,TUE,WED,THU,FRI,SAT",239,39
15236,Darbhanga-Howrah Express,Exp,DBG,HWH,FRI,536,92
41057,Chennai Beach Velachery EMU,MEMU,MSB,VLCY,"SUN,MON,TUE,WED,THU,FRI,SAT",19,17
41501,Chennai Beach Velachery EMU,MEMU,MSB,VLCY,"SUN,MON,TUE,WED,THU,FRI,SAT",18,17
14649,Saryu Yamuna Express,Exp,JYG,ASR,"SUN,TUE,FRI",1670,242
15003,Chauri Chaura Express,Exp,CPA,GKP,"SUN,MON,TUE,WED,THU,FRI,SAT",552,83
15008,Krishak Express,Exp,LJN,MUV,"SUN,MON,TUE,WED,THU,FRI,SAT",513,78
15027,Maurya Express,Exp,HTE,GKP,"SUN,MON,TUE,WED,THU,FRI,SAT",857,132
15028,Maurya Express,Exp,GKP,HTE,"SUN,MON,TUE,WED,THU,FRI,SAT",864,132
15037,Kanpur Kasganj Express,Exp,CNB,KSJ,"SUN,MON,TUE,WED,THU,FRI,SAT",247,38
15038,Kasganj Kanpur Express,Exp,KSJ,CNB,"SUN,MON,TUE,WED,THU,FRI,SAT",247,38
15039,Farrukhabad Kasganj Express,Exp,FBD,KSJ,"SUN,MON,TUE,WED,THU,FRI,SAT",107,14
15040,Farrukhabad Express,Exp,KSJ,FBD,"SUN,MON,TUE,WED,THU,FRI,SAT",107,14
15041,Farrukhabad Kasganj Express,Exp,FBD,KSJ,"SUN,MON,TUE,WED,THU,FRI,SAT",107,14
15042,Farrukhabad Express,Exp,KSJ,FBD,"SUN,MON,TUE,WED,THU,FRI,SAT",107,14
15045,Gorakhpur-Okha Express,Exp,GKP,OKHA,THU,2306,288
15046,Okha-Gorakhpur Express,Exp,OKHA,GKP,SUN,2306,290
15047,Purvanchal Express,Exp,KOAA,GKP,"MON,TUE,THU,SAT",859,142
15048,Purvanchal Express,Exp,GKP,KOAA,"SUN,MON,TUE,FRI",859,126
15049,Poorvanchal Express,Exp,KOAA,GKP,"SUN,WED",883,145
15050,Poorvanchal Express,Exp,GKP,KOAA,"WED,SAT",883,128
15051,Poorvanchal Express,Exp,KOAA,GKP,FRI,875,139
15052,Gorakhpur Kolkata Express,Exp,GKP,KOAA,THU,876,139
15097,Barauni-Jammu Amarnath Express,Exp,BJU,JAT,THU,1648,239
15098,Jammu-Barauni Amarnath Express,Exp,JAT,BJU,TUE,1648,239
15101,Chhapra-Mumbai Jansadharan Express,Exp,CPR,CSTM,"SUN,MON,TUE,WED,THU,FRI,SAT",1973,257
15102,Mumbai CST Chhapra Jansadharan Express,Exp,CSTM,CPR,"SUN,MON,TUE,WED,THU,FRI,SAT",1973,257
15103,Gorakhpur Manduadih Intercity Express,Exp,GKP,MUV,"SUN,MON,TUE,WED,THU,FRI,SAT",235,33
15104,Manduadih Gorakhpur InterCity,Exp,MUV,GKP,"SUN,MON,TUE,WED,THU,FRI,SAT",235,33
15105,Chhapra Gorakhpur InterCity Express,Exp,CPR,GKP,"MON,TUE,WED,THU,FRI,SAT",180,26
15106,Gorakhpur Chhapra InterCity Express,Exp,GKP,CPR,"MON,TUE,WED,THU,FRI,SAT",180,26
15107,Chhapra Mathura Express,Exp,CPR,MTJ,"MON,TUE,WED,THU,FRI,SAT",874,131
15108,Mathura Chhapra Express,Exp,MTJ,CPR,"MON,TUE,WED,THU,FRI,SAT",874,130
15109,Budhpurnima Express,Exp,RGD,BSB,"MON,WED,FRI",410,68
15110,Budhpurnima Express,Exp,BSB,RGD,"MON,WED,FRI",410,68
15159,Sarnath Express,Exp,CPR,DURG,"SUN,MON,TUE,WED,THU,FRI,SAT",1083,140
15160,Sarnath Express,Exp,DURG,CPR,"SUN,MON,TUE,WED,THU,FRI,SAT",1083,140
15201,Hajipur Raxaul InterCity,Exp,HJP,RXL,"SUN,MON,TUE,WED,THU,FRI,SAT",184,25
15203,Barauni-Lucknow Express,Exp,BJU,LJN,"SUN,MON,TUE,WED,THU,FRI,SAT",674,103
15209,SAHARSA - AMRITSAR Jan Seva Exp,Exp,SHC,ASR,"SUN,MON,TUE,WED,THU,FRI,SAT",1521,260
15210,AMRITSAR - SAHARSA Jan Seva Exp,Exp,ASR,SHC,"SUN,MON,TUE,WED,THU,FRI,SAT",1533,260
15211,DARBHANGA - AMRITSAR Jan Nayak Exp,Exp,DBG,ASR,"SUN,MON,TUE,WED,THU,FRI,SAT",1499,246
15215,Muzaffarpur-Narkatiaganj Express,Exp,MFP,NKE,"SUN,MON,TUE,WED,THU,FRI,SAT",160,21
15216,Narkatiaganj-Muzaffarpur Express,Exp,NKE,MFP,"SUN,MON,TUE,WED,THU,FRI,SAT",160,21
15228,MUZAFFARPUR - YESVANTPUR Weekly Exp,Exp,MFP,YPR,MON,2733,518
15267,RAXAUL - MUMBAI LTT Jan Sadharan Exp,Exp,RXL,LTT,SAT,1979,281
15273,Satyagraha Express,Exp,RXL,DLI,"SUN,MON,TUE,WED,THU,FRI,SAT",964,131
15274,Satyagraha Express,Exp,DLI,RXL,"SUN,MON,TUE,WED,THU,FRI,SAT",964,131
15283,Janaki Express,Exp,SHC,JYG,"SUN,MON,TUE,WED,THU,FRI,SAT",245,32
15284,Janaki Express,Exp,JYG,SHC,"SUN,MON,TUE,WED,THU,FRI,SAT",245,32
15320,AISHBAGH - PALIA KALAN EXP,Exp,ASSH,PLK,"SUN,MON,TUE,WED,THU,FRI,SAT",222,19
15322,Kapilavastu Express,Exp,GD,ANDN,"SUN,MON,TUE,WED,THU,FRI,SAT",179,22
15902,DIBRUGARH - BENGALURU CITY Weekly Exp,Exp,DBRG,SBC,"SUN,MON,TUE,WED,THU,FRI,SAT",3578,611
15204,Lucknow-Barauni Express,Exp,LJN,BJU,"SUN,MON,TUE,WED,THU,FRI,SAT",674,103
15269,MUZAFFARPUR - AHMEDABAD Jan Sadharan Exp,Exp,MFP,ADI,THU,1752,285
15272,Muzzafarpur-Howrah JanSadharan Express,Exp,MFP,HWH,TUE,549,94
15275,Saharsa-Barauni Express,Exp,SHC,BJU,"SUN,MON,TUE,WED,THU,FRI,SAT",107,16
15276,Barauni-Saharsa Express,Exp,BJU,SHC,"SUN,MON,TUE,WED,THU,FRI,SAT",107,16
15279,Poorbiya Express,Exp,SHC,ANDI,"SUN,THU",1210,183
15280,Poorabiya Express,Exp,ANDI,SHC,"MON,FRI",1202,181
15281,Kosi Express,Exp,SHC,PNBE,"SUN,MON,TUE,WED,THU,FRI,SAT",224,41
15282,Kosi Express,Exp,PNBE,SHC,"SUN,MON,TUE,WED,THU,FRI,SAT",224,41
15307,Nainital Express,Exp,LKU,ASH,"SUN,MON,TUE,WED,THU,FRI,SAT",363,39
15308,Nainital Express,Exp,ASH,LKU,"SUN,MON,TUE,WED,THU,FRI,SAT",363,39
15308-Slip,Nainital Express Slip,Exp,ASH,TPU,"SUN,MON,TUE,WED,THU,FRI,SAT",322,34
15309,Rohilkhand Express,Exp,KSJF,ASH,"SUN,MON,TUE,WED,THU,FRI,SAT",421,52
15310,Rohilkhand Express,Exp,ASH,KSJF,"SUN,MON,TUE,WED,THU,FRI,SAT",421,52
15311,KUMAON EXPRESS,Exp,KSJF,LKKA,"SUN,MON,TUE,WED,THU,FRI,SAT",188,29
15312,Kumaun Express,Exp,LKKA,KSJF,"SUN,MON,TUE,WED,THU,FRI,SAT",188,29
15313,Aishbagh Bareilly Express,Exp,ASH,BRY,"SUN,MON,TUE,WED,THU,FRI,SAT",317,35
15314,Aishbagh Express,Exp,BRY,ASH,"SUN,MON,TUE,WED,THU,FRI,SAT",317,35
15315,Gonda-Kasganj Gokul Express,Exp,GD,KSJ,"SUN,MON,TUE,WED,THU,FRI,SAT",499,48
15316,Kasganj-Gonda Gokul Express,Exp,KSJ,GD,"SUN,MON,TUE,WED,THU,FRI,SAT",498,48
15319,PALIA KALAN - AISHBAGH Exp,Exp,PLK,ASSH,"SUN,MON,TUE,WED,THU,FRI,SAT",222,19
15321,Kapilavastu Express,Exp,ANDN,GD,"SUN,MON,TUE,WED,THU,FRI,SAT",179,22
15603,Guwahati Ledo Intercity Express,Exp,GHY,LEDO,"SUN,MON,TUE,WED,THU,FRI,SAT",571,79
15604,Ledo Guwahati Intercity Express,Exp,LEDO,GHY,"SUN,MON,TUE,WED,THU,FRI,SAT",571,79
15606,Guwahati InterCity Express,Exp,MXN,GHY,"SUN,MON,TUE,WED,THU,FRI,SAT",405,55
15609,Awadh Assam Express,Exp,GHY,LGH,"SUN,MON,TUE,WED,THU,FRI,SAT",2559,349
15609-Slip,Jivachh Link Express,Exp,GHY,DBG,"SUN,MON,TUE,WED,THU,FRI,SAT",877,114
15610,Awadh Assam Express,Exp,LGH,GHY,"SUN,MON,TUE,WED,THU,FRI,SAT",2559,349
15611,Lokmanya Tilak (T)-Kamakhya Karmabhoomi Express,Exp,LTT,KYQ,"MON,TUE,WED,THU,FRI,SAT",2942,421
15612,Kamakhya-Mumbai LTT Karmabhoomi Express,Exp,KYQ,LTT,"SUN,MON,TUE,WED,THU,FRI",2942,421
15620,KAMAKHYA - GAYA Weekly Exp,Exp,KYQ,GAYA,MON,1091,190
15629,CHENNAI EGMORE - GUWAHATI Exp,Exp,MS,GHY,MON,2795,459
15630,GUWAHATI - CHENNAI EGMORE Exp,Exp,GHY,MS,FRI,2796,459
15631,BARMER - GUWAHATI Exp,Exp,BME,GHY,MON,2473,386
15632,GUWAHATI - BARMER Exp,Exp,GHY,BME,THU,2473,386
15635,OKHA - GUWAHATI EXP,Exp,OKHA,GHY,FRI,3237,513
15636,GUWAHATI - OKHA DWARKA EXP,Exp,GHY,OKHA,MON,3237,514
15639,PURI - GUWAHATI Exp,Exp,PURI,GHY,TUE,1528,258
15643,PURI - KAMAKHYA Weekly Express,Exp,PURI,KYQ,SAT,1572,308
15644,KAMAKHYA - PURI Weekly Spl,Exp,KYQ,PURI,THU,1572,296
15669,Nagaland Express,Exp,KYQ,DMV,"SUN,MON,TUE,WED,THU,FRI,SAT",256,35
15670,Nagaland Express,Exp,DMV,KYQ,"SUN,MON,TUE,WED,THU,FRI,SAT",256,35
15691,Cachar Express,Exp,LMG,SCL,"SUN,MON,TUE,WED,THU,FRI,SAT",215,29
15714,InterCity Express,Exp,PNBE,KIR,"SUN,MON,TUE,WED,THU,FRI,SAT",290,42
15743,InterCity Express,Exp,APDJ,KYQ,"SUN,TUE,WED,FRI",297,38
15771,AlipurDuar-Kamakhya Intercity Express,Exp,APDJ,KYQ,"SUN,MON,TUE,WED,THU,FRI,SAT",297,38
15772,Kamakhya-AlipurDuar Intercity Express,Exp,KYQ,APDJ,"SUN,MON,TUE,WED,THU,FRI,SAT",297,38
22602,SAINAGAR SHIRDI - CHENNAI CENT SF Exp,SF,SNSI,MAS,FRI,1392,196
51631,Bhopal Bina Passenger,Pass,BPL,BINA,"SUN,MON,TUE,WED,THU,FRI,SAT",139,18
13508,Gorakhpur-Asansol Express,Exp,GKP,ASN,SAT,644,93
15645,MUMBAI LTT - GUWAHATI Exp,Exp,LTT,GHY,"SUN,MON,TUE,WED,THU,FRI,SAT",2594,396
15646,GUWAHATI - MUMBAI LTT Exp,Exp,GHY,LTT,"SUN,MON,TUE,WED,THU,FRI,SAT",2594,396
15647,MUMBAI LTT - GUWAHATI Exp,Exp,LTT,GHY,FRI,2735,442
15648,GUWAHATI - MUMBAI LTT Exp,Exp,GHY,LTT,TUE,2735,453
15652,JAMMU TAWI - GUWAHATI Lohit Exp,Exp,JAT,GHY,WED,2352,386
15654,JAMMU TAWI - GUWAHATI Amarnath Exp,Exp,JAT,GHY,FRI,2431,394
15658,GUWAHATI - KOLKATA SEALDAH KanchanJungha Exp,Exp,GHY,SDAH,"SUN,MON,TUE,WED,THU,FRI,SAT",975,181
15661,RANCHI - KAMAKHYA Exp,Exp,RNC,KYQ,WED,1216,202
15662,KAMAKHYA - RANCHI Exp,Exp,KYQ,RNC,TUE,1216,202
15665,Guwahati-Dimapur Express,Exp,GHY,DMV,"SUN,MON,TUE,WED,THU,FRI,SAT",250,34
15666,Dimapur-Guwahati Express,Exp,DMV,GHY,"SUN,MON,TUE,WED,THU,FRI,SAT",250,34
15667,GANDHIDHAM - KAMAKHYA Exp,Exp,GIMB,KYQ,SAT,3157,496
15668,KAMAKHYA - GANDHIDHAM Exp,Exp,KYQ,GIMB,WED,3159,497
15692,Cachar Express,Exp,SCL,LMG,"SUN,MON,TUE,WED,THU,FRI,SAT",215,29
15693,Barak Valley Express,Exp,LMG,SCL,"SUN,MON,TUE,WED,THU,FRI,SAT",215,33
15694,Barak Valley Express,Exp,SCL,LMG,"SUN,MON,TUE,WED,THU,FRI,SAT",215,33
15695,Lumding Agartala Express,Exp,LMG,AGTL,"SUN,MON,TUE,WED,THU,FRI,SAT",412,51
15696,Agartala Lumding Express,Exp,AGTL,LMG,"SUN,MON,TUE,WED,THU,FRI,SAT",412,51
15713,InterCity Express,Exp,KIR,PNBE,"SUN,MON,TUE,WED,THU,FRI,SAT",290,44
15715,Garib Nawaz Express,Exp,KNE,AII,"SUN,TUE,FRI",1835,280
15716,Garib Nawaz Express Slip,Exp,AII,KNE,"MON,TUE,THU",1816,280
15716-Slip,Garib Nawaz Express,Exp,AII,RDP,"SUN,MON,TUE,WED,THU,FRI,SAT",1812,283
15717,Guwahati Mariani Intercity Express,Exp,GHY,MXN,"SUN,MON,TUE,WED,THU,FRI,SAT",404,50
15719,Katihar sguj InterCity Express,Exp,KIR,SGUJ,"SUN,MON,TUE,WED,THU,FRI,SAT",190,27
15720,Siliguri Katihar InterCity Express,Exp,SGUJ,KIR,"SUN,MON,TUE,WED,THU,FRI,SAT",190,27
15721,Paharia Express,Exp,DGHA,NJP,SAT,752,158
15722,Paharia Express,Exp,NJP,DGHA,FRI,752,158
15723,NewJalpaiguri-Darbhanga Weekly Express,Exp,NJP,DBG,"MON,TUE,THU,FRI,SAT",469,64
15724,Darbhanga-NewJalpaiguri Weekly Express,Exp,DBG,NJP,"MON,TUE,THU,FRI,SAT",469,64
15764,NewJalpaiguri-Balurghat Intercity Express,Exp,NJP,BLGT,"SUN,MON,TUE,WED,THU,FRI,SAT",303,45
15765,New Jalpaiguri Alipur Duar Intercity Express,Exp,NJP,APDJ,"SUN,MON,TUE,WED,THU,FRI,SAT",169,23
15766,Alipur Duar-New Jalpaiguri Intercity Express,Exp,APDJ,NJP,"SUN,MON,TUE,WED,THU,FRI,SAT",169,23
15767,New Jalpaiguri-Alipur Duar Intercity Express,Exp,NJP,APDJ,"SUN,MON,TUE,WED,THU,FRI,SAT",169,23
15768,Alipurduar Jn-New Jalpaiguri InterCity Express,Exp,APDJ,NJP,"SUN,MON,TUE,WED,THU,FRI,SAT",169,23
15769,Alipurduar Lumding Express,Exp,APDJ,LMG,"SUN,MON,TUE,WED,THU,FRI,SAT",447,55
15770,Lumding Alipurduar Express,Exp,LMG,APDJ,"SUN,MON,TUE,WED,THU,FRI,SAT",447,55
15903,Dibrugarh-Chandigarh Weekly Express,Exp,DBRG,CDG,"MON,FRI",2661,414
15904,Chandigarh-Dibrugarh Weekly Express,Exp,CDG,DBRT,"SUN,WED",2664,414
16053,Tirupati Express,Exp,MAS,TPTY,"SUN,MON,TUE,WED,THU,FRI,SAT",151,40
16054,Chennai Express,Exp,TPTY,MAS,"SUN,MON,TUE,WED,THU,FRI,SAT",151,40
16057,Saptagiri Express,Exp,MAS,TPTY,"SUN,MON,TUE,WED,THU,FRI,SAT",151,40
16058,Saptagiri Express,Exp,TPTY,MAS,"SUN,MON,TUE,WED,THU,FRI,SAT",151,40
16093,Chennai Lucknow Express,Exp,MAS,LKO,"TUE,SAT",2088,261
16094,Lucknow Chennai Express,Exp,LJN,MAS,"MON,THU",2088,260
16203,Garudadri Express,Exp,MAS,TPTY,"SUN,MON,TUE,WED,THU,FRI,SAT",151,40
16204,Garudadri Express,Exp,TPTY,MAS,"SUN,MON,TUE,WED,THU,FRI,SAT",151,40
55201,Narkatiaganj Gorakhpur Passenger,Pass,NKE,GKP,"SUN,MON,TUE,WED,THU,FRI,SAT",150,21
15640,GUWAHATI - PURI Exp,Exp,GHY,PURI,SUN,1528,258
15905,KANNIYAKUMARI - DIBRUGARH Vivek Exp,Exp,CAPE,DBRG,"SUN,MON,TUE,WED,THU,FRI,SAT",4279,689
15906,DIBRUGARH - KANNIYAKUMARI Vivek Exp,Exp,DBRG,CAPE,"SUN,MON,TUE,WED,THU,FRI,SAT",4278,689
15927,Kamakhya Dibrugarh Express,Exp,KYQ,DBRG,"MON,TUE,FRI,SAT",512,66
15928,Dibrugarh Kamakhya Express,Exp,DBRG,KYQ,"SUN,TUE,WED,SAT",512,66
15929,CHENNAI EGMORE - DIBRUGARH Weekly Exp,Exp,MS,DBRG,THU,3352,547
15930,DIBRUGARH - CHENNAI EGMORE Weekly Exp,Exp,DBRG,MS,MON,3352,537
15933,Dibrugarh-Amritsar Weekly Express,Exp,DBRG,ASR,TUE,2870,452
15934,Amritsar-DibrugarhTown Weekly Express,Exp,ASR,DBRT,FRI,2877,452
15942,DIBRUGARH - JHAJHA Exp,Exp,DBRG,JAJ,THU,1710,217
15960,DIBRUGARH - HOWRAH Kamrup Exp,Exp,DBRG,HWH,"MON,TUE,WED,FRI,SAT",1528,277
16031,Andaman Express,Exp,MAS,JAT,"SUN,WED,THU",2800,367
16032,Andaman Express,Exp,JAT,MAS,"TUE,FRI,SAT",2800,367
16041,Chennai- Alapuzha Alleppey Express,Exp,MAS,ALLP,"SUN,MON,TUE,WED,THU,FRI,SAT",746,132
16085,Arakkonam-Jolarpettai Express,Exp,AJJ,JTJ,"SUN,MON,TUE,WED,THU,FRI,SAT",145,24
16086,Arakkonam Express,Exp,JTJ,AJJ,"SUN,MON,TUE,WED,THU,FRI,SAT",145,24
16089,Yelagiri Express,Exp,MAS,TPT,"SUN,MON,TUE,WED,THU,FRI,SAT",220,53
16090,Yelagiri Express,Exp,TPT,MAS,"SUN,MON,TUE,WED,THU,FRI,SAT",220,53
16108,Mangalore Chennai Egmore Express,Exp,MAQ,MS,"SUN,MON,TUE,WED,THU,FRI,SAT",983,181
16115,Chennai Egmore Puducherry Express,Exp,MS,PDY,"SUN,MON,TUE,WED,THU,FRI,SAT",196,44
16116,Puducherry Chennai Express,Exp,PDY,MS,"SUN,MON,TUE,WED,THU,FRI,SAT",196,44
16125,CHENNAI EGMORE - JODHPUR Exp,Exp,MS,JU,"SUN,MON,TUE,WED,THU,FRI,SAT",2356,363
16127,CHENNAI EGMORE - GURUVAYUR Exp,Exp,MS,GUV,"SUN,MON,TUE,WED,THU,FRI,SAT",1100,195
16128,GURUVAYUR - CHENNAI EGMORE Exp,Exp,GUV,MS,"SUN,MON,TUE,WED,THU,FRI,SAT",1100,195
16175,Kamban Express,Exp,MS,NCR,"SUN,MON,TUE,WED,THU,FRI,SAT",436,98
16176,Kamban Express,Exp,NCR,MS,"SUN,MON,TUE,WED,THU,FRI,SAT",436,98
16177,Rock Fort Express,Exp,MS,KMU,"SUN,MON,TUE,WED,THU,FRI,SAT",425,88
16178,Rock Fort (Malai Kottai) Express,Exp,KMU,MS,"SUN,MON,TUE,WED,THU,FRI,SAT",425,88
16179,Mannai Express,Exp,MS,MQ,"SUN,MON,TUE,WED,THU,FRI,SAT",395,86
16180,Mannai Express,Exp,MQ,MS,"SUN,MON,TUE,WED,THU,FRI,SAT",395,86
16201,Bangalore City-Shimoga InterCity,Exp,SBC,SMET,"SUN,MON,TUE,WED,THU,FRI,SAT",274,41
16202,Shimoga-Bangalore City InterCity,Exp,SMET,SBC,"SUN,MON,TUE,WED,THU,FRI,SAT",274,41
16205,Talaguppa Mysore Intercity Express,Exp,TLGP,MYS,"SUN,MON,TUE,WED,THU,FRI,SAT",373,26
16206,Mysore - Talguppa Intercity Express,Exp,MYS,TLGP,"SUN,MON,TUE,WED,THU,FRI,SAT",373,26
16209,Ajmer-Mysore Express,Exp,AII,MYS,"SUN,FRI",2290,341
16210,Mysore-Ajmer Express,Exp,MYS,AII,"TUE,THU",2290,341
16215,Chamundi Express,Exp,MYS,SBC,"SUN,MON,TUE,WED,THU,FRI,SAT",139,23
16216,Chamundi Express,Exp,SBC,MYS,"SUN,MON,TUE,WED,THU,FRI,SAT",139,23
16227,Bangalore-Shimoga Express,Exp,SBC,SMET,"SUN,MON,TUE,WED,THU,FRI,SAT",274,41
16228,Shimoga-Bangalore Express,Exp,SMET,SBC,"SUN,MON,TUE,WED,THU,FRI,SAT",274,41
16231,Mayiladuturai Mysore Express,Exp,MV,MYS,"SUN,MON,TUE,WED,THU,FRI,SAT",680,102
16232,Mysore Mayiladuturai Express,Exp,MYS,MV,"SUN,MON,TUE,WED,THU,FRI,SAT",680,102
16302,Venad Express,Exp,TVC,SRR,"SUN,MON,TUE,WED,THU,FRI,SAT",327,63
16305,Ernakulam Kannur InterCity Express,Exp,ERS,CAN,"SUN,MON,TUE,WED,THU,FRI,SAT",283,56
16309,Ernakulam-Patna Express,Exp,ERS,PNBE,"SUN,MON,TUE,WED,THU,FRI,SAT",2790,455
16310,Patna - Ernakulam Express,Exp,PNBE,ERS,"SUN,MON,TUE,WED,THU,FRI,SAT",2790,455
16322,Tiruvananthapuram Bangalore Weekly Express,Exp,TVC,SBC,"SUN,MON,TUE,WED,THU,FRI,SAT",843,133
16323,Trivandrum Shalimar Biweekly Express,Exp,TVC,SHM,"SUN,MON,TUE,WED,THU,FRI,SAT",2566,446
16326,Ahilyanagari Express,Exp,TVC,INDB,"SUN,MON,TUE,WED,THU,FRI,SAT",2653,388
11271,ITARSI - BHOPAL Vindhyachal Exp,Exp,ET,BPL,"SUN,MON,TUE,WED,THU,FRI,SAT",738,90
12809,MUMBAI CST - HOWRAH SF Mail (via NAGPUR),SF,CSTM,HWH,"SUN,MON,TUE,WED,THU,FRI,SAT",1968,305
14003,New Farakka-New Delhi Express,Exp,NFK,NDLS,"TUE,SAT",1387,209
16221,Kaveri Express,Exp,MYS,MAS,"SUN,MON,TUE,WED,THU,FRI,SAT",500,91
16233,Mayiladuturai Tiruchirappalli Express,Exp,MV,TPJ,"SUN,MON,TUE,WED,THU,FRI,SAT",120,26
16234,Tiruchchirapalli Mayiladuturai Express,Exp,TPJ,MV,"SUN,MON,TUE,WED,THU,FRI,SAT",120,26
16301,Venad Express,Exp,SRR,TVC,"SUN,MON,TUE,WED,THU,FRI,SAT",327,63
16303,Vanchinad Express,Exp,ERS,TVC,"SUN,MON,TUE,WED,THU,FRI,SAT",220,42
16304,Vanchinad Express,Exp,TVC,ERS,"SUN,MON,TUE,WED,THU,FRI,SAT",220,42
16306,Kannur Ernakulam InterCity Express,Exp,CAN,ERS,"SUN,MON,TUE,WED,THU,FRI,SAT",283,56
16308,Executive Express,Exp,CAN,ALLP,"SUN,MON,TUE,WED,THU,FRI,SAT",339,68
16313,Executive Express,Exp,ERS,CAN,"SUN,MON,TUE,WED,THU,FRI,SAT",283,56
16314,Executive Express,Exp,CAN,ERS,"SUN,MON,TUE,WED,THU,FRI,SAT",283,56
16315,BANGALORE - KOCHUVELI Exp,Exp,SBC,KCVL,"SUN,MON,TUE,WED,THU,FRI,SAT",837,139
16316,KOCHUVELI - BANGALORE Exp,Exp,KCVL,SBC,"SUN,MON,TUE,WED,THU,FRI,SAT",837,139
16317,Himsagar Express,Exp,CAPE,JAT,FRI,3715,504
16318,Himsagar Express,Exp,JAT,CAPE,MON,3715,504
16318-Slip,Himsagar Express Slip,Exp,JAT,TEN,"SUN,MON,TUE,WED,THU,FRI,SAT",3561,458
16324,Shalimar Tiruvananthapuram Express,Exp,SHM,TVC,"SUN,MON,TUE,WED,THU,FRI,SAT",2566,445
16325,Ahilyanagari Express,Exp,INDB,TVC,"SUN,MON,TUE,WED,THU,FRI,SAT",2653,388
16327,Korba Tiruvananthapuram Express,Exp,KRBA,TVC,"SUN,MON,TUE,WED,THU,FRI,SAT",2519,381
16328,Trivandrum-Korba Express,Exp,TVC,KRBA,"SUN,MON,TUE,WED,THU,FRI,SAT",2516,381
16331,MUMBAI CST - TRIVANDRUM Exp,Exp,CSTM,TVC,SUN,1946,310
16332,TRIVANDRUM - MUMBAI CST Exp,Exp,TVC,CSTM,SAT,1946,310
16333,VERAVAL - TRIVANDRUM Exp,Exp,VRL,TVC,THU,2709,352
16334,TRIVANDRUM - VERAVAL Exp,Exp,TVC,VRL,MON,2709,354
16335,GANDHIDHAM - NAGERCOIL Weekly Exp,Exp,GIMB,NCJ,FRI,2649,337
16336,NAGERCOIL - GANDHIDHAM Weekly Exp,Exp,NCJ,GIMB,TUE,2649,337
16337,OKHA - ERNAKULAM Exp,Exp,OKHA,ERS,"MON,SAT",2557,323
16338,ERNAKULAM - OKHA Exp,Exp,ERS,OKHA,"WED,FRI",2557,314
16339,MUMBAI CST - NAGERCOIL Exp,Exp,CSTM,NCJ,"TUE,WED,THU,SAT",1882,266
16340,NAGERCOIL - MUMBAI CST Exp,Exp,NCJ,CSTM,"MON,TUE,WED,FRI",1882,266
16341,Guruvayur-Ernakulam-Trivandrum Intercity Express,Exp,GUV,TVC,"SUN,MON,TUE,WED,THU,FRI,SAT",303,62
16342,Trivandrum-Ernakulam-Guruvayur Intercity Express,Exp,TVC,GUV,"SUN,MON,TUE,WED,THU,FRI,SAT",303,62
16343,Amrita Express,Exp,TVC,PGTN,"SUN,MON,TUE,WED,THU,FRI,SAT",376,71
16344,Amrita Express,Exp,PGTN,TVC,"SUN,MON,TUE,WED,THU,FRI,SAT",376,71
16347,Trivandrum Mangalore Express,Exp,TVC,MAQ,"SUN,MON,TUE,WED,THU,FRI,SAT",634,121
16348,Trivandrum Express,Exp,MAQ,TVC,"SUN,MON,TUE,WED,THU,FRI,SAT",634,121
16349,Trivandrum Nilambur Road Rajya Rani Express,Exp,TVC,NIL,"SUN,MON,TUE,WED,THU,FRI,SAT",393,74
16350,Nilambur Road Trivandrum Rajya Rani Express,Exp,NIL,TVC,"SUN,MON,TUE,WED,THU,FRI,SAT",393,74
16381,Mumbai CST - Kanyakumari Express,Exp,CSTM,CAPE,"SUN,MON,TUE,WED,THU,FRI,SAT",2135,320
16382,Kanniyakumari-Mumbai CST Express,Exp,CAPE,CSTM,"SUN,MON,TUE,WED,THU,FRI,SAT",2135,320
16517,Yeshvantapur-Kannur Express,Exp,YPR,CAN,"SUN,MON,TUE,WED,THU,FRI,SAT",640,69
16527,Yesvantpur - Kannur Express,Exp,YPR,CAN,"SUN,MON,TUE,WED,THU,FRI,SAT",649,78
16529,Udyan Express,Exp,CSTM,SBC,"SUN,MON,TUE,WED,THU,FRI,SAT",1153,163
16530,Udyan Express,Exp,SBC,CSTM,"SUN,MON,TUE,WED,THU,FRI,SAT",1153,164
16532,Garib Nawaz Express,Exp,YPR,AII,FRI,2218,316
16560,Yeshvantapur-Mysore Express,Exp,YPR,MYS,"SUN,MON,TUE,WED,THU,FRI,SAT",143,25
58402,Paradip Cuttack Passenger,Pass,PRDP,CTC,"SUN,MON,TUE,WED,THU,FRI,SAT",83,12
14511,Allahabad-Saharanpur Nauchandi Express,Exp,ALD,SRE,"SUN,MON,TUE,WED,THU,FRI,SAT",774,111
16345,MUMBAI LTT - TRIVANDRUM Netravati Exp,Exp,LTT,TVC,"SUN,MON,TUE,WED,THU,FRI,SAT",1804,216
16346,TRIVANDRUM - MUMBAI LTT Netravati Exp,Exp,TVC,LTT,"SUN,MON,TUE,WED,THU,FRI,SAT",1804,218
16351,MUMBAI CST - NAGERCOIL Balaji Exp,Exp,CSTM,NCJ,"MON,FRI",1967,299
16360,PATNA - ERNAKULAM Express,Exp,PNBE,ERS,"SUN,MON,TUE,WED,THU,FRI,SAT",2988,443
16501,Ahmedabad Bangalore Express,Exp,ADI,SBC,"SUN,MON,TUE,WED,THU,FRI,SAT",1802,225
16502,Bangalore - Ahmedabad (Weekly) Express,Exp,SBC,ADI,"SUN,MON,TUE,WED,THU,FRI,SAT",1802,225
16505,GANDHIDHAM - BANGALORE Exp,Exp,GIMB,SBC,TUE,1962,305
16506,BANGALORE - GANDHIDHAM Exp,Exp,SBC,GIMB,SAT,1962,305
16508,BANGALORE - BHAGAT KI KOTHI Exp,Exp,SBC,JU,"MON,WED",2121,333
16516,Karwar-Yeshvantpur Express,Exp,KAWR,YPR,"TUE,THU,SAT",794,64
16518,Kannur-Yesvantpur Express,Exp,CAN,YPR,"SUN,MON,TUE,WED,THU,FRI,SAT",640,69
16520,BANGALORE - JOLARPETTAI Exp,Exp,SBC,JTJ,"SUN,MON,TUE,WED,THU,FRI,SAT",145,22
16521,Bangarpet-Bangalore Express,Exp,BWT,SBC,"SUN,MON,TUE,WED,THU,FRI,SAT",70,11
16522,Bangalore Bangarpet Express,Exp,SBC,BWT,"SUN,MON,TUE,WED,THU,FRI,SAT",70,11
16525,KANNIYAKUMARI - BANGALORE Island Exp,Exp,CAPE,SBC,"SUN,MON,TUE,WED,THU,FRI,SAT",944,153
16528,Kannur - Yeshvantpur Express,Exp,CAN,YPR,"SUN,MON,TUE,WED,THU,FRI,SAT",649,89
16531,Garib Nawaz Express,Exp,AII,YPR,MON,2236,316
16533,BHAGAT KI KOTHI - BANGALORE CITY Exp,Exp,BGKT,SBC,WED,2199,346
16534,BANGALORE CITY - JODHPUR Exp,Exp,SBC,JU,SUN,2181,346
16535,Gol Gumbaz Express,Exp,YPR,SUR,"SUN,MON,TUE,WED,THU,FRI,SAT",822,107
16536,Gol Gumbaz Express,Exp,SUR,YPR,"SUN,MON,TUE,WED,THU,FRI,SAT",822,107
16537,Bangalore-Nagercoil Weekly Express,Exp,SBC,NCJ,"SUN,MON,TUE,WED,THU,FRI,SAT",723,74
16538,Nagercoil-Bangalore Express,Exp,NCJ,SBC,"SUN,MON,TUE,WED,THU,FRI,SAT",723,74
16557,Rajya Rani Express,Exp,MYS,SBC,"SUN,MON,TUE,WED,THU,FRI,SAT",137,23
16559,Mysore-Yeshvantapur Express,Exp,MYS,YPR,"SUN,MON,TUE,WED,THU,FRI,SAT",143,25
16589,Rani Chennamma Express,Exp,SBC,KOP,"SUN,MON,TUE,WED,THU,FRI,SAT",795,102
16590,Rani Chennamma Express,Exp,KOP,SBC,"SUN,MON,TUE,WED,THU,FRI,SAT",795,102
16591,Hampi Express,Exp,UBL,SBC,"SUN,MON,TUE,WED,THU,FRI,SAT",567,64
16592,Hampi Express,Exp,SBC,UBL,"SUN,MON,TUE,WED,THU,FRI,SAT",567,64
16593,Nanded-Bangalore Express,Exp,NED,SBC,"SUN,MON,TUE,WED,THU,FRI,SAT",1042,106
16594,Bangalore-Nanded Express,Exp,SBC,NED,"SUN,MON,TUE,WED,THU,FRI,SAT",1030,106
16605,Eranad Express,Exp,MAQ,NCJ,"SUN,MON,TUE,WED,THU,FRI,SAT",690,136
16606,Eranad Express,Exp,NCJ,MAQ,"SUN,MON,TUE,WED,THU,FRI,SAT",690,136
16609,Nagercoil-Coimbatore Express,Exp,NCJ,CBE,"SUN,MON,TUE,WED,THU,FRI,SAT",536,60
16610,Coimbatore-Nagercoil Express,Exp,CBE,NCJ,"SUN,MON,TUE,WED,THU,FRI,SAT",536,60
16612,Coimbatore Tuticorin Link Express,Exp,CBE,TN,"SUN,MON,TUE,WED,THU,FRI,SAT",465,53
16687,Navyug Express,Exp,MAQ,JAT,MON,3609,486
16688,Navyug Express,Exp,JAT,MAQ,"SUN,MON,TUE,WED,THU,FRI,SAT",3609,486
16688-Slip,Navyug Express Slip,Exp,JAT,TEN,"SUN,MON,TUE,WED,THU,FRI,SAT",3601,458
16702,Rameswaram-Chennai Egmore Express,Exp,RMM,MS,"SUN,MON,TUE,WED,THU,FRI,SAT",665,119
16713,Setu Express,Exp,MS,RMM,"SUN,MON,TUE,WED,THU,FRI,SAT",600,101
16714,Setu Express,Exp,RMM,MS,"SUN,MON,TUE,WED,THU,FRI,SAT",600,101
16731,Tuticorin Mysore Express,Exp,TN,MYS,"SUN,MON,TUE,WED,THU,FRI,SAT",783,89
16735,Chendhur Express,Exp,MS,TCN,"SUN,MON,TUE,WED,THU,FRI,SAT",779,132
16853,Cholan Express (Day Express),Exp,MS,TPJ,"SUN,MON,TUE,WED,THU,FRI,SAT",401,88
17001,Sainagar Shirdi Secunderabad Express,Exp,SNSI,SC,"MON,SAT",776,84
17015,Visakha Express,Exp,BBS,SC,"SUN,MON,TUE,WED,THU,FRI,SAT",1135,165
63151,Jasidih Baidyanathdham Passenger,MEMU,JSME,BDME,"SUN,MON,TUE,WED,THU,FRI,SAT",6,3
15653,GUWAHATI - JAMMU TAWI Amarnath Exp,Exp,GHY,JAT,WED,2431,394
16603,Maveli Express,Exp,MAQ,TVC,"SUN,MON,TUE,WED,THU,FRI,SAT",619,123
16604,Maveli Express,Exp,TVC,MAQ,"SUN,MON,TUE,WED,THU,FRI,SAT",619,123
16611,Tuticorin Coimbatore Link Express,Exp,TN,CBE,"SUN,MON,TUE,WED,THU,FRI,SAT",465,53
16613,RAJKOT - COIMBATORE Exp,Exp,RJT,CBE,SUN,2237,340
16614,COIMBATORE - RAJKOT Exp,Exp,CBE,RJT,FRI,2237,341
16628,West Coast Express,Exp,MAQ,MAS,"SUN,MON,TUE,WED,THU,FRI,SAT",902,162
16629,Malabar Express,Exp,TVC,MAQ,"SUN,MON,TUE,WED,THU,FRI,SAT",634,121
16630,Malabar Express,Exp,MAQ,TVC,"SUN,MON,TUE,WED,THU,FRI,SAT",634,121
16649,Parasuram Express,Exp,MAQ,TVC,"SUN,MON,TUE,WED,THU,FRI,SAT",634,121
16650,Parasuram Express,Exp,TVC,MAQ,"SUN,MON,TUE,WED,THU,FRI,SAT",634,121
16669,Yercaud Express,Exp,MAS,ED,"SUN,MON,TUE,WED,THU,FRI,SAT",396,76
16670,Yercaud Express,Exp,ED,MAS,"SUN,MON,TUE,WED,THU,FRI,SAT",396,76
16724,TRIVANDRUM - CHENNAI EGMORE Anantapuri Exp,Exp,TVC,MS,"SUN,MON,TUE,WED,THU,FRI,SAT",798,133
16732,Mysore-Tuticorin Express,Exp,MYS,TN,"SUN,MON,TUE,WED,THU,FRI,SAT",783,89
16733,Rameswaram-Okha Express,Exp,RMM,OKHA,FRI,3196,413
16734,Okha-Rameswaram Express,Exp,OKHA,RMM,TUE,3196,413
16736,Chendhur Express,Exp,TCN,MS,"SUN,MON,TUE,WED,THU,FRI,SAT",779,132
16779,TIRUPATI - RAMESWARAM Exp,Exp,TPTY,RMM,"MON,FRI,SAT",667,124
16780,RAMESWARAM - TIRUPATI Exp,Exp,RMM,TPTY,"SUN,THU,FRI",667,124
16787,TIRUNELVELI - KATRA Exp,Exp,TEN,SVDK,MON,3561,528
16788,JAMMU ERODE - TIRUNELVELI Link Exp,Exp,ED,TEN,THU,458,65
16854,Cholan Express( Day Express),Exp,TPJ,MS,"SUN,MON,TUE,WED,THU,FRI,SAT",401,88
16861,Tiruturaipudi Karaikkudi Express,Exp,TTP,KKDI,SUN,123,12
16862,Karaikkudi Tiruturaipudi Express,Exp,KKDI,TTP,MON,123,12
16865,Tea Garden Express,Exp,NCR,ERS,"SUN,MON,TUE,WED,THU,FRI,SAT",582,102
16866,Tea Garden Express,Exp,ERS,NCR,"SUN,MON,TUE,WED,THU,FRI,SAT",582,102
17003,Hyderabad-Kolhapur BiWeekly Express,Exp,HYB,KOP,"SUN,MON,TUE,WED,THU,FRI,SAT",998,127
17004,Kolhapur-Hyderabad BiWeekly Express,Exp,KOP,HYB,"SUN,MON,TUE,WED,THU,FRI,SAT",998,127
17005,HYDERABAD DECCAN - RAXAUL Exp,Exp,HYB,RXL,THU,2015,355
17006,RAXAUL - HYDERABAD Deccan Exp,Exp,RXL,HYB,SUN,2015,355
17013,Pune-Hyderabad Express,Exp,PUNE,HYB,"SUN,TUE,FRI",649,81
17014,Hyderabad-Pune Express,Exp,HYB,PUNE,"MON,THU,SAT",649,81
17032,Hyderabad-Mumbai Express,Exp,HYB,CSTM,"SUN,MON,TUE,WED,THU,FRI,SAT",790,136
17037,SECUNDERABAD - BIKANER Express,Exp,SC,BKN,"SUN,MON,TUE,WED,THU,FRI,SAT",2113,302
17057-Slip,Mumbai -Daund Devagiri Express Slip,Exp,CSTM,DD,"SUN,MON,TUE,WED,THU,FRI,SAT",497,73
17203,Bhavnagar(T)-Kakinada Town Express,Exp,BVC,CCT,"SUN,MON,TUE,WED,THU,FRI,SAT",2053,305
17204,Kakinada Town- Bhavnagar Express,Exp,CCT,BVC,"SUN,MON,TUE,WED,THU,FRI,SAT",2053,305
17205,Sainagar Shirdi-Kakinada Express,Exp,SNSI,CCT,"SUN,TUE,THU",1339,166
17206,Kakinada-Sainagar Shirdi Express,Exp,CCT,SNSI,"MON,WED,SAT",1339,166
17209,BANGALORE - KAKINADA TOWN Seshadri Exp,Exp,SBC,CCT,"SUN,MON,TUE,WED,THU,FRI,SAT",963,162
17210,KAKINADA TOWN -BANGALORE Seshadri Exp,Exp,CCT,SBC,"SUN,MON,TUE,WED,THU,FRI,SAT",963,162
17212,Machilipatnam Express,Exp,YPR,MTM,"TUE,THU,SAT",778,86
17213,Narasapur-Nagarsol Express,Exp,NS,NSL,"SUN,MON,TUE,WED,THU,FRI,SAT",1086,150
17229,Sabari Express,Exp,TVC,HYB,"SUN,MON,TUE,WED,THU,FRI,SAT",1568,232
17230,Sabari Express,Exp,HYB,TVC,"SUN,MON,TUE,WED,THU,FRI,SAT",1568,232
17304,Malgudi Express,Exp,YPR,MYS,"SUN,MON,TUE,WED,THU,FRI,SAT",143,25
17307,Basava Express,Exp,YPR,BGK,"SUN,MON,TUE,WED,THU,FRI,SAT",860,100
17309,YESVANTPUR - VASCO DA GAMA Exp,Exp,YPR,VSG,"SUN,MON,TUE,WED,THU,FRI,SAT",700,96
12073,Howrah-Bhubaneswar Jan Shatabdi Express,JShtb,HWH,BBS,"SUN,MON,TUE,WED,THU,FRI,SAT",439,89
14209,Vindhyachal-Lucknow InterCity,Exp,BDL,LKO,"SUN,MON,TUE,WED,THU,FRI,SAT",284,38
15227,YESVANTPUR - MUZAFFARPUR Weekly Exp,Exp,YPR,MFP,THU,2733,517
16042,Alappuzha-Chennai Express,Exp,ALLP,MAS,"SUN,MON,TUE,WED,THU,FRI,SAT",746,132
16307,Executive Express,Exp,ALLP,CAN,"SUN,MON,TUE,WED,THU,FRI,SAT",339,68
17017,Rajkot Secunderabad Express,Exp,RJT,SC,"SUN,MON,TUE,WED,THU,FRI,SAT",1478,230
17035,Telangana Express,Exp,SC,SKZR,"SUN,MON,TUE,WED,THU,FRI,SAT",297,35
17036,Telangana Express,Exp,SKZR,SC,"SUN,MON,TUE,WED,THU,FRI,SAT",297,35
17049,Machilipatnam Secunderabad Express,Exp,MTM,SC,"SUN,MON,TUE,WED,THU,FRI,SAT",431,58
17050,Secunderabad Machilipatnam Express,Exp,SC,MTM,"SUN,MON,TUE,WED,THU,FRI,SAT",431,58
17057,Mumbai-Secunderabad Devagiri Expres,Exp,CSTM,SC,"SUN,MON,TUE,WED,THU,FRI,SAT",881,131
17058,Devagiri Express,Exp,SC,CSTM,"SUN,MON,TUE,WED,THU,FRI,SAT",881,131
17063,Ajanta Express,Exp,MMR,SC,"SUN,MON,TUE,WED,THU,FRI,SAT",621,82
17064,Ajanta Express,Exp,SC,MMR,"SUN,MON,TUE,WED,THU,FRI,SAT",621,82
17201,Golconda Express,Exp,GNT,SC,"SUN,MON,TUE,WED,THU,FRI,SAT",383,49
17202,Golconda Express,Exp,SC,GNT,"SUN,MON,TUE,WED,THU,FRI,SAT",383,49
17207,Sainagar Shiridi Vijayawada Express,Exp,SNSI,BZA,WED,1127,126
17208,Vijayawada Sainagar Shirdi Express,Exp,BZA,SNSI,TUE,1127,126
17211,Machilipatnam Yeshvantapur Express,Exp,MTM,YPR,"MON,WED,FRI",778,86
17214,Nagarsol Narsapur Express,Exp,NSL,NS,"SUN,MON,TUE,WED,THU,FRI,SAT",1086,150
17225,Amaravati Express,Exp,BZA,UBL,"SUN,MON,TUE,WED,THU,FRI,SAT",693,81
17226,Amaravati Express,Exp,UBL,BZA,"SUN,MON,TUE,WED,THU,FRI,SAT",693,81
17226-Slip,Amaravathi Express Slip,Exp,UBL,KCG,"SUN,MON,TUE,WED,THU,FRI,SAT",617,81
17233,Bhagyanagar Express,Exp,SC,BPQ,"SUN,MON,TUE,WED,THU,FRI,SAT",367,41
17234,Bhagyanagar Express,Exp,BPQ,SC,"SUN,MON,TUE,WED,THU,FRI,SAT",367,41
17239,Simhadri Express,Exp,GNT,VSKP,"SUN,MON,TUE,WED,THU,FRI,SAT",383,64
17240,Simhadri Express,Exp,VSKP,GNT,"SUN,MON,TUE,WED,THU,FRI,SAT",383,66
17241,Simhadri Link Express,Exp,NS,NDD,"SUN,MON,TUE,WED,THU,FRI,SAT",76,20
17255,Narasapur Hyderabad Express,Exp,NS,HYB,"SUN,MON,TUE,WED,THU,FRI,SAT",462,71
17256,Hyderabad-Narsapur Express,Exp,HYB,NS,"SUN,MON,TUE,WED,THU,FRI,SAT",462,71
17301,Mysore Dharwad Express,Exp,MYS,DWR,"SUN,MON,TUE,WED,THU,FRI,SAT",491,47
17302,Dharwad Mysore Express,Exp,DWR,MYS,"SUN,MON,TUE,WED,THU,FRI,SAT",491,47
17303,Malgudi Express,Exp,MYS,YPR,"SUN,MON,TUE,WED,THU,FRI,SAT",143,25
17305,Hubli-H.Nizamuddin Goa Express,Exp,UBL,NZM,"SUN,MON,TUE,WED,THU,FRI,SAT",2147,252
17308,Basava Express,Exp,BGK,YPR,"SUN,MON,TUE,WED,THU,FRI,SAT",860,100
17312,VASCO DA GAMA - CHENNAI CENT Exp,Exp,VSG,MAS,"SUN,MON,TUE,WED,THU,FRI,SAT",1070,172
17313,CHENNAI CENT - HUBLI Weekly Exp,Exp,MAS,UBL,"WED,FRI",834,141
17314,HUBLI - CHENNAI CENT Weekly Exp,Exp,UBL,MAS,"THU,SAT",834,141
17315,VASCO DA GAMA - VELANKANNI Weekly Exp,Exp,VSG,VLNK,MON,1315,197
17316,VELANKANNI - VASCO DA GAMA Weekly Exp,Exp,VLNK,VSG,TUE,1315,197
17403,Tirupati Narasapur Express,Exp,GDV,NS,"SUN,MON,TUE,WED,THU,FRI,SAT",96,21
17479-Slip,Puri-Shirdi Express Slip,Exp,PURI,SNSI,"SUN,MON,TUE,WED,THU,FRI,SAT",1971,262
17480,Tirupati-Puri Express,Exp,TPTY,PURI,"MON,TUE,WED,FRI,SAT",1232,194
17610,PURNA - PATNA Exp,Exp,PAU,PNBE,THU,1819,229
17643,Circar Express,Exp,MS,COA,"SUN,TUE,WED,SAT",702,128
17644,Circar Express,Exp,COA,MS,"MON,TUE,FRI,SAT",702,128
18002,Kandari Express,Exp,DGHA,HWH,"SUN,MON,TUE,WED,THU,FRI,SAT",189,38
18207,Durg Jaipur Express,Exp,DURG,JP,MON,1268,138
56261,ARAKKONAM - BANGALORE Passenger,Pass,AJJ,SBC,"SUN,MON,TUE,WED,THU,FRI,SAT",290,38
12175,Chambal Express,SF,HWH,GWL,"SUN,WED",1303,179
12574,Howrah-SainagarShirdi Express,SF,HWH,SNSI,"SUN,MON,TUE,WED,THU,FRI,SAT",1791,238
12713,Satavahana Express,SF,BZA,SC,"SUN,MON,TUE,WED,THU,FRI,SAT",351,43
17401,Tirupati-Machilipatnam Express,Exp,TPTY,MTM,"SUN,MON,TUE,WED,THU,FRI,SAT",467,73
17402,Machilipatanam-Tirupati Express,Exp,MTM,TPTY,"SUN,MON,TUE,WED,THU,FRI,SAT",467,73
17404,Narasapur Tirupati Link Express,Exp,NS,TPTY,"SUN,MON,TUE,WED,THU,FRI,SAT",525,86
17405,Krishna Express,Exp,TPTY,ADB,"SUN,MON,TUE,WED,THU,FRI,SAT",1228,160
17406,Krishna Express,Exp,ADB,TPTY,"SUN,MON,TUE,WED,THU,FRI,SAT",1228,160
17415,Haripriya Express,Exp,TPTY,KOP,"SUN,MON,TUE,WED,THU,FRI,SAT",903,108
17416,Haripriya Express,Exp,KOP,TPTY,"SUN,MON,TUE,WED,THU,FRI,SAT",903,108
17429,Rayalaseema Express,Exp,HYB,TPTY,"SUN,MON,TUE,WED,THU,FRI,SAT",732,92
17430,Rayalaseema Express,Exp,TPTY,HYB,"SUN,MON,TUE,WED,THU,FRI,SAT",732,92
17479,Puri-Tirupati Express,Exp,PURI,TPTY,"SUN,MON,WED,THU,FRI",1232,194
17481,Bilaspur-Tirupati Express,Exp,BSP,TPTY,"TUE,SAT",1403,193
17482,Tirupati-Bilaspur Express,Exp,TPTY,BSP,"SUN,THU",1403,193
17487,Tirumala Express,Exp,TPTY,VSKP,"SUN,MON,TUE,WED,THU,FRI,SAT",736,117
17603,Prasanti Nilayam Express,Exp,KCG,YPR,"SUN,MON,TUE,WED,THU,FRI,SAT",664,80
17607,Tungabhadra Express,Exp,SC,KRNT,"SUN,MON,TUE,WED,THU,FRI,SAT",244,41
17608,Tungabhadra Express,Exp,KRNT,SC,"SUN,MON,TUE,WED,THU,FRI,SAT",244,41
17613,Pune Nanded Exp,Exp,PUNE,NED,"SUN,MON,TUE,WED,THU,FRI,SAT",557,65
17614,Nanded Pune Express,Exp,NED,PUNE,"SUN,MON,TUE,WED,THU,FRI,SAT",557,66
17617,Tapovan Express,Exp,CSTM,NED,"SUN,MON,TUE,WED,THU,FRI,SAT",610,84
17618,Tapovan Express,Exp,NED,CSTM,"SUN,MON,TUE,WED,THU,FRI,SAT",610,84
17687,Manmad-Dharmabad Composite Express,Exp,MMR,DAB,"SUN,MON,TUE,WED,THU,FRI,SAT",422,45
17688,Dharmabad-Manmad Composit Express,Exp,DAB,MMR,"SUN,MON,TUE,WED,THU,FRI,SAT",422,45
18003,Jhargram Purulia Express,Exp,JGM,PRR,"SUN,MON,TUE,WED,THU,FRI,SAT",187,27
18004,Purulia Jhargram Express,Exp,PRR,JGM,"SUN,MON,TUE,WED,THU,FRI,SAT",187,27
18007,Shalimar-Baripada Express,Exp,SHM,BPO,"MON,TUE,WED",265,53
18008,Baripada-Shalimar Express,Exp,BPO,SHM,"TUE,WED,THU",265,53
18048,VASCO-DA-GAMA - HOWRAH Amaravati Exp,Exp,VSG,HWH,"SUN,TUE,THU,FRI",2147,340
18102,Jammu-Rourkela Express,Exp,JAT,ROU,"MON,WED,SAT",2158,263
18105,Rourkela-Bhubaneswar InterCity,Exp,ROU,BBS,"TUE,THU,SAT",419,53
18106,Bhubaneswar-Rourkela InterCity,Exp,BBS,ROU,"SUN,WED,FRI",419,53
18108,KORAPUT - ROURKELA Exp,Exp,KRPU,ROU,"SUN,MON,TUE,WED,THU,FRI,SAT",645,66
18190,Allapuzha Dhanbad Slip Express,Exp,ROU,TATA,"SUN,MON,TUE,WED,THU,FRI,SAT",163,381
18191,Utsarg Express,Exp,CPR,CPA,"SUN,MON,TUE,WED,THU,FRI,SAT",549,77
18192,Utsarg Express,Exp,CPA,CPR,"SUN,MON,TUE,WED,THU,FRI,SAT",549,77
18201,Durg-Nautanwa (via Varanasi)Express,Exp,DURG,NTV,"WED,FRI",1224,156
18205,Durg -Nautanwa Express,Exp,DURG,NTV,THU,1152,146
18208,Jaipur Durg Express,Exp,JP,DURG,TUE,1268,137
18209,Dalli Rajhara Raipur Express,Exp,DRZ,R,"SUN,MON,TUE,WED,THU,FRI,SAT",126,17
18236,Bilaspur Express Cum Passenger,Exp,BSP,BPL,"SUN,MON,TUE,WED,THU,FRI,SAT",717,81
18239,Gerva Road-Nagpur Express,Exp,GAD,NGP,"SUN,MON,TUE,WED,THU,FRI,SAT",513,70
18240,Nagpur Bilaspur Express,Exp,NGP,BSP,"SUN,MON,TUE,WED,THU,FRI,SAT",412,56
18241,Durg Ambikapur Express,Exp,DURG,ABKP,"SUN,MON,TUE,WED,THU,FRI,SAT",469,60
18241-Slip,Durg Ambikapur Express Slip,Exp,DURG,CHRM,"SUN,MON,TUE,WED,THU,FRI,SAT",381,51
18301,Rayagada Express,Exp,SBP,RGDA,"SUN,MON,TUE,WED,THU,FRI,SAT",322,28
52179,Dhaulpur Sirmuttra Passenger,Pass,DHO,SRMT,"SUN,MON,TUE,WED,THU,FRI,SAT",70,9
56014,Vellore Cantt-Arakkonam Passenger,Pass,VLR,AJJ,"SUN,MON,TUE,WED,THU,FRI,SAT",71,13
12380,Amritsar - Sealdah Superfast Express,SF,ASR,SDAH,SUN,1894,286
12663,Howrah-Tiruchirappalli Express,SF,HWH,TPJ,"SUN,THU",2025,355
14260,LUCKNOW CHARBAGH - MUGHAL SARAI Ekatmata Exp,Exp,LKO,MGS,SAT,2796,51
15901,BENGALURU - NEW TINSUKIA Weekly Exp,Exp,SBC,NTSK,"SUN,MON,TUE,WED,THU,FRI,SAT",3578,623
16312,KOCHUVELI - BIKANER Express,Exp,KCVL,BKN,SAT,3002,390
16515,Yesvantpur - Karwar Express,Exp,YPR,KAWR,"MON,WED,FRI",794,64
17038,BIKANER - SECUNDERABAD Express,Exp,BKN,SC,"SUN,MON,TUE,WED,THU,FRI,SAT",2113,302
17310,VASCO DA GAMA - YESVANTPUR Exp,Exp,VSG,YPR,"SUN,MON,TUE,WED,THU,FRI,SAT",700,96
17609,PATNA - PURNA Exp,Exp,PNBE,PAU,SAT,1819,230
18029,MUMBAI LTT [Kurla] - KOLKATA SALIMAR Exp,Exp,LTT,SHM,"SUN,MON,TUE,WED,THU,FRI,SAT",1951,286
18048-Slip,Amaravati Express,Exp,VSG,KCG,"SUN,MON,TUE,WED,THU,FRI,SAT",853,105
18101,Tatanagar Jammu Tawi Express,Exp,TATA,JAT,"SUN,WED,FRI",2026,265
18102-Slip,Jammu-Tata Muri Express Slip,Exp,JAT,TATA,"SUN,MON,TUE,WED,THU,FRI,SAT",2026,265
18103,Jallianwalabagh Express,Exp,TATA,ASR,"MON,WED",1749,247
18181,Tata-Chapra Express,Exp,TATA,CPR,"MON,TUE,THU,FRI",636,96
18181-Slip,Tata-Chapra Express Slip,Exp,TATA,KIR,"SUN,MON,TUE,WED,THU,FRI,SAT",600,82
18182,Chhapra-Tata Express,Exp,CPR,TATA,"SUN,WED,THU,SAT",636,96
18183,Tata-Danapur Express,Exp,TATA,DNR,"SUN,MON,TUE,WED,THU,FRI,SAT",512,83
18184,Danapur-Tatanagar Express,Exp,DNR,TATA,"SUN,MON,TUE,WED,THU,FRI,SAT",512,84
18189,Tatanagar- Alappuzha (Alleppey) Express,Exp,TATA,ALLP,"SUN,MON,TUE,WED,THU,FRI,SAT",2358,377
18202,Nautanwa-Durg Nautanwa Express,Exp,NTV,DURG,"SUN,FRI",1224,156
18203,Betwa Express,Exp,DURG,CNB,"SUN,TUE",885,104
18204,Betwa Express,Exp,CNB,DURG,"MON,WED",885,104
18206,Nautanwa-Durg Express,Exp,NTV,DURG,SAT,1152,146
18233,INDORE - BILASPUR Narmada Exp,Exp,INDB,BSP,"SUN,MON,TUE,WED,THU,FRI,SAT",1010,125
18234,BILASPUR - INDORE Narmada Exp,Exp,BSP,INDB,"SUN,MON,TUE,WED,THU,FRI,SAT",1010,125
18237,Chhattisgarh Express,Exp,BSP,ASR,"SUN,MON,TUE,WED,THU,FRI,SAT",2008,249
18238,Chhattisgarh Express,Exp,ASR,BSP,"SUN,MON,TUE,WED,THU,FRI,SAT",2022,250
18238-Slip,Chhattisgarh Express Slip,Exp,ASR,CWA,"SUN,MON,TUE,WED,THU,FRI,SAT",1557,190
18242,Ambikapur Durg Express Cum Passenger,Exp,ABKP,DURG,"SUN,MON,TUE,WED,THU,FRI,SAT",469,60
18302-Slip,Sambalpur Express Slip,Exp,RGDA,PURI,"SUN,MON,TUE,WED,THU,FRI,SAT",695,79
18401,Puri - Okha (Weekly) Express,Exp,PURI,OKHA,"SUN,MON,TUE,WED,THU,FRI,SAT",2779,378
18410,Sri Jagannath Express,Exp,PURI,HWH,"SUN,MON,TUE,WED,THU,FRI,SAT",502,102
18417,Jharsuguda-Bhubaneswar Rajya Rani Express,Exp,JSG,BBS,"SUN,MON,TUE,WED,THU,FRI,SAT",341,44
18418,Bhubaneswar-Jharsuguda Rajya Rani Express,Exp,BBS,JSG,"SUN,MON,TUE,WED,THU,FRI,SAT",341,45
18447,Hirakhand Express,Exp,BBS,JDB,"SUN,MON,TUE,WED,THU,FRI,SAT",785,96
18447-Slip,Hirakhand Express Slip,Exp,BBS,KRDL,"SUN,MON,TUE,WED,THU,FRI,SAT",935,110
18448,Hirakhand Express,Exp,JDB,BBS,"SUN,MON,TUE,WED,THU,FRI,SAT",785,96
18449,Baidyanathdham Express,Exp,PURI,PNBE,MON,937,153
18450,Baidyanathdham Express,Exp,PNBE,PURI,WED,928,153
18452,PURI - HATIA Tapaswini Exp,Exp,PURI,HTE,"SUN,MON,TUE,WED,THU,FRI,SAT",691,101
18463,Prasanti Express,Exp,BBS,SBC,"SUN,MON,TUE,WED,THU,FRI,SAT",1546,203
18464,Prasanti Express,Exp,SBC,BBS,"SUN,MON,TUE,WED,THU,FRI,SAT",1546,203
18495,Rameswaram-Bhubaneswar Express,Exp,RMM,BBS,"SUN,MON,TUE,WED,THU,FRI,SAT",1892,312
18496,Bhubaneswar-Rameswaram Weekly Express,Exp,BBS,RMM,"SUN,MON,TUE,WED,THU,FRI,SAT",1892,316
18602,Jammu Tawi-Rourkela Express,Exp,MURI,HTE,"SUN,MON,TUE,WED,THU,FRI,SAT",67,10
18604,Bhagalpur Ranchi Express,Exp,BGP,RNC,"SUN,WED,FRI",507,73
18605,Ranchi-Jaynagar Express,Exp,RNC,JYG,"SUN,MON,TUE,WED,THU,FRI,SAT",612,90
12610,BANGALORE - CHENNAI CENT SF Intercity Exp,SF,SBC,MAS,"SUN,MON,TUE,WED,THU,FRI,SAT",362,75
13303,Dhanbad Ranchi InterCity Express,Exp,DHN,RNC,"SUN,MON,TUE,WED,THU,FRI,SAT",162,27
16526,BANGALORE - KANNIYAKUMARI Island Exp,Exp,SBC,CAPE,"SUN,MON,TUE,WED,THU,FRI,SAT",944,153
18210,Raipur Dalli Rajhara Express,Exp,R,DRZ,"SUN,MON,TUE,WED,THU,FRI,SAT",126,17
18309,Nagavali Express,Exp,SBP,NED,"MON,TUE,THU,SAT",1479,200
18402,Okha Puri Weekly Express,Exp,OKHA,PURI,"SUN,MON,TUE,WED,THU,FRI,SAT",2779,378
18405,PURI - AHMEDABAD Exp,Exp,PURI,ADI,"SUN,MON,TUE,WED,THU,FRI,SAT",1992,276
18406,AHMEDABAD - PURI Exp,Exp,ADI,PURI,"SUN,MON,TUE,WED,THU,FRI,SAT",1992,276
18413,Paradip Puri InterCity Express,Exp,PRDP,PURI,"SUN,MON,TUE,WED,THU,FRI,SAT",174,31
18414,Puri Paradip InterCity Express,Exp,PURI,PRDP,"SUN,MON,TUE,WED,THU,FRI,SAT",174,31
18415,Banspani-Puri InterCity,Exp,BSPX,PURI,"SUN,MON,TUE,WED,THU,FRI,SAT",334,50
18416,Puri-Banspani InterCity,Exp,PURI,BSPX,"SUN,MON,TUE,WED,THU,FRI,SAT",334,50
18419,Puri-Darbhanga Weekly Express,Exp,PURI,DBG,THU,942,147
18420,Darbhanga-Puri Weekly Express,Exp,DBG,PURI,SAT,942,147
18425,PURI - DURG Exp,Exp,PURI,DURG,"SUN,MON,TUE,WED,THU,FRI,SAT",786,108
18426,DURG - PURI Exp,Exp,DURG,PURI,"SUN,MON,TUE,WED,THU,FRI,SAT",786,108
18452-Slip,Tapaswini Express Slip,Exp,PURI,RGDA,"SUN,MON,TUE,WED,THU,FRI,SAT",696,79
18473,PURI - JODHPUR Express,Exp,PURI,JU,"SUN,MON,TUE,WED,THU,FRI,SAT",2433,329
18477,Utkal Express,Exp,PURI,HW,"SUN,MON,TUE,WED,THU,FRI,SAT",2379,250
18478,Utkal Express,Exp,HW,PURI,"SUN,MON,TUE,WED,THU,FRI,SAT",2378,251
18507,VISAKHAPATNAM - AMRITSAR Hirakud Exp,Exp,VSKP,ASR,"SUN,MON,TUE,WED,THU,FRI,SAT",2574,353
18509,Visakhapatnam-Nanded Express,Exp,VSKP,NED,"SUN,MON,TUE,WED,THU,FRI,SAT",973,149
18510,Nanded-Visakhapatnam Express,Exp,NED,VSKP,"SUN,MON,TUE,WED,THU,FRI,SAT",973,149
18517,Korba Visakhapatnam Express,Exp,KRBA,VSKP,"SUN,MON,TUE,WED,THU,FRI,SAT",731,82
18518,Visakhapatnam-Korba Express,Exp,VSKP,KRBA,"SUN,MON,TUE,WED,THU,FRI,SAT",728,82
18601,Rourkela-JammuTawi Express,Exp,ROU,JAT,"SUN,MON,TUE,WED,THU,FRI,SAT",2158,262
18603,Ranchi-Bhagalpur Tri-Weekly Express,Exp,RNC,BGP,"TUE,THU,SAT",514,73
18606,Jaynagar-Ranchi Express,Exp,JYG,RNC,"SUN,MON,TUE,WED,THU,FRI,SAT",612,90
18617,Howrah-Ranchi Intercity,Exp,HWH,RNC,"SUN,MON,TUE,WED,THU,FRI,SAT",462,80
18621,Patliputra Express,Exp,PNBE,HTE,"SUN,MON,TUE,WED,THU,FRI,SAT",547,89
18624,Hatia-Rajendranagar Express,Exp,HTE,RJPB,"SUN,MON,TUE,WED,THU,FRI,SAT",421,56
18625,Patna-Hatia Super Express,Exp,PNBE,HTE,"SUN,MON,TUE,WED,THU,FRI,SAT",418,55
18626,Hatia-Patna Super Express,Exp,HTE,PNBE,"SUN,MON,TUE,WED,THU,FRI,SAT",415,55
18627,Howrah-Ranchi InterCity Express,Exp,HWH,RNC,"SUN,MON,TUE",423,81
18628,Ranchi-Howrah InterCity Express,Exp,RNC,HWH,"SUN,MON,TUE",423,81
18646,East Coast Express,Exp,HYB,HWH,"SUN,MON,TUE,WED,THU,FRI,SAT",1592,259
19005,Saurashtra Mail,Mail,BCT,OKHA,"SUN,MON,TUE,WED,THU,FRI,SAT",990,159
19005-Slip,Saurashtra Mail,Mail,BCT,VRL,"SUN,MON,TUE,WED,THU,FRI,SAT",923,154
19006,Saurashtra Mail,Mail,OKHA,BCT,"SUN,MON,TUE,WED,THU,FRI,SAT",990,159
19017,Saurashtra Janata Express,Exp,BDTS,JAM,"SUN,MON,TUE,WED,THU,FRI,SAT",812,134
19039,Awadh Express,Exp,BDTS,MFP,"MON,THU,SAT",2153,306
19040,Awadh Express,Exp,MFP,BDTS,"SUN,TUE,THU",2153,306
19049,MUMBAI BANDRA T - PATNA Exp,Exp,BDTS,PNBE,"SUN,MON,TUE,WED,THU,FRI,SAT",1845,276
19050,PATNA - MUMBAI BANDRA T Exp,Exp,PNBE,BDTS,"SUN,MON,TUE,WED,THU,FRI,SAT",1845,276
19051,VALSAD - MUZAFFARPUR Shramik Exp,Exp,BL,MFP,SAT,1729,249
19052,MUZAFFARPUR - VALSAD Shramik Exp,Exp,MFP,BL,MON,1732,249
19053,SURAT - MUZAFFARPUR Exp,Exp,ST,MFP,FRI,2135,311
19054,MUZAFFARPUR - SURAT Exp,Exp,MFP,ST,SUN,2136,310
56523,KSR BENGALURU CITY - HINDUPUR Passenger,Pass,SBC,HUP,"SUN,MON,TUE,WED,THU,FRI,SAT",101,16
12904,Golden Temple Mail,SF,ASR,BCT,"SUN,MON,TUE,WED,THU,FRI,SAT",1891,270
13006,Amritsar Howrah Mail,Mail,ASR,HWH,"SUN,MON,TUE,WED,THU,FRI,SAT",1910,292
18609,RANCHI - MUMBAI LTT Exp,Exp,RNC,LTT,WED,2012,294
18610,MUMBAI LTT - RANCHI Exp,Exp,LTT,RNC,FRI,2012,294
18611,Ranchi-Varanasi Express,Exp,RNC,BSB,"MON,TUE,THU,FRI,SAT",572,73
18613,Ranchi Chopan Express,Exp,RNC,CPU,"MON,THU,SAT",480,51
18614,Chopan Ranchi Express,Exp,CPU,RNC,"SUN,WED,FRI",473,51
18615,HOWRAH - HATIA Kriya Yoga Express,Exp,HWH,HTE,"SUN,MON,TUE,WED,THU,FRI,SAT",423,83
18622,Patliputra Express,Exp,HTE,PNBE,"SUN,MON,TUE,WED,THU,FRI,SAT",547,89
18623,Patna Rajendra Nagar-Hatia Express,Exp,RJPB,HTE,"SUN,MON,TUE,WED,THU,FRI,SAT",421,56
18623-Slip,Hatia Express Slip,Exp,RJPB,BRKA,"SUN,MON,TUE,WED,THU,FRI,SAT",365,50
18631,Ranchi Garib Nawaz Express,Exp,RNC,AII,"SUN,WED,FRI",1671,217
18632,Garib Nawaz Express,Exp,AII,RNC,"MON,THU,SAT",1671,217
19011,Gujarat Express,Exp,BCT,ADI,"SUN,MON,TUE,WED,THU,FRI,SAT",491,99
19012,Gujarat Express,Exp,ADI,BCT,"SUN,MON,TUE,WED,THU,FRI,SAT",491,99
19018,Saurashtra Janata Express,Exp,JAM,BDTS,"SUN,MON,TUE,WED,THU,FRI,SAT",812,134
19019,Bandra T - Dehradun Express,Exp,BDTS,DDN,"SUN,MON,TUE,WED,THU,FRI,SAT",1682,237
19020,Dehradun - Bandra Terminus Express,Exp,DDN,BDTS,"SUN,MON,TUE,WED,THU,FRI,SAT",1682,237
19023,Mumbai Firozpur Janata Express,Exp,BCT,FZR,"SUN,MON,TUE,WED,THU,FRI,SAT",1772,262
19024,Firozpur Mumbai Janata Express,Exp,FZR,BCT,"SUN,MON,TUE,WED,THU,FRI,SAT",1770,262
19025-Slip,Surat Bhavnagar Express Slip Slip,Exp,ST,BVC,"SUN,MON,TUE,WED,THU,FRI,SAT",526,79
19026,Bhavnagar Surat (Slip) Express,Exp,MHV,ST,"MON,FRI,SAT",629,87
19037,Awadh Express,Exp,BDTS,GKP,"SUN,MON,TUE,WED,THU,FRI,SAT",1844,266
19038,Awadh Express,Exp,GKP,BDTS,"SUN,MON,TUE,WED,THU,FRI,SAT",1844,266
19048,BHAGALPUR - SURAT Tapti Ganga Exp,Exp,BGP,ST,"SUN,MON,TUE,WED,THU,FRI,SAT",1826,296
19059,Surat-Jamnagar InterCity Express,Exp,ST,JAM,"SUN,MON,TUE,WED,THU,FRI,SAT",561,86
19060,Jamnagar-Surat InterCity Express,Exp,JAM,ST,"SUN,MON,TUE,WED,THU,FRI,SAT",561,86
19113,Bhilad Vadodara Express,Exp,BLD,BRC,"SUN,MON,TUE,WED,THU,FRI,SAT",236,43
19114,Vadodara Bhilad Express,Exp,BRC,BLD,"SUN,MON,TUE,WED,THU,FRI,SAT",236,43
19116,BHUJ - MUMBAI BANDRA Sayaji Nagari Exp,Exp,BHUJ,BDTS,"SUN,MON,TUE,WED,THU,FRI,SAT",839,144
19132,BHUJ - MUMBAI BANDRA Kutch Exp,Exp,BHUJ,BDTS,"SUN,MON,TUE,WED,THU,FRI,SAT",839,145
19151,PALANPUR - GANDHIDHAM Exp,Exp,PNU,GIMB,"SUN,MON,TUE,WED,THU,FRI,SAT",301,36
19152,GANDHIDHAM - PALANPUR Exp,Exp,GIMB,PNU,"SUN,MON,TUE,WED,THU,FRI,SAT",301,36
19215,Saurashtra Express,Exp,BCT,PBR,"SUN,MON,TUE,WED,THU,FRI,SAT",955,160
19216,Saurashtra Express,Exp,PBR,BCT,"SUN,MON,TUE,WED,THU,FRI,SAT",955,160
19223,AHMEDABAD - JAMMU TAWI Exp,Exp,ADI,JAT,"SUN,MON,TUE,WED,THU,FRI,SAT",1476,193
19224,JAMMU TAWI - AHMEDABAD Exp,Exp,JAT,ADI,"SUN,MON,TUE,WED,THU,FRI,SAT",1476,206
19225,Bhatinda Jammu Tawi Express,Exp,BTI,JAT,"SUN,MON,TUE,WED,THU,FRI,SAT",490,69
19226,Jammu Tawi Bhatinda Express,Exp,JAT,BTI,"SUN,MON,TUE,WED,THU,FRI,SAT",490,69
19259,KOCHUVELI - BHAVNAGAR Exp,Exp,KCVL,BVC,THU,2569,337
19260,BHAVNAGAR - KOCHUVELI Exp,Exp,BVC,KCVL,TUE,2569,337
19263,Porbandar-Delhi Sarai Rohilla (Biweekly) Express,Exp,PBR,DEE,"SUN,MON,TUE,WED,THU,FRI,SAT",1392,200
19264,Delhi SaraiRohilla-Porbandar Express,Exp,DEE,PBR,"SUN,MON,TUE,WED,THU,FRI,SAT",1392,199
19269,Porbandar Muzaffarpur Express,Exp,PBR,MFP,"THU,FRI",2470,357
19270,Muzaffarpur-Porbandar Express,Exp,MFP,PBR,"SUN,MON",2470,355
19305,Shipra Express,Exp,INDB,HWH,THU,1754,239
19309,Shanti Express,Exp,GNC,INDB,"SUN,MON,TUE,WED,THU,FRI,SAT",571,84
19310,Shanti Express,Exp,INDB,GNC,"SUN,MON,TUE,WED,THU,FRI,SAT",571,84
19313,Indore-Patna Express,Exp,INDB,PNBE,"MON,WED",1357,174
14604,AMRITSAR - SAHARSA Jan Sadharan Exp,Exp,ASR,SHC,WED,1580,262
15708,Amrapali Express,Exp,ASR,KIR,"SUN,MON,TUE,WED,THU,FRI,SAT",1805,253
18451,HATIA - PURI Tapaswini Exp,Exp,HTE,PURI,"SUN,MON,TUE,WED,THU,FRI,SAT",691,101
19105,Ahmedabad-Haridwar Mail,Mail,ADI,HW,"SUN,MON,TUE,WED,THU,FRI,SAT",1208,185
19107,Ahmedabad-Udhampur Janmabhoomi Express,Exp,ADI,UHP,SUN,1539,234
19108,Udhampur-Ahmedabad Janmabhoomi Express,Exp,UHP,ADI,MON,1539,234
19109,Gujarat Queen Express,Exp,BL,ADI,"SUN,MON,TUE,WED,THU,FRI,SAT",298,56
19110,Gujarat Queen Express,Exp,ADI,BL,"SUN,MON,TUE,WED,THU,FRI,SAT",298,56
19119,Ahmedabad Somnath Intercity Express,Exp,ADI,VRL,"SUN,MON,TUE,WED,THU,FRI,SAT",430,56
19120,Somnath Ahmedabad Intercity Express,Exp,SMNH,ADI,"SUN,MON,TUE,WED,THU,FRI,SAT",435,57
19129,Baroda Ahmedabad Express,Exp,BRC,ADI,"SUN,MON,TUE,WED,THU,FRI,SAT",100,20
19130,Ahmedabad Baroda Express,Exp,ADI,BRC,"SUN,MON,TUE,WED,THU,FRI,SAT",100,20
19143,Lokshakti Express,Exp,BDTS,ADI,"SUN,MON,TUE,WED,THU,FRI,SAT",481,91
19144,Lokshakti Express,Exp,ADI,BDTS,"SUN,MON,TUE,WED,THU,FRI,SAT",481,91
19165,Sabarmati Express,Exp,ADI,DBG,"SUN,WED,FRI",1944,240
19166,Sabarmati Express,Exp,DBG,ADI,"MON,WED,SAT",1944,245
19167,Sabarmati Express,Exp,ADI,BSB,"MON,TUE,THU,SAT",1598,194
19168,Sabarmati Express,Exp,BSB,ADI,"SUN,TUE,THU,FRI",1598,194
19221,Ahmedabad-Veraval Somnath Express,Exp,ADI,VRL,"SUN,MON,TUE,WED,THU,FRI,SAT",432,56
19222,Veraval-Ahmedabad Somnath Express,Exp,VRL,ADI,"SUN,MON,TUE,WED,THU,FRI,SAT",432,56
19311,Pune Indore Express,Exp,PUNE,INDB,"SUN,WED",972,148
19312,Indore Pune Express,Exp,INDB,PUNE,"TUE,SAT",972,148
19314,Patna Indore Express,Exp,RJPB,INDB,"WED,FRI",1359,175
19322,Patna-Indore Express,Exp,RJPB,INDB,MON,1400,184
19323,Indore Habibganj InterCity Express,Exp,INDB,HBJ,"SUN,MON,TUE,WED,THU,FRI,SAT",224,28
19565,Uttaranchal Express,Exp,OKHA,DDN,FRI,1680,233
19566,Uttranchal Express,Exp,DDN,OKHA,SUN,1680,233
19571,Rajkot-Porbandar Express,Exp,RJT,PBR,"SUN,MON,TUE,WED,THU,FRI,SAT",202,22
19572,Porbandar-Rajkot Express,Exp,PBR,RJT,"SUN,MON,TUE,WED,THU,FRI,SAT",202,22
19601,Ajmer New Jalpaiguri Weekly Express,Exp,AII,NJP,SAT,1936,283
19602,New Jalpaiguri Ajmer Weekly Express,Exp,NJP,AII,MON,1936,283
19603,Ajmer-Sultanpur Weekly Express,Exp,AII,SLN,SUN,1068,156
19604,Sultanpur Ajmer Express,Exp,SLN,AII,TUE,1068,156
19657,Indore Jn - Udaipur Express,Exp,INDB,UDZ,"SUN,MON,TUE,WED,THU,FRI,SAT",479,51
19658,Udaipur Indore Express,Exp,UDZ,INDB,"SUN,MON,TUE,WED,THU,FRI,SAT",479,51
19707,Aravalli Express,Exp,BDTS,JP,"SUN,MON,TUE,WED,THU,FRI,SAT",1106,186
19708,Aravalli Express,Exp,JP,BDTS,"SUN,MON,TUE,WED,THU,FRI,SAT",1106,186
19709,JAIPUR - KAMAKHYA Kavi Guru Exp,Exp,JP,KYQ,"SUN,MON,TUE,WED,THU,FRI,SAT",2212,342
19710,KAMAKHYA - JAIPUR Kavi Guru Exp,Exp,KYQ,JP,"SUN,MON,TUE,WED,THU,FRI,SAT",2212,342
19711,Jaipur-Bhopal Express,Exp,JP,BPL,"SUN,MON,TUE,WED,THU,FRI,SAT",790,95
19712,Bhopal Jaipur Express,Exp,BPL,JP,"SUN,MON,TUE,WED,THU,FRI,SAT",790,95
19735,Intercity Express,Exp,JP,LHU,"SUN,MON,TUE,WED,THU,FRI,SAT",229,28
19771,Jaipur - Amritsar Express,Exp,JP,ASR,"SUN,MON,TUE,WED,THU,FRI,SAT",872,108
19781,Jaipur-Amritsar Express,Exp,JP,ASR,"SUN,MON,TUE,WED,THU,FRI,SAT",713,96
19801,Kota-Indore Intercity Express,Exp,KOTA,INDB,"SUN,MON,TUE,WED,THU,FRI,SAT",433,37
19802,Indore-Kota InterCity Express,Exp,INDB,KOTA,"SUN,MON,TUE,WED,THU,FRI,SAT",433,37
19943,UDAIPUR - AHMEDABAD Exp,Exp,UDZ,ADI,"SUN,MON,TUE,WED,THU,FRI,SAT",298,40
19944,AHMEDABAD - UDAIPUR Exp,Exp,ADIJ,UDZ,"SUN,MON,TUE,WED,THU,FRI,SAT",298,35
22112,Nagpur-Bhusaval SF Express,SF,NGP,BSL,"MON,THU,SAT",604,69
12946,MAHUVA - SURAT SF Exp,SF,MHV,ST,WED,1409,106
18104,Jallianwalabagh Express,Exp,ASR,TATA,"WED,FRI",1745,247
18302,Sambalpur Express,Exp,RGDA,SBP,"SUN,MON,TUE,WED,THU,FRI,SAT",322,28
18303,SAMBALPUR - PURI Intercity Exp,Exp,SBP,PURI,"SUN,MON,TUE,WED,THU,FRI,SAT",341,51
19324,Habibganj Indore InterCity Express,Exp,HBJ,INDB,"SUN,MON,TUE,WED,THU,FRI,SAT",224,28
19325,Indore Amritsar (Weekly) Express,Exp,INDB,ASR,"TUE,FRI",1344,141
19326,Amritsar Indore Express,Exp,ASR,INDB,"SUN,THU",1337,141
19327,Ratlam Chittaurgarh Express,Exp,RTM,COR,"SUN,MON,TUE,WED,THU,FRI,SAT",189,19
19328,Chittaurgarh Ratlam Express,Exp,COR,RTM,"SUN,MON,TUE,WED,THU,FRI,SAT",189,19
19567,TUTICORIN - OKHA Exp,Exp,TN,OKHA,SUN,2535,400
19568,OKHA - TUTICORIN Exp,Exp,OKHA,TN,FRI,2548,396
19569,Okha Varanasi Express,Exp,OKHA,BSB,"SUN,MON,TUE,WED,THU,FRI,SAT",2041,263
19570,Varanasi Okha Weekly Express,Exp,BSB,OKHA,"SUN,MON,TUE,WED,THU,FRI,SAT",2041,263
19653,Ratlam-Ajmer Express,Exp,RTM,AII,"SUN,MON,TUE,WED,THU,FRI,SAT",375,41
19654,Ajmer-Ratlam Express,Exp,AII,RTM,"SUN,MON,TUE,WED,THU,FRI,SAT",375,41
19736,Loharu-Jaipur Intercity Express,Exp,LHU,JP,"SUN,MON,TUE,WED,THU,FRI,SAT",229,28
19772,Amritsar - Jaipur Express,Exp,ASR,JP,"SUN,MON,TUE,WED,THU,FRI,SAT",872,108
19782,Amritsar-Jaipur Express,Exp,ASR,JP,"SUN,MON,TUE,WED,THU,FRI,SAT",713,96
19911,Mahesana Ahmedabad InterCity Express,Exp,MSH,ADI,"SUN,MON,TUE,WED,THU,FRI,SAT",69,20
19915,Mahesana Ahmedabad InterCity,Exp,MSH,ADI,"SUN,MON,TUE,WED,THU,FRI,SAT",69,20
21028,Solapur-Gondia Slip Exp.,Mail,SUR,G,"SUN,MON,TUE,WED,THU,FRI,SAT",1132,129
21107,Khajuraho-Varanasi Bundelkhand Link Express,Exp,KURJ,BSB,"SUN,TUE,FRI",453,46
21108,Bundelkhand Link Express,Exp,BSB,KURJ,"MON,WED,SAT",453,46
21125,Indore Bhind Express,Exp,INDB,BIX,"TUE,FRI,SAT",644,52
21126,Bhind Indore Express,Exp,BIX,INDB,"SUN,WED,SAT",644,52
22131,PUNE - MANDUADIH Gyan Ganga Exp,SF,PUNE,MUV,MON,1537,198
22132,MANDUADIH - PUNE Gyan Ganga Exp,SF,MUV,PUNE,WED,1537,198
22162,Damoh Bhopal Rajya Rani Express,Exp,DMO,BPL,"SUN,MON,TUE,WED,THU,FRI,SAT",291,34
22410,Anand ViharT Delhi-Sasaram GaribRath Express,GR,ANVT,SSM,"SUN,MON,TUE,WED,THU,FRI,SAT",874,120
22424,New Delhi-Guwahati Rajdhani Express,Raj,NDLS,GHY,SUN,1879,265
22463,Rajasthan Sampark Kranti Express,SF,MTD,BKN,"SUN,FRI",173,16
22471,Bikaner - Delhi Sarai Rohilla SF Intercity Express,SF,BKN,DEE,"SUN,MON,TUE,WED,THU,FRI,SAT",458,49
22472,Delhi Sarai Rohilla - Bikaner SF Intercity Express,SF,DEE,BKN,"SUN,MON,TUE,WED,THU,FRI,SAT",458,49
22601,CHENNAI CENT - SAINAGAR SHIRDI SF Exp,SF,MAS,SNSI,WED,1392,195
22608,BANGALORE - ERNAKULAM Weekly SF Exp,SF,SBC,ERS,"SUN,MON,TUE,WED,THU,FRI,SAT",625,94
22681,MYSORE - CHENNAI Weekly SF Exp,SF,MYS,MAS,WED,500,99
22682,CHENNAI - MYSORE Weekly SF Exp,SF,MAS,MYS,THU,500,99
22811,Bhubaneshwar-New Delhi Rajdhani Express,Raj,BBS,NDLS,"SUN,MON,TUE,WED,THU,FRI,SAT",1724,245
22812,New Delhi-Bhubaneswar Rajdhani Express,Raj,NDLS,BBS,"SUN,MON,TUE,WED,THU,FRI,SAT",1724,245
22835,Shalimar-Puri Express,SF,SHM,PURI,WED,500,100
22836,Puri-Shalimar weekly superfast express,SF,PURI,SHM,TUE,500,100
22845,PUNE - HATIA SF Exp,Exp,PUNE,HTE,"SUN,WED",1774,234
22846,HATIA - PUNE SF Exp,SF,HTE,PUNE,"MON,FRI",1774,234
22855,Santragachi-Tirupati Superfast Express,SF,SRC,TPTY,SUN,1597,259
22856,TirupatiSantragachi Superfast Express,SF,TPTY,SRC,MON,1597,259
22905,Okha Howrah Triweekly SF Express,SF,OKHA,HWH,SUN,2586,398
58126,Sambalpur Jharsuguda Passenger,Pass,SBP,JSG,"SUN,MON,TUE,WED,THU,FRI,SAT",50,7
18310,Nagavali Express,Exp,NED,SBP,"SUN,TUE,THU,FRI",1479,200
22403,Puducherry-New Delhi SF Express,SF,PDY,NDLS,WED,2384,322
22405,Bhagalpur - Delhi AnandVihar T. Garib Rath Express,GR,BGP,ANVT,"SUN,MON,TUE,WED,THU,FRI,SAT",1207,176
22407,Varanasi-Delhi Anand Vihar Terminus Garib Rath,GR,BSB,ANVT,THU,781,115
22408,Delhi Anand Vihar Terminus-Varanasi Garib Rath,GR,ANVT,BSB,TUE,781,115
22409,Sasaram-Anand ViharT Delhi GariRath Express,GR,SSM,ANVT,"SUN,MON,TUE,WED,THU,FRI,SAT",874,120
22423,Guwahati-New Delhi Rajdhani Express,Raj,GHY,NDLS,MON,1880,265
22447,Khajuraho Nizamuddin Express,SF,KURJ,NZM,"SUN,MON,TUE,WED,THU,FRI,SAT",604,63
22481,Jodhpur-Delhi Sarai Rohilla Express,SF,JU,DEE,"SUN,MON,TUE,WED,THU,FRI,SAT",622,64
22482,Delhi Sarai Rohilla-Jodhpur Express,SF,DEE,JU,"SUN,MON,TUE,WED,THU,FRI,SAT",622,64
22609,Mangalore - Palghat Intercity Express,SF,MAQ,PGT,"SUN,MON,TUE,WED,THU,FRI,SAT",352,66
22610,Palghat Mangalore Intercity,Exp,PGT,MAQ,"SUN,MON,TUE,WED,THU,FRI,SAT",352,66
22688,Chandigarh Chennai Express,SF,CDG,MAS,"THU,SAT",2509,314
22815,Bilaspur-Ernakulam Express,SF,BSP,ERS,MON,2155,286
22816,Ernakulam-Bilaspur Express,SF,ERS,BSP,WED,2156,286
22853,Kolkata Shalimar-Visakhapatnam Superfast express,SF,SHM,VSKP,TUE,880,149
22854,Visakhapatnam-Shalimar Express,SF,VSKP,SHM,WED,880,149
22861,Rajya Rani Express,SF,SHM,BQA,"SUN,TUE,THU,FRI",229,46
22862,Rajya Rani Express,SF,BQA,SHM,"MON,WED,FRI,SAT",229,46
22926,Paschim Express,SF,KLK,BDTS,"SUN,MON,TUE,WED,THU,FRI,SAT",1676,236
22996,Ajmer Bandra SF Express,SF,AII,BDTS,"SUN,MON,TUE,WED,THU,FRI,SAT",1017,145
23112,Giridih Kolkata Express,Exp,GRD,KOAA,"SUN,MON,TUE,WED,THU,FRI,SAT",335,61
23142,Teesta Torsa Express,Exp,HDB,SDAH,"SUN,MON,TUE,WED,THU,FRI,SAT",628,129
23154,Gour Express,Exp,BLGT,SDAH,"SUN,MON,TUE,WED,THU,FRI,SAT",454,84
24033,Jammu Mail,Mail,DLI,HSX,"SUN,MON,TUE,WED,THU,FRI,SAT",411,63
24034,Jammu Mail,Mail,HSX,DLI,"SUN,MON,TUE,WED,THU,FRI,SAT",411,63
24042,KOTDWAR - NAJIBABAD Mussoorie Exp,Exp,KTW,DEE,"SUN,MON,TUE,WED,THU,FRI,SAT",243,42
24887,Haridwar-Barmer Link Express,Exp,HW,BME,"SUN,MON,TUE,WED,THU,FRI,SAT",1169,132
24888,Barmer-Haridwar Link Express,Exp,BME,HW,"SUN,MON,TUE,WED,THU,FRI,SAT",1169,132
25014,Corbett Park Link Express,Exp,RMR,DLI,"SUN,MON,TUE,WED,THU,FRI,SAT",239,173
25036,Ramnagar Delhi Link Express,Exp,RMR,DLI,"SUN,MON,TUE,WED,THU,FRI,SAT",239,42
25202,Narkatiaganj Sugauli InterCity Link Express,Exp,NKE,SGL,"MON,TUE,WED,THU,FRI,SAT",59,7
25610,Jivachh Link Express,Exp,DBG,GHY,"SUN,MON,TUE,WED,THU,FRI,SAT",877,113
25715,Radhikapur Delhi Link Express,Exp,RDP,DLI,"SUN,MON,TUE,WED,THU,FRI,SAT",1372,212
28242,Chirmiri Durg Express Cum Pass,Exp,CHRM,DURG,"SUN,MON,TUE,WED,THU,FRI,SAT",381,51
28624,Barkakana Rajendranagar Slip Express,Exp,BRKA,RJPB,"SUN,MON,TUE,WED,THU,FRI,SAT",365,50
29019,Nimach Kota Link Exp,Exp,NMH,MTC,"SUN,MON,TUE,WED,THU,FRI,SAT",755,86
29020,Dehradun Express Slip,Exp,MTC,NMH,"SUN,MON,TUE,WED,THU,FRI,SAT",755,85
30145,BBD Bag-Krishnanagar Local,MEMU,BBDB,KNJ,"SUN,MON,TUE,WED,THU,FRI,SAT",102,35
31393,Sealdah-Kalyani Local,MEMU,SDAH,KYI,"SUN,MON,TUE,WED,THU,FRI,SAT",48,19
31511,Sealdah-Shantipur Local,Pass,SDAH,STB,"SUN,MON,TUE,WED,THU,FRI,SAT",93,30
31581,Sealdah-Shantipur-Krishnanagar City Local,MEMU,SDAH,KNJ,"SUN,MON,TUE,WED,THU,FRI,SAT",108,31
31801,Sealdah KNJ Ladies Special,Klkt,SDAH,KNJ,"SUN,MON,TUE,WED,THU,FRI,SAT",99,31
31921,SDAH GEDE LOCAL,MEMU,SDAH,GEDE,"SUN,MON,TUE,WED,THU,FRI,SAT",116,37
31923,SDAH GEDE LOCAL,MEMU,SDAH,GEDE,"SUN,MON,TUE,WED,THU,FRI,SAT",116,37
31925,SDAH GEDE LOCAL,MEMU,SDAH,GEDE,"SUN,MON,TUE,WED,THU,FRI,SAT",116,37
31927,Sealdah Gede EMU,MEMU,SDAH,GEDE,"SUN,MON,TUE,WED,THU,FRI,SAT",116,37
31929,Sealdah-Gede Local,MEMU,SDAH,GEDE,"SUN,MON,TUE,WED,THU,FRI,SAT",116,37
15657,KOLKATA SEALDAH - GUWAHATI KanchanJungha Exp,Exp,SDAH,GHY,"SUN,MON,TUE,WED,THU,FRI,SAT",975,181
23010,Doon Express,Exp,KTW,HWH,"SUN,MON,TUE,WED,THU,FRI,SAT",1461,225
23111,Danapur Express,Exp,GRD,DNR,"SUN,MON,TUE,WED,THU,FRI,SAT",298,47
23225,InterCity Link Express,Exp,SHC,DNR,"SUN,MON,TUE,WED,THU,FRI,SAT",229,43
23226,InterCity Link Express,Exp,DNR,SHC,"SUN,MON,TUE,WED,THU,FRI,SAT",229,43
23347,Palamu Express,Exp,SGRL,PNBE,"SUN,MON,TUE,WED,THU,FRI,SAT",481,58
23348,Palamau Express (Slip),Exp,GHD,SGRL,"SUN,MON,TUE,WED,THU,FRI,SAT",201,20
24227,Varuna Express,Exp,BSB,CNB,"SUN,TUE,WED,FRI,SAT",355,49
24228,Varuna Express,Exp,CNB,BSB,"SUN,TUE,WED,FRI,SAT",355,49
24369,Triveni Express,Exp,SKTN,BE,"SUN,MON,TUE,WED,THU,FRI,SAT",742,94
24370,Triveni Express,Exp,BE,SKTN,"SUN,MON,TUE,WED,THU,FRI,SAT",741,94
24370-Slip,Triveni Express Slip,Exp,BE,BRWD,"SUN,MON,TUE,WED,THU,FRI,SAT",862,101
25716,Garib Nawaz Express,Exp,KIR,RDP,"SUN,MON,TUE,WED,THU,FRI,SAT",92,21
28181,Barauni-Katihar Slip Express,Exp,BJU,KIR,"SUN,WED,SAT",180,20
28182,Katihar-Tatanagar Link Express,Exp,KIR,TATA,"MON,TUE,FRI",600,82
29059,Hapa InterCity Express,Exp,ST,HAPA,"SUN,MON,TUE,WED,THU,FRI,SAT",552,85
29060,Surat InterCity Express,Exp,HAPA,ST,"SUN,MON,TUE,WED,THU,FRI,SAT",552,85
31922,GEDE SDAH LOCAL,MEMU,GEDE,SDAH,"SUN,MON,TUE,WED,THU,FRI,SAT",116,37
31924,GEDE SDAH LOCAL,MEMU,GEDE,SDAH,"SUN,MON,TUE,WED,THU,FRI,SAT",116,37
31926,GEDE SDAH LOCAL,MEMU,GEDE,SDAH,"SUN,MON,TUE,WED,THU,FRI,SAT",116,37
31930,GEDE SDAH LOCAL,MEMU,GEDE,SDAH,"SUN,MON,TUE,WED,THU,FRI,SAT",116,37
32249,Sealdah-Dankuni Local,MEMU,SDAH,DKAE,"SUN,MON,TUE,WED,THU,FRI,SAT",22,10
33512,Hasanabad Sealdah EMU,MEMU,HNB,SDAH,"SUN,MON,TUE,WED,THU,FRI,SAT",0,31
33533,Sealdah-Hasnabad Local,MEMU,SDAH,BT,"SUN,MON,TUE,WED,THU,FRI,SAT",22,12
34166,Sealdah-Budge Budge Local,MEMU,SDAH,BGB,"SUN,MON,TUE,WED,THU,FRI,SAT",25,12
34431,Sonarpur Sealdah Local,MEMU,SPR,SDAH,"SUN,MON,TUE,WED,THU,FRI,SAT",16,9
34434,Sealdah-Sonarpur Local,MEMU,SDAH,SPR,"SUN,MON,TUE,WED,THU,FRI,SAT",16,9
34502,Sealdah Canning ladies special EMU,Klkt,SDAH,CG,"SUN,MON,TUE,WED,THU,FRI,SAT",45,18
34554,Sealdah-Canning Local,MEMU,SDAH,CG,"SUN,MON,TUE,WED,THU,FRI,SAT",45,18
34557,Canning Sealdah Local,MEMU,CG,SDAH,"SUN,MON,TUE,WED,THU,FRI,SAT",45,18
34793,Namkhana Sealdah Local,MEMU,NMKA,SDAH,"SUN,MON,TUE,WED,THU,FRI,SAT",108,33
34794,Sealdah-Namkhana Local,MEMU,SDAH,NMKA,"SUN,MON,TUE,WED,THU,FRI,SAT",108,33
34857,Diamond Harbour Sealdah Local,MEMU,DH,SDAH,"SUN,MON,TUE,WED,THU,FRI,SAT",59,25
34858,Sealdah-Diamond Harbour Local,MEMU,SDAH,DH,"SUN,MON,TUE,WED,THU,FRI,SAT",59,25
37397,Howrah-Singur Local,MEMU,HWH,SIU,"SUN,MON,TUE,WED,THU,FRI,SAT",33,13
37657,Howrah-Memari Local,MEMU,HWH,MYM,"SUN,MON,TUE,WED,THU,FRI,SAT",82,28
37658,Memari Howrah Local,MEMU,MYM,HWH,"SUN,MON,TUE,WED,THU,FRI,SAT",82,28
37857,Howrah-Barddhaman Non-Stop Local,MEMU,HWH,BWN,"SUN,MON,TUE,WED,THU,FRI,SAT",107,34
38401,Howrah Panskura EMU,MEMU,HWH,PKU,"SUN,MON,TUE,WED,THU,FRI,SAT",71,25
38403,Howrah Panskura EMU,MEMU,HWH,PKU,"SUN,MON,TUE,WED,THU,FRI,SAT",71,25
38405,Howrah Panskura EMU,MEMU,HWH,PKU,"SUN,MON,TUE,WED,THU,FRI,SAT",71,25
38411,Howrah Panskura EMU,MEMU,HWH,PKU,"SUN,MON,TUE,WED,THU,FRI,SAT",71,25
38413,Howrah Panskura EMU,MEMU,HWH,PKU,"SUN,MON,TUE,WED,THU,FRI,SAT",71,25
38417,Howrah Panskura EMU,MEMU,HWH,PKU,"SUN,MON,TUE,WED,THU,FRI,SAT",71,25
38419,Howrah Panskura EMU,MEMU,HWH,PKU,"SUN,MON,TUE,WED,THU,FRI,SAT",71,25
38423,Howrah Panskura EMU,MEMU,HWH,PKU,"SUN,MON,TUE,WED,THU,FRI,SAT",71,25
38429,Howrah Panskura EMU,MEMU,HWH,PKU,"SUN,MON,TUE,WED,THU,FRI,SAT",71,25
38433,Howrah Panskura EMU,MEMU,HWH,PKU,"SUN,MON,TUE,WED,THU,FRI,SAT",71,25
38443,Howrah Panskura EMU,MEMU,HWH,BOP,"SUN,MON,TUE,WED,THU,FRI,SAT",64,23
58124,Jharsuguda Sambalpur Passenger,Pass,JSG,SBP,"SUN,MON,TUE,WED,THU,FRI,SAT",50,7
18304,PURI - SAMBALPUR Intercity Exp,Exp,PURI,SBP,"SUN,MON,TUE,WED,THU,FRI,SAT",341,51
18312,VARANASI - SAMBALPUR Exp,Exp,BSB,SBP,TUE,896,134
37356,Tarakeswar Howrah Local,MEMU,TAK,HWH,"SUN,MON,TUE,WED,THU,FRI,SAT",57,21
37398,Singur Howrah Local,MEMU,SIU,HWH,"SUN,MON,TUE,WED,THU,FRI,SAT",33,13
38416,Panskura Howrah EMU,MEMU,PKU,HWH,"SUN,MON,TUE,WED,THU,FRI,SAT",71,25
38418,Panskura Howrah EMU,MEMU,PKU,HWH,"SUN,MON,TUE,WED,THU,FRI,SAT",71,25
38420,Panskura Howrah EMU,MEMU,PKU,HWH,"SUN,MON,TUE,WED,THU,FRI,SAT",71,25
38424,Panskura Howrah EMU,MEMU,PKU,HWH,"SUN,MON,TUE,WED,THU,FRI,SAT",71,25
38428,Panskura Howrah EMU,MEMU,PKU,HWH,"SUN,MON,TUE,WED,THU,FRI,SAT",71,25
38434,Panskura Howrah EMU,MEMU,PKU,HWH,"SUN,MON,TUE,WED,THU,FRI,SAT",71,25
38435,Howrah Panskura EMU,MEMU,HWH,PKU,"SUN,MON,TUE,WED,THU,FRI,SAT",71,25
38439,Howrah Panskura EMU,MEMU,HWH,PKU,"SUN,MON,TUE,WED,THU,FRI,SAT",71,25
38441,Howrah Panskura EMU,MEMU,HWH,PKU,"SUN,MON,TUE,WED,THU,FRI,SAT",71,25
38444,Panskura Howrah EMU,MEMU,PKU,HWH,"SUN,MON,TUE,WED,THU,FRI,SAT",71,25
38445,Howrah Panskura EMU,MEMU,HWH,PKU,"SUN,MON,TUE,WED,THU,FRI,SAT",71,25
38448,Panskura Howrah EMU,MEMU,PKU,HWH,"SUN,MON,TUE,WED,THU,FRI,SAT",71,25
38449,Howrah Panskura EMU,MEMU,HWH,PKU,"SUN,MON,TUE,WED,THU,FRI,SAT",71,25
38450,Panskura Howrah EMU,MEMU,PKU,HWH,"SUN,MON,TUE,WED,THU,FRI,SAT",71,25
38453,Howrah Panskura EMU,MEMU,HWH,PKU,"SUN,MON,TUE,WED,THU,FRI,SAT",71,25
38455,Howrah Panskura EMU,MEMU,HWH,PKU,"SUN,MON,TUE,WED,THU,FRI,SAT",71,25
38457,Howrah Panskura EMU,MEMU,HWH,PKU,"SUN,MON,TUE,WED,THU,FRI,SAT",71,25
38463,Howrah Panskura EMU,MEMU,HWH,PKU,"SUN,MON,TUE,WED,THU,FRI,SAT",71,25
38464,Panskura Howrah EMU,MEMU,PKU,HWH,"SUN,MON,TUE,WED,THU,FRI,SAT",71,25
38467,Howrah Panskura EMU,MEMU,HWH,PKU,"SUN,MON,TUE,WED,THU,FRI,SAT",71,25
38469,Howrah Panskura EMU,MEMU,HWH,PKU,"SUN,MON,TUE,WED,THU,FRI,SAT",71,25
38633,Howrah Kharagpur Ladies Special,Klkt,HWH,KGP,"SUN,MON,TUE,WED,THU,FRI,SAT",115,34
38821,Howrah-Kolaghat EMU,MEMU,HWH,KIG,"SUN,MON,TUE,WED,THU,FRI,SAT",55,20
38846,Kolaghat-Howrah EMU,MEMU,KIG,HWH,"SUN,MON,TUE,WED,THU,FRI,SAT",55,20
40021,Chennai Beach PallavaramEMU,MEMU,MSB,PV,"SUN,MON,TUE,WED,THU,FRI,SAT",27,16
40023,Chennai Beach St. Thomas Mount Fast EMU,MEMU,MSB,STM,"SUN,MON,TUE,WED,THU,FRI,SAT",17,12
40501,Chennai Beach Chengulpet EMU,MEMU,MSB,CGL,"SUN,MON,TUE,WED,THU,FRI,SAT",63,29
40503,Chennai Beach Chengulpet EMU,MEMU,MSB,CGL,"SUN,MON,TUE,WED,THU,FRI,SAT",60,29
40505,Chennai Beach Chengulpet EMU(12 car),MEMU,MSB,CGL,"SUN,MON,TUE,WED,THU,FRI,SAT",63,29
40507,Chennai Beach Chengulpet EMU,MEMU,MSB,CGL,"SUN,MON,TUE,WED,THU,FRI,SAT",63,29
40509,Chennai Beach Chengulpet EMU,MEMU,MSB,CGL,"SUN,MON,TUE,WED,THU,FRI,SAT",63,29
40511,Chennai Beach Chengulpet EMU,MEMU,MSB,CGL,"SUN,MON,TUE,WED,THU,FRI,SAT",63,29
40513,Chennai Beach Chengulpet EMU(12 car),MEMU,MSB,CGL,"SUN,MON,TUE,WED,THU,FRI,SAT",63,29
54056,Delhi Moradabad Passenger,Pass,DLI,MB,"SUN,MON,TUE,WED,THU,FRI,SAT",175,29
54305,Moradabad Hapur Passenger,Pass,MB,HPU,"SUN,MON,TUE,WED,THU,FRI,SAT",118,19
54307,Moradabad Delhi Passenger,Pass,MB,DLI,"SUN,MON,TUE,WED,THU,FRI,SAT",175,29
54314,Moradabad Chandausi Passenger,Pass,MB,CH,"SUN,MON,TUE,WED,THU,FRI,SAT",44,8
54315,Moradabad Sahranpur Passenger,Pass,MB,SRE,"SUN,MON,TUE,WED,THU,FRI,SAT",194,31
54395,MORADABAD - NAJIBABAD PASSENGER,Pass,MB,NBD,"SUN,MON,TUE,WED,THU,FRI,SAT",161,23
54398,Moradabad Sambahal Hatim Sarai Pass,Pass,MB,SHTS,"SUN,MON,TUE,WED,THU,FRI,SAT",45,9
55311,MORADABAD - KASHIPUR PASSENGER,Pass,MB,KPV,"SUN,MON,TUE,WED,THU,FRI,SAT",50,9
55323,MORADABAD - RAMNAGAR PASSENGER,Pass,MB,RMR,"SUN,MON,TUE,WED,THU,FRI,SAT",77,6
58127,Jharsuguda Sambalpur Passenger,Pass,JSG,SBP,"SUN,MON,TUE,WED,THU,FRI,SAT",50,7
58135,Jharsuguda Sambalpur Passenger,Pass,JSG,SBP,"SUN,MON,TUE,WED,THU,FRI,SAT",50,7
58137,Jharsuguda Sambalpur Passenger,Pass,JSG,SBP,"SUN,MON,TUE,WED,THU,FRI,SAT",50,7
12288,DEHRADUN - KOCHUVELI SF Express,SF,DDN,KCVL,"SUN,MON,TUE,WED,THU,FRI,SAT",3459,459
12665,HOWRAH - KANNIYAKUMARI SF Exp,SF,HWH,CAPE,MON,2431,420
12778,TRIVANDRUM KOCHUVELI - HUBLI SF Exp,SF,KCVL,UBL,THU,1307,195
14707,BIKANER - MUMBAI BANDRA Ranakpur Exp,Exp,BKN,BDTS,"SUN,MON,TUE,WED,THU,FRI,SAT",1212,202
16352,NAGERCOIL - MUMBAI CST Balaji Exp,Exp,NCJ,CSTM,"SUN,THU",1967,299
16723,CHENNAI EGMORE - TRIVANDRUM Anantapuri Exp,Exp,MS,TVC,"SUN,MON,TUE,WED,THU,FRI,SAT",798,133
38468,Panskura Howrah EMU,MEMU,PKU,HWH,"SUN,MON,TUE,WED,THU,FRI,SAT",71,25
38470,Panskura Howrah EMU,MEMU,PKU,HWH,"SUN,MON,TUE,WED,THU,FRI,SAT",71,25
40515,Chennai Beach Chengulpet EMU,MEMU,MSB,CGL,"SUN,MON,TUE,WED,THU,FRI,SAT",63,29
40517,Chennai Beach Chengulpet EMU(12 car),MEMU,MSB,CGL,"SUN,MON,TUE,WED,THU,FRI,SAT",63,29
40519,Chennai Beach Chengulpet EMU,MEMU,MSB,CGL,"SUN,MON,TUE,WED,THU,FRI,SAT",59,29
40701,Chennai Beach Tirumalpur EMU,MEMU,MSB,TMLP,"SUN,MON,TUE,WED,THU,FRI,SAT",112,38
40705,Chennai Beach Tirumalpur local,MEMU,MSB,TMLP,"SUN,MON,TUE,WED,THU,FRI,SAT",108,38
40707,Chennai Beach Tirumalpur Fast EMU,MEMU,MSB,TMLP,"SUN,MON,TUE,WED,THU,FRI,SAT",108,38
40711,Chennai Beach Tirumalpur Semi Fast EMU,MEMU,MSB,TMLP,"SUN,MON,TUE,WED,THU,FRI,SAT",108,38
41001,Chennai Beach Velachery EMU,MEMU,MSB,VLCY,"SUN,MON,TUE,WED,THU,FRI,SAT",18,17
41003,Chennai Beach Velachery EMU,MEMU,MSB,VLCY,"SUN,MON,TUE,WED,THU,FRI,SAT",18,17
41005,Chennai Beach Velachery EMU,MEMU,MSB,VLCY,"SUN,MON,TUE,WED,THU,FRI,SAT",18,17
41007,Chennai Beach Velachery EMU,MEMU,MSB,VLCY,"SUN,MON,TUE,WED,THU,FRI,SAT",18,17
41009,Chennai Beach Velachery EMU,MEMU,MSB,VLCY,"SUN,MON,TUE,WED,THU,FRI,SAT",18,17
41011,Chennai Beach Velachery EMU,MEMU,MSB,VLCY,"SUN,MON,TUE,WED,THU,FRI,SAT",18,17
41013,Chennai Beach Velachery EMU,MEMU,MSB,VLCY,"SUN,MON,TUE,WED,THU,FRI,SAT",18,17
41015,Chennai Beach Velachery EMU,MEMU,MSB,VLCY,"SUN,MON,TUE,WED,THU,FRI,SAT",18,17
41017,Chennai Beach Velachery EMU,MEMU,MSB,VLCY,"SUN,MON,TUE,WED,THU,FRI,SAT",18,17
41019,Chennai Beach Velachery EMU,MEMU,MSB,VLCY,"SUN,MON,TUE,WED,THU,FRI,SAT",18,17
41023,Chennai Beach Velachery EMU,MEMU,MSB,VLCY,"SUN,MON,TUE,WED,THU,FRI,SAT",18,17
41025,Chennai Beach Velachery EMU,MEMU,MSB,VLCY,"SUN,MON,TUE,WED,THU,FRI,SAT",18,17
41027,Chennai Beach Velachery EMU,MEMU,MSB,VLCY,"SUN,MON,TUE,WED,THU,FRI,SAT",18,17
41029,Chennai Beach Velachery EMU,MEMU,MSB,VLCY,"SUN,MON,TUE,WED,THU,FRI,SAT",18,17
41031,Chennai Beach Velachery EMU,MEMU,MSB,VLCY,"SUN,MON,TUE,WED,THU,FRI,SAT",18,17
41033,Chennai Beach Velachery EMU,MEMU,MSB,VLCY,"SUN,MON,TUE,WED,THU,FRI,SAT",18,17
41035,Chennai Beach Velachery EMU,MEMU,MSB,VLCY,"SUN,MON,TUE,WED,THU,FRI,SAT",18,17
41037,Chennai Beach Velachery EMU,MEMU,MSB,VLCY,"SUN,MON,TUE,WED,THU,FRI,SAT",18,17
41039,Chennai Beach Velachery EMU,MEMU,MSB,VLCY,"SUN,MON,TUE,WED,THU,FRI,SAT",18,17
41041,Chennai Beach Velachery EMU,MEMU,MSB,VLCY,"SUN,MON,TUE,WED,THU,FRI,SAT",18,17
41043,Chennai Beach Velachery EMU,MEMU,MSB,VLCY,"SUN,MON,TUE,WED,THU,FRI,SAT",18,17
41045,Chennai Beach Velachery EMU,MEMU,MSB,VLCY,"SUN,MON,TUE,WED,THU,FRI,SAT",18,17
41047,Chennai Beach Velachery EMU,MEMU,MSB,VLCY,"SUN,MON,TUE,WED,THU,FRI,SAT",18,17
41049,Chennai Beach Velachery EMU,MEMU,MSB,VLCY,"SUN,MON,TUE,WED,THU,FRI,SAT",18,17
41051,Chennai Beach Velachery EMU,MEMU,MSB,VLCY,"SUN,MON,TUE,WED,THU,FRI,SAT",18,17
41053,Chennai Beach Velachery EMU,MEMU,MSB,VLCY,"SUN,MON,TUE,WED,THU,FRI,SAT",18,17
41055,Chennai Beach Velachery EMU,MEMU,MSB,VLCY,"SUN,MON,TUE,WED,THU,FRI,SAT",18,17
55303,MORADABAD - KATHGODAM Pass,Pass,MB,KGM,"SUN,MON,TUE,WED,THU,FRI,SAT",131,18
55305,MORADABAD - RAMNAGAR Fast Passenger,Pass,MB,RMR,"SUN,MON,TUE,WED,THU,FRI,SAT",77,14
55307,MORADABAD - RAMNAGAR PASSENGER,Pass,MB,RMR,"SUN,MON,TUE,WED,THU,FRI,SAT",76,8
55309,MORADABAD - RAMNAGAR PASSENGER,Pass,MB,RMR,"SUN,MON,TUE,WED,THU,FRI,SAT",77,12
55321,MORADABAD - RAMNAGAR PASSENGER,Pass,MB,RMR,"SUN,MON,TUE,WED,THU,FRI,SAT",77,12
40516,Chengulpet Chennai Beach Semi Fast EMU (12 Car),MEMU,CGL,MSB,"SUN,MON,TUE,WED,THU,FRI,SAT",59,29
40518,Chengulpet Chennai Beach Semi Fast EMU (12 Car),MEMU,CGL,MSB,"SUN,MON,TUE,WED,THU,FRI,SAT",59,29
40520,Chengulpet Chennai Beach Semi Fast EMU (12 Car),MEMU,CGL,MSB,"SUN,MON,TUE,WED,THU,FRI,SAT",59,29
40521,Chennai Beach Chengulpet EMU,MEMU,MSB,CGL,"SUN,MON,TUE,WED,THU,FRI,SAT",59,29
40522,Chengulpet Chennai Beach Semi Fast EMU (12 Car),MEMU,CGL,MSB,"SUN,MON,TUE,WED,THU,FRI,SAT",59,29
40523,Chennai Beach Chengulpet EMU,MEMU,MSB,CGL,"SUN,MON,TUE,WED,THU,FRI,SAT",59,29
40524,Chengulpet Chennai Beach EMU,MEMU,CGL,MSB,"SUN,MON,TUE,WED,THU,FRI,SAT",59,29
40526,Chengulpet Chennai Beach Fast EMU,MEMU,CGL,MSB,"SUN,MON,TUE,WED,THU,FRI,SAT",59,29
40601,Chennai Beach Chengulpet EMU,MEMU,MSB,CGL,"SUN,MON,TUE,WED,THU,FRI,SAT",63,29
40704,Tirumalpur Chennai Beach Fast EMU,MEMU,TMLP,MSB,"SUN,MON,TUE,WED,THU,FRI,SAT",108,38
40706,Tirumalpur Chennai Beach Fast EMU,MEMU,TMLP,MSB,"SUN,MON,TUE,WED,THU,FRI,SAT",108,38
41059,Chennai Beach Velachery EMU,MEMU,MSB,VLCY,"SUN,MON,TUE,WED,THU,FRI,SAT",19,17
41063,Chennai Beach Velachery EMU,Pass,MSB,VLCY,"SUN,MON,TUE,WED,THU,FRI,SAT",18,17
41067,Chennai Beach Velachery EMU,Pass,MSB,VLCY,"SUN,MON,TUE,WED,THU,FRI,SAT",18,17
41069,Chennai Beach Velachery EMU,Pass,MSB,VLCY,"SUN,MON,TUE,WED,THU,FRI,SAT",18,17
41071,Chennai Beach Velachery EMU,Pass,MSB,VLCY,"SUN,MON,TUE,WED,THU,FRI,SAT",18,17
41073,Chennai Beach Velachery EMU,Pass,MSB,VLCY,"SUN,MON,TUE,WED,THU,FRI,SAT",18,17
41075,Chennai Beach Velachery EMU,Pass,MSB,VLCY,"SUN,MON,TUE,WED,THU,FRI,SAT",18,17
41077,Chennai Beach Velachery EMU,Pass,MSB,VLCY,"SUN,MON,TUE,WED,THU,FRI,SAT",18,17
41079,Chennai Beach Velachery EMU,Pass,MSB,VLCY,"SUN,MON,TUE,WED,THU,FRI,SAT",18,17
41081,Chennai Beach Velachery EMU,Pass,MSB,VLCY,"SUN,MON,TUE,WED,THU,FRI,SAT",18,17
41083,Chennai Beach Velachery EMU,Pass,MSB,VLCY,"SUN,MON,TUE,WED,THU,FRI,SAT",18,17
41085,Chennai Beach Velachery EMU,Pass,MSB,VLCY,"SUN,MON,TUE,WED,THU,FRI,SAT",18,17
41087,Chennai Beach Velachery EMU,Pass,MSB,VLCY,"SUN,MON,TUE,WED,THU,FRI,SAT",18,17
41089,Chennai Beach Velachery EMU,Pass,MSB,VLCY,"SUN,MON,TUE,WED,THU,FRI,SAT",18,17
41091,Chennai Beach Velachery EMU,Pass,MSB,VLCY,"SUN,MON,TUE,WED,THU,FRI,SAT",18,17
41093,Chennai Beach Velachery EMU,Pass,MSB,VLCY,"SUN,MON,TUE,WED,THU,FRI,SAT",18,17
41095,Chennai Beach Velachery EMU,Pass,MSB,VLCY,"SUN,MON,TUE,WED,THU,FRI,SAT",18,17
41097,Chennai Beach Velachery EMU,Pass,MSB,VLCY,"SUN,MON,TUE,WED,THU,FRI,SAT",18,17
41099,Chennai Beach Velachery EMU,Pass,MSB,VLCY,"SUN,MON,TUE,WED,THU,FRI,SAT",18,17
41101,Chennai Beach Velachery EMU,Pass,MSB,VLCY,"SUN,MON,TUE,WED,THU,FRI,SAT",18,17
41103,Chennai Beach Velachery EMU,Pass,MSB,VLCY,"SUN,MON,TUE,WED,THU,FRI,SAT",18,17
41105,Chennai Beach Velachery EMU,Pass,MSB,VLCY,"SUN,MON,TUE,WED,THU,FRI,SAT",18,17
41107,Chennai Beach Velachery EMU,Pass,MSB,VLCY,"SUN,MON,TUE,WED,THU,FRI,SAT",18,17
41109,Chennai Beach Velachery EMU,Pass,MSB,VLCY,"SUN,MON,TUE,WED,THU,FRI,SAT",18,17
41111,Chennai Beach Velachery EMU,Pass,MSB,VLCY,"SUN,MON,TUE,WED,THU,FRI,SAT",18,17
41113,Chennai Beach Velachery EMU,Pass,MSB,VLCY,"SUN,MON,TUE,WED,THU,FRI,SAT",18,17
41115,Chennai Beach Velachery EMU,Pass,MSB,VLCY,"SUN,MON,TUE,WED,THU,FRI,SAT",18,17
41117,Chennai Beach Velachery EMU,MEMU,MSB,VLCY,"SUN,MON,TUE,WED,THU,FRI,SAT",18,17
41119,Chennai Beach Velachery EMU,MEMU,MSB,VLCY,"SUN,MON,TUE,WED,THU,FRI,SAT",18,17
41121,Chennai Beach Velachery EMU,MEMU,MSB,VLCY,"SUN,MON,TUE,WED,THU,FRI,SAT",18,17
41123,Chennai Beach Velachery EMU,MEMU,MSB,VLCY,"SUN,MON,TUE,WED,THU,FRI,SAT",18,17
42404,Spe-Mas Emu Local,MEMU,SPE,MAS,"SUN,MON,TUE,WED,THU,FRI,SAT",83,22
42406,Spe-Mas Emu Local,MEMU,SPE,MAS,"SUN,MON,TUE,WED,THU,FRI,SAT",83,22
42408,Sullurpetta Chennai Central EMU,MEMU,SPE,MAS,"SUN,MON,TUE,WED,THU,FRI,SAT",83,22
52941,GANDHIGRAM - SBI-BTD PASSENGER,Pass,GG,BTDF,"SUN,MON,TUE,WED,THU,FRI,SAT",155,18
54308,Delhi Moradabad Passenger,Pass,DLI,MB,"SUN,MON,TUE,WED,THU,FRI,SAT",175,29
41064,VLCY MSB LOCAL,Pass,VLCY,MSB,"SUN,MON,TUE,WED,THU,FRI,SAT",0,17
41066,Velachery Chennai Local,Pass,VLCY,MSB,"SUN,MON,TUE,WED,THU,FRI,SAT",0,17
41112,Velachery Chennai Beach Passenger,Pass,VLCY,MSB,"SUN,MON,TUE,WED,THU,FRI,SAT",0,17
41125,Chennai Beach Velachery EMU,MEMU,MSB,VLCY,"SUN,MON,TUE,WED,THU,FRI,SAT",18,17
41127,Chennai Beach Velachery EMU,Pass,MSB,VLCY,"SUN,MON,TUE,WED,THU,FRI,SAT",18,17
41129,Chennai Beach Velachery EMU,MEMU,MSB,VLCY,"SUN,MON,TUE,WED,THU,FRI,SAT",18,17
41131,Chennai Beach Velachery EMU,MEMU,MSB,VLCY,"SUN,MON,TUE,WED,THU,FRI,SAT",18,17
41133,Chennai Beach Velachery EMU,Pass,MSB,VLCY,"SUN,MON,TUE,WED,THU,FRI,SAT",18,17
41505,Chennai Beach Velachery Sunday EMU,MEMU,MSB,VLCY,"SUN,MON,TUE,WED,THU,FRI,SAT",18,17
41507,Chennai Beach Velachery Sunday EMU,MEMU,MSB,VLCY,"SUN,MON,TUE,WED,THU,FRI,SAT",18,17
42412,Spe-Mas Emu Local,MEMU,SPE,MAS,"SUN,MON,TUE,WED,THU,FRI,SAT",83,22
42414,Spe-Mas Emu Local,MEMU,SPE,MAS,"SUN,MON,TUE,WED,THU,FRI,SAT",83,22
42416,Spe-Mas Emu Local,MEMU,SPE,MAS,"SUN,MON,TUE,WED,THU,FRI,SAT",83,22
42420,Sullurpeta Chennai EMU,MEMU,SPE,MAS,"SUN,MON,TUE,WED,THU,FRI,SAT",83,22
42422,Spe-Mas Emu Local,MEMU,SPE,MAS,"SUN,MON,TUE,WED,THU,FRI,SAT",83,22
42452,Sullupetta Gummidipoondi EMU,MEMU,SPE,GPD,"SUN,MON,TUE,WED,THU,FRI,SAT",35,6
42802,Spe-Msb Emu local,MEMU,SPE,MSB,"SUN,MON,TUE,WED,THU,FRI,SAT",83,23
43205,Chennai Central Tiruvallur EMU,MEMU,MAS,TRL,"SUN,MON,TUE,WED,THU,FRI,SAT",42,21
43216,Tiruvallur Chennai Central Fast,MEMU,TRL,MAS,"SUN,MON,TUE,WED,THU,FRI,SAT",41,21
43222,Tiruvallur Chennai Central Fast,MEMU,TRL,MAS,"SUN,MON,TUE,WED,THU,FRI,SAT",41,21
43401,Chennai Central Arakkonam Fast,MEMU,MAS,AJJ,"SUN,MON,TUE,WED,THU,FRI,SAT",68,29
43408,Arakkonam chennai Central Fast,MEMU,AJJ,MAS,"SUN,MON,TUE,WED,THU,FRI,SAT",68,29
43501,Chennai tiruttani EMU,MEMU,MAS,TRT,"SUN,MON,TUE,WED,THU,FRI,SAT",82,30
43506,Tiruttani Chennai Central Local,Pass,TRT,MAS,"SUN,MON,TUE,WED,THU,FRI,SAT",83,30
43551,Arakkonam Tiruttani EMU,MEMU,AJJ,TRT,"SUN,MON,TUE,WED,THU,FRI,SAT",14,2
43552,Tiruttani Arakkonam EMU,MEMU,TRT,AJJ,"SUN,MON,TUE,WED,THU,FRI,SAT",14,2
43553,Arakkonam Tiruttani EMU,MEMU,AJJ,TRT,"SUN,MON,TUE,WED,THU,FRI,SAT",14,2
43554,Tiruttani Arakkonam EMU,MEMU,TRT,AJJ,"SUN,MON,TUE,WED,THU,FRI,SAT",14,2
43801,Chennai Beach Arakkonam EMU,MEMU,MSB,AJJ,"SUN,MON,TUE,WED,THU,FRI,SAT",70,30
43803,Chennai Beach Arakkonam EMU,MEMU,MSB,AJJ,"SUN,MON,TUE,WED,THU,FRI,SAT",69,30
43806,Arakkonam chennai Beach Fast,MEMU,AJJ,MSB,"SUN,MON,TUE,WED,THU,FRI,SAT",69,29
43823,Chennai Beach Tiruttani Fast,MEMU,MSB,TRT,"SUN,MON,TUE,WED,THU,FRI,SAT",83,30
43851,Ponneri Tiruvallur EMU,MEMU,PON,TRL,"SUN,MON,TUE,WED,THU,FRI,SAT",71,33
43892,Pattabiram East Avadi EMU,MEMU,PRES,AVD,"SUN,MON,TUE,WED,THU,FRI,SAT",10,4
43921,Tiruvallur Kadambattur EMU,MEMU,TRL,KBT,"SUN,MON,TUE,WED,THU,FRI,SAT",6,3
47101,Hyderabad Lingampalli MMTS,Hyd,HYB,LPI,"SUN,MON,TUE,WED,THU,FRI,SAT",25,14
47102,Hyderabad Lingampalli MMTS,Hyd,HYB,LPI,"SUN,MON,TUE,WED,THU,FRI,SAT",25,14
47103,Hyderabad Lingampalli MMTS,Hyd,HYB,LPI,"SUN,MON,TUE,WED,THU,FRI,SAT",25,14
47104,Hyderabad Lingampalli MMTS,Hyd,HYB,LPI,"SUN,MON,TUE,WED,THU,FRI,SAT",25,14
47105,Hyderabad Lingampalli MMTS,Hyd,HYB,LPI,"SUN,MON,TUE,WED,THU,FRI,SAT",25,14
47106,Hyderabad Lingampalli MMTS,Hyd,HYB,LPI,"SUN,MON,TUE,WED,THU,FRI,SAT",25,14
47107,Hyderabad Lingampalli MMTS,Hyd,HYB,LPI,"SUN,MON,TUE,WED,THU,FRI,SAT",25,14
47108,Hyderabad Lingampalli MMTS,Hyd,HYB,LPI,"SUN,MON,TUE,WED,THU,FRI,SAT",25,14
47109,Hyderabad Lingampalli MMTS,Hyd,HYB,LPI,"SUN,MON,TUE,WED,THU,FRI,SAT",24,14
47110,Hyderabad Lingampalli MMTS,Hyd,HYB,LPI,"SUN,MON,TUE,WED,THU,FRI,SAT",24,14
47111,Hyderabad Lingampalli MMTS,Hyd,HYB,LPI,"SUN,MON,TUE,WED,THU,FRI,SAT",25,14
47112,Hyderabad Lingampalli MMTS,Hyd,HYB,LPI,"SUN,MON,TUE,WED,THU,FRI,SAT",25,14
54313,Chandausi Moradabad Passenger,Pass,CH,MB,"SUN,MON,TUE,WED,THU,FRI,SAT",44,8
12952,Mumbai Rajdhani Express,Raj,NDLS,BCT,"SUN,MON,TUE,WED,THU,FRI,SAT",1384,202
22404,New Delhi-Puducherry SF Exp,SF,NDLS,PDY,SUN,2384,322
47113,Hyderabad Lingampalli MMTS,Hyd,HYB,LPI,"SUN,MON,TUE,WED,THU,FRI,SAT",25,14
47114,Hyderabad Lingampalli MMTS,Hyd,HYB,LPI,"SUN,MON,TUE,WED,THU,FRI,SAT",25,14
47116,Hyderabad Lingampalli MMTS,Hyd,HYB,LPI,"SUN,MON,TUE,WED,THU,FRI,SAT",25,14
47117,Hyderabad Lingampalli MMTS,Hyd,HYB,LPI,"SUN,MON,TUE,WED,THU,FRI,SAT",25,14
47118,Hyderabad Lingampalli MMTS,Hyd,HYB,LPI,"SUN,MON,TUE,WED,THU,FRI,SAT",25,14
47119,Hyderabad Lingampalli MMTS,Hyd,HYB,LPI,"SUN,MON,TUE,WED,THU,FRI,SAT",25,14
47120,Hyderabad Lingampalli MMTS,Hyd,HYB,LPI,"SUN,MON,TUE,WED,THU,FRI,SAT",25,14
47121,Hyderabad Lingampalli MMTS,Hyd,HYB,LPI,"SUN,MON,TUE,WED,THU,FRI,SAT",25,14
47122,Hyderabad Lingampalli MMTS,Hyd,HYB,LPI,"SUN,MON,TUE,WED,THU,FRI,SAT",25,14
47127,Lingampalli Hyderabad MMTS,Hyd,LPI,HYB,"SUN,MON,TUE,WED,THU,FRI,SAT",25,14
47128,Lingampalli Hyderabad MMTS,Hyd,LPI,HYB,"SUN,MON,TUE,WED,THU,FRI,SAT",25,14
47129,Lingampalli Hyderabad MMTS,Hyd,LPI,HYB,"SUN,MON,TUE,WED,THU,FRI,SAT",25,14
47130,Lingampalli Hyderabad MMTS,Hyd,LPI,HYB,"SUN,MON,TUE,WED,THU,FRI,SAT",25,14
47132,Lingampalli Hyderabad MMTS,Hyd,LPI,HYB,"SUN,MON,TUE,WED,THU,FRI,SAT",25,14
47133,Lingampalli Hyderabad MMTS,Hyd,LPI,HYB,"SUN,MON,TUE,WED,THU,FRI,SAT",25,14
47134,Lingampalli Hyderabad MMTS,Hyd,LPI,HYB,"SUN,MON,TUE,WED,THU,FRI,SAT",24,14
47135,Lingampalli Hyderabad MMTS,Hyd,LPI,HYB,"SUN,MON,TUE,WED,THU,FRI,SAT",24,14
47136,Lingampalli Hyderabad MMTS,Hyd,LPI,HYB,"SUN,MON,TUE,WED,THU,FRI,SAT",24,14
47137,Lingampalli Hyderabad MMTS,Hyd,LPI,HYB,"SUN,MON,TUE,WED,THU,FRI,SAT",25,14
47138,Lingampalli Hyderabad MMTS,Hyd,LPI,HYB,"SUN,MON,TUE,WED,THU,FRI,SAT",25,14
47139,Lingampalli Hyderabad MMTS,Hyd,LPI,HYB,"SUN,MON,TUE,WED,THU,FRI,SAT",25,14
47140,Lingampalli Hyderabad MMTS,Hyd,LPI,HYB,"SUN,MON,TUE,WED,THU,FRI,SAT",25,14
47141,Lingampalli Hyderabad MMTS,Hyd,LPI,HYB,"SUN,MON,TUE,WED,THU,FRI,SAT",25,14
47142,Lingampalli Hyderabad MMTS,Hyd,LPI,HYB,"SUN,MON,TUE,WED,THU,FRI,SAT",25,14
47149,Falaknuma Lingampalli MMTS,Hyd,FM,LPI,"SUN,MON,TUE,WED,THU,FRI,SAT",37,23
47150,Falaknuma Lingampalli MMTS,Hyd,FM,LPI,"SUN,MON,TUE,WED,THU,FRI,SAT",37,23
47151,Falaknuma Lingampalli MMTS,Hyd,FM,LPI,"SUN,MON,TUE,WED,THU,FRI,SAT",37,23
47152,MATRABHOOMI LADIES SPL MMTS,Hyd,FM,LPI,"SUN,MON,TUE,WED,THU,FRI,SAT",37,23
47153,Falaknuma Lingampalli MMTS,Hyd,FM,LPI,"SUN,MON,TUE,WED,THU,FRI,SAT",37,23
47154,Falaknuma Lingampalli MMTS,Hyd,FM,LPI,"SUN,MON,TUE,WED,THU,FRI,SAT",37,23
47155,Falaknuma Lingampalli MMTS,Hyd,FM,LPI,"SUN,MON,TUE,WED,THU,FRI,SAT",37,23
47156,Falaknuma Lingampalli MMTS*,Hyd,FM,LPI,"SUN,MON,TUE,WED,THU,FRI,SAT",37,23
47157,Falaknuma Lingampalli MMTS,Hyd,FM,LPI,"SUN,MON,TUE,WED,THU,FRI,SAT",37,23
47158,Falaknuma Lingampalli MMTS,Hyd,FM,LPI,"SUN,MON,TUE,WED,THU,FRI,SAT",37,23
47159,Lingampalli Falaknuma MMTS,Hyd,LPI,FM,"SUN,MON,TUE,WED,THU,FRI,SAT",37,23
47160,Falaknuma Lingampalli MMTS,Hyd,FM,LPI,"SUN,MON,TUE,WED,THU,FRI,SAT",37,23
47161,Falaknuma Lingampalli MMTS,Hyd,FM,LPI,"SUN,MON,TUE,WED,THU,FRI,SAT",37,23
47162,Falaknuma Lingampalli MMTS,Hyd,FM,LPI,"SUN,MON,TUE,WED,THU,FRI,SAT",37,23
47163,Falaknuma Lingampalli MMTS,Hyd,FM,LPI,"SUN,MON,TUE,WED,THU,FRI,SAT",37,23
47164,Falaknuma Lingampalli MMTS,Hyd,FM,LPI,"SUN,MON,TUE,WED,THU,FRI,SAT",37,23
47165,Falaknuma Lingampalli MMTS,Hyd,FM,LPI,"SUN,MON,TUE,WED,THU,FRI,SAT",37,23
47166,Falaknuma Lingampalli MMTS,Hyd,FM,LPI,"SUN,MON,TUE,WED,THU,FRI,SAT",37,23
47168,Secunderabad Lingampalli MMTS,Hyd,FM,SC,"SUN,MON,TUE,WED,THU,FRI,SAT",14,11
47170,Falaknuma Lingampalli MMTS,Hyd,FM,LPI,"SUN,MON,TUE,WED,THU,FRI,SAT",37,23
47171,Lingampalli Falaknuma MMTS,Hyd,LPI,FM,"SUN,MON,TUE,WED,THU,FRI,SAT",37,23
47124,Hyderabad Lingampalli MMTS,Hyd,HYB,LPI,"SUN,MON,TUE,WED,THU,FRI,SAT",25,14
47125,Hyderabad Lingampalli MMTS,Hyd,HYB,LPI,"SUN,MON,TUE,WED,THU,FRI,SAT",25,14
47143,Lingampalli Hyderabad MMTS,Hyd,LPI,HYB,"SUN,MON,TUE,WED,THU,FRI,SAT",25,14
47144,Lingampalli Hyderabad MMTS,Hyd,LPI,HYB,"SUN,MON,TUE,WED,THU,FRI,SAT",25,14
47145,Lingampalli Hyderabad MMTS,Hyd,LPI,HYB,"SUN,MON,TUE,WED,THU,FRI,SAT",25,14
47146,Lingampalli Hyderabad MMTS,Hyd,LPI,HYB,"SUN,MON,TUE,WED,THU,FRI,SAT",25,14
47147,Lingampalli Hyderabad MMTS,Hyd,LPI,HYB,"SUN,MON,TUE,WED,THU,FRI,SAT",25,14
47148,Lingampalli Hyderabad MMTS,Hyd,LPI,HYB,"SUN,MON,TUE,WED,THU,FRI,SAT",25,14
47174,Lingampalli Falaknuma MMTS,Hyd,LPI,FM,"SUN,MON,TUE,WED,THU,FRI,SAT",37,23
47175,Lingampalli Falaknuma MMTS,Hyd,LPI,FM,"SUN,MON,TUE,WED,THU,FRI,SAT",37,23
47176,Lingampalli Falaknuma MMTS,Hyd,LPI,FM,"SUN,MON,TUE,WED,THU,FRI,SAT",37,22
47177,Lingampalli Falaknuma MMTS,Hyd,LPI,FM,"SUN,MON,TUE,WED,THU,FRI,SAT",37,23
47178,Lingampalli Falaknuma MMTS,Hyd,LPI,FM,"SUN,MON,TUE,WED,THU,FRI,SAT",37,23
47179,Lingampalli Falaknuma MMTS,Hyd,LPI,FM,"SUN,MON,TUE,WED,THU,FRI,SAT",40,23
47180,Lingampalli Falaknuma MMTS,Hyd,LPI,FM,"SUN,MON,TUE,WED,THU,FRI,SAT",37,23
47181,Lingampalli Falaknuma MMTS,Hyd,LPI,FM,"SUN,MON,TUE,WED,THU,FRI,SAT",37,23
47182,Lingampalli Falaknuma MMTS,Hyd,LPI,FM,"SUN,MON,TUE,WED,THU,FRI,SAT",37,23
47183,Lingampalli Falaknuma MMTS,Hyd,LPI,FM,"SUN,MON,TUE,WED,THU,FRI,SAT",37,23
47184,Lingampalli Falaknuma MMTS,Hyd,LPI,FM,"SUN,MON,TUE,WED,THU,FRI,SAT",37,23
47185,Lingampalli Falaknuma MMTS,Hyd,LPI,FM,"SUN,MON,TUE,WED,THU,FRI,SAT",37,23
47187,Lingampalli Falaknuma MMTS,Hyd,LPI,FM,"SUN,MON,TUE,WED,THU,FRI,SAT",37,23
47188,Lingampalli Falaknuma Matrabhoomi Ladies MMTS,Hyd,LPI,FM,"SUN,MON,TUE,WED,THU,FRI,SAT",37,23
47189,Lingampalli Falaknuma MMTS,Hyd,LPI,FM,"SUN,MON,TUE,WED,THU,FRI,SAT",37,23
47190,Lingampalli-Falaknuma Matrubhoomi Ladies Spl MMTS,Hyd,LPI,FM,"SUN,MON,TUE,WED,THU,FRI,SAT",37,23
47191,Lingampalli Falaknuma MMTS,Hyd,LPI,FM,"SUN,MON,TUE,WED,THU,FRI,SAT",37,23
47192,Lingampalli Falaknuma MMTS,Hyd,LPI,FM,"SUN,MON,TUE,WED,THU,FRI,SAT",37,23
47195,Lingampalli Secunderabad MMTS,Hyd,LPI,SC,"SUN,MON,TUE,WED,THU,FRI,SAT",23,13
47196,Secunderabad Hyderabad MMTS,Hyd,SC,HYB,"SUN,MON,TUE,WED,THU,FRI,SAT",8,8
47197,Falaknuma Hyderabad MMTS,Hyd,FM,HYB,"SUN,MON,TUE,WED,THU,FRI,SAT",22,18
47198,Falaknuma Secunderabad MMTS,Hyd,FM,LPI,"SUN,MON,TUE,WED,THU,FRI,SAT",37,23
47199,Falaknuma Hyderabad MMTS,Hyd,FM,HYB,"SUN,MON,TUE,WED,THU,FRI,SAT",22,18
47200,Falaknuma Hyderabad MMTS,Hyd,FM,HYB,"SUN,MON,TUE,WED,THU,FRI,SAT",22,18
47201,Falaknuma Hyderabad MMTS,Hyd,FM,HYB,"SUN,MON,TUE,WED,THU,FRI,SAT",22,18
47202,Falaknuma Hyderabad MMTS,Hyd,FM,HYB,"SUN,MON,TUE,WED,THU,FRI,SAT",22,18
47203,Falaknuma Lingampalli MMTS,Hyd,FM,LPI,"SUN,MON,TUE,WED,THU,FRI,SAT",37,23
47204,Falaknuma Secunderabad MMTS,Hyd,FM,SC,"SUN,MON,TUE,WED,THU,FRI,SAT",14,11
47206,HYB Falaknuma Local,Hyd,HYB,FM,"SUN,MON,TUE,WED,THU,FRI,SAT",22,18
47208,Hyderabad Falaknuma MMTS,Hyd,HYB,FM,"SUN,MON,TUE,WED,THU,FRI,SAT",22,18
47209,Hyderabad Falaknuma MMTS,Hyd,HYB,FM,"SUN,MON,TUE,WED,THU,FRI,SAT",22,18
47211,Falaknuma - Lingampalli Mathrubhoomi (LAdies Spl),Hyd,FM,LPI,"SUN,MON,TUE,WED,THU,FRI,SAT",37,23
47214,Falaknuma - Lingampalli MMTS,Hyd,FM,LPI,"SUN,MON,TUE,WED,THU,FRI,SAT",37,23
47216,Falaknuma - Lingampalli MMTS,Hyd,FM,LPI,"SUN,MON,TUE,WED,THU,FRI,SAT",37,23
47218,Falaknuma - Lingampalli MMTS,Hyd,FM,LPI,"SUN,MON,TUE,WED,THU,FRI,SAT",37,23
47220,Falaknuma - Lingampalli MMTS,Hyd,FM,LPI,"SUN,MON,TUE,WED,THU,FRI,SAT",37,23
50104,Ratnagiri Dadar Passenger,Pass,RN,DR,"SUN,MON,TUE,WED,THU,FRI,SAT",422,48
54306,Hapur Moradabad Passenger,Pass,HPU,MB,"SUN,MON,TUE,WED,THU,FRI,SAT",118,19
56214,TIRUPATI - CHAMARAJANAGAR Fast Passenger,Pass,TPTY,CMNR,"SUN,MON,TUE,WED,THU,FRI,SAT",535,87
12393,Sampoorna Kranti Express,SF,RJPB,NDLS,"SUN,MON,TUE,WED,THU,FRI,SAT",1001,142
15235,Howrah-Darbhanga Express,Exp,HWH,DBG,SAT,536,92
18612,Varanasi-Ranchi Express,Exp,BSB,RNC,"SUN,TUE,WED,FRI,SAT",575,73
19303,InterCity Express,Exp,RTM,BPL,"SUN,MON,TUE,WED,THU,FRI,SAT",280,37
47193,Lingampalli Falaknuma MMTS,Hyd,LPI,FM,"SUN,MON,TUE,WED,THU,FRI,SAT",37,23
47194,Lingampalli Falaknuma MMTS,Hyd,LPI,FM,"SUN,MON,TUE,WED,THU,FRI,SAT",37,23
47210,Lingampalli Falaknuma MMTS,Hyd,LPI,FM,"SUN,MON,TUE,WED,THU,FRI,SAT",37,23
47212,Lingampalli Falaknuma MMTS,Hyd,LPI,FM,"SUN,MON,TUE,WED,THU,FRI,SAT",37,23
47213,Lingampalli Falaknuma MMTS,Hyd,LPI,FM,"SUN,MON,TUE,WED,THU,FRI,SAT",37,23
47215,Lingampalli Falaknuma MMTS,Hyd,LPI,FM,"SUN,MON,TUE,WED,THU,FRI,SAT",37,23
47217,Lingampalli Falaknuma MMTS,Hyd,LPI,FM,"SUN,MON,TUE,WED,THU,FRI,SAT",37,23
47219,Lingampalli Falaknuma MMTS,Hyd,LPI,FM,"SUN,MON,TUE,WED,THU,FRI,SAT",37,23
50107,Sawantwadi Madgaon Passenger,Pass,SWV,MAO,"SUN,MON,TUE,WED,THU,FRI,SAT",110,9
50108,Madgaon Sawantwadi Passenger,Pass,MAO,SWV,"SUN,MON,TUE,WED,THU,FRI,SAT",110,9
51027,MumbaiCST-Pandharpur Fast Passenger,Pass,CSTM,PVR,"THU,FRI,SAT",429,82
51028,Pandharpur-Mumbai Fast Passenger,Pass,PVR,CSTM,"SUN,FRI,SAT",429,82
51029,Bijapur Fast Passenger,Pass,CSTM,BJP,"SUN,MON,TUE,WED",565,101
51030,Bijapur Mumbai Fast Passenger,Pass,BJP,CSTM,"MON,TUE,WED,THU",564,101
51033,Mumbai Sainagar Shirdi Fast Pass(Via Daund),Pass,CSTM,SNSI,"SUN,MON,TUE,WED,THU,FRI,SAT",455,83
51034,Sainagar Shirdi-Mumbai Fast Passenger(Via Daund),Pass,SNSI,CSTM,"SUN,MON,TUE,WED,THU,FRI,SAT",455,83
51116,Dhule Dadar Passenger Composite,Pass,DHI,DR,"SUN,MON,TUE,WED,THU,FRI,SAT",375,60
51117,Katni Chopan Mix Passenger,Pass,KTE,CPU,"SUN,MON,TUE,WED,THU,FRI,SAT",326,38
51118,Chopan Katni Passenger,Pass,CPU,KTE,"SUN,MON,TUE,WED,THU,FRI,SAT",326,37
51135,Badnera Amravati Passenger,Pass,BD,AMI,"SUN,MON,TUE,WED,THU,FRI,SAT",6,2
51136,Amravati Badnera Passenger,Pass,AMI,BD,"SUN,MON,TUE,WED,THU,FRI,SAT",6,2
51137,Badnera Amravati Passenger,Pass,BD,AMI,"SUN,MON,TUE,WED,THU,FRI,SAT",9,2
51138,Amravati Badnera Passenger,Pass,AMI,BD,"SUN,MON,TUE,WED,THU,FRI,SAT",6,2
51139,Badnera Amravati Passenger,Pass,BD,AMI,"SUN,MON,TUE,WED,THU,FRI,SAT",6,2
51140,Amravati Badnera Passenger,Pass,AMI,BD,"SUN,MON,TUE,WED,THU,FRI,SAT",6,2
51141,Badnera Amravati Passenger,Pass,BD,AMI,"SUN,MON,TUE,WED,THU,FRI,SAT",6,2
51142,Amravati Badnera Passenger,Pass,AMI,BD,"SUN,MON,TUE,WED,THU,FRI,SAT",6,2
51145,Badnera Amravati Mix Passenger,Pass,BD,AMI,"SUN,MON,TUE,WED,THU,FRI,SAT",6,2
51146,Amravati Badnera Passenger,Pass,AMI,BD,"SUN,MON,TUE,WED,THU,FRI,SAT",6,2
51147,Badnera Amravati Passenger,Pass,BD,AMI,"SUN,MON,TUE,WED,THU,FRI,SAT",6,2
51148,Amravati Badnera Passenger,Pass,AMI,BD,"SUN,MON,TUE,WED,THU,FRI,SAT",6,2
51149,Badnera Amravati Passenger,Pass,BD,AMI,"SUN,MON,TUE,WED,THU,FRI,SAT",6,2
51150,Amravati Badnera Passenger,Pass,AMI,BD,"SUN,MON,TUE,WED,THU,FRI,SAT",6,2
51181,Devlali Bhusaval Passenger,Pass,DVL,BSL,"SUN,MON,TUE,WED,THU,FRI,SAT",262,32
51182,Bhusaval Devlali Passenger,Pass,BSL,DVL,"SUN,MON,TUE,WED,THU,FRI,SAT",262,32
51187,BHUSAVAL - KATNI Passenger,Pass,BSL,KTE,"SUN,MON,TUE,WED,THU,FRI,SAT",657,82
51188,KATNI - BHUSAVAL Passenger,Pass,KTE,BSL,"SUN,MON,TUE,WED,THU,FRI,SAT",657,81
51190,ALLAHABAD - ITARSI Passenger,Pass,ALD,ET,"SUN,MON,TUE,WED,THU,FRI,SAT",611,72
51197,Bhusaval Wardha Passenger,Pass,BSL,WR,"SUN,MON,TUE,WED,THU,FRI,SAT",314,34
51198,Wardha Bhusaval Passenger,Pass,WR,BSL,"SUN,MON,TUE,WED,THU,FRI,SAT",314,34
54316,Saharanpur Moradabad Passenger,Pass,SRE,MB,"SUN,MON,TUE,WED,THU,FRI,SAT",194,31
54391,ALIGARH - MORADABAD PASSENGER,Pass,ALJN,MB,"SUN,MON,TUE,WED,THU,FRI,SAT",142,24
54396,NAJIBABAD - MORADABAD PASSENGER,Pass,NBD,MB,"SUN,MON,TUE,WED,THU,FRI,SAT",161,23
12434,Delhi H.Nizamuddin-Chennai Central Rajdhani Expres,Raj,NZM,MAS,"SUN,MON,TUE,WED,THU,FRI,SAT",2176,270
50105,Diva Sawantwadi Passenger,Pass,DIVA,SWV,"SUN,MON,TUE,WED,THU,FRI,SAT",613,46
51153,Mumbai Bhusaval Passenger,Pass,CSTM,BSL,"SUN,MON,TUE,WED,THU,FRI,SAT",442,72
51154,Bhusaval Mumbai Passenger,Pass,BSL,CSTM,"SUN,MON,TUE,WED,THU,FRI,SAT",442,72
51157,Bhusaval Itarsi Passenger,Pass,BSL,ET,"SUN,MON,TUE,WED,THU,FRI,SAT",322,39
51183,Bhusaval Amravati Passenger,Pass,BSL,AMI,"SUN,MON,TUE,WED,THU,FRI,SAT",225,25
51195,Wardha Balharshah Passenger,Pass,WR,BPQ,"SUN,MON,TUE,WED,THU,FRI,SAT",132,16
51254,Chhindwara Amla Passenger,Pass,CWA,AMLA,"SUN,MON,TUE,WED,THU,FRI,SAT",115,15
51255,Junnor Deo Chhindwara Passenger,Pass,JNO,CWA,"SUN,MON,TUE,WED,THU,FRI,SAT",47,7
51256,Chhindwara Junnor Deo Passenger,Pass,CWA,JNO,"SUN,MON,TUE,WED,THU,FRI,SAT",47,7
51259,Wardha Nagpur Passenger,Pass,WR,NGP,"SUN,MON,TUE,WED,THU,FRI,SAT",78,12
51260,Nagpur Wardha Passenger,Pass,NGP,WR,"SUN,MON,TUE,WED,THU,FRI,SAT",78,12
51262,Wardha Amravati Passenger,Pass,WR,AMI,"SUN,MON,TUE,WED,THU,FRI,SAT",101,12
51286,Nagpur Bhusaval Passenger,Pass,NGP,BSL,"SUN,MON,TUE,WED,THU,FRI,SAT",392,45
51293,Nagpur Amla Passenger,Pass,NGP,AMLA,"SUN,MON,TUE,WED,THU,FRI,SAT",168,20
51294,Amla Nagpur Passenger,Pass,AMLA,NGP,"SUN,MON,TUE,WED,THU,FRI,SAT",168,20
51323,Daund Baramati Shuttle,Pass,DD,BRMT,"SUN,MON,TUE,WED,THU,FRI,SAT",44,6
51325,Pune-Daund Shuttle,Pass,PUNE,DD,"SUN,MON,TUE,WED,THU,FRI,SAT",76,12
51327,Daund -Baramati Shuttle.,Pass,DD,BRMT,"SUN,MON,TUE,WED,THU,FRI,SAT",44,6
51348,Baramati Daund Passenger,Pass,BRMT,DD,"SUN,MON,TUE,WED,THU,FRI,SAT",43,6
51350,Daund-Pune Fast Shuttle,Pass,DD,PUNE,"SUN,MON,TUE,WED,THU,FRI,SAT",76,12
51353,Pune -Daund Shuttle.,Pass,PUNE,DD,"SUN,MON,TUE,WED,THU,FRI,SAT",76,12
51401,Pune Manmad Passenger(Via Daund),Pass,PUNE,MMR,"SUN,MON,TUE,WED,THU,FRI,SAT",313,35
51402,Manmad-Pune Passenger(Via Daund),Pass,MMR,PUNE,"SUN,MON,TUE,WED,THU,FRI,SAT",313,35
51405,Miraj- Castle Rock Passenger,Pass,MRJ,CLR,"SUN,MON,TUE,WED,THU,FRI,SAT",213,24
51406,Castle Rock Miraj Passenge,Pass,CLR,MRJ,"SUN,MON,TUE,WED,THU,FRI,SAT",213,24
51407,Miraj-Kolhapur Passenger,Pass,MRJ,KOP,"SUN,MON,TUE,WED,THU,FRI,SAT",47,7
51408,Kolhapur Miraj Passenger,Pass,KOP,MRJ,"SUN,MON,TUE,WED,THU,FRI,SAT",47,7
51411,Bellary-Dharwar Passenger,Pass,BAY,DWR,"SUN,MON,TUE,WED,THU,FRI,SAT",229,29
51412,Hubli Bellary Passenger,Pass,UBL,BAY,"SUN,MON,TUE,WED,THU,FRI,SAT",208,25
51417,Karjat Pune Passenger,Pass,KJT,PUNE,"SUN,MON,TUE,WED,THU,FRI,SAT",91,20
51418,Pune Karjat Passenger,Pass,PUNE,KJT,"SUN,MON,TUE,WED,THU,FRI,SAT",91,20
51419,Miraj Hubli Passenger,Pass,MRJ,UBL,"SUN,MON,TUE,WED,THU,FRI,SAT",280,34
51420,Hubli Miraj Passenger,Pass,UBL,MRJ,"SUN,MON,TUE,WED,THU,FRI,SAT",280,34
51423,Igatpuri Manmad Shuttle,Pass,IGP,MMR,"SUN,MON,TUE,WED,THU,FRI,SAT",123,14
51424,Manmad Igatpuri Shuttle,Pass,MMR,IGP,"SUN,MON,TUE,WED,THU,FRI,SAT",123,14
51425,ParliVaijnath-Miraj Passenger,Pass,PRLI,MRJ,"SUN,MON,TUE,WED,THU,FRI,SAT",438,50
51426,Miraj-Parli Vaijnath Passenger,Pass,MRJ,PRLI,"SUN,MON,TUE,WED,THU,FRI,SAT",438,50
51427,Miraj C Shahu Maharaj Passenger,Pass,MRJ,KOP,"SUN,MON,TUE,WED,THU,FRI,SAT",47,7
51428,C Shahu Maharaj Miraj Passenger,Pass,KOP,MRJ,"SUN,MON,TUE,WED,THU,FRI,SAT",47,7
51429,Sangli-Kolhapur Passenger,Pass,SLI,KOP,"SUN,MON,TUE,WED,THU,FRI,SAT",54,9
51430,C Shahu Maharaj Sangli Passenger,Pass,KOP,SLI,"SUN,MON,TUE,WED,THU,FRI,SAT",54,9
51431,Miraj -Londa Passenger,Pass,MRJ,LD,"SUN,MON,TUE,WED,THU,FRI,SAT",189,22
51432,Londa-Miraj Passenger,Pass,LD,MRJ,"SUN,MON,TUE,WED,THU,FRI,SAT",189,22
54394,Gajraula Moradabad Passenger,Pass,GJL,MB,"SUN,MON,TUE,WED,THU,FRI,SAT",54,10
54397,Moradabad Sambahal Hatim Sarai Pass,Pass,SHTS,MB,"SUN,MON,TUE,WED,THU,FRI,SAT",45,8
55302,KGM-MB PASS.,Pass,KGM,MB,"SUN,MON,TUE,WED,THU,FRI,SAT",116,14
55304,KATHGODAM - MORADABAD Pass,Pass,KGM,MB,"SUN,MON,TUE,WED,THU,FRI,SAT",131,18
12368,Vikramshila Express,SF,ANVT,BGP,"SUN,MON,TUE,WED,THU,FRI,SAT",1206,175
51284,Amravati Bhusaval Passenger,Pass,AMI,BSL,"SUN,MON,TUE,WED,THU,FRI,SAT",225,25
51324,Baramati-Daund- Pune Passenger,Pass,BRMT,PUNE,"SUN,MON,TUE,WED,THU,FRI,SAT",119,16
51326,Baramati-Daund- Pune Shutte,Pass,BRMT,PUNE,"SUN,MON,TUE,WED,THU,FRI,SAT",120,16
51409,Pune -Shree Chatrapati Shahu M(T) Kolhapur Pass,Pass,PUNE,KOP,"SUN,MON,TUE,WED,THU,FRI,SAT",318,41
51410,Shree Chatrapati Shahu M(T) Kolhapur- Pune Passenger,Pass,KOP,PUNE,"SUN,MON,TUE,WED,THU,FRI,SAT",318,41
51421,Pune-Nizamabad Pass,Pass,PUNE,NZB,"SUN,MON,TUE,WED,THU,FRI,SAT",771,83
51422,Nizamabad Pune Passenger,Pass,NZB,PUNE,"SUN,MON,TUE,WED,THU,FRI,SAT",759,83
51433,Nizamabad Pandharpur Passenger,Pass,NZB,PVR,"SUN,MON,TUE,WED,THU,FRI,SAT",533,63
51434,Pandharpur Nizamabad Passenger,Pass,PVR,NZB,"SUN,MON,TUE,WED,THU,FRI,SAT",533,63
51441,Satara C Shahu Maharaj Passenger,Pass,STR,KOP,"SUN,MON,TUE,WED,THU,FRI,SAT",181,23
51442,C Shahu Maharaj Pune Passenger,Pass,KOP,STR,"SUN,MON,TUE,WED,THU,FRI,SAT",181,23
51445,Pandharpur Miraj Passenger,Pass,PVR,MRJ,"SUN,MON,TUE,WED,THU,FRI,SAT",137,16
51446,Miraj Pandharpur Passenger,Pass,MRJ,PVR,"SUN,MON,TUE,WED,THU,FRI,SAT",137,16
51449,Pune Solapur Passenger,Pass,PUNE,SUR,"SUN,MON,TUE,WED,THU,FRI,SAT",263,33
51450,Solapur Pune Passenger,Pass,SUR,PUNE,"SUN,MON,TUE,WED,THU,FRI,SAT",264,33
51455,Pune Solapur Passenger,Pass,PUNE,SUR,"SUN,MON,TUE,WED,THU,FRI,SAT",264,33
51456,Sholapur Pune Passenger,Pass,SUR,PUNE,"SUN,MON,TUE,WED,THU,FRI,SAT",263,33
51458,Dharwad hubli Passenger,Pass,DWR,UBL,"SUN,MON,TUE,WED,THU,FRI,SAT",21,5
51461,Miraj Belgaum Passenger,Pass,MRJ,BGM,"SUN,MON,TUE,WED,THU,FRI,SAT",137,17
51462,Belgaum Miraj Passenger,Pass,BGM,MRJ,"SUN,MON,TUE,WED,THU,FRI,SAT",137,17
51463,Miraj Belgaum Passenger,Pass,MRJ,BGM,"SUN,MON,TUE,WED,THU,FRI,SAT",137,17
51464,Belgaum Miraj Passenger,Pass,BGM,MRJ,"SUN,MON,TUE,WED,THU,FRI,SAT",137,17
51601,Bina Katni Passenger,Pass,BINA,KTE,"SUN,MON,TUE,WED,THU,FRI,SAT",263,29
51602,Katni Bina Passenger,Pass,KTE,BINA,"SUN,MON,TUE,WED,THU,FRI,SAT",263,29
51605,Katni Chirmiri Passenger,Pass,KTE,CHRM,"SUN,MON,TUE,WED,THU,FRI,SAT",254,30
51607,Bina Guna Passenger,Pass,BINA,GUNA,"SUN,MON,TUE,WED,THU,FRI,SAT",118,14
51608,Guna Bina Passenger,Pass,GUNA,BINA,"SUN,MON,TUE,WED,THU,FRI,SAT",118,14
51609,Bina Guna Passenger,Pass,BINA,GUNA,"SUN,MON,TUE,WED,THU,FRI,SAT",118,11
51610,Guna Bina Passenger,Pass,GUNA,BINA,"SUN,MON,TUE,WED,THU,FRI,SAT",118,14
51611,KOTA - BINA Passenger,Pass,KOTA,BINA,"SUN,MON,TUE,WED,THU,FRI,SAT",303,38
51612,BINA - KOTA Passenger,Pass,BINA,KOTA,"SUN,MON,TUE,WED,THU,FRI,SAT",303,35
51614,KATNI - KOTA Passenger,Pass,KMZ,KOTA,"SUN,MON,TUE,WED,THU,FRI,SAT",455,70
51632,Bina Bhopal Passenger,Pass,BINA,BPL,"SUN,MON,TUE,WED,THU,FRI,SAT",138,18
51674,SATNA - ITARSI Passenger,Pass,STA,ET,"SUN,MON,TUE,WED,THU,FRI,SAT",434,47
51675,Katni Chopan Fast Passenger,Pass,KTE,CPU,"SUN,MON,TUE,WED,THU,FRI,SAT",326,36
51676,Chopan Katni Passenger,Pass,CPU,KTE,"SUN,MON,TUE,WED,THU,FRI,SAT",326,36
51677,Chopan Shaktinagar Passenger,Pass,CPU,SKTN,"SUN,MON,TUE,WED,THU,FRI,SAT",83,12
51678,Shaktinagar Chopan Passenger,Pass,SKTN,CPU,"SUN,MON,TUE,WED,THU,FRI,SAT",83,12
51683,Khandwa Bir Shuttle,Pass,KNW,BIR,"MON,TUE,WED,THU,FRI,SAT",33,5
51684,Bir Khandwa Shuttle,Pass,BIR,KNW,"MON,TUE,WED,THU,FRI,SAT",33,5
51685,Khandwa Bir Shuttle,Pass,KNW,BIR,"MON,TUE,WED,THU,FRI,SAT",33,5
51686,Bir Khandwa Shuttle,Pass,BIR,KNW,"MON,TUE,WED,THU,FRI,SAT",33,5
51687,Khandwa Bir Shuttle,Pass,KNW,BIR,"MON,TUE,WED,THU,FRI,SAT",33,5
51688,Bir Khandwa Shuttle,Pass,BIR,KNW,"MON,TUE,WED,THU,FRI,SAT",33,5
51689,Khandwa Bir Shuttle,Pass,KNW,BIR,"SUN,MON,TUE,WED,THU,FRI,SAT",33,5
51701,JABALPUR - REWA Passenger,Pass,JBP,REWA,"SUN,MON,TUE,WED,THU,FRI,SAT",238,27
53450,Bhagalpur Banka Passenger,Pass,BGP,BAKA,"SUN,MON,TUE,WED,THU,FRI,SAT",53,12
51435,Pune Satara Passenger,Pass,PUNE,STR,"SUN,MON,TUE,WED,THU,FRI,SAT",137,19
51436,Satara Pune Passenger,Pass,STR,PUNE,"SUN,MON,TUE,WED,THU,FRI,SAT",137,19
51451,Pune-Daund- Baramati Passenger,Pass,PUNE,BRMT,"SUN,MON,TUE,WED,THU,FRI,SAT",120,17
51452,Baramati-Daund-Pune Passenger,Pass,BRMT,PUNE,"SUN,MON,TUE,WED,THU,FRI,SAT",120,17
51603,Sagar Katni Passenger,Pass,SGO,KTE,"SUN,MON,TUE,WED,THU,FRI,SAT",188,22
51690,Bir Khandwa Shuttle,Pass,BIR,KNW,"SUN,MON,TUE,WED,THU,FRI,SAT",33,5
51751,Rewa Bilaspur Fast Passenger,Pass,REWA,BSP,"SUN,MON,TUE,WED,THU,FRI,SAT",466,49
51752,Bilaspur Rewa Fast Passenger,Pass,BSP,REWA,"SUN,MON,TUE,WED,THU,FRI,SAT",466,48
51753,Rewa Chirmiri Fast Passenger,Pass,REWA,CHRM,"SUN,MON,TUE,WED,THU,FRI,SAT",401,41
51754,Chirmiri Rewa Fast Passenger,Pass,CHRM,REWA,"SUN,MON,TUE,WED,THU,FRI,SAT",401,40
51755,Chirmiri Manendragarh Passenger,Pass,CHRM,MDGR,"TUE,THU,SAT",22,3
51756,Manendragarh Chirmiri Passenger,Pass,MDGR,CHRM,"TUE,THU,SAT",22,3
51763,Satna Manikpur Passenger,Pass,STA,MKP,"SUN,MON,TUE,WED,THU,FRI,SAT",77,12
51764,Manikpur Satna Passenger,Pass,MKP,STA,"SUN,MON,TUE,WED,THU,FRI,SAT",77,12
51765,Satna Manikpur Passenger,Pass,STA,MKP,"SUN,MON,TUE,WED,THU,FRI,SAT",77,12
51766,Manikpur Satna Passenger,Pass,MKP,STA,"SUN,MON,TUE,WED,THU,FRI,SAT",77,12
51767,Katni Satna Passenger,Pass,KTE,STA,"SUN,MON,TUE,WED,THU,FRI,SAT",99,10
51768,Satna Katni Passenger,Pass,STA,KTE,"SUN,MON,TUE,WED,THU,FRI,SAT",99,10
51777,Gwalior Bhind Passenger,Pass,GWL,BIX,"SUN,MON,TUE,WED,THU,FRI,SAT",79,16
51778,Bhind Gwalior Passenger,Pass,BIX,GWL,"SUN,MON,TUE,WED,THU,FRI,SAT",79,16
51779,Gwalior Bhind Passenger,Pass,GWL,BIX,"SUN,MON,TUE,WED,THU,FRI,SAT",79,16
51780,Bhind Gwalior Passenger,Pass,BIX,GWL,"SUN,MON,TUE,WED,THU,FRI,SAT",79,16
51801,Mahoba Kanpur Pass,Pass,MBA,CNB,"SUN,MON,TUE,WED,THU,FRI,SAT",199,23
51802,Kanpur Mahoba Passenger,Pass,CNB,MBA,"SUN,MON,TUE,WED,THU,FRI,SAT",191,23
51803,Mahoba Banda Passenger,Pass,MBA,BNDA,"SUN,MON,TUE,WED,THU,FRI,SAT",53,6
51804,Banda Mahoba Passenger,Pass,BNDA,MBA,"SUN,MON,TUE,WED,THU,FRI,SAT",53,6
51805,Jhansi Banda Passenger,Pass,JHS,BNDA,"SUN,MON,TUE,WED,THU,FRI,SAT",191,19
51806,Banda Jhansi Passenger,Pass,BNDA,JHS,"SUN,MON,TUE,WED,THU,FRI,SAT",191,19
51807,Banda Manikpur Passenger,Pass,BNDA,MKP,"SUN,MON,TUE,WED,THU,FRI,SAT",99,11
51808,Manikpur Banda Passenger,Pass,MKP,BNDA,"SUN,MON,TUE,WED,THU,FRI,SAT",99,11
51809,Kanpur Tundla Passenger,Pass,CNB,TDL,"SUN,MON,TUE,WED,THU,FRI,SAT",232,29
51810,Tundla Kanpur Passenger,Pass,TDL,CNB,"SUN,MON,TUE,WED,THU,FRI,SAT",232,29
51811,Bina Jhansi Passenger,Pass,BINA,JHS,"SUN,MON,TUE,WED,THU,FRI,SAT",153,19
51812,Jhansi Bina Passenger,Pass,JHS,BINA,"SUN,MON,TUE,WED,THU,FRI,SAT",153,19
51813,Jhansi Lucknow Passenger,Pass,JHS,LKO,"SUN,MON,TUE,WED,THU,FRI,SAT",294,39
51814,Lucknow-Jhansi Passenger,Pass,LKO,JHS,"SUN,MON,TUE,WED,THU,FRI,SAT",294,39
51815,Jhansi Agra Passenger,Pass,JHS,AGC,"SUN,MON,TUE,WED,THU,FRI,SAT",216,24
51818,BANDIKUI AGRA PASS,Pass,BKI,AF,"SUN,MON,TUE,WED,THU,FRI,SAT",150,23
51819,Jhansi Allahabad Passenger,Pass,JHS,ALD,"SUN,MON,TUE,WED,THU,FRI,SAT",390,41
51821,JHANSI - KHUJURAHO Passenger,Pass,JHS,KURJ,"SUN,MON,TUE,WED,THU,FRI,SAT",201,20
51822,KHUJURAHO - JHANSI Passenger,Pass,KURJ,JHS,"SUN,MON,TUE,WED,THU,FRI,SAT",201,20
51828,Jhansi Itarsi Passenger,Pass,JHS,ET,"SUN,MON,TUE,WED,THU,FRI,SAT",383,45
51829,Nagpur Itarsi Passenger,Pass,NGP,ET,"SUN,MON,TUE,WED,THU,FRI,SAT",320,33
51830,Itarsi Nagpur Passenger,Pass,ET,NGP,"SUN,MON,TUE,WED,THU,FRI,SAT",298,32
51831,Jhansi Agra Passenger,Pass,JHS,AGC,"SUN,MON,TUE,WED,THU,FRI,SAT",216,24
51832,Agra Jhansi Passenger,Pass,AGC,JHS,"SUN,MON,TUE,WED,THU,FRI,SAT",216,24
51861,Ait Konch Passenger,Pass,AIT,KNH,"MON,TUE,WED,THU,FRI,SAT",13,2
55306,RAMNAGAR - MORADABAD Fast Passenger,Pass,RMR,MB,"SUN,MON,TUE,WED,THU,FRI,SAT",77,14
51823,Farukhabad Allahabad kanpur Passenger,Pass,ALD,FBD,"SUN,MON,TUE,WED,THU,FRI,SAT",334,55
51824,Farrukhabad Allahabad Passenger,Pass,FBD,ALD,"SUN,MON,TUE,WED,THU,FRI,SAT",334,55
51825,Kanpur Farrukhabaad Passenger,Pass,CNB,FBD,"SUN,MON,TUE,WED,THU,FRI,SAT",140,25
51826,Farrukhabad Kanpur Passenger,Pass,FBD,CNB,"SUN,MON,TUE,WED,THU,FRI,SAT",140,25
51863,Ait Konch Passenger,Pass,AIT,KNH,"MON,TUE,WED,THU,FRI,SAT",13,2
51864,Konch Ait Passenger,Pass,KNH,AIT,"MON,TUE,WED,THU,FRI,SAT",13,2
51865,Ait Konch Passenger,Pass,AIT,KNH,"MON,TUE,WED,THU,FRI,SAT",13,2
51866,Konch Ait Passenger,Pass,KNH,AIT,"MON,TUE,WED,THU,FRI,SAT",13,2
51867,Ait Konch Passenger,Pass,AIT,KNH,"MON,TUE,WED,THU,FRI,SAT",13,2
51868,Konch Ait Passenger,Pass,KNH,AIT,"MON,TUE,WED,THU,FRI,SAT",13,2
51869,Ait Konch Passenger,Pass,AIT,KNH,"SUN,MON,TUE,WED,THU,FRI,SAT",13,2
51870,Konch Ait Passenger,Pass,KNH,AIT,"SUN,MON,TUE,WED,THU,FRI,SAT",13,2
51901,Agra Delhi Passenger,Pass,AGC,DLI,"SUN,MON,TUE,WED,THU,FRI,SAT",197,31
51902,Delhi Agra Passenger,Pass,DLI,AGC,"SUN,MON,TUE,WED,THU,FRI,SAT",197,31
51903,Delhi Rohtak Passenger,Pass,DLI,ROK,"SUN,MON,TUE,WED,THU,FRI,SAT",70,18
51904,Rohtak Delhi Passenger,Pass,ROK,DLI,"SUN,MON,TUE,WED,THU,FRI,SAT",70,18
51905,Delhi Shamli Passenger,Pass,DLI,SMQL,"SUN,MON,TUE,WED,THU,FRI,SAT",94,23
51906,Shamli Delhi Passenger,Pass,SMQL,DLI,"SUN,MON,TUE,WED,THU,FRI,SAT",94,22
51907,Shamli Saharanpur Passenger,Pass,SMQL,SRE,"MON,TUE,WED,THU,FRI,SAT",70,14
51908,Saharanpur Shamli Passenger,Pass,SRE,SMQL,"MON,TUE,WED,THU,FRI,SAT",70,14
51910,Saharanpur Delhi Passenger,Pass,SRE,DLI,"MON,TUE,WED,THU,FRI,SAT",164,33
51911,Delhi Shamli Saharanpur Passenger,Pass,DLI,SRE,"SUN,MON,TUE,WED,THU,FRI,SAT",164,35
51912,Saharanpur Delhi Passenger,Pass,SRE,DLI,"SUN,MON,TUE,WED,THU,FRI,SAT",164,35
51913,DELHI - SAHARANPUR Passenger,Pass,DLI,SRE,"SUN,MON,TUE,WED,THU,FRI,SAT",164,37
51914,SAHARANPUR - DELHI Passenger,Pass,SRE,DLI,"SUN,MON,TUE,WED,THU,FRI,SAT",164,37
51915,Delhi - Farukh Nagar Passenger,Pass,DLI,FN,"SUN,MON,TUE,WED,THU,FRI,SAT",52,15
51916,Farukh Nagar - Delhi Passenger,Pass,FN,DLI,"SUN,MON,TUE,WED,THU,FRI,SAT",52,15
51971,Mathura Alwar Passenger,Pass,MTJ,AWR,"SUN,MON,TUE,WED,THU,FRI,SAT",122,11
51972,Alwar Mathura Passenger,Pass,AWR,MTJ,"SUN,MON,TUE,WED,THU,FRI,SAT",122,11
51973,Mathura Alwar Bandikui Passenger,Pass,MTJ,BKI,"SUN,MON,TUE,WED,THU,FRI,SAT",183,19
51974,Bandikui Mathura Passenger,Pass,BKI,MTJ,"SUN,MON,TUE,WED,THU,FRI,SAT",183,19
51975,Kasganj-Mathura Passenger,Pass,KSJ,MTJ,"SUN,MON,TUE,WED,THU,FRI,SAT",105,13
51976,Mathura-KasGanj Passenger,Pass,MTJ,KSJ,"SUN,MON,TUE,WED,THU,FRI,SAT",105,13
52002,Waghai Bilimora Mix Passenger,Pass,WGI,BIM,"SUN,MON,TUE,WED,THU,FRI,SAT",63,11
52003,Bilimora Waghai Mix Passenger,Pass,BIM,WGI,"SUN,MON,TUE,WED,THU,FRI,SAT",63,11
52004,Waghai Bilimora Mix Passenger,Pass,WGI,BIM,"SUN,MON,TUE,WED,THU,FRI,SAT",63,11
52011,Bilimora Waghai Pass,Pass,BIM,WGI,"SUN,MON,TUE,WED,THU,FRI,SAT",63,11
52012,Waghai Bilimora Pass,Pass,WGI,BIM,"SUN,MON,TUE,WED,THU,FRI,SAT",63,11
52013,Bilimora Waghai Pass,Pass,BIM,WGI,"SUN,MON,TUE,WED,THU,FRI,SAT",63,11
52014,Waghai Bilimora Pass,Pass,WGI,BIM,"SUN,MON,TUE,WED,THU,FRI,SAT",63,11
52015,Bharuch Kavi Passenger,Pass,BH,KAVI,"SUN,MON,TUE,WED,THU,FRI,SAT",0,7
52020,Dabhoi Miyagam Passenger,Pass,CDD,MYG,"SUN,MON,TUE,WED,THU,FRI,SAT",49,11
52021,Moti Koral Miyagam Mix Passenger,Pass,MKRL,MYG,"SUN,MON,TUE,WED,THU,FRI,SAT",28,7
52022,Miyagam Moti Koral Mix Passenger,Pass,MYG,MKRL,"SUN,MON,TUE,WED,THU,FRI,SAT",28,7
52023,Malsar Dabhoi Mix Passenger,Pass,MLSR,DB,"SUN,MON,TUE,WED,THU,FRI,SAT",70,11
52024,Dabhoi Malsar Mix Passenger,Pass,DB,MLSR,"SUN,MON,TUE,WED,THU,FRI,SAT",70,11
55308,RAMNAGAR - MORADABAD PASSENGER,Pass,RMR,MB,"SUN,MON,TUE,WED,THU,FRI,SAT",76,12
55310,RAMNAGAR - MORADABAD PASSENGER,Pass,RMR,MB,"SUN,MON,TUE,WED,THU,FRI,SAT",77,8
51881,Gwalior Agra Fast Passenger,Pass,GWL,AGC,"SUN,MON,TUE,WED,THU,FRI,SAT",118,14
51883,Bina Gwalior Passenger,Pass,BINA,GWL,"SUN,MON,TUE,WED,THU,FRI,SAT",345,29
51884,Gwalior Bina Passenger,Pass,GWL,BINA,"SUN,MON,TUE,WED,THU,FRI,SAT",345,29
52025,Dabhoi Chandod Mix Passenger,Pass,DB,CDD,"SUN,MON,TUE,WED,THU,FRI,SAT",17,3
52026,Chandod Dabhoi Mix Passenger,Pass,CDD,DB,"SUN,MON,TUE,WED,THU,FRI,SAT",17,3
52027,Choranda Dabhoi Mix Passenger,Pass,CRND,DB,"SUN,MON,TUE,WED,THU,FRI,SAT",41,9
52028,Dabhoi Choranda Mix Passenger,Pass,DB,CRND,"SUN,MON,TUE,WED,THU,FRI,SAT",41,9
52033,Jambusar Pratapnagar Mix Passenger,Pass,JMB,PRTN,"SUN,MON,TUE,WED,THU,FRI,SAT",51,11
52034,Pratapnagar Jambusar Mix Passenger,Pass,PRTN,JMB,"SUN,MON,TUE,WED,THU,FRI,SAT",51,11
52035,Jambusar Pratapnagar Passenger,Pass,JMB,PRTN,"SUN,MON,TUE,WED,THU,FRI,SAT",51,11
52036,Pratapnagar Jambusar Passenger,Pass,PRTN,JMB,"SUN,MON,TUE,WED,THU,FRI,SAT",51,11
52037,Nadiad Bhadran Mix Passenger,Pass,ND,BDRN,"SUN,MON,TUE,WED,THU,FRI,SAT",62,10
52038,Bhadran Nadiad Mix Passenger,Pass,BDRN,ND,"SUN,MON,TUE,WED,THU,FRI,SAT",62,10
52041,Miyagam Dabhoi Mix Passenger,Pass,MYGL,DB,"SUN,MON,TUE,WED,THU,FRI,SAT",32,7
52042,Dabhoi Jn Miyagam Jn NG Passenger,Pass,DB,MYGL,"SUN,MON,TUE,WED,THU,FRI,SAT",32,7
52045,Miyagam Dabhoi Mix Passenger,Pass,MYG,DB,"SUN,MON,TUE,WED,THU,FRI,SAT",32,9
52046,Dabhoi Miyagam Mix Passenger,Pass,DB,MYG,"SUN,MON,TUE,WED,THU,FRI,SAT",32,9
52048,Umarpada Kosamba Passenger,Pass,UMPD,KSB,"SUN,MON,TUE,WED,THU,FRI,SAT",62,11
52072,MAVLI - BARI SADRI PASSENGER,Pass,MVJ,BI,"SUN,MON,TUE,WED,THU,FRI,SAT",82,7
52073,Marwar Mavli Passenger,Pass,MJ,MVJ,"SUN,MON,TUE,WED,THU,FRI,SAT",151,15
52074,Mavli Marwar Passenger,Pass,MVJ,MJ,"SUN,MON,TUE,WED,THU,FRI,SAT",151,15
52075,Marwar Mavli Passenger,Pass,MJ,MVJ,"SUN,MON,TUE,WED,THU,FRI,SAT",152,15
52076,Mavli Marwar Passenger,Pass,MVJ,MJ,"SUN,MON,TUE,WED,THU,FRI,SAT",152,15
52082,Loharu Jaipur Passenger,Pass,LHU,JP,"SUN,MON,TUE,WED,THU,FRI,SAT",229,28
52083,Jaipur Loharu Passenger,Pass,JP,LHU,"SUN,MON,TUE,WED,THU,FRI,SAT",229,28
52084,Loharu Jaipur Passenger,Pass,LHU,JP,"SUN,MON,TUE,WED,THU,FRI,SAT",229,28
52085,Jaipur Churu Passenger,Pass,JP,CUR,"SUN,MON,TUE,WED,THU,FRI,SAT",198,23
52086,Churu Jaipur Passenger,Pass,CUR,JP,"SUN,MON,TUE,WED,THU,FRI,SAT",198,23
52087,Sikar Churu Passenger,Pass,SIKR,CUR,"SUN,MON,TUE,WED,THU,FRI,SAT",91,9
52088,Churu Sikar Passenger,Pass,CUR,SIKR,"SUN,MON,TUE,WED,THU,FRI,SAT",91,9
52101,Neral Matheran Passenger,Toy,NRL,MAE,"SUN,MON,TUE,WED,THU,FRI,SAT",21,2
52102,Matheran Neral Passenger,Toy,MAE,NRL,"SUN,MON,TUE,WED,THU,FRI,SAT",126,2
52103,Neral Matheran Passenger,Toy,NRL,MAE,"SUN,MON,TUE,WED,THU,FRI,SAT",126,2
52104,Matheran Neral Passenger,Toy,MAE,NRL,"SUN,MON,TUE,WED,THU,FRI,SAT",21,2
52105,Neral Matheran Passenger,Toy,NRL,MAE,"SUN,MON,TUE,WED,THU,FRI,SAT",126,2
52106,Matheran Neral Passenger,Toy,MAE,NRL,"SUN,MON,TUE,WED,THU,FRI,SAT",126,2
52108,Matheran Neral Passenger,Toy,MAE,NRL,"SUN,MON,TUE,WED,THU,FRI,SAT",21,2
52109,Neral Matheran Passenger,Toy,NRL,MAE,"SUN,MON,TUE,WED,THU,FRI,SAT",126,2
52110,Matheran Neral Passenger,Toy,MAE,NRL,"SUN,SAT",126,2
52121,Pachora Jamner Passenger,Pass,PC,JMNR,"SUN,MON,TUE,WED,THU,FRI,SAT",56,7
52123,Pachora Jamner Passenger,Pass,PC,JMNR,"SUN,MON,TUE,WED,THU,FRI,SAT",56,7
52131,Murtajapur Yavatmal Passenger,Pass,MZR,YTL,"SUN,MON,TUE,WED,THU,FRI,SAT",218,15
52132,Yavatmal Murtajapur Passenger,Pass,YTL,MZR,"SUN,MON,TUE,WED,THU,FRI,SAT",218,15
52137,Murtajapur Achalpur Passenger,Pass,MZR,ELP,"SUN,MON,TUE,WED,THU,FRI,SAT",76,12
52138,Achalpur Murtajapur Passenger,Pass,ELP,MZR,"SUN,MON,TUE,WED,THU,FRI,SAT",76,12
52143,Pulgaon Arvi Passenger,Pass,PLO,ARVI,"SUN,MON,TUE,WED,THU,FRI,SAT",39,6
52144,Arvi Pulgaon Passenger,Pass,ARVI,PLO,"SUN,MON,TUE,WED,THU,FRI,SAT",39,6
55312,KASHIPUR - MORADABAD PASSENGER,Pass,KPV,MB,"SUN,MON,TUE,WED,THU,FRI,SAT",50,9
14055,DIBRUGARH - OLD DELHI Brahmaputra Exp,Mail,DBRG,DLI,"SUN,MON,TUE,WED,THU,FRI,SAT",2589,440
15959,HOWRAH - DIBRUGARH Kamrup Exp,Exp,HWH,DBRG,"SUN,TUE,WED,THU,SAT",1528,277
52122,Jamner Pachora Passenger,Pass,JMNR,PC,"SUN,MON,TUE,WED,THU,FRI,SAT",56,7
52124,Jamner Pachora Passenger,Pass,JMNR,PC,"SUN,MON,TUE,WED,THU,FRI,SAT",56,7
52171,Gwalior Sheopur Passenger,Pass,GWO,SOE,"SUN,MON,TUE,WED,THU,FRI,SAT",200,28
52172,Sheopur Gwalior Passenger,Pass,SOE,GWL,"SUN,MON,TUE,WED,THU,FRI,SAT",207,28
52174,Sabalgarh Gwalior Passenger,Pass,SBL,GWL,"SUN,MON,TUE,WED,THU,FRI,SAT",92,16
52175,Gwalior Sabalgarh Fast Passenger,Pass,GWL,SBL,"SUN,MON,TUE,WED,THU,FRI,SAT",92,15
52177,Sabalgarh Sheopur Passenger,Pass,SBL,SOE,"SUN,MON,TUE,WED,THU,FRI,SAT",115,13
52178,Sheopur Sabalgarh Passenger,Pass,SOE,SBL,"SUN,MON,TUE,WED,THU,FRI,SAT",115,13
52181,Dhaulpur Tantpur Passenger,Pass,DHO,TPO,"SUN,MON,TUE,WED,THU,FRI,SAT",58,8
52182,Tantpur Mohari Bari Passenger,Pass,TPO,BARI,"SUN,MON,TUE,WED,THU,FRI,SAT",26,5
52183,Bari Mohari Sirmuttra Passenger,Pass,BARI,SRMT,"SUN,MON,TUE,WED,THU,FRI,SAT",38,6
52201,Kasganj Lalkuan Passenger,Pass,KSJF,LKKA,"SUN,MON,TUE,WED,THU,FRI,SAT",188,29
52202,Lalkuan Kasganj Passenger,Pass,LKKA,KSJF,"SUN,MON,TUE,WED,THU,FRI,SAT",188,29
52203,Kasganj Tanakpur Passenger,Pass,KSJF,TPU,"SUN,MON,TUE,WED,THU,FRI,SAT",223,33
52204,Tanakpur-Bareilly Passenger,Pass,TPU,KSJF,"SUN,MON,TUE,WED,THU,FRI,SAT",223,33
52205,Kasganj Pilibhit Passenger,Pass,KSJF,PBE,"SUN,MON,TUE,WED,THU,FRI,SAT",162,26
52206,Pilibhit Kasganj Passenger,Pass,PBE,KSJF,"SUN,MON,TUE,WED,THU,FRI,SAT",162,27
52207,Kasganj Pilibhit Passenger,Pass,KSJF,PBE,"SUN,MON,TUE,WED,THU,FRI,SAT",162,26
52208,Pilibhit Kasganj Passenger,Pass,PBE,KSJF,"SUN,MON,TUE,WED,THU,FRI,SAT",162,27
52209,Bareilly Lalkuan Passenger,Pass,BRY,LKKA,"SUN,MON,TUE,WED,THU,FRI,SAT",84,12
52210,Lalkuan Bareilly Passenger,Pass,LKKA,BRY,"SUN,MON,TUE,WED,THU,FRI,SAT",84,12
52211,Bareilly Lal Kuan Passenger,Pass,BRY,LKKA,"SUN,MON,TUE,WED,THU,FRI,SAT",84,12
52212,Lal Kuan Bareilly Passenger,Pass,LKKA,BRY,"SUN,MON,TUE,WED,THU,FRI,SAT",84,12
52214,Mailani Bareilly Passenger,Pass,MLN,BRY,"SUN,MON,TUE,WED,THU,FRI,SAT",125,20
52215,Bareilly Pilibhit Passenger,Pass,BRY,PBE,"SUN,MON,TUE,WED,THU,FRI,SAT",58,10
52216,Pilibhit Bareilly Passenger,Pass,PBE,BRY,"SUN,MON,TUE,WED,THU,FRI,SAT",58,10
52217,Kasganj Bareilly Passenger,Pass,KSJF,BRY,"SUN,MON,TUE,WED,THU,FRI,SAT",104,18
52218,Bareilly Kasganj Passenger,Pass,BRY,KSJF,"SUN,MON,TUE,WED,THU,FRI,SAT",104,18
52219,Pilibhit Tanakpur Passenger,Pass,PBE,TPU,"SUN,MON,TUE,WED,THU,FRI,SAT",61,7
52220,Tanakpur Pilibhit Passenger,Pass,TPU,PBE,"SUN,MON,TUE,WED,THU,FRI,SAT",61,7
52221,Pilibhit Mailani Passenger,Pass,PBE,MLN,"SUN,MON,TUE,WED,THU,FRI,SAT",67,12
52222,Mailani Pilibhit Passenger,Pass,MLN,PBE,"SUN,MON,TUE,WED,THU,FRI,SAT",67,9
52223,Pilibhit Mailani Passenger,Pass,PBE,MLN,"SUN,MON,TUE,WED,THU,FRI,SAT",67,12
52224,Lakhimpur Pilibhit Passenger,Pass,LMP,PBE,"SUN,MON,TUE,WED,THU,FRI,SAT",127,15
52225,Pilibhit Lakhimpur Passenger,Pass,PBE,LMP,"SUN,MON,TUE,WED,THU,FRI,SAT",127,15
52226,Mailani Pilibhit Passenger,Pass,MLN,PBE,"SUN,MON,TUE,WED,THU,FRI,SAT",67,11
52227,Pilibhit Tanakpur Passenger,Pass,PBE,TPU,"SUN,MON,TUE,WED,THU,FRI,SAT",61,7
52229,Shahjahanpur Tanakpur Passenger,Pass,SZP,TPU,"SUN,MON,TUE,WED,THU,FRI,SAT",145,19
52230,Tanakpur Shahjahanpur Passenger,Pass,TPU,SZP,"SUN,MON,TUE,WED,THU,FRI,SAT",145,19
52231,Pilibhit Shahjahanpur Passenger,Pass,PBE,SZP,"SUN,MON,TUE,WED,THU,FRI,SAT",84,13
52232,Shahjahanpur Pilibhit Passenger,Pass,SZP,PBE,"SUN,MON,TUE,WED,THU,FRI,SAT",84,13
52233,Pilibhit Shahjahanpur Passenger,Pass,PBE,SZP,"SUN,MON,TUE,WED,THU,FRI,SAT",84,16
52234,Shahjahanpur Pilibhit Passenger,Pass,SZP,PBE,"SUN,MON,TUE,WED,THU,FRI,SAT",84,16
52235,Pilibhit Shahjahanpur Passenger,Pass,PBE,SZP,"SUN,MON,TUE,WED,THU,FRI,SAT",84,14
55324,RAMNAGAR - MORADABAD PASSENGER,Pass,RMR,MB,"SUN,MON,TUE,WED,THU,FRI,SAT",77,6
52176,Sabalgarh Gwalior Fast Passenger,Pass,SBL,GWL,"SUN,MON,TUE,WED,THU,FRI,SAT",92,15
52180,Sirmuttra Dhaulpur Passenger,Pass,SRMT,DHO,"SUN,MON,TUE,WED,THU,FRI,SAT",70,9
52184,Sirmuttra Dhaulpur Passenger,Pass,SRMT,DHO,"SUN,MON,TUE,WED,THU,FRI,SAT",70,9
52236,Shahjahanpur Pilibhit Passenger,Pass,SZP,PBE,"SUN,MON,TUE,WED,THU,FRI,SAT",84,13
52237,PILIBHIT - AISHBAGH PASS,Pass,PBE,ASSH,"SUN,MON,TUE,WED,THU,FRI,SAT",258,35
52239,TIKUNIA - AISHBAGH PASSENGER,Pass,TQN,ASSH,"SUN,MON,TUE,WED,THU,FRI,SAT",269,29
52240,AISHBAGH - TIKUNIA PASSENGER,Pass,ASSH,TQN,"SUN,MON,TUE,WED,THU,FRI,SAT",267,32
52241,Mailani Aishbagh Passenger,Pass,MLN,ASH,"SUN,MON,TUE,WED,THU,FRI,SAT",193,23
52242,Aishbagh Mailani Passenger,Pass,ASH,MLN,"SUN,MON,TUE,WED,THU,FRI,SAT",193,23
52243,PILIBHIT - AISHBAGH PASSENGER,Pass,PBE,ASSH,"SUN,MON,TUE,WED,THU,FRI,SAT",316,38
52245,MAILANI - AISHBAGH PASSENGER,Pass,MLN,ASSH,"SUN,MON,TUE,WED,THU,FRI,SAT",191,23
52246,AISHBAGH - MAILANI PASSENGER,Pass,ASSH,MLN,"SUN,MON,TUE,WED,THU,FRI,SAT",192,24
52247,Mailani Sitapur Passenger,Pass,MLN,STP,"SUN,MON,TUE,WED,THU,FRI,SAT",107,12
52248,Sitapur Mailani Passenger,Pass,STP,MLN,"SUN,MON,TUE,WED,THU,FRI,SAT",106,15
52249,Sitapur Aishbagh Passenger,Pass,STP,ASH,"SUN,MON,TUE,WED,THU,FRI,SAT",86,14
52250,AISHBAGH - SITAPUR PASSENGER,Pass,ASSH,STP,"SUN,MON,TUE,WED,THU,FRI,SAT",86,14
52251,SITAPUR - AISHBAGH PASSENGER,Pass,STP,ASSH,"SUN,MON,TUE,WED,THU,FRI,SAT",86,14
52252,Aishbagh Sitapur Passenger,Pass,ASH,STP,"SUN,MON,TUE,WED,THU,FRI,SAT",86,12
52254,Mailani Gonda Passenger,Pass,MLN,GD,"SUN,MON,TUE,WED,THU,FRI,SAT",330,27
52255,Gonda Bareilly Passenger,Pass,GD,BRY,"SUN,MON,TUE,WED,THU,FRI,SAT",455,46
52257,Gonda Mailani Passenger,Pass,GD,MLN,"SUN,MON,TUE,WED,THU,FRI,SAT",330,27
52258,Mailani Gonda Passenger,Pass,MLN,GD,"SUN,MON,TUE,WED,THU,FRI,SAT",330,27
52259,Gonda Mailani Passenger,Pass,GD,MLN,"SUN,SAT",330,26
52260,Mailani Gonda Passenger,Pass,MLN,GD,"SUN,SAT",330,27
52261,Gonda Nepalganj Passenger,Pass,GD,NPR,"SUN,MON,TUE,WED,THU,FRI,SAT",114,13
52262,Nepalganj Gonda Passenger,Pass,NPR,GD,"SUN,MON,TUE,WED,THU,FRI,SAT",114,13
52263,Gonda Nepalganj Passenger,Pass,GD,NPR,"SUN,MON,TUE,WED,THU,FRI,SAT",114,13
52264,Nepalganj Gonda Passenger,Pass,NPR,GD,"SUN,MON,TUE,WED,THU,FRI,SAT",114,13
52265,Gonda Nepalganj Passenger,Pass,GD,NPR,"SUN,MON,TUE,WED,THU,FRI,SAT",114,13
52266,Nepalganj Gonda Passenger,Pass,NPR,GD,"SUN,MON,TUE,WED,THU,FRI,SAT",114,13
52267,Gonda Nepalganj Passenger,Pass,GD,NPR,"SUN,MON,TUE,WED,THU,FRI,SAT",114,11
52268,Nepalganj Gonda Passenger,Pass,NPR,GD,"SUN,MON,TUE,WED,THU,FRI,SAT",114,11
52269,Anand Nagar Gonda Fast Passenger,Pass,ANDN,GD,"SUN,MON,TUE,WED,THU,FRI,SAT",179,24
52270,Gonda Anandnagar Passenger,Pass,GD,ANDN,"SUN,MON,TUE,WED,THU,FRI,SAT",179,25
52271,Anand Nagar Gonda Passenger,Pass,ANDN,GD,"SUN,MON,TUE,WED,THU,FRI,SAT",179,25
52272,Gonda Anandnagar Passenger,Pass,GD,ANDN,"SUN,MON,TUE,WED,THU,FRI,SAT",179,25
52274,Gonda Anandnagar Passenger,Pass,GD,ANDN,"SUN,MON,TUE,WED,THU,FRI,SAT",179,23
52276,Gonda Anandnagar Passenger,Pass,GD,ANDN,"SUN,MON,TUE,WED,THU,FRI,SAT",179,22
52277,Palia Kalan Mailani Passenger,Pass,PLK,MLN,"SUN,MON,TUE,WED,THU,FRI,SAT",30,4
52278,Mailani Palia Kalan Passenger,Pass,MLN,PLK,"SUN,MON,TUE,WED,THU,FRI,SAT",30,4
52280,Chhapra-Thawe Passenger,Pass,CPR,THE,"SUN,MON,TUE,WED,THU,FRI,SAT",105,13
52282,Chhapra Thawe Passenger,Pass,CPR,THE,"SUN,MON,TUE,WED,THU,FRI,SAT",105,13
52283,Thawe Chhapra Passenger,Pass,THE,CPR,"SUN,MON,TUE,WED,THU,FRI,SAT",105,13
52285,Thawe Chhapra Passenger,Pass,THE,CPR,"SUN,MON,TUE,WED,THU,FRI,SAT",105,13
52286,Chhapra Thawe Passenger,Pass,CPR,THE,"SUN,MON,TUE,WED,THU,FRI,SAT",105,13
52287,Thawe Chhapra Passenger,Pass,BRY,LKKA,"SUN,MON,TUE,WED,THU,FRI,SAT",84,12
52288,Chhapra Thawe Passenger,Pass,LKU,BRY,"SUN,MON,TUE,WED,THU,FRI,SAT",85,13
54311,Bareilly Moradabad Passenger,Pass,BE,MB,"SUN,MON,TUE,WED,THU,FRI,SAT",113,18
52273,Anand Nagar Gonda Passenger,Pass,ANDN,GD,"SUN,MON,TUE,WED,THU,FRI,SAT",179,25
52275,Anand Nagar Gonda Passenger,Pass,ANDN,GD,"SUN,MON,TUE,WED,THU,FRI,SAT",179,25
52295,Bareilly Lal Kuan Passenger,Pass,THE,CPR,"SUN,MON,TUE,WED,THU,FRI,SAT",105,13
52297,Pilibhit Shahjahanpur Passenger,Pass,PBE,SZP,"SUN,MON,TUE,WED,THU,FRI,SAT",84,9
52298,Shahjahanpur Pilibhit Passenger,Pass,SZP,PBE,"SUN,MON,TUE,WED,THU,FRI,SAT",84,9
52301,Balgona-Katwa Fast Local,Pass,BGNA,KWF,"SUN,MON,TUE,WED,THU,FRI,SAT",27,8
52302,Katwa Balgona Local,Pass,KWF,BGNA,"SUN,MON,TUE,WED,THU,FRI,SAT",27,8
52322,Saharsa-Forbesganj Passenger,Pass,SHC,FBG,"SUN,MON,TUE,WED,THU,FRI,SAT",112,11
52323,Forbesganj-Saharsa Passenger,Pass,FBG,SHC,"SUN,MON,TUE,WED,THU,FRI,SAT",112,11
52324,Saharsa-forbesganj Passenger,Pass,SHC,FBG,"SUN,MON,TUE,WED,THU,FRI,SAT",112,11
52325,Forbesganj-Saharsa Passenger,Pass,FBG,SHC,"SUN,MON,TUE,WED,THU,FRI,SAT",112,11
52326,Saharsa-Forbesganj Passenger,Pass,SHC,FBG,"SUN,MON,TUE,WED,THU,FRI,SAT",112,11
52327,Forbesganj-Saharsa Passenger,Pass,FBG,SHC,"SUN,MON,TUE,WED,THU,FRI,SAT",112,11
52328,Saharsa-Forbesganj Passenger,Pass,SHC,FBG,"SUN,MON,TUE,WED,THU,FRI,SAT",112,11
52329,Forbesganj-Saharsa Passenger,Pass,FBG,SHC,"SUN,MON,TUE,WED,THU,FRI,SAT",112,11
52330,Saharsa-Forbesganj Passenger,Pass,SHC,FBG,"SUN,MON,TUE,WED,THU,FRI,SAT",112,11
52468,BAIJNATHPAPROLA - PATHANKOT PASSENGER,Pass,BJPL,PTK,"SUN,MON,TUE,WED,THU,FRI,SAT",213,30
52471,Kangra Valley Rail Passenger,Pass,PTK,JDNX,"SUN,MON,TUE,WED,THU,FRI,SAT",170,29
52467,Kangra Valley Rail Passenger,Pass,PTK,BJPL,"SUN,MON,TUE,WED,THU,FRI,SAT",147,27
52470,Kangra Valley Rail Passenger,Pass,BJPL,PTK,"SUN,MON,TUE,WED,THU,FRI,SAT",213,24
16311,BIKANER - KOCHUVELI Express,Exp,BKN,KCVL,TUE,3002,389
52472,JOGINDER NAGAR - PATHANKOT PASSENGER,Pass,JDNX,PTK,"SUN,MON,TUE,WED,THU,FRI,SAT",170,34
52474,Kangra Valley Rail Passenger,Pass,JDNX,PTK,"SUN,MON,TUE,WED,THU,FRI,SAT",170,32
52501,BhikhnaThori Narkatiaganj Passenger,Pass,BKF,NKE,"SUN,MON,TUE,WED,THU,FRI,SAT",0,5
52502,Narkatiaganj Bhikhna Thori Passenger,Pass,NKE,BKF,"SUN,MON,TUE,WED,THU,FRI,SAT",0,5
52503,BhikhnaThori Narkatiaganj Passenger,Pass,BKF,NKE,"SUN,MON,TUE,WED,THU,FRI,SAT",0,4
52504,Narkatiaganj Bhikhna Thori Passenger,Pass,NKE,BKF,"SUN,MON,TUE,WED,THU,FRI,SAT",0,4
52505,BhikhnaThori Narkatiaganj Passenger,Pass,BKF,NKE,"SUN,MON,TUE,WED,THU,FRI,SAT",0,4
52506,Narkatiaganj Bhikhna Thori Passenger,Pass,NKE,BKF,"SUN,MON,TUE,WED,THU,FRI,SAT",0,4
52507,Raxaul-Narkatiaganj Passenger,Pass,RXL,NKE,"SUN,MON,TUE,WED,THU,FRI,SAT",40,5
52508,Narkatiganj Raxaul Passenger,Pass,NKE,RXL,"SUN,MON,TUE,WED,THU,FRI,SAT",40,5
52509,Raxaul Narkatiaganj Passenger,Pass,RXL,NKE,"SUN,MON,TUE,WED,THU,FRI,SAT",40,5
52510,Narkatiaganj Raxaul Passenger,Pass,NKE,RXL,"SUN,MON,TUE,WED,THU,FRI,SAT",40,5
52511,Raxaul Narkatiaganj Passenger,Pass,RXL,NKE,"SUN,MON,TUE,WED,THU,FRI,SAT",40,5
52512,Narkatiaganj Raxaul Passenger,Pass,NKE,RXL,"SUN,MON,TUE,WED,THU,FRI,SAT",40,5
52515,Jhanjharpur Laukaha Bazar Passenger,Pass,JJP,LKQ,"SUN,MON,TUE,WED,THU,FRI,SAT",43,8
52516,Laukaha Bazar Jhanjharpur Passenger,Pass,LKQ,JJP,"SUN,MON,TUE,WED,THU,FRI,SAT",43,8
52518,Laukaha Bazar Sakri Passenger,Pass,JJP,SKI,"SUN,MON,TUE,WED,THU,FRI,SAT",19,4
52519,Sakri Laukaha Bazar Passenger,Pass,SKI,JJP,"SUN,MON,TUE,WED,THU,FRI,SAT",19,4
52520,Laukaha Bazar Sakri Passenger,Pass,JJP,SKI,"SUN,MON,TUE,WED,THU,FRI,SAT",19,4
52521,Sakri Laukaha Bazar Passenger,Pass,SKI,JJP,"SUN,MON,TUE,WED,THU,FRI,SAT",19,4
52522,Laukaha Bazar Sakri Passenger,Pass,JJP,SKI,"SUN,MON,TUE,WED,THU,FRI,SAT",19,4
52523,Sakri Nirmali Passenger,Pass,SKI,NMA,"SUN,MON,TUE,WED,THU,FRI,SAT",51,8
52524,Nirmali Sakri Pass,Pass,NMA,SKI,"SUN,MON,TUE,WED,THU,FRI,SAT",51,8
52525,Sakri Nirmali Pass,Pass,SKI,NMA,"SUN,MON,TUE,WED,THU,FRI,SAT",51,8
52526,Nirmali Sakri Passenger,Pass,NMA,SKI,"SUN,MON,TUE,WED,THU,FRI,SAT",51,8
52527,Sakri Nirmali Pass,Pass,SKI,NMA,"SUN,MON,TUE,WED,THU,FRI,SAT",51,8
52528,Nirmali Sakri Pass,Pass,NMA,SKI,"SUN,MON,TUE,WED,THU,FRI,SAT",51,8
52529,Sakri Nirmali Pass,Pass,SKI,NMA,"SUN,MON,TUE,WED,THU,FRI,SAT",51,8
52530,Nirmali Sakri Pass,Pass,NMA,SKI,"SUN,MON,TUE,WED,THU,FRI,SAT",51,8
52531,Sakri Nirmali Pass,Pass,SKI,NMA,"SUN,MON,TUE,WED,THU,FRI,SAT",51,8
52532,Nirmali Sakri Pass,Pass,NMA,SKI,"SUN,MON,TUE,WED,THU,FRI,SAT",51,8
52534,Bihariganj Banmankhi Passenger,Pass,BHGJ,BNKI,"SUN,MON,TUE,WED,THU,FRI,SAT",27,7
52535,Banmankhi Bihariganj Passenger,Pass,BNKI,BHGJ,"SUN,MON,TUE,WED,THU,FRI,SAT",27,7
52536,Bihariganj Purnia Passenger,Pass,BHGJ,PRNA,"SUN,MON,TUE,WED,THU,FRI,SAT",64,12
52537,Purnia Bihariganj Passenger,Pass,BNKI,BHGJ,"SUN,MON,TUE,WED,THU,FRI,SAT",27,7
52538,Bihariganj Purnia Passenger,Pass,BHGJ,PRNA,"SUN,TUE,THU",63,9
52540,Darjeeling Kurseong Toy Train,Pass,DJ,KGN,"SUN,MON,TUE,WED,THU,FRI,SAT",31,5
52541,Kurseong Darjeeling Toy Train,Pass,NJP,DJ,"SUN,MON,TUE,WED,THU,FRI,SAT",88,12
52544,Darjeeling Kurseong Toy Train,Pass,DJ,KGN,"SUN,MON,TUE,WED,THU,FRI,SAT",31,5
52545,Kurseong Darjeeling Toy Train,Pass,KGN,DJ,"SUN,MON,TUE,WED,THU,FRI,SAT",31,5
52547,Darjeeling Joyride,Toy,DJ,DJRZ,"SUN,MON,TUE,WED,THU,FRI,SAT",2,4
52548,Darjeeling Himalayan Toy Train,Toy,DJ,DJRZ,"SUN,MON,TUE,WED,THU,FRI,SAT",2,4
52549,Darjeeling Himalayan Toy Train,Toy,DJ,DJRZ,"SUN,MON,TUE,WED,THU,FRI,SAT",2,4
52550,Darjeeling Joyride,Toy,DJ,DJRZ,"SUN,MON,TUE,WED,THU,FRI,SAT",0,4
52552,Murliganj-Purnia Passenger,Pass,MRIJ,PRNA,"SUN,MON,TUE,WED,THU,FRI,SAT",56,9
52553,Purnia Murliganj Passenger,Pass,PRNA,MRIJ,"SUN,MON,TUE,WED,THU,FRI,SAT",56,9
52566,JIRIBAM - SILCHAR MG Passenger,Pass,JRBM,SCL,"SUN,MON,TUE,WED,THU,FRI,SAT",56,3
18005,HOWRAH - JAGDALPUR Samaleshwari Exp,Exp,HWH,JDB,"SUN,MON,TUE,WED,THU,FRI,SAT",1057,157
52554,Muraliganj Purnia Passenger,Pass,MRIJ,PRNA,"SUN,MON,TUE,WED,THU,FRI,SAT",56,9
52556,Budhma Banmankhi Passenger,Pass,BDMA,BNKI,"SUN,MON,TUE,WED,THU,FRI,SAT",34,6
52557,Banmankhi Budhma Passenger,Pass,BNKI,BDMA,"SUN,MON,TUE,WED,THU,FRI,SAT",34,6
52558,Budhma Banmankhi Passenger,Pass,BDMA,BNKI,"SUN,MON,TUE,WED,THU,FRI,SAT",34,6
52563,Agartala Silchar Passenger,Pass,AGTL,SCL,"SUN,MON,TUE,WED,THU,FRI,SAT",257,34
52564,Silchar Agartala Passenger,Pass,SCL,AGTL,"SUN,MON,TUE,WED,THU,FRI,SAT",257,34
52565,SILCHAR - JIRIBAM MG Passenger,Pass,SCL,JRBM,"SUN,MON,TUE,WED,THU,FRI,SAT",56,3
52567,Badarpur Bhairabhi Passenger,Pass,BPB,BHRB,"SUN,MON,TUE,WED,THU,FRI,SAT",94,12
52568,Bhairabhi Badarpur Passenger,Pass,BHRB,BPB,"SUN,MON,TUE,WED,THU,FRI,SAT",94,12
52569,Karimganj Dullabcherra Passenger,Pass,KXJ,DLCR,"SUN,MON,TUE,WED,THU,FRI,SAT",51,10
52570,Dullabcherra Karimganj Passenger,Pass,DLCR,KXJ,"SUN,TUE,THU",51,10
52571,Karimganj Dullabcherra Passenger,Pass,KGN,DJ,"TUE,THU,SAT",28,5
52572,Dullabcherra Karimganj Passenger,Pass,DLCR,KXJ,"SUN,MON,TUE,WED,THU,FRI,SAT",51,10
52575,Agartala Dharmanagar Passenger,Pass,AGTL,DMR,"SUN,MON,TUE,WED,THU,FRI,SAT",141,13
52576,Dharmanagar Agartala Passenger,Pass,DMR,AGTL,"SUN,MON,TUE,WED,THU,FRI,SAT",141,13
52577,Dharmanagar Silchar Passenger,Pass,DMR,SCL,"SUN,MON,TUE,WED,THU,FRI,SAT",116,18
52578,Silchar Dharmanagar Passenger,Pass,SCL,DMR,"SUN,MON,TUE,WED,THU,FRI,SAT",116,18
52579,Agartala Dharmanagar Passenger,Pass,AGTL,DMR,"SUN,MON,TUE,WED,THU,FRI,SAT",141,13
52580,Dharmanagar Agartala Passenger,Pass,DMR,AGTL,"SUN,MON,TUE,WED,THU,FRI,SAT",141,13
52901,Mahesana Ahmedabad Passenger,Pass,MSH,ADI,"SUN,MON,TUE,WED,THU,FRI,SAT",67,19
52903,Mahesana Ahmedabad Passenger,Pass,MSH,ADI,"SUN,MON,TUE,WED,THU,FRI,SAT",69,20
52904,Ahmedabad Mahesana Passenger,Pass,ADI,MSH,"SUN,MON,TUE,WED,THU,FRI,SAT",69,20
52906,Ahmedabad Mahesana Passenger,Pass,ADI,MSH,"SUN,MON,TUE,WED,THU,FRI,SAT",69,20
52907,Mahesana Ahmedabad Passenger,Pass,MSH,ADI,"SUN,MON,TUE,WED,THU,FRI,SAT",69,20
52908,Ahmedabad Mahesana Passenger,Pass,ADI,MSH,"SUN,MON,TUE,WED,THU,FRI,SAT",69,20
52909,Mahesana Ahmedabad Passenger,Pass,MSH,ADI,"SUN,MON,TUE,WED,THU,FRI,SAT",69,20
52910,Ahmedabad Mahesana Fast Passenger,Pass,ADI,MSH,"SUN,MON,TUE,WED,THU,FRI,SAT",69,20
52911,Ranuj Ahmedabad Fast Passenger,Pass,RUJ,ADI,"SUN,MON,TUE,WED,THU,FRI,SAT",129,24
52912,Ahmedabad Ranuj Fast Passenger,Pass,ADI,RUJ,"SUN,MON,TUE,WED,THU,FRI,SAT",129,24
52913,Patan Ahmedabad Passenger,Pass,RUJ,ADI,"SUN,MON,TUE,WED,THU,FRI,SAT",125,24
52914,Ahmedabad Ranuj Passenger,Pass,ADI,RUJ,"SUN,MON,TUE,WED,THU,FRI,SAT",125,24
52915,Nandol Dehegam Ahmedabad Passenger,Pass,NHM,ADI,"SUN,MON,TUE,WED,THU,FRI,SAT",73,13
52916,Ahmedabad Nandol Dehegam Passenger,Pass,ADI,NHM,"SUN,MON,TUE,WED,THU,FRI,SAT",73,13
52917,Nandol Dehegam Ahmedabad Passenger,Pass,NHM,ADI,"SUN,MON,TUE,WED,THU,FRI,SAT",73,13
52918,Ahmedabad Nandol Dehegam Passenger,Pass,ADI,NHM,"SUN,MON,TUE,WED,THU,FRI,SAT",73,13
52919,Himmatnagar Ahmedabad Passenger,Pass,HMT,ADI,"SUN,MON,TUE,WED,THU,FRI,SAT",133,22
52920,Ahmedabad Himmatnagar Passenger,Pass,ADI,HMT,"SUN,MON,TUE,WED,THU,FRI,SAT",133,22
52921,Himmatnagar Ahmedabad Passenger,Pass,HMT,ADI,"SUN,MON,TUE,WED,THU,FRI,SAT",133,22
52922,Ahmedabad Himmatnagar Pass,Pass,ADI,HMT,"SUN,MON,TUE,WED,THU,FRI,SAT",133,22
52923,Khed Brahma Ahmedabad Passenger,Pass,KDBM,ADI,"SUN,MON,TUE,WED,THU,FRI,SAT",188,28
52924,Ahmedabad Khed Brahma Passenger,Pass,ADI,KDBM,"SUN,MON,TUE,WED,THU,FRI,SAT",188,28
52926,Ahmedabad Khed Brahma Passenger,Pass,ADI,KDBM,"SUN,MON,TUE,WED,THU,FRI,SAT",188,28
52927,Udaipur Ahmedabad Fast Passenger,Pass,UDZ,ADI,"SUN,MON,TUE,WED,THU,FRI,SAT",298,35
52928,Mewar Fast Passenger,Pass,ADI,UDZ,"SUN,MON,TUE,WED,THU,FRI,SAT",298,35
52929,Veraval Dhasa Passenger,Pass,VRL,DAS,"SUN,MON,TUE,WED,THU,FRI,SAT",190,17
52930,Dhasa Veraval Passenger,Pass,DAS,VRL,"SUN,MON,TUE,WED,THU,FRI,SAT",190,17
22464,Rajasthan Sampark Kranti Express,SKr,BKN,DEE,"TUE,SAT",685,91
52931,Jetalsar Dhasa Passenger,Pass,JLR,DAS,"SUN,MON,TUE,WED,THU,FRI,SAT",105,11
52932,Dhasa Jetalsar Passenger,Pass,DAS,JLR,"SUN,MON,TUE,WED,THU,FRI,SAT",105,11
52933,Veraval Dhasa Passenger,Pass,VRL,DAS,"SUN,MON,TUE,WED,THU,FRI,SAT",190,17
52935,Ahmedabad Botad Passenger,Pass,GG,BTD,"SUN,MON,TUE,WED,THU,FRI,SAT",155,20
52937,Fatehabad Chowk Ujjain Passenger,Pass,FTD,UJN,"SUN,MON,TUE,WED,THU,FRI,SAT",23,4
52938,Botad Ahmedabad Passenger,Pass,BTD,GG,"SUN,MON,TUE,WED,THU,FRI,SAT",155,20
52939,Gandhigram Botad Passenger,Pass,GG,BTD,"SUN,MON,TUE,WED,THU,FRI,SAT",155,20
52942,SBI-BTD - GANDHIGRAM PASSENGER,Pass,BTDF,GG,"SUN,MON,TUE,WED,THU,FRI,SAT",155,12
52943,Ahmedabad Botad Passenger,Pass,GG,BTD,"SUN,MON,TUE,WED,THU,FRI,SAT",155,20
52945,Ahmedabad Botad Passenger,Pass,GG,BTD,"SUN,MON,TUE,WED,THU,FRI,SAT",155,20
52946,Dhasa Veraval Passenger,Pass,DAS,VRL,"SUN,MON,TUE,WED,THU,FRI,SAT",190,17
52947,Wansjaliya Dhassa Passenger,Pass,JLR,DAS,"SUN,MON,TUE,WED,THU,FRI,SAT",105,11
52948,Dhasa Wansjaliya Passenger,Pass,DAS,JLR,"SUN,MON,TUE,WED,THU,FRI,SAT",105,11
52949,Veraval Delvada Passenger,Pass,VRL,DVA,"SUN,MON,TUE,WED,THU,FRI,SAT",94,12
52950,Delvada Veraval Passenger,Pass,DVA,VRL,"SUN,MON,TUE,WED,THU,FRI,SAT",94,12
52951,Delvada Junagadh Passenger,Pass,DVA,JND,"SUN,MON,TUE,WED,THU,FRI,SAT",158,19
52952,Junagadh Delvada Passenger,Pass,JND,DVA,"SUN,MON,TUE,WED,THU,FRI,SAT",158,19
52953,Kodinar Veraval Passenger,Pass,KODR,VRL,"SUN,MON,TUE,WED,THU,FRI,SAT",71,9
52954,Veraval Kodinar Passenger,Pass,VRL,KODR,"SUN,MON,TUE,WED,THU,FRI,SAT",71,9
52955,Khijadiya Junagarh Pass,Pass,KJV,JND,"SUN,MON,TUE,WED,THU,FRI,SAT",134,12
52956,JUNAGADH KHIJADIYA PASS,Pass,JND,KJV,"SUN,MON,TUE,WED,THU,FRI,SAT",134,12
52957,Ratlam Mhow Fast Passenger,Pass,RTM,MHOW,"SUN,MON,TUE,WED,THU,FRI,SAT",147,23
52958,Mhow Ratlam Fast Passenger,Pass,MHOW,RTM,"SUN,MON,TUE,WED,THU,FRI,SAT",147,21
52959,Ratlam Mhow Fast Passenger,Pass,RTM,MHOW,"SUN,MON,TUE,WED,THU,FRI,SAT",147,21
52960,Mhow Ratlam Fast Passenger,Pass,MHOW,RTM,"SUN,MON,TUE,WED,THU,FRI,SAT",147,21
52961,Ratlam Mhow Fast Passenger,Pass,RTM,MHOW,"SUN,MON,TUE,WED,THU,FRI,SAT",147,21
52962,Mhow Ratlam Fast Passenger,Pass,MHOW,RTM,"SUN,MON,TUE,WED,THU,FRI,SAT",147,21
52963,Ratlam Mhow Fast Passenger,Pass,RTM,MHOW,"SUN,MON,TUE,WED,THU,FRI,SAT",147,21
52964,Mhow Ratlam Fast Passenger,Pass,MHOW,RTM,"SUN,MON,TUE,WED,THU,FRI,SAT",147,21
52965,Ratlam Mhow Fast Passenger,Pass,RTM,MHOW,"SUN,MON,TUE,WED,THU,FRI,SAT",147,21
52966,Mhow Ratlam Passenger,Pass,MHOW,RTM,"SUN,MON,TUE,WED,THU,FRI,SAT",147,21
52967,Indore Mhow Fast Passenger,Pass,INDM,MHOW,"SUN,MON,TUE,WED,THU,FRI,SAT",29,7
52968,Mhow Indore Fast Passenger,Pass,MHOW,INDM,"SUN,MON,TUE,WED,THU,FRI,SAT",29,7
52969,Ujjain Fatehabad Passenger,Pass,UJN,FTD,"SUN,MON,TUE,WED,THU,FRI,SAT",23,4
52970,Fatehabad Chowk Ujjain Passenger,Pass,FTD,UJN,"SUN,MON,TUE,WED,THU,FRI,SAT",23,4
52971,Ujjain Mhow Passenger,Pass,UJN,MHOW,"SUN,MON,TUE,WED,THU,FRI,SAT",91,15
52972,Mhow Ujjain Passenger,Pass,MHOW,UJN,"SUN,MON,TUE,WED,THU,FRI,SAT",91,14
52973,Ratlam Akola Passenger,Pass,RTM,AK,"SUN,MON,TUE,WED,THU,FRI,SAT",431,47
52975,Ratlam Akola Passenger,Pass,RTM,AK,"SUN,MON,TUE,WED,THU,FRI,SAT",431,47
52976,Akola Ratlam Fast Pass,Pass,AK,RTM,"SUN,MON,TUE,WED,THU,FRI,SAT",431,47
52977,Indore Mhow Fast Passenger,Pass,INDM,MHOW,"SUN,MON,TUE,WED,THU,FRI,SAT",29,7
52978,Mhow-Indore Passenger,Pass,MHOW,INDB,"SUN,MON,TUE,WED,THU,FRI,SAT",29,9
52979,Indore Mhow Passenger,Pass,INDB,MHOW,"SUN,MON,TUE,WED,THU,FRI,SAT",29,9
52980,MHOW - INDM Passenger,Pass,MHOW,INDB,"SUN,MON,TUE,WED,THU,FRI,SAT",29,9
52981,Indore Mhow Fast Passenger,Pass,INDB,MHOW,"SUN,MON,TUE,WED,THU,FRI,SAT",29,9
52982,Mhow Indore MG Fast Passenger,Pass,MHOW,INDB,"SUN,MON,TUE,WED,THU,FRI,SAT",29,9
52983,Fatehabad Mhow Passenger,Pass,FTD,MHOW,"SUN,MON,TUE,WED,THU,FRI,SAT",68,12
14202,Rai Bareli Jaunpur Express,Exp,RBL,JNU,"SUN,MON,TUE,WED,THU,FRI,SAT",203,32
15632-Slip,Guwahati Barmer Express Slip,Exp,GHY,BKN,"SUN,MON,TUE,WED,THU,FRI,SAT",2333,314
18508,AMRITSAR - VISAKHAPATNAM Hirakud Exp,Exp,ASR,VSKP,"SUN,MON,TUE,WED,THU,FRI,SAT",2574,353
25631,Bikaner Guwahati Express,Exp,BKN,GHY,"SUN,MON,TUE,WED,THU,FRI,SAT",2333,370
52984,Mhow Fatehabad Fast Passenger,Pass,MHOW,FTD,"SUN,MON,TUE,WED,THU,FRI,SAT",68,12
52985,Indore Mg Mhow Passenger,Pass,INDB,MHOW,"SUN,MON,TUE,WED,THU,FRI,SAT",29,9
52986,Mhow Indore MG Pass,Pass,MHOW,INDB,"SUN,MON,TUE,WED,THU,FRI,SAT",29,9
52987,Mhow Akola Fast Passenger,Pass,MHOW,AK,"SUN,MON,TUE,WED,THU,FRI,SAT",292,27
52988,Akola Mhow Fast Passenger,Pass,AK,MHOW,"SUN,MON,TUE,WED,THU,FRI,SAT",292,27
52989,Ujjain Mhow Passenger,Pass,UJN,MHOW,"SUN,MON,TUE,WED,THU,FRI,SAT",91,14
52990,Mhow Ujjain Passenger,Pass,MHOW,UJN,"SUN,MON,TUE,WED,THU,FRI,SAT",91,17
52991,Ujjain Khandwa Passenger,Pass,UJN,KNW,"SUN,MON,TUE,WED,THU,FRI,SAT",204,29
52992,Khandwa Ujjain Passenger Express,Pass,KNW,UJN,"SUN,MON,TUE,WED,THU,FRI,SAT",204,29
52993,Mhow Akola Passenger,Pass,MHOW,AK,"SUN,MON,TUE,WED,THU,FRI,SAT",292,27
52994,Akola Mhow Passenger,Pass,AK,MHOW,"SUN,MON,TUE,WED,THU,FRI,SAT",292,27
53001,Howrah Azimganj Passenger,Pass,HWH,AZ,"SUN,MON,TUE,WED,THU,FRI,SAT",217,64
53002,Azimganj Howrah Passenger,Pass,AZ,HWH,"SUN,MON,TUE,WED,THU,FRI,SAT",217,62
53003,Howrah Malda Town Fast Passenger,Pass,HWH,MLDT,"SUN,MON,TUE,WED,THU,FRI,SAT",339,82
53004,Malda Howrah Fast Passenger,Pass,MLDT,HWH,"SUN,MON,TUE,WED,THU,FRI,SAT",339,82
53006,Azimganj Katwa Passenger,Pass,AZ,KWAE,"SUN,MON,TUE,WED,THU,FRI,SAT",73,18
53007,Katwa Rampurhat Passenger,Pass,KWAE,RPH,"SUN,MON,TUE,WED,THU,FRI,SAT",134,30
53008,Rampurhat Katwa Passenger,Pass,RPH,KWAE,"SUN,MON,TUE,WED,THU,FRI,SAT",134,30
53010,Azimganj Katwa Passenger,Pass,AZ,KWAE,"SUN,MON,TUE,WED,THU,FRI,SAT",73,21
53012,Azimganj Katwa Passenger,Pass,AZ,KWAE,"SUN,MON,TUE,WED,THU,FRI,SAT",73,22
53014,Azimganj Katwa Passenger,Pass,AZ,KWAE,"SUN,MON,TUE,WED,THU,FRI,SAT",73,22
53016,Azimganj Katwa Passenger,Pass,AZ,KWAE,"SUN,MON,TUE,WED,THU,FRI,SAT",73,18
53017,Katwa Azimganj Passenger,Pass,KWAE,AZ,"SUN,MON,TUE,WED,THU,FRI,SAT",73,21
53018,Azimganj Katwa Passenger,Pass,AZ,KWAE,"SUN,MON,TUE,WED,THU,FRI,SAT",73,22
53022,Bhagalpur Azimganj Passenger,Pass,BGP,AZ,"SUN,MON,TUE,WED,THU,FRI,SAT",226,42
53035,Azimganj Barharwa Passenger,Pass,AZ,BHW,"SUN,MON,TUE,WED,THU,FRI,SAT",94,18
53043,Howrah-Rajgir Fast Passenger,Pass,HWH,RGD,"SUN,MON,TUE,WED,THU,FRI,SAT",651,119
53044,Rajgir-Howrah Fast Passenger,Pass,RGD,HWH,"SUN,MON,TUE,WED,THU,FRI,SAT",676,120
53045,Mayurakshi Fast Passenger,Pass,HWH,RPH,"SUN,MON,TUE,WED,THU,FRI,SAT",288,57
53046,Mayurakshi Fast Passenger,Pass,RPH,HWH,"SUN,MON,TUE,WED,THU,FRI,SAT",288,57
53047,Viswabharati Fast Passenger,Pass,HWH,RPH,"SUN,MON,TUE,WED,THU,FRI,SAT",219,52
53048,Viswabharati Fast Passenger,Pass,RPH,HWH,"SUN,MON,TUE,WED,THU,FRI,SAT",219,52
53050,Mokameh Howrah Passenger,Pass,MKA,HWH,"SUN,MON,TUE,WED,THU,FRI,SAT",455,81
53061,Barddhaman-Hatia Passenger,Pass,BWN,HTE,"SUN,MON,TUE,WED,THU,FRI,SAT",345,51
53062,Hatia Barddhaman Passenger,Pass,HTE,BWN,"SUN,MON,TUE,WED,THU,FRI,SAT",333,53
53064,Barharwa Barddhaman Passenger,Pass,BHW,BWN,"SUN,MON,TUE,WED,THU,FRI,SAT",212,31
53065,Barddhaman Rampurhat Passenger,Pass,BWN,RPH,"SUN,MON,TUE,WED,THU,FRI,SAT",112,19
53066,Rampurhat Barddhaman Passenger,Pass,RPH,BWN,"SUN,MON,TUE,WED,THU,FRI,SAT",112,19
53067,Barddhaman Rampurhat Passenger,Pass,BWN,RPH,"SUN,MON,TUE,WED,THU,FRI,SAT",112,19
53208,Buxar Islampur Passenger,Pass,BXR,IPR,"SUN,MON,TUE,WED,THU,FRI,SAT",181,26
53213,Buxar Mughal Sarai Passenger,Pass,BXR,MGS,"SUN,MON,TUE,WED,THU,FRI,SAT",94,16
53215,Buxar Mughal Sarai Passenger,Pass,BXR,MGS,"SUN,MON,TUE,WED,THU,FRI,SAT",94,16
53217,Buxar Mughal Sarai Passenger,Pass,BXR,MGS,"SUN,MON,TUE,WED,THU,FRI,SAT",94,16
18047,HOWRAH - VASCO DA GAMA Amravati Exp,Exp,HWH,VSG,"MON,TUE,THU,SAT",2147,341
51196,Ballarshah Wardha Mumbai Passenger,Pass,BPQ,CSTM,"SUN,MON,TUE,WED,THU,FRI,SAT",891,120
53068,Rampurhat Barddhaman Passenger,Pass,RPH,BWN,"SUN,MON,TUE,WED,THU,FRI,SAT",112,19
53070,Rampurhat Barddhaman Passenger,Pass,RPH,BWN,"SUN,MON,TUE,WED,THU,FRI,SAT",112,19
53073,Rampurhat Sahibganj Passenger,Pass,RPH,SBG,"SUN,MON,TUE,WED,THU,FRI,SAT",133,22
53074,Sahibganj Rampurhat Passenger,Pass,SBG,RPH,"SUN,MON,TUE,WED,THU,FRI,SAT",133,22
53132,Muzaffarpur Sealdah Passenger,Pass,MFP,SDAH,"SUN,MON,TUE,WED,THU,FRI,SAT",568,102
53135,Sealdah Rampurhat Passenger,Pass,SDAH,RPH,"SUN,MON,TUE,WED,THU,FRI,SAT",227,54
53136,Rampurhat Sealdah Passenger,Pass,RPH,SDAH,"SUN,MON,TUE,WED,THU,FRI,SAT",227,54
53137,Rampurhat- Barharwa Passenger,Pass,RPH,BHW,"SUN,MON,TUE,WED,THU,FRI,SAT",79,13
53139,KolkataChitpur-Chittaranjan Passenger,Pass,KOAA,CRJ,"SUN,MON,TUE,WED,THU,FRI,SAT",241,53
53140,Chittranjan-KolkataChitpur Passenger,Pass,CRJ,KOAA,"SUN,MON,TUE,WED,THU,FRI,SAT",241,53
53152,Lalgola Ranaghat Passenger,Pass,LGL,RHA,"SUN,MON,TUE,WED,THU,FRI,SAT",154,30
53153,Ranaghat Lalgola Passenger,Pass,RHA,LGL,"SUN,MON,TUE,WED,THU,FRI,SAT",154,30
53154,Lalgola Ranaghat Passenger,Pass,LGL,RHA,"SUN,MON,TUE,WED,THU,FRI,SAT",154,30
53155,Ranaghat Lalgola Passenger,Pass,RHA,LGL,"SUN,MON,TUE,WED,THU,FRI,SAT",154,30
53156,LGL Ranaghat Passenger,Pass,LGL,RHA,"SUN,MON,TUE,WED,THU,FRI,SAT",154,30
53172,Lalgola Sealdah Passenger,Pass,LGL,SDAH,"SUN,MON,TUE,WED,THU,FRI,SAT",227,54
53173,Sealdah Lalgola Passenger,Pass,SDAH,LGL,"SUN,MON,TUE,WED,THU,FRI,SAT",227,54
53174,Lalgola Sealdah Passenger,Pass,LGL,SDAH,"SUN,MON,TUE,WED,THU,FRI,SAT",227,54
53175,Sealdah Lalgola Passenger,Pass,SDAH,LGL,"SUN,MON,TUE,WED,THU,FRI,SAT",227,54
53177,Sealdah Lalgola Fast Passenger,Pass,SDAH,LGL,"SUN,MON,TUE,WED,THU,FRI,SAT",227,54
53178,Lalgola Sealdah Fast Passenger,Pass,LGL,SDAH,"SUN,MON,TUE,WED,THU,FRI,SAT",227,54
53179,Kolkata Lalgola Passenger,Pass,KOAA,LGL,"SUN,MON,TUE,WED,THU,FRI,SAT",227,53
53180,Lalgola Kolkata Passenger,Pass,LGL,SDAH,"SUN,MON,TUE,WED,THU,FRI,SAT",227,54
53181,Lalgola Passenger,Pass,SDAH,LGL,"SUN,MON,TUE,WED,THU,FRI,SAT",227,54
53203,Patna Buxar Passenger,Pass,PNBE,BXR,"SUN,MON,TUE,WED,THU,FRI,SAT",117,17
53204,Buxar Patna Passenger,Pass,BXR,PNBE,"SUN,MON,TUE,WED,THU,FRI,SAT",117,25
53205,Patna Buxar Passenger,Pass,PNBE,BXR,"SUN,MON,TUE,WED,THU,FRI,SAT",117,17
53206,Buxar Patna Passenger,Pass,BXR,PNBE,"SUN,MON,TUE,WED,THU,FRI,SAT",117,17
53207,Islampur Buxar Passenger,Pass,IPR,BXR,"SUN,MON,TUE,WED,THU,FRI,SAT",181,37
53214,Mughal Sarai Buxar Passenger,Pass,MGS,BXR,"SUN,MON,TUE,WED,THU,FRI,SAT",94,16
53216,Mughal Sarai Buxar Passenger,Pass,MGS,BXR,"SUN,MON,TUE,WED,THU,FRI,SAT",94,16
53218,Mughal Sarai Buxar Passenger,Pass,MGS,BXR,"SUN,MON,TUE,WED,THU,FRI,SAT",94,16
53219,Buxar Mughal Sarai Passenger,Pass,BXR,MGS,"SUN,MON,TUE,WED,THU,FRI,SAT",94,17
53227,Darbhanga-Patna Kamala Ganga Fast Passenger,Pass,DBG,PNBE,"SUN,MON,TUE,WED,THU,FRI,SAT",196,39
53228,Kamla Ganga Fast Passenger,Pass,PNBE,DBG,"SUN,MON,TUE,WED,THU,FRI,SAT",197,37
53229,Rajgir Danapur Passenger,Pass,RGD,DNR,"SUN,MON,TUE,WED,THU,FRI,SAT",108,25
53230,Danapur Rajgir Passenger,Pass,DNR,RGD,"SUN,MON,TUE,WED,THU,FRI,SAT",108,25
53231,Danapur Rajgir Passenger,Pass,DNR,RGD,"SUN,MON,TUE,WED,THU,FRI,SAT",108,25
53232,Rajgir Danapur Passenger,Pass,RGD,DNR,"SUN,MON,TUE,WED,THU,FRI,SAT",108,25
53321,ASANSOL DHANBAD PASS,Pass,ASN,DHN,"SUN,MON,TUE,WED,THU,FRI,SAT",59,13
53322,Dhanbad-Asansol Passenger MEMU,Pass,DHN,ASN,"SUN,MON,TUE,WED,THU,FRI,SAT",59,13
53343,NSCB GOMOH - CHOPAN Passenger,Pass,GMO,CPU,"SUN,MON,TUE,WED,THU,FRI,SAT",455,62
53344,CHOPAN - NSCB GOMOH Passenger,Pass,CPU,GMO,"SUN,MON,TUE,WED,THU,FRI,SAT",455,62
53345,CHOPAN - ALLAHABAD Passenger,Pass,CPU,ALD,"SUN,MON,TUE,WED,THU,FRI,SAT",223,24
53346,ALLAHABAD - CHOPAN Passenger,Pass,ALD,CPU,"SUN,MON,TUE,WED,THU,FRI,SAT",223,24
13071,Jamalpur Express,Exp,HWH,JMP,"SUN,MON,TUE,WED,THU,FRI,SAT",467,78
18235,Bilaspur Express Cum Passenger,Exp,BPL,BSP,"SUN,MON,TUE,WED,THU,FRI,SAT",717,81
18409,Sri Jagannath Express,Exp,HWH,PURI,"SUN,MON,TUE,WED,THU,FRI,SAT",502,102
18645,East Coast Express,Exp,HWH,HYB,"SUN,MON,TUE,WED,THU,FRI,SAT",1592,259
19306,Shipra Express,Exp,HWH,INDB,SUN,1754,239
22308,Bikaner-Howrah SF Express,SF,BKN,HWH,"SUN,WED,SAT",1882,267
23040,Rajgir Howrah Passenger,Pass,RGD,HWH,"SUN,MON,TUE,WED,THU,FRI,SAT",552,98
37355,Howrah-Tarakeswar Local,MEMU,HWH,TAK,"SUN,MON,TUE,WED,THU,FRI,SAT",57,21
38442,Panskura Howrah EMU,MEMU,PKU,HWH,"SUN,MON,TUE,WED,THU,FRI,SAT",71,25
43891,Avadi Pattabiram East EMU,MEMU,AVD,PRES,"SUN,MON,TUE,WED,THU,FRI,SAT",10,4
51816,Agra Jhansi Passenger,Pass,AGC,JHS,"SUN,MON,TUE,WED,THU,FRI,SAT",216,24
53049,Howrah Mokameh Passenger,Pass,HWH,MKA,"SUN,MON,TUE,WED,THU,FRI,SAT",455,81
53323,SINDRI TOWN DHANBAD PASSSENGE,Pass,SNDT,DHN,"SUN,MON,TUE,WED,THU,FRI,SAT",27,6
53324,Dhanbad Sindri Town Passenger,Pass,DHN,SNDT,"SUN,MON,TUE,WED,THU,FRI,SAT",27,6
53325,Sindri Town Dhanbad Passenger,Pass,SNDT,DHN,"MON,TUE,WED,THU,FRI,SAT",27,6
53326,Dhanbad Sindri Town Passenger,Pass,DHN,SNDT,"MON,TUE,WED,THU,FRI,SAT",27,6
53327,Sindri Town Gomoh Passenger,Pass,SNDT,GMO,"SUN,MON,TUE,WED,THU,FRI,SAT",56,11
53328,Gomoh Sindri Town Passenger,Pass,GMO,SNDT,"SUN,MON,TUE,WED,THU,FRI,SAT",56,11
53333,Sindri Town Dhanbad Passenger,Pass,SNDT,DHN,"SUN,MON,TUE,WED,THU,FRI,SAT",27,6
53334,DHANBAD SINDRI TOWN PASSENGER,Pass,DHN,SNDT,"SUN,MON,TUE,WED,THU,FRI,SAT",27,6
53336,Ranchi Dhanbad Passenger,Pass,RNC,DHN,"SUN,MON,TUE,WED,THU,FRI,SAT",161,27
53337,Garhbeta Ranchi Passenger,Pass,GBA,RNC,"SUN,MON,TUE,WED,THU,FRI,SAT",269,36
53338,Ranchi Garhbeta Passenger,Pass,RNC,GBA,"SUN,MON,TUE,WED,THU,FRI,SAT",269,35
53339,Dhanbad Chandrapura Passenger,Pass,DHN,CRP,"MON,TUE,WED,THU,FRI,SAT",34,10
53340,Chandrapura Dhanbad Passenger,Pass,CRP,DHN,"MON,TUE,WED,THU,FRI,SAT",34,10
53341,Dhanbad-Muri Passenger,Pass,DHN,MURI,"SUN,MON,TUE,WED,THU,FRI,SAT",101,20
53342,Muri-Dhanbad Passenger,Pass,MURI,DHN,"SUN,MON,TUE,WED,THU,FRI,SAT",101,20
53347,Gomoh Barwadih Passenger,Pass,GMO,BRWD,"SUN,MON,TUE,WED,THU,FRI,SAT",255,33
53348,Barwadih Gomoh Passenger,Pass,BRWD,GMO,"SUN,MON,TUE,WED,THU,FRI,SAT",255,33
53350,Dehri on Sone Barwadih Passenger,Pass,DOS,BRWD,"SUN,MON,TUE,WED,THU,FRI,SAT",164,23
53351,Barwadih-Chunar Passenger,Pass,BRWD,CAR,"SUN,MON,TUE,WED,THU,FRI,SAT",303,26
53352,Chunar Chopan Passenger,Pass,CAR,CPU,"SUN,MON,TUE,WED,THU,FRI,SAT",103,8
53358,Dehari On Sone - Barkakana Passenger,Pass,DOS,BRKA,"SUN,MON,TUE,WED,THU,FRI,SAT",319,44
53359,Gomoh Barka Kana Passenger,Pass,GMO,BRKA,"SUN,MON,TUE,WED,THU,FRI,SAT",100,16
53360,Barkakana-NSBC Gomoh Passenger,Pass,BRKA,GMO,"SUN,MON,TUE,WED,THU,FRI,SAT",100,16
53361,Barka Kana Varanasi Passenger,Pass,BRKA,BSB,"SUN,MON,TUE,WED,THU,FRI,SAT",456,60
53362,Varanasi-Barkakana Passenger,Pass,BSB,BRKA,"SUN,MON,TUE,WED,THU,FRI,SAT",456,60
53364,Dehri On Sone Gaya Passenger,Pass,DOS,GAYA,"SUN,MON,TUE,WED,THU,FRI,SAT",85,13
53401,Sahibganj- Malda Town Passenger,Pass,SBG,MLDT,"SUN,MON,TUE,WED,THU,FRI,SAT",105,18
53402,Malda Town- Sahibganj Passenger,Pass,MLDT,SBG,"SUN,MON,TUE,WED,THU,FRI,SAT",106,13
53403,Rampurhat Gaya Passenger,Pass,RPH,GAYA,"SUN,MON,TUE,WED,THU,FRI,SAT",435,50
53406,Sahibganj- Rampurhat Passenger,Pass,SBG,RPH,"SUN,MON,TUE,WED,THU,FRI,SAT",133,22
53412,Sahibganj Barharwa Passenger,Pass,SBG,BHW,"SUN,MON,TUE,WED,THU,FRI,SAT",53,10
53417,Barddhaman MaldaTown Passenger,Pass,BWN,MLDT,"SUN,MON,TUE,WED,THU,FRI,SAT",233,39
53418,Malda Town Barddhaman Passenger,Pass,MLDT,BWN,"SUN,MON,TUE,WED,THU,FRI,SAT",233,39
53551,Jasidih-Dumka Passenger,Pass,JSME,DUMK,"MON,TUE,WED,THU,FRI,SAT",72,9
53553,Jasidih-Dumka Passenger,Pass,JSME,DUMK,"SUN,MON,TUE,WED,THU,FRI,SAT",72,9
53567,asansol jhajha mEMU,Pass,ASN,JAJ,"SUN,MON,TUE,WED,THU,FRI,SAT",155,20
11055,MUMBAI LTT - GORAKHPUR Exp,Exp,LTT,GKP,"SUN,MON,WED,FRI",1733,236
11107,Gwalior-Varanasi Bundelkhand Express,Exp,GWL,BSB,"SUN,MON,TUE,WED,THU,FRI,SAT",624,67
15270,AHMEDABAD - MUZAFFARPUR Jan Sadharan Exp,Exp,ADI,MFP,SAT,1752,285
16519,JOLARPETTAI - BANGALORE Exp,Exp,JTJ,SBC,"SUN,MON,TUE,WED,THU,FRI,SAT",145,22
32252,Dankuni Sealdah Local,MEMU,DKAE,SDAH,"SUN,MON,TUE,WED,THU,FRI,SAT",22,10
51253,Amla Chhindwara Passenger,Pass,AMLA,CWA,"SUN,MON,TUE,WED,THU,FRI,SAT",115,15
51882,Agra Gwalior Fast Passenger,Pass,AGC,GWL,"SUN,MON,TUE,WED,THU,FRI,SAT",118,14
52173,Gwalior Sabalgarh Passenger,Pass,GWL,SBL,"SUN,MON,TUE,WED,THU,FRI,SAT",92,16
53442,Bhagalpur Mandar Hill Passenger,Pass,BGP,MDLE,"MON,TUE,WED,THU,FRI,SAT",0,12
53481,Tinpahar Rajmahal Pass,Pass,TPH,RJL,"SUN,MON,TUE,WED,THU,FRI,SAT",11,2
53482,Rajmahal Tinpahar Passenger,Pass,RJL,TPH,"SUN,MON,TUE,WED,THU,FRI,SAT",11,2
53483,Tinpahar Rajmahal Pass,Pass,TPH,RJL,"SUN,MON,TUE,WED,THU,FRI,SAT",11,3
53484,Rajmahal Tinpahar Passenger,Pass,RJL,TPH,"SUN,MON,TUE,WED,THU,FRI,SAT",11,2
53485,Tinpahar Rajmahal Pass,Pass,TPH,RJL,"SUN,MON,TUE,WED,THU,FRI,SAT",11,3
53487,Tinpahar Rajmahal Pass,Pass,TPH,RJL,"SUN,MON,TUE,WED,THU,FRI,SAT",11,2
53490,Rajmahal Tinpahar Passenger,Pass,RJL,TPH,"SUN,MON,TUE,WED,THU,FRI,SAT",11,3
53491,Tinpahar Rajmahal Pass,Pass,TPH,RJL,"SUN,MON,TUE,WED,THU,FRI,SAT",11,2
53492,Rajmahal Tinpahar Passenger,Pass,RJL,TPH,"SUN,MON,TUE,WED,THU,FRI,SAT",11,2
53493,Tinpahar Rajmahal Pass,Pass,TPH,RJL,"SUN,MON,TUE,WED,THU,FRI,SAT",11,2
53494,Rajmahal-Teenpahar Pass.,Pass,RJL,TPH,"SUN,MON,TUE,WED,THU,FRI,SAT",11,2
53511,Madhupur Giridih Pass,Pass,MDP,GRD,"SUN,MON,TUE,WED,THU,FRI,SAT",38,7
53512,GIRIDIH MADHUPUR PASS,Pass,GRD,MDP,"SUN,MON,TUE,WED,THU,FRI,SAT",38,7
53513,MADHUPUR GIRIDIH PASS,Pass,MDP,GRD,"SUN,MON,TUE,WED,THU,FRI,SAT",36,7
53514,Giridih-Madhupur Passenger,Pass,GRD,MDP,"SUN,MON,TUE,WED,THU,FRI,SAT",36,7
53517,MADHUPUR GIRIDIH PASS,Pass,MDP,GRD,"SUN,MON,TUE,WED,THU,FRI,SAT",38,7
53518,GIRIDIH MADHUPUR PASS,Pass,GRD,MDP,"SUN,MON,TUE,WED,THU,FRI,SAT",38,7
53519,MADHUPUR GIRIDIH PASS,Pass,MDP,GRD,"SUN,MON,TUE,WED,THU,FRI,SAT",38,7
53520,Giridih-Madhupur Passenger,Pass,GRD,MDP,"SUN,MON,TUE,WED,THU,FRI,SAT",36,7
53547,Andal-Jasidih Passenger,Pass,UDL,STN,"SUN,MON,TUE,WED,THU,FRI,SAT",34,6
53548,Jasidih Andal Passenger,Pass,JSME,UDL,"SUN,MON,TUE,WED,THU,FRI,SAT",136,19
53552,Dumka-Jasidih Passenger,Pass,DUMK,JSME,"MON,TUE,WED,THU,FRI,SAT",72,9
53554,Dumka-Jasidih Passenger,Pass,DUMK,JSME,"MON,TUE,WED,THU,FRI,SAT",72,9
53602,Dehri On Sone Gaya Passenger,Pass,DOS,GAYA,"SUN,MON,TUE,WED,THU,FRI,SAT",85,13
53603,Gaya Dehri On Sone Passenger,Pass,GAYA,DOS,"SUN,MON,TUE,WED,THU,FRI,SAT",85,13
53604,Dehri-on-Sone Gaya Passenger,Pass,DOS,GAYA,"SUN,MON,TUE,WED,THU,FRI,SAT",85,13
53607,Gaya Dehri on Sone Passenger,Pass,GAYA,DOS,"SUN,MON,TUE,WED,THU,FRI,SAT",85,14
53641,Dildarnagar Mughal Sarai Passenger,Pass,DLN,MGS,"SUN,MON,TUE,WED,THU,FRI,SAT",58,9
53643,Dildarnagar Tarighat Passenger,Pass,DLN,TRG,"SUN,MON,TUE,WED,THU,FRI,SAT",19,4
53644,Tarighat Dildarnagar Passenger,Pass,TRG,DLN,"SUN,MON,TUE,WED,THU,FRI,SAT",19,4
53645,Dildarnagar Tarighat Passenger,Pass,DLN,TRG,"SUN,MON,TUE,WED,THU,FRI,SAT",19,4
53646,Tarighat Dildarnagar Passenger,Pass,TRG,DLN,"SUN,MON,TUE,WED,THU,FRI,SAT",19,4
53647,Dildarnagar Tarighat Passenger,Pass,DLN,TRG,"SUN,MON,TUE,WED,THU,FRI,SAT",19,2
54001,Tilak Bridge Rohtak Shuttle,Pass,TKJ,ROK,"SUN,MON,TUE,WED,THU,FRI,SAT",73,20
54002,Rohtak Tilak Bridge Passenger,Pass,ROK,TKJ,"SUN,MON,TUE,WED,THU,FRI,SAT",73,20
54011,Rewari Passenger,Pass,TKJ,RE,"SUN,MON,TUE,WED,THU,FRI,SAT",86,24
54012,Rewari Tilak Bridge Passenger,Pass,RE,TKJ,"SUN,MON,TUE,WED,THU,FRI,SAT",86,24
54022,Tilak Bridge Delhi Bulandshahr Passenger,Pass,TKJ,BSC,"SUN,MON,TUE,WED,THU,FRI,SAT",124,20
57517,Hyderabad-Tandur Passenger,Pass,HYB,TDU,"SUN,MON,TUE,WED,THU,FRI,SAT",116,25
19916,Ahmedabad Mahesana InterCity,Exp,ADI,MSH,"SUN,MON,TUE,WED,THU,FRI,SAT",69,20
53036,Barharwa Azimganj Passenger,Pass,BHW,AZ,"SUN,MON,TUE,WED,THU,FRI,SAT",94,21
53609,Dehri on Sone Mughal Sarai Passenger,Pass,DOS,MGS,"SUN,MON,TUE,WED,THU,FRI,SAT",120,18
53611,Barwadih Dehri on Sone Passenger,Pass,BRWD,DOS,"SUN,MON,TUE,WED,THU,FRI,SAT",164,23
53612,Dehri on Sone Barwadih Passenger,Pass,DOS,BRWD,"SUN,MON,TUE,WED,THU,FRI,SAT",164,23
53614,Mughal Sarai Gaya Fast Passenger,Pass,MGS,GAYA,"SUN,MON,TUE,WED,THU,FRI,SAT",205,30
53616,GAYA JAMALPUR PASS,Pass,GAYA,JMP,"SUN,MON,TUE,WED,THU,FRI,SAT",183,20
53623,JHAJHA - GAYA Passenger,Pass,JAJ,GAYA,"SUN,MON,TUE,WED,THU,FRI,SAT",182,44
53624,GAYA - JHAJHA Passenger,Pass,GAYA,JAJ,"SUN,MON,TUE,WED,THU,FRI,SAT",182,42
53625,Kiul Gaya Passenger,Pass,KIUL,GAYA,"SUN,MON,TUE,WED,THU,FRI,SAT",129,12
53626,Gaya Kiul Passenger,Pass,GAYA,KIUL,"SUN,MON,TUE,WED,THU,FRI,SAT",129,12
53627,Kiul Gaya Passenger,Pass,KIUL,GAYA,"SUN,MON,TUE,WED,THU,FRI,SAT",129,12
53628,Gaya Kiul Passenger,Pass,GAYA,KIUL,"SUN,MON,TUE,WED,THU,FRI,SAT",129,12
53629,Kiul Gaya Passenger,Pass,KIUL,GAYA,"SUN,MON,TUE,WED,THU,FRI,SAT",129,16
53630,Gaya Kiul Passenger,Pass,GAYA,KIUL,"SUN,MON,TUE,WED,THU,FRI,SAT",129,12
53631,Kiul Gaya Passenger,Pass,KIUL,GAYA,"SUN,MON,TUE,WED,THU,FRI,SAT",129,14
53632,Gaya Kiul Passenger,Pass,GAYA,KIUL,"SUN,MON,TUE,WED,THU,FRI,SAT",129,12
53642,Mughal Sarai Dildarnagar Passenger,Pass,MGS,DLN,"SUN,MON,TUE,WED,THU,FRI,SAT",58,9
53648,Tarighat Dildarnagar Passenger,Pass,TRG,DLN,"SUN,MON,TUE,WED,THU,FRI,SAT",19,2
53653,Patna Gaya Passenger,Pass,PNBE,GAYA,"SUN,MON,TUE,WED,THU,FRI,SAT",92,29
53654,Gaya Patna Passenger MEMU,Pass,GAYA,PNBE,"SUN,MON,TUE,WED,THU,FRI,SAT",92,30
53659,Patna-Sasaram Passenger,Pass,PNBE,SSM,"SUN,MON,TUE,WED,THU,FRI,SAT",146,21
54003,H Nizamuddin Kosi Kalan,Pass,KSV,NZM,"SUN,MON,TUE,WED,THU,FRI,SAT",93,12
54004,H Nizamuddin Kosi Kalan,Pass,NZM,KSV,"SUN,MON,TUE,WED,THU,FRI,SAT",93,12
54006,JIND - ROHTAK Passenger (UnReserved),Pass,JIND,ROK,"SUN,MON,TUE,WED,THU,FRI,SAT",141,27
54007,ROHTAK - PANIPAT - JIND Passenger (UnReserved),Pass,ROK,JIND,"SUN,MON,TUE,WED,THU,FRI,SAT",141,27
54008,JIND - ROHTAK PASSENGER,Pass,JIND,ROK,"SUN,MON,TUE,WED,THU,FRI,SAT",141,25
54009,JIND - ROHTAK PASSENGER,Pass,ROK,JIND,"SUN,MON,TUE,WED,THU,FRI,SAT",141,25
54013,Rohtak Bhiwani Passenger,Pass,ROK,BNW,"SUN,MON,TUE,WED,THU,FRI,SAT",49,7
54014,Bhiwani Rohtak Passenger,Pass,BNW,ROK,"SUN,MON,TUE,WED,THU,FRI,SAT",49,7
54015,Rohtak Bhiwani Passenger,Pass,ROK,BNW,"SUN,MON,TUE,WED,THU,FRI,SAT",49,7
54016,Bhiwani Rohtak Passenger,Pass,BNW,ROK,"SUN,MON,TUE,WED,THU,FRI,SAT",49,7
54018,Bhiwani Rohtak Passenger,Pass,BNW,ROK,"SUN,MON,TUE,WED,THU,FRI,SAT",49,7
54021,Tilak Bridge Passenger,Pass,BSC,NDLS,"SUN,MON,TUE,WED,THU,FRI,SAT",101,18
54023,Rohtak Jind Passenger,Pass,ROK,JIND,"SUN,MON,TUE,WED,THU,FRI,SAT",57,9
54024,Jind Delhi Passenger,Pass,JIND,DLI,"SUN,MON,TUE,WED,THU,FRI,SAT",127,25
54043,Jind Sirsa Passenger,Pass,JIND,SSA,"SUN,MON,TUE,WED,THU,FRI,SAT",245,29
54044,Sirsa Jind Passenger,Pass,SSA,JIND,"SUN,MON,TUE,WED,THU,FRI,SAT",245,29
54045,Jind Firozpur Passenger,Pass,JIND,FZR,"SUN,MON,TUE,WED,THU,FRI,SAT",258,36
54046,Jind Firozpur Passenger,Pass,FZR,JIND,"SUN,MON,TUE,WED,THU,FRI,SAT",258,36
54051,Ludhiana Firozpur Passenger,Pass,LDH,FZR,"SUN,MON,TUE,WED,THU,FRI,SAT",124,17
54052,Ludhiana Firozpur Passenger,Pass,FZR,LDH,"SUN,MON,TUE,WED,THU,FRI,SAT",124,17
54053,Jakhal Ludhiana Passenger,Pass,JHL,LDH,"SUN,MON,TUE,WED,THU,FRI,SAT",129,18
54054,Ludhiana Jakhal Passenger,Pass,LDH,JHL,"SUN,MON,TUE,WED,THU,FRI,SAT",129,18
54077,Bareilly Delhi Passenger,Pass,BE,DLI,"SUN,MON,TUE,WED,THU,FRI,SAT",274,47
54078,Shajahanpur Passenger Slip Ex Bareilly,Pass,DLI,BE,"SUN,MON,TUE,WED,THU,FRI,SAT",274,47
54091,Najibabad Kotdwara Pass,Pass,NBD,KTW,"SUN,MON,TUE,WED,THU,FRI,SAT",24,3
54104,Mughal Sarai Allahabad Passenger,Pass,ALD,CAR,"SUN,MON,TUE,WED,THU,FRI,SAT",120,17
54031,DELHI - JIND PASSENGER,Pass,DLI,JIND,"SUN,MON,TUE,WED,THU,FRI,SAT",127,25
54032,JIND - DELHI PASSENGER,Pass,JIND,DLI,"SUN,MON,TUE,WED,THU,FRI,SAT",127,25
54033,OLD DELHI - NARWANA Pass,Pass,DLI,NRW,"SUN,MON,TUE,WED,THU,FRI,SAT",127,29
54034,JIND - DELHI Pass,Pass,JIND,DLI,"SUN,MON,TUE,WED,THU,FRI,SAT",127,25
54035,DELHI - JAKHAL PASSENGER,Pass,DLI,JHL,"SUN,MON,TUE,WED,THU,FRI,SAT",199,35
54036,JAKHAL - DELHI PASSENGER,Pass,JHL,DLI,"SUN,MON,TUE,WED,THU,FRI,SAT",199,35
54037,Kurukshetra Jind Passenger,Pass,KKDE,JIND,"SUN,MON,TUE,WED,THU,FRI,SAT",126,17
54038,Jind Kurukshetra Passenger,Pass,JIND,KKDE,"SUN,MON,TUE,WED,THU,FRI,SAT",126,17
54039,Kurukshetra Jind Passenger,Pass,KKDE,JIND,"SUN,MON,TUE,WED,THU,FRI,SAT",126,17
54040,Jind Kurukshetra Passenger,Pass,JIND,KKDE,"SUN,MON,TUE,WED,THU,FRI,SAT",126,17
54041,Kurukshetra Jind Passenger,Pass,KKDE,JIND,"SUN,MON,TUE,WED,THU,FRI,SAT",126,17
54042,Jind Kurukshetra Passenger,Pass,JIND,KKDE,"SUN,MON,TUE,WED,THU,FRI,SAT",126,17
54047,Jind Kurukshetra Passenger,Pass,KKDE,JIND,"SUN,MON,TUE,WED,THU,FRI,SAT",126,10
54048,Jind Nrw Kurukshetra Passenger,Pass,JIND,KKDE,"SUN,MON,TUE,WED,THU,FRI,SAT",126,17
54049,ROHTAK - JIND PASSENGER,Pass,ROK,JIND,"SUN,MON,TUE,WED,THU,FRI,SAT",141,25
54050,ROHTAK - JIND PASSENGER,Pass,JIND,ROK,"SUN,MON,TUE,WED,THU,FRI,SAT",141,25
54055,Moradabad Delhi Passenger,Pass,MB,DLI,"SUN,MON,TUE,WED,THU,FRI,SAT",164,28
54057,Delhi Shamli Passenger,Pass,DLI,SMQL,"SUN,MON,TUE,WED,THU,FRI,SAT",94,23
54058,Shamli Delhi Passenger,Pass,SMQL,DLI,"SUN,MON,TUE,WED,THU,FRI,SAT",94,22
54059,Delhi Shamli Passenger,Pass,DLI,SMQL,"SUN,MON,TUE,WED,THU,FRI,SAT",94,22
54060,Shamli Delhi Passenger,Pass,SMQL,DLI,"SUN,MON,TUE,WED,THU,FRI,SAT",94,22
54071,Hoshiarpur Jalandhar DMU,Pass,HSX,JUC,"SUN,MON,TUE,WED,THU,FRI,SAT",43,7
54072,Jalandhar Hoshiarpur DMU,Pass,JUC,HSX,"SUN,MON,TUE,WED,THU,FRI,SAT",43,7
54075,Sitapur Delhi Passenger,Pass,SPC,DLI,"SUN,MON,TUE,WED,THU,FRI,SAT",409,64
54076,Delhi - Sitapur Cant Passenger,Pass,DLI,SPC,"SUN,MON,TUE,WED,THU,FRI,SAT",409,64
54085,Delhi Rewari Pass,Pass,DLI,RE,"SUN,MON,TUE,WED,THU,FRI,SAT",82,22
54086,Rewari Delhi Pass,Pass,RE,DLI,"SUN,MON,TUE,WED,THU,FRI,SAT",82,22
54102,Kanpur Allahabad Passenger,Pass,CNB,ALD,"SUN,MON,TUE,WED,THU,FRI,SAT",214,30
54105,Mughalsarai Allahabad Passenger,Pass,MGS,ALD,"SUN,MON,TUE,WED,THU,FRI,SAT",152,21
54106,Allahabad Mughal Sarai Passenger,Pass,ALD,MGS,"SUN,MON,TUE,WED,THU,FRI,SAT",152,21
54107,Allahabad Jaunpur Passenger,Pass,ALD,JNU,"SUN,MON,TUE,WED,THU,FRI,SAT",113,19
54108,Allahabad Jaunpur Passenger,Pass,JNU,ALD,"SUN,MON,TUE,WED,THU,FRI,SAT",113,19
54109,Mughal Sarai Faizabad Passenger,Pass,MGS,FD,"SUN,MON,TUE,WED,THU,FRI,SAT",223,35
54157,Jhansi Kanpur Passenger,Pass,JHS,CNB,"SUN,MON,TUE,WED,THU,FRI,SAT",222,26
54158,Kanpur Jhansi Passenger,Pass,CNB,JHS,"SUN,MON,TUE,WED,THU,FRI,SAT",214,26
54160,Banda Jhansi Passenger,Pass,BNDA,JHS,"SUN,MON,TUE,WED,THU,FRI,SAT",191,19
54192,Kila Hathras Passenger,Pass,HRF,HRS,"SUN,MON,TUE,WED,THU,FRI,SAT",9,2
54193,Hathras Kila Passenger,Pass,HRS,HRF,"SUN,MON,TUE,WED,THU,FRI,SAT",9,2
54221,RBL RAGHURAJ SINGH PASS,Pass,RBL,RRS,"SUN,MON,TUE,WED,THU,FRI,SAT",56,8
54223,RBL RAGHURAJ SINGH PASS,Pass,RBL,RRS,"SUN,MON,TUE,WED,THU,FRI,SAT",56,8
54226,Raibareli Unchahar Passenger,Pass,RBL,UCR,"SUN,MON,TUE,WED,THU,FRI,SAT",38,5
54232,Lucknow-Faizabad Passenger,Pass,LKO,FD,"SUN,MON,TUE,WED,THU,FRI,SAT",127,24
54234,Lucknow Faizabad Passenger,Pass,LKO,FD,"SUN,MON,TUE,WED,THU,FRI,SAT",127,24
54239,Mankapur Faizabad Passenger,Pass,MUR,AY,"SUN,MON,TUE,WED,THU,FRI,SAT",37,5
54243,Mankapur Ayodhya Passenger,Pass,MUR,AY,"SUN,MON,TUE,WED,THU,FRI,SAT",37,5
54251,Lucknow Saharanpur Passenger,Pass,LKO,SRE,"SUN,MON,TUE,WED,THU,FRI,SAT",519,80
54254,Lucknow Pratapgarh,Pass,LKO,PRG,"SUN,MON,TUE,WED,THU,FRI,SAT",225,32
54271,Arrah-Sasaram-Mughal Sarai Passenger,Pass,ARA,MGS,"SUN,MON,TUE,WED,THU,FRI,SAT",198,27
53138,Barharwa- Rampurhat Passenger,Pass,BHW,RPH,"SUN,MON,TUE,WED,THU,FRI,SAT",79,13
54110,Faizabad Mughal Sarai Passenger,Pass,FD,MGS,"SUN,MON,TUE,WED,THU,FRI,SAT",223,35
54151,Fatehpur Kanpur Passenger,Pass,FTP,CNB,"SUN,MON,TUE,WED,THU,FRI,SAT",77,13
54152,Kanpur Fatehpur Passenger,Pass,CNB,FTP,"SUN,MON,TUE,WED,THU,FRI,SAT",77,13
54153,Rae Bareli Kanpur Passenger,Pass,RBL,CNB,"SUN,MON,TUE,WED,THU,FRI,SAT",167,22
54154,Kanpur Rae Bareli Passenger,Pass,CNB,RBL,"SUN,MON,TUE,WED,THU,FRI,SAT",167,22
54155,Manikpur Kanpur Passenger,Pass,MKP,CNB,"SUN,MON,TUE,WED,THU,FRI,SAT",267,30
54156,Kanpur Manikpur Passenger,Pass,CNB,MKP,"SUN,MON,TUE,WED,THU,FRI,SAT",259,30
54211,Rae Bareli Kanpur Passenger,Pass,RBL,CNB,"SUN,MON,TUE,WED,THU,FRI,SAT",127,19
54212,Kanpur Rae Bareli Passenger,Pass,CNB,RBL,"SUN,MON,TUE,WED,THU,FRI,SAT",189,25
54222,Lalganj Dalmau Rai Bareli Passenger,Pass,RRS,RBL,"SUN,MON,TUE,WED,THU,FRI,SAT",56,8
54224,LalGanj Rae Bareli Passenger,Pass,RRS,RBL,"SUN,MON,TUE,WED,THU,FRI,SAT",56,8
54225,Unchahar Raebareli Shuttle,Pass,UCR,RBL,"SUN,MON,TUE,WED,THU,FRI,SAT",38,5
54227,Unchahar Raebareli Shuttle,Pass,UCR,RBL,"SUN,MON,TUE,WED,THU,FRI,SAT",38,5
54228,Raibareli Unchahar Passenger,Pass,RBL,UCR,"SUN,MON,TUE,WED,THU,FRI,SAT",38,5
54233,Faizabad Lucknow Passenger,Pass,FD,LKO,"SUN,MON,TUE,WED,THU,FRI,SAT",127,24
54237,Mankapur Ayodhya Passenger,Pass,MUR,FD,"SUN,MON,TUE,WED,THU,FRI,SAT",43,7
54238,Faizabad Mankapur Passenger,Pass,FD,MUR,"SUN,MON,TUE,WED,THU,FRI,SAT",43,7
54240,Ayodhya Mankapur Passenger,Pass,AY,MUR,"SUN,MON,TUE,WED,THU,FRI,SAT",37,5
54244,Ayodhya Mankapur Passenger,Pass,AY,MUR,"SUN,MON,TUE,WED,THU,FRI,SAT",37,5
54252,Saharanpur Lucknow Passenger,Pass,SRE,LKO,"SUN,MON,TUE,WED,THU,FRI,SAT",520,80
54253,Prayag Ghat Lucknow Passenger,Pass,PRG,LKO,"SUN,MON,TUE,WED,THU,FRI,SAT",225,32
54255,VARANASI - LUCKNOW PASSENGER,Pass,BSB,LKO,"SUN,MON,TUE,WED,THU,FRI,SAT",257,43
54256,LUCKNOW - VARANASI PASSENGER,Pass,LKO,BSB,"SUN,MON,TUE,WED,THU,FRI,SAT",301,42
54262,Mughal Sarai Jaunpur Passenger,Pass,JNU,BSB,"SUN,MON,TUE,WED,THU,FRI,SAT",57,11
54263,Varanasi Sultanpur Passenger,Pass,BSB,SLN,"SUN,MON,TUE,WED,THU,FRI,SAT",155,23
54264,Sultanpur Varanasi Passenger,Pass,SLN,BSB,"SUN,MON,TUE,WED,THU,FRI,SAT",155,23
54265,Varanasi Sultanpur Passenger,Pass,BSB,SLN,"SUN,MON,TUE,WED,THU,FRI,SAT",155,23
54266,Sultanpur Varanasi Passenger,Pass,SLN,BSB,"SUN,MON,TUE,WED,THU,FRI,SAT",155,23
54267,Mughal Sarai Varanasi Passenger,Pass,MGS,BSB,"SUN,MON,TUE,WED,THU,FRI,SAT",17,4
54270,Varanasi Mughal Sarai Passenger,Pass,BSB,MGS,"SUN,MON,TUE,WED,THU,FRI,SAT",17,4
54273,Arrah Sasaram Passenger,Pass,ARA,SSM,"SUN,MON,TUE,WED,THU,FRI,SAT",98,13
54274,Sasaram Arrah Passenger,Pass,SSM,ARA,"SUN,MON,TUE,WED,THU,FRI,SAT",98,13
54293,Partapgarh Lucknow Passenger,Pass,PBH,LKO,"SUN,MON,TUE,WED,THU,FRI,SAT",173,25
54294,Lucknow Partapgarh Passenger,Pass,LKO,PBH,"SUN,MON,TUE,WED,THU,FRI,SAT",173,25
54303,Delhi Kalka Passenger,Pass,DLI,KLK,"SUN,MON,TUE,WED,THU,FRI,SAT",302,42
54304,Kalka Delhi Passenger,Pass,KLK,DLI,"SUN,MON,TUE,WED,THU,FRI,SAT",337,47
54310,Rewari Delhi Passenger,Pass,RE,DLI,"SUN,MON,TUE,WED,THU,FRI,SAT",82,22
54328,Shahjehanpur Sitapur Passenger,Pass,SPN,SCC,"SUN,MON,TUE,WED,THU,FRI,SAT",92,12
54329,Balamau Shahjahanpur Passenger,Pass,BLM,SPN,"SUN,MON,TUE,WED,THU,FRI,SAT",96,14
54330,Shahjehanpur Balamu Passenger,Pass,SPN,BLM,"SUN,MON,TUE,WED,THU,FRI,SAT",96,14
54331,Lucknow Balamau Passenger,Pass,LKO,BLM,"SUN,WED",69,10
54332,Balamu Lucknow Passenger,Pass,BLM,LKO,"MON,THU",69,10
54334,Lucknow Varanasi Passenger,Pass,LKO,BSB,"SUN,MON,TUE,WED,THU,FRI,SAT",347,49
54351,Aligarh Bareilly Passenger,Pass,ALJN,BE,"SUN,MON,TUE,WED,THU,FRI,SAT",167,27
54352,Bareilly Aligarh Passenger,Pass,BE,ALJN,"SUN,MON,TUE,WED,THU,FRI,SAT",160,27
54466,TUNDLA - FARRUKHABAD PASSENGER,Pass,TDL,FBD,"SUN,MON,TUE,WED,THU,FRI,SAT",389,21
12285,Secunderabad- Hazrat Nizamuddin Duronto Express,Drnt,SC,NZM,"SUN,MON,TUE,WED,THU,FRI,SAT",1660,187
12918,Gujarat Sampark Kranti Express,SKr,NZM,ADI,TUE,1085,138
17002,Secunderabad Sainagar Shirdi Express,Exp,SC,SNSI,"SUN,FRI",776,84
17050-Slip,Machilipatnam Express Slip,Exp,SC,MUGR,"SUN,MON,TUE,WED,THU,FRI,SAT",331,36
22111,Bhusaval Nagpur (Triweekly) Express,SF,BSL,NGP,"SUN,WED,FRI",604,69
47172,Secunderabad Falaknuma MMTS,Hyd,SC,FM,"SUN,MON,TUE,WED,THU,FRI,SAT",14,11
47205,Secunderabad Falaknuma MMTS,Hyd,SC,FM,"SUN,MON,TUE,WED,THU,FRI,SAT",14,11
52253,Gonda Mailani Passenger,Pass,GD,MLN,"SUN,MON,TUE,WED,THU,FRI,SAT",330,26
53411,Barharwa Sahibganj Passenger,Pass,BHW,SBG,"SUN,MON,TUE,WED,THU,FRI,SAT",53,10
53608,Dehri on Sone Gaya Passenger,Pass,DOS,GAYA,"SUN,MON,TUE,WED,THU,FRI,SAT",85,13
54231,Faizabad Lucknow Passenger,Pass,FD,LKO,"SUN,MON,TUE,WED,THU,FRI,SAT",127,24
54272,Mughal Sarai-Sasaram-Arrah Passenger,Pass,MGS,ARA,"SUN,MON,TUE,WED,THU,FRI,SAT",198,27
54281,Sultanpur Lucknow Passenger,Pass,SLN,LKO,"SUN,MON,TUE,WED,THU,FRI,SAT",140,17
54282,Lucknow Sultanpur Passenger,Pass,LKO,SLN,"SUN,MON,TUE,WED,THU,FRI,SAT",140,17
54283,Sultanpur Lucknow Passenger,Pass,SLN,LKO,"SUN,MON,TUE,WED,THU,FRI,SAT",140,17
54284,Lucknow Sultanpur Passenger,Pass,LKO,SLN,"SUN,MON,TUE,WED,THU,FRI,SAT",140,17
54291,Varanasi Partapgarh Passenger,Pass,BSB,PBH,"SUN,MON,TUE,WED,THU,FRI,SAT",128,18
54292,Partapgarh Varanasi Passenger,Pass,PBH,BSB,"SUN,MON,TUE,WED,THU,FRI,SAT",128,59
54301,Hapur Ghaziabad Shuttle,Pass,HPU,GZB,"SUN,MON,TUE,WED,THU,FRI,SAT",37,7
54302,Ghaziabad Hapur Passenger,Pass,GZB,HPU,"SUN,MON,TUE,WED,THU,FRI,SAT",37,7
54312,Moradabad Bareilly Passenger,Pass,MB,BE,"SUN,MON,TUE,WED,THU,FRI,SAT",113,18
54322,Sitapur Cantt Balamau Passenger,Pass,SCC,BLM,"SUN,MON,TUE,WED,THU,FRI,SAT",69,13
54323,BURHWAL - SITAPUR CANT PASSENGER,Pass,BUW,SCC,"SUN,MON,TUE,WED,THU,FRI,SAT",97,11
54324,SITAPUR - BURHWAL Passenger,Pass,SCC,BUW,"SUN,MON,TUE,WED,THU,FRI,SAT",97,14
54325,Sitapur Kanpur DMU,Pass,SCC,CNB,"SUN,MON,TUE,WED,THU,FRI,SAT",186,31
54326,KANPUR SITAPUR PASS,Pass,CNB,SCC,"SUN,MON,TUE,WED,THU,FRI,SAT",185,27
54327,Sitapur Shahjehanpur Passenger,Pass,SPC,SPN,"SUN,MON,TUE,WED,THU,FRI,SAT",87,11
54333,Varanasi Lucknow Passenger,Pass,BSB,LKO,"SUN,MON,TUE,WED,THU,FRI,SAT",333,49
54335,Balamau Kanpur Passenger,Pass,BLM,CNB,"SUN,MON,TUE,WED,THU,FRI,SAT",117,19
54341,Sharanpur Dehradun Passenger,Pass,SRE,DDN,"SUN,MON,TUE,WED,THU,FRI,SAT",132,21
54342,Dehradun Saharanpur Passenger,Pass,DDN,SRE,"SUN,MON,TUE,WED,THU,FRI,SAT",132,21
54354,BAREILLY - ALIGARH PASSENGER,Pass,BE,ALJN,"SUN,MON,TUE,WED,THU,FRI,SAT",160,27
54355,Roza Bareilly Passenger,Pass,ROZA,BE,"SUN,MON,TUE,WED,THU,FRI,SAT",78,13
54356,Bareilley Roza junction passenger,Pass,BE,ROZA,"SUN,MON,TUE,WED,THU,FRI,SAT",78,13
54371,Prayag Faizabad Passenger,Pass,PRG,FD,"SUN,MON,TUE,WED,THU,FRI,SAT",151,21
54372,Faizabad Prayag Passenger,Pass,FD,PRG,"SUN,MON,TUE,WED,THU,FRI,SAT",151,21
54374,Faizabad Prayag Passenger,Pass,FD,PRG,"SUN,MON,TUE,WED,THU,FRI,SAT",151,21
54375,Prayag Jaunpur Passenger,Pass,PRG,JNU,"SUN,MON,TUE,WED,THU,FRI,SAT",107,18
54376,Jaunpur Prayag Passenger,Pass,JNU,PRG,"SUN,MON,TUE,WED,THU,FRI,SAT",107,18
54392,MORADABAD - ALIGARH PASSENGER,Pass,MB,ALJN,"SUN,MON,TUE,WED,THU,FRI,SAT",172,24
54401,Khurja Meerut Passenger,Pass,KRJ,MTC,"SUN,MON,TUE,WED,THU,FRI,SAT",94,13
54403,Khurja Meerut Passenger,Pass,KRJ,MTC,"SUN,MON,TUE,WED,THU,FRI,SAT",94,14
54461,BANDIKUI - BAREILLY Passenger,Pass,BKI,BE,"SUN,MON,TUE,WED,THU,FRI,SAT",418,66
54462,BAREILLY - BANDIKUI Passenger,Pass,BE,BKI,"SUN,MON,TUE,WED,THU,FRI,SAT",160,66
54464,RISHIKESH - BANDIKUI Passenger,Pass,RKSH,BKI,"SUN,MON,TUE,WED,THU,FRI,SAT",579,93
54465,FARRUKHABAD - TUNDLA PASSENGER,Pass,FBD,TDL,"SUN,MON,TUE,WED,THU,FRI,SAT",389,21
58838,Chhindwara Ramakon Nagpur Passenger,Pass,CWA,NGP,"SUN,MON,TUE,WED,THU,FRI,SAT",148,26
54373,Prayag Faizabad Passenger,Pass,PRG,FD,"SUN,MON,TUE,WED,THU,FRI,SAT",151,21
54377,Allahabad Passenger,Pass,PRG,BE,"SUN,MON,TUE,WED,THU,FRI,SAT",429,60
54378,Bareilly Allahabad Passenger,Pass,BE,PRG,"SUN,MON,TUE,WED,THU,FRI,SAT",431,59
54382,Najibabad Gajraula Passenger,Pass,NBD,GJL,"SUN,MON,TUE,WED,THU,FRI,SAT",107,12
54383,Gajraula Najibabad Passenger,Pass,GJL,NBD,"SUN,MON,TUE,WED,THU,FRI,SAT",107,12
54384,Najibabad Gajraula Passenger,Pass,NBD,GJL,"SUN,MON,TUE,WED,THU,FRI,SAT",107,12
54385,Najibabad Kotdwara Passenger,Pass,NBD,KTW,"SUN,MON,TUE,WED,THU,FRI,SAT",24,3
54386,Kotdwara Najibabad Passenger,Pass,KTW,NBD,"SUN,MON,TUE,WED,THU,FRI,SAT",24,3
54387,Najibabad Kotdwara Pass,Pass,NBD,KTW,"SUN,MON,TUE,WED,THU,FRI,SAT",24,3
54388,Kotdwara Najibabad Pass,Pass,KTW,NBD,"SUN,MON,TUE,WED,THU,FRI,SAT",24,3
54389,Najibabad Kotdwara Pass,Pass,NBD,KTW,"SUN,MON,TUE,WED,THU,FRI,SAT",24,3
54390,Kotdwara Najibabad Pass,Pass,KTW,NBD,"SUN,MON,TUE,WED,THU,FRI,SAT",24,3
54402,Meerut Khurja Passenger,Pass,MTC,KRJ,"SUN,MON,TUE,WED,THU,FRI,SAT",94,14
54405,Khurja Meerut Passenger,Pass,KRJ,MTC,"SUN,MON,TUE,WED,THU,FRI,SAT",94,14
54406,Meerut Khurja Passenger,Pass,MTC,KRJ,"SUN,MON,TUE,WED,THU,FRI,SAT",94,13
54411,Rewari Meerut Cantt. Passenger,Pass,RE,MUT,"SUN,MON,TUE,WED,THU,FRI,SAT",167,38
54412,Meerut NDLS Rewari Passenger,Pass,MUT,RE,"SUN,MON,TUE,WED,THU,FRI,SAT",167,38
54413,Delhi Rewari Passenger,Pass,DLI,RE,"SUN,MON,TUE,WED,THU,FRI,SAT",82,22
54414,Rewari Delhi Passenger,Pass,RE,DLI,"SUN,MON,TUE,WED,THU,FRI,SAT",82,22
54416,Rewari Delhi Sarai Rohilla Passenger,Pass,RE,DLI,"SUN,MON,TUE,WED,THU,FRI,SAT",82,22
54417,Delhi Rewari Passenger,Pass,DLI,RE,"SUN,MON,TUE,WED,THU,FRI,SAT",82,22
54418,Rewari Delhi Passenger,Pass,RE,DLI,"SUN,MON,TUE,WED,THU,FRI,SAT",82,22
54419,Delhi Sarai Rohilla Rewari Passenger,Pass,DLI,RE,"SUN,MON,TUE,WED,THU,FRI,SAT",82,22
54420,Rewari Delhi Passenger,Pass,RE,DLI,"SUN,MON,TUE,WED,THU,FRI,SAT",82,22
54421,Rewari Delhi Sarai Rohilla Passenger,Pass,DEE,RE,"SUN,MON,TUE,WED,THU,FRI,SAT",78,19
54422,Rewari Delhi Sarai Rohilla Passenger,Pass,RE,DEE,"SUN,MON,TUE,WED,THU,FRI,SAT",78,19
54463,BANDIKUI - RISHIKESH Passenger,Pass,BKI,RKSH,"SUN,MON,TUE,WED,THU,FRI,SAT",579,93
54471,Delhi Rishikesh Passenger,Pass,DLI,RKSH,"SUN,MON,TUE,WED,THU,FRI,SAT",311,46
54472,Rishikesh Delhi Passenger,Pass,RKSH,DLI,"SUN,MON,TUE,WED,THU,FRI,SAT",311,46
54474,Saharanpur Delhi Passenger,Pass,SRE,DLI,"SUN,MON,TUE,WED,THU,FRI,SAT",196,33
54475,Haridwar Passenger,Pass,DLI,HW,"SUN,MON,TUE,WED,THU,FRI,SAT",244,49
54476,Haridwar Delhi Passenger,Pass,HW,DLI,"SUN,MON,TUE,WED,THU,FRI,SAT",244,50
54481,Haridwar Rishikesh Passenger,Pass,HW,RKSH,"SUN,MON,TUE,WED,THU,FRI,SAT",23,5
54482,Rishikesh Haridwar Passenger,Pass,RKSH,HW,"SUN,MON,TUE,WED,THU,FRI,SAT",23,5
54483,Haridwar Rishikesh Passenger,Pass,HW,RKSH,"SUN,MON,TUE,WED,THU,FRI,SAT",23,5
54484,Rishikesh Haridwar Passenger,Pass,RKSH,HW,"SUN,MON,TUE,WED,THU,FRI,SAT",23,5
54485,Haridwar Rishikesh Passenger,Pass,HW,RKSH,"SUN,MON,TUE,WED,THU,FRI,SAT",23,5
54486,Rishikesh Haridwar Passenger,Pass,RKSH,HW,"SUN,MON,TUE,WED,THU,FRI,SAT",23,5
54502,Bhiwani Delhi Passenger,Pass,BNW,DLI,"SUN,MON,TUE,WED,THU,FRI,SAT",119,24
54503,Delhi Bhiwani Passenger,Pass,DLI,BNW,"SUN,MON,TUE,WED,THU,FRI,SAT",119,24
54506,Ambala Delhi Passenger,Pass,UMB,DLI,"SUN,MON,TUE,WED,THU,FRI,SAT",268,40
54531,Ambala Kalka Shuttle,Pass,UMB,KLK,"SUN,MON,TUE,WED,THU,FRI,SAT",69,8
54542,AMBALA MEERUT PASS,Pass,UMB,MTC,"SUN,MON,TUE,WED,THU,FRI,SAT",194,28
54551,Ambala Bhatinda Passenger,Pass,UMB,BTI,"SUN,MON,TUE,WED,THU,FRI,SAT",200,26
54553,Ambala Dhuri Passenger,Pass,UMB,DUI,"SUN,MON,TUE,WED,THU,FRI,SAT",105,14
54572,Ludhiana Ferozpur Passenger,Pass,FZR,LDH,"SUN,MON,TUE,WED,THU,FRI,SAT",124,19
54575,Lohian Khas Ludhiana Passenger,Pass,LDH,LNK,"SUN,MON,TUE,WED,THU,FRI,SAT",77,15
54576,Lohian Khas Ludhiana Passenger,Pass,LNK,LDH,"SUN,MON,TUE,WED,THU,FRI,SAT",77,15
54468,Etah Tundla Passenger,Pass,ETAH,TDL,"SUN,MON,TUE,WED,THU,FRI,SAT",73,7
54469,Tundla Barhan Etah Passenger,Pass,TDL,ETAH,"SUN,MON,TUE,WED,THU,FRI,SAT",73,8
54470,Etah Tundla Passenger,Pass,ETAH,TDL,"SUN,MON,TUE,WED,THU,FRI,SAT",73,7
54473,Delhi Saharanpur Passenger,Pass,DLI,SRE,"SUN,MON,TUE,WED,THU,FRI,SAT",195,33
54505,Delhi Ambala Passenger,Pass,DLI,UMB,"SUN,MON,TUE,WED,THU,FRI,SAT",268,40
54511,Ambala Nangal Dam,Pass,UMB,NLDM,"SUN,MON,TUE,WED,THU,FRI,SAT",170,17
54521,Delhi Saharanpur Passenger,Pass,DLI,SRE,"SUN,MON,TUE,WED,THU,FRI,SAT",187,28
54522,Saharanpur Delhi Passenger,Pass,SRE,DLI,"SUN,MON,TUE,WED,THU,FRI,SAT",187,28
54532,Ambala Kalka Passenger,Pass,KLK,UMB,"SUN,MON,TUE,WED,THU,FRI,SAT",69,8
54539,Nizamuddin Ambala Passenger,Pass,NZM,UMB,"SUN,MON,TUE,WED,THU,FRI,SAT",278,46
54540,Ambala Delhi Passenger,Pass,UMB,NZM,"SUN,MON,TUE,WED,THU,FRI,SAT",278,45
54541,MEERUT AMBALA PASS,Pass,MTC,UMB,"SUN,MON,TUE,WED,THU,FRI,SAT",194,28
54555,Dhuri Bathinda Passenger,Pass,DUI,BTI,"SUN,MON,TUE,WED,THU,FRI,SAT",95,13
54556,Bhatinda Ambala Passenger,Pass,BTI,UMB,"SUN,MON,TUE,WED,THU,FRI,SAT",200,26
54557,Ambala Patiala Passenger,Pass,UMB,PTA,"MON,TUE,WED,THU,FRI,SAT",53,7
54558,Patiala Ambala Passenger,Pass,PTA,UMB,"MON,TUE,WED,THU,FRI,SAT",53,7
54559,Bathinda Fazilka (Via Abohar) Passenger,Pass,BTI,FKA,"SUN,MON,TUE,WED,THU,FRI,SAT",105,10
54560,Fazilka Bathinda (Via Abohar) Passenger,Pass,FKA,BTI,"SUN,MON,TUE,WED,THU,FRI,SAT",105,10
54561,Firozpur Bhatinda Passenger,Pass,BTI,FZR,"SUN,MON,TUE,WED,THU,FRI,SAT",88,13
54562,Firozpur Bhatinda Passenger,Pass,FZR,BTI,"SUN,MON,TUE,WED,THU,FRI,SAT",88,13
54563,Firozpur Bhatinda Passenger,Pass,BTI,FZR,"SUN,MON,TUE,WED,THU,FRI,SAT",88,13
54564,Firozpur Bhatinda Passenger,Pass,FZR,BTI,"SUN,MON,TUE,WED,THU,FRI,SAT",88,13
54581,Nangal Dam Una Himachal Passenger,Pass,NLDM,UHL,"SUN,MON,TUE,WED,THU,FRI,SAT",17,4
54582,Una Nangal Dam Passenger,Pass,UNA,NLDM,"SUN,MON,TUE,WED,THU,FRI,SAT",0,4
54601,Hisar Amritsar Passenger,Pass,HSR,ASR,"SUN,MON,TUE,WED,THU,FRI,SAT",346,49
54603,Hisar Ludhiana Passenger,Pass,HSR,LDH,"SUN,MON,TUE,WED,THU,FRI,SAT",210,29
54605,Hisar Ludhiana Passenger,Pass,HSR,LDH,"SUN,MON,TUE,WED,THU,FRI,SAT",210,29
54621,Jalandhar Pathankot Passenger,Pass,JUC,PTK,"SUN,MON,TUE,WED,THU,FRI,SAT",115,22
54622,Pathankot Jalandhar Passenger,Pass,PTK,JUC,"SUN,MON,TUE,WED,THU,FRI,SAT",115,22
54625,Jaijon Doaba Jalandhar Passenger,Pass,JJJ,JUC,"SUN,MON,TUE,WED,THU,FRI,SAT",104,19
54626,Jalandhar Jaijon Doaba Passenger,Pass,JJJ,JUC,"SUN,MON,TUE,WED,THU,FRI,SAT",104,19
54631,Dhuri Jakhal Hisar Passenger,Pass,HSR,DUI,"SUN,MON,TUE,WED,THU,FRI,SAT",148,21
54632,Dhuri Hisar Passenger,Pass,DUI,HSR,"SUN,MON,TUE,WED,THU,FRI,SAT",148,21
54633,Hisar Ludhiana Passenger,Pass,HSR,LDH,"SUN,MON,TUE,WED,THU,FRI,SAT",210,29
54634,Ludhiana Hisar Passenger,Pass,LDH,HSR,"SUN,MON,TUE,WED,THU,FRI,SAT",210,29
54636,Ludhiana Hisar Passenger,Pass,LDH,HSR,"SUN,MON,TUE,WED,THU,FRI,SAT",210,29
54637,Hoshiarpur-Jalandhar City DMU,Pass,HSX,JUC,"SUN,MON,TUE,WED,THU,FRI,SAT",43,7
54638,Jalandhar City Hoshiarpur DMU,Pass,JUC,HSX,"SUN,MON,TUE,WED,THU,FRI,SAT",43,7
54641,DELHI - FIROZPUR Passenger,Pass,DLI,FZR,"SUN,MON,TUE,WED,THU,FRI,SAT",385,61
54642,FIROZPUR - DELHI Passenger,Pass,FZR,DLI,"SUN,MON,TUE,WED,THU,FRI,SAT",385,61
54643,JALANDHAR CITY - FIROZPUR CANT PASSENGER,Pass,JUC,FZR,"SUN,MON,TUE,WED,THU,FRI,SAT",450,18
54644,FIROZPUR CANT - JALANDHAR CITY PASSENGER,Pass,FZR,JUC,"SUN,MON,TUE,WED,THU,FRI,SAT",117,18
54645,Ludhiana Firozpur Passenger,Pass,LDH,FZR,"SUN,MON,TUE,WED,THU,FRI,SAT",124,17
54653,Jammu Udhampur Passenger,Pass,JAT,UHP,"SUN,MON,TUE,WED,THU,FRI,SAT",53,6
54654,Udhampur Jammu Passenger,Pass,UHP,JAT,"SUN,MON,TUE,WED,THU,FRI,SAT",53,6
54701,Bhatinda Lalgarh Passenger,Pass,BTI,LGH,"SUN,MON,TUE,WED,THU,FRI,SAT",321,30
56373,Guruvayur Thrissur Passenger,Pass,GUV,TCR,"SUN,MON,TUE,WED,THU,FRI,SAT",23,4
53423,JAMALPUR KIUL PASS,Pass,JMP,KIUL,"SUN,MON,TUE,WED,THU,FRI,SAT",45,12
54611,Amritsar Batala Pathankot DMU,Pass,ASR,PTK,"SUN,MON,TUE,WED,THU,FRI,SAT",107,16
54612,Amritsar Batala Pathankot,Pass,PTK,ASR,"SUN,MON,TUE,WED,THU,FRI,SAT",107,16
54613,Amritsar Pathankot DMU,Pass,ASR,PTK,"SUN,MON,TUE,WED,THU,FRI,SAT",107,16
54614,Amritsar Batala Pathankot Passenger,Pass,PTK,ASR,"SUN,MON,TUE,WED,THU,FRI,SAT",107,16
54615,Amritsar Pathankot DMU,Pass,ASR,PTK,"SUN,MON,TUE,WED,THU,FRI,SAT",107,16
54616,Amritsar Batala Pathankot DMU,Pass,PTK,ASR,"SUN,MON,TUE,WED,THU,FRI,SAT",107,16
54635,Hisar Ludhiana Passenger,Pass,HSR,LDH,"SUN,MON,TUE,WED,THU,FRI,SAT",210,29
54646,Ludhiana Firozpur Passenger,Pass,FZR,LDH,"SUN,MON,TUE,WED,THU,FRI,SAT",124,19
54702,Bikaner Abohar Passenger,Pass,LGH,ABS,"SUN,MON,TUE,WED,THU,FRI,SAT",394,38
54703,Abohar Jodhpur passenger,Pass,ABS,JU,"SUN,MON,TUE,WED,THU,FRI,SAT",675,66
54751,Rewari Shri Ganganagar,Pass,RE,SGNR,"SUN,MON,TUE,WED,THU,FRI,SAT",427,45
54752,Shri Ganganagar Rewari,Pass,SGNR,RE,"SUN,MON,TUE,WED,THU,FRI,SAT",427,45
54753,Bhatinda Shri Ganganagar Passenger,Pass,BTI,SGNR,"SUN,MON,TUE,WED,THU,FRI,SAT",127,18
54754,Shri Ganganagar Bhatinda Passenger,Pass,SGNR,BTI,"SUN,MON,TUE,WED,THU,FRI,SAT",127,18
54755,Bhatinda Shri Ganganagar Passenger,Pass,BTI,SGNR,"SUN,MON,TUE,WED,THU,FRI,SAT",127,18
54756,Sriganganagar Bathinda Passenger,Pass,SGNR,BTI,"SUN,MON,TUE,WED,THU,FRI,SAT",127,18
54757,Ambala Cantt. Shri Ganganagar Passenger,Pass,UMB,SGNR,"SUN,MON,TUE,WED,THU,FRI,SAT",327,43
54758,Shri Ganganagar Bathinda Passenger,Pass,SGNR,UMB,"SUN,MON,TUE,WED,THU,FRI,SAT",327,43
54781,Bhatinda Rewari Passenger,Pass,BTI,RE,"SUN,MON,TUE,WED,THU,FRI,SAT",300,28
54782,Rewari Bhatinda Passenger,Pass,RE,BTI,"SUN,MON,TUE,WED,THU,FRI,SAT",300,28
54783,Fazilka Rewari Passenger,Pass,FKA,RE,"SUN,MON,TUE,WED,THU,FRI,SAT",423,46
54784,Rewari Fazilka Passenger,Pass,RE,FKA,"SUN,MON,TUE,WED,THU,FRI,SAT",433,48
54785,Firozpur Fazilka Passenger,Pass,FZR,FKA,"SUN,MON,TUE,WED,THU,FRI,SAT",88,14
54786,Fazilka Fir Passenger,Pass,FKA,FZR,"SUN,MON,TUE,WED,THU,FRI,SAT",88,14
54787,Bhiwani Rewari Passenger,Pass,BNW,RE,"SUN,MON,TUE,WED,THU,FRI,SAT",83,11
54788,Rewari Bhiwani Passenger,Pass,RE,BNW,"SUN,MON,TUE,WED,THU,FRI,SAT",83,11
54791,Mathura Alwar Bhiwani Passenger,Pass,MTJ,BNW,"SUN,MON,TUE,WED,THU,FRI,SAT",280,31
54792,Bhiwani Mathura Passenger,Pass,BNW,MTJ,"SUN,MON,TUE,WED,THU,FRI,SAT",280,31
54793,Sawai Madhopur Mathura Passenger,Pass,BXN,MTJ,"SUN,MON,TUE,WED,THU,FRI,SAT",76,12
54794,Mathura Bayana Passenger,Pass,MTJ,SWM,"SUN,MON,TUE,WED,THU,FRI,SAT",217,28
54805,Ahmedabad Ajmer Passenger,Pass,ADI,AII,"SUN,MON,TUE,WED,THU,FRI,SAT",496,78
54806,Ajmer Ahmedabad Passenger,Pass,AII,ADI,"SUN,MON,TUE,WED,THU,FRI,SAT",496,78
54807,Ajmer Jaipur Passenger,Pass,AII,JP,"SUN,MON,TUE,WED,THU,FRI,SAT",128,19
54809,Rewari-Degana Passenger,Pass,RE,DNA,"SUN,MON,TUE,WED,THU,FRI,SAT",394,41
54810,Degana Rewari Pass,Pass,DNA,RE,"SUN,MON,TUE,WED,THU,FRI,SAT",394,41
54811,Bhopal Jodhpur Passenger,Pass,BPL,JU,"SUN,MON,TUE,WED,THU,FRI,SAT",993,107
54812,Jodhpur Bhopal Passenger,Pass,JU,BPL,"SUN,MON,TUE,WED,THU,FRI,SAT",993,107
55002,Ayodhya Gorakhpur Passenger,Pass,AY,GKP,"SUN,MON,TUE,WED,THU,FRI,SAT",161,24
55008,Thawe Hajipur Passenger,Pass,THE,SEE,"SUN,MON,TUE,WED,THU,FRI,SAT",147,23
55009,Bhatni Chhapra Passenger,Pass,BTT,CPR,"SUN,MON,TUE,WED,THU,FRI,SAT",110,16
55012,Gorakhpur Siwan Passenger,Pass,GKP,SV,"SUN,MON,TUE,WED,THU,FRI,SAT",119,18
55013,Chhapra Varanasi Passenger,Pass,CPR,BSB,"SUN,MON,TUE,WED,THU,FRI,SAT",205,34
55015,Sonpur-Narkatiaganj Passenger,Pass,SEE,NKE,"SUN,MON,TUE,WED,THU,FRI,SAT",219,30
55017,Chhapra-Mau Passenger,Pass,CPR,MAU,"SUN,MON,TUE,WED,THU,FRI,SAT",134,21
55019,Chhapra Gorakhpur Passenger,Pass,CPR,GKP,"SUN,MON,TUE,WED,THU,FRI,SAT",180,26
56605,Coimbatore Thrissur Passenger,Pass,CBE,TCR,"SUN,MON,TUE,WED,THU,FRI,SAT",134,20
53430,JAMALPUR RAMPURHAT PASS,Pass,JMP,BGP,"SUN,MON,TUE,WED,THU,FRI,SAT",53,13
53432,JAMALPUR RAMPURHAT PASS,Pass,JMP,SBG,"SUN,MON,TUE,WED,THU,FRI,SAT",127,26
54801,JODHPUR - AJMER Fast Passenger,Pass,JU,AII,"SUN,MON,TUE,WED,THU,FRI,SAT",244,34
54802,AJMER - JODHPUR Fast Passenger,Pass,AII,JU,"SUN,MON,TUE,WED,THU,FRI,SAT",244,34
54803,JODHPUR - AHMEDABAD Passenger,Pass,JU,ADI,"SUN,MON,TUE,WED,THU,FRI,SAT",454,77
54804,AHMEDABAD - JODHPUR Passenger,Pass,ADI,JU,"SUN,MON,TUE,WED,THU,FRI,SAT",454,77
54813,Jodhpur Barmer Passenger,Pass,JU,BME,"SUN,MON,TUE,WED,THU,FRI,SAT",209,24
54814,Barmer Jodhpur Passenger,Pass,BME,JU,"SUN,MON,TUE,WED,THU,FRI,SAT",209,24
54815,Jodhpur Barmer Passenger,Pass,JU,BME,"SUN,MON,TUE,WED,THU,FRI,SAT",209,24
54816,Barmer Jodhpur Passenger,Pass,BME,JU,"SUN,MON,TUE,WED,THU,FRI,SAT",209,24
54817,Jaisalmer Jodhpur Passenger,Pass,JU,BME,"SUN,MON,TUE,WED,THU,FRI,SAT",209,24
54818,Jodhpur Jaisalmer Passenger,Pass,BME,JU,"SUN,MON,TUE,WED,THU,FRI,SAT",209,24
54819,JAISALMER - JODHPUR PASSENGER,Pass,JSM,JU,"SUN,MON,TUE,WED,THU,FRI,SAT",300,23
54820,JODHPUR - JAISALMER PASSENGER,Pass,JU,JSM,"SUN,MON,TUE,WED,THU,FRI,SAT",300,23
54821,Jodhpur Bhildi Passenger,Pass,JU,BLDI,"MON,TUE,WED,THU,FRI,SAT",304,33
54822,Bhildi Jodhpur Passenger,Pass,BLDI,JU,"SUN,MON,TUE,WED,THU,FRI,SAT",304,35
54823,Jodhpur Hissar passenger,Pass,JU,HSR,"SUN,MON,TUE,WED,THU,FRI,SAT",470,38
54824,Hissar Jodhpur passenger,Pass,HSR,JU,"SUN,MON,TUE,WED,THU,FRI,SAT",470,43
54881,Barmer Munabao Passenger,Pass,BME,MBF,"SUN,MON,TUE,WED,THU,FRI,SAT",119,8
54882,Munabao Barmer Passenger,Pass,MBF,BME,"SUN,MON,TUE,WED,THU,FRI,SAT",119,8
55005,Raxaul Sugauli Passenger,Pass,RXL,SGL,"SUN,MON,TUE,WED,THU,FRI,SAT",29,4
55006,Sugauli Raxaul Passenger,Pass,SGL,RXL,"SUN,MON,TUE,WED,THU,FRI,SAT",29,3
55007,Hajipur Thawe Passenger,Pass,HJP,THE,"SUN,MON,TUE,WED,THU,FRI,SAT",152,25
55018,Mau- Chhapra Passenger,Pass,MAU,CPR,"SUN,MON,TUE,WED,THU,FRI,SAT",134,20
55020,Gorakhpur Chhapra Passenger,Pass,GKP,CPR,"SUN,MON,TUE,WED,THU,FRI,SAT",180,26
55024,Raxaul Muzaffarpur Passenger,Pass,RXL,MFP,"SUN,MON,TUE,WED,THU,FRI,SAT",130,18
55025,Gorakhpur Gonda Passenger,Pass,GKP,GD,"SUN,MON,TUE,WED,THU,FRI,SAT",152,24
55026,Gonda Gorakhpur Passenger,Pass,GD,GKP,"SUN,MON,TUE,WED,THU,FRI,SAT",152,24
55027,Gorakhpur Gonda Passenger,Pass,GKP,GD,"SUN,MON,TUE,WED,THU,FRI,SAT",152,24
55028,Gonda Gorakhpur Passenger,Pass,GD,GKP,"SUN,MON,TUE,WED,THU,FRI,SAT",152,24
55030,Lucknow Gonda Passenger,Pass,GKP,MFP,"SUN,MON,TUE,WED,THU,FRI,SAT",310,41
55031,Gonda Lucknow Passenger,Pass,GD,LJN,"SUN,MON,TUE,WED,THU,FRI,SAT",126,24
55032,Lucknow Gonda Passenger,Pass,LJN,GD,"SUN,MON,TUE,WED,THU,FRI,SAT",126,24
55033,Sitapur Gonda Passenger,Pass,SPC,GD,"SUN,MON,TUE,WED,THU,FRI,SAT",163,25
55034,Gonda Sitapur Passenger,Pass,GD,SCC,"SUN,MON,TUE,WED,THU,FRI,SAT",159,26
55035,GONDA - SITAPUR Pass,Pass,GD,SCC,"SUN,MON,TUE,WED,THU,FRI,SAT",159,25
55036,SITAPUR -GONDA Pass,Pass,SCC,GD,"SUN,MON,TUE,WED,THU,FRI,SAT",250,25
55037,BURHWAL - SITAPUR PASS,Pass,BUW,SPC,"SUN,MON,TUE,WED,THU,FRI,SAT",97,17
55038,SITAPUR - BURHWAL PASS,Pass,SCC,BUW,"SUN,MON,TUE,WED,THU,FRI,SAT",97,15
55045,Shahjehanpur Sitapur Passenger,Pass,SCC,SPN,"SUN,MON,TUE,WED,THU,FRI,SAT",92,13
55046,Shahjehanpur Sitapur Passenger,Pass,SPN,SCC,"SUN,MON,TUE,WED,THU,FRI,SAT",92,12
55049,Gonda Lucknow Passenger,Pass,GD,LJN,"SUN,MON,TUE,WED,THU,FRI,SAT",126,24
55050,Lucknow-Gonda Passenger,Pass,LJN,GD,"SUN,MON,TUE,WED,THU,FRI,SAT",126,24
55101,Bhatani Barhaj Passenger,Pass,BTT,BHJ,"SUN,MON,TUE,WED,THU,FRI,SAT",0,6
55107,Siwan Thawe Passenger,Pass,SV,THE,"SUN,MON,TUE,WED,THU,FRI,SAT",32,5
55115,Chhapra sv Passenger,Pass,CPR,SV,"SUN,MON,TUE,WED,THU,FRI,SAT",61,9
55116,Siwan Chhapra Passenger,Pass,SV,CPR,"SUN,MON,TUE,WED,THU,FRI,SAT",61,9
55125,Manduadih Allahabad Passenger,Pass,MUV,ALY,"SUN,MON,TUE,WED,THU,FRI,SAT",126,23
14313,MUMBAI LTT - BAREILLY Weekly Exp,Exp,LTT,BE,MON,1608,233
53422,KIUL JAMALPUR PASS,Pass,KIUL,JMP,"SUN,MON,TUE,WED,THU,FRI,SAT",54,9
53424,KIUL JAMALPUR PASS,Pass,KIUL,JMP,"SUN,MON,TUE,WED,THU,FRI,SAT",45,12
53425,Jamalpur Kiul Passenger,Pass,JMP,KIUL,"SUN,MON,TUE,WED,THU,FRI,SAT",45,10
53427,Jamalpur Kiul Passenger,Pass,JMP,KIUL,"SUN,MON,TUE,WED,THU,FRI,SAT",46,11
53474,JAMALPUR MONGHYAR PASS,Pass,JMP,MGR,"SUN,MON,TUE,WED,THU,FRI,SAT",9,3
53615,Jamalpur Gaya Passenger,Pass,JMP,GAYA,"SUN,MON,TUE,WED,THU,FRI,SAT",181,20
55039,Gorakhpur Nautanwa Passenger,Pass,GKP,NTV,"SUN,MON,TUE,WED,THU,FRI,SAT",82,14
55041,Gorakhpur Nautanwa Pass,Pass,NKE,GKP,"SUN,MON,TUE,WED,THU,FRI,SAT",150,21
55042,Gorakhpur Hajipur Passenger,Pass,GKP,SEE,"SUN,MON,TUE,WED,THU,FRI,SAT",369,66
55043,Gorakhpur Nautanwa Passenger,Pass,GKP,NTV,"SUN,MON,TUE,WED,THU,FRI,SAT",82,15
55044,Nautanwa Gorakhpur Passenger,Pass,NTV,GKP,"SUN,MON,TUE,WED,THU,FRI,SAT",82,15
55108,Thawe Siwan Passenger,Pass,THE,SV,"SUN,MON,TUE,WED,THU,FRI,SAT",32,5
55109,Siwan Thawe Passenger,Pass,SV,THE,"SUN,MON,TUE,WED,THU,FRI,SAT",32,5
55110,Thawe Siwan Passenger,Pass,THE,SV,"SUN,MON,TUE,WED,THU,FRI,SAT",32,5
55111,Siwan Thawe Passenger,Pass,SV,THE,"SUN,MON,TUE,WED,THU,FRI,SAT",32,5
55112,Thawe Siwan Passenger,Pass,THE,SV,"SUN,MON,TUE,WED,THU,FRI,SAT",32,5
55113,Siwan Thawe Passenger,Pass,SV,THE,"SUN,MON,TUE,WED,THU,FRI,SAT",32,5
55114,Thawe Siwan Passenger,Pass,THE,SV,"SUN,MON,TUE,WED,THU,FRI,SAT",32,5
55119,Gorakhpur Varanasi Passenger,Pass,GKP,BSB,"SUN,MON,TUE,WED,THU,FRI,SAT",231,32
55120,Varanasi Gorakhpur Passenger,Pass,BSB,GKP,"SUN,MON,TUE,WED,THU,FRI,SAT",231,32
55126,Allahabad Varanasi Passenger,Pass,ALY,BSB,"SUN,MON,TUE,WED,THU,FRI,SAT",130,24
55128,Allahabad Manduadih Passenger,Pass,ALY,MUV,"SUN,MON,TUE,WED,THU,FRI,SAT",126,23
55130,Allahabad Varanasi Passenger,Pass,ALY,MUV,"SUN,MON,TUE,WED,THU,FRI,SAT",126,23
55131,Chhapra Varanasi Passenger,Pass,CPR,BSB,"SUN,MON,TUE,WED,THU,FRI,SAT",205,34
55133,Ballia Varanasi Passenger,Pass,BUI,BCY,"SUN,MON,TUE,WED,THU,FRI,SAT",137,22
55137,Ballia Shahganj Passenger,Pass,BUI,SHG,"SUN,MON,TUE,WED,THU,FRI,SAT",168,23
55139,Ballia Shahganj Passenger,Pass,BUI,SHG,"SUN,MON,TUE,WED,THU,FRI,SAT",168,22
55143,Aunrihar-Jaunpur Passenger,Pass,ARJ,JNU,"SUN,MON,TUE,WED,THU,FRI,SAT",58,9
55144,Jaunpur-Aunrihar Passenger,Pass,JNU,ARJ,"SUN,MON,TUE,WED,THU,FRI,SAT",58,9
55145,Salempur Barhaj Passenger,Pass,SRU,BHJ,"MON,TUE,WED,THU,FRI,SAT",0,4
55146,Barhaj Bazar Salempur Passenger,Pass,BHJ,SRU,"SUN,MON,TUE,WED,THU,FRI,SAT",0,4
55159,Aunrihar- Jaunpur Passenger,Pass,ARJ,JNU,"SUN,MON,TUE,WED,THU,FRI,SAT",58,4
55160,Jaunpur- Aunrihar Passenger,Pass,JNU,ARJ,"SUN,MON,TUE,WED,THU,FRI,SAT",58,4
55162,Jaunpur- Aunrihar Passenger,Pass,JNU,ARJ,"SUN,MON,TUE,WED,THU,FRI,SAT",58,4
55207,Muzaffarpur Gorakhpur Passenger,Pass,MFP,GKP,"SUN,MON,TUE,WED,THU,FRI,SAT",310,41
55211,Muzaffarpur Raxaul Passenger,Pass,MFP,RXL,"SUN,MON,TUE,WED,THU,FRI,SAT",130,18
55212,Raxaul Muzaffarpur Passenger,Pass,RXL,MFP,"SUN,MON,TUE,WED,THU,FRI,SAT",130,18
55218,Chhapra Sonpur Passenger,Pass,CPR,SEE,"SUN,MON,TUE,WED,THU,FRI,SAT",54,8
55238,Samastipur-Barauni Passenger,Pass,SPJ,BJU,"SUN,MON,TUE,WED,THU,FRI,SAT",50,9
55239,Samastipur Muzaffarpur Passenger,Pass,SPJ,MFP,"SUN,MON,TUE,WED,THU,FRI,SAT",52,9
55240,Muzaffarpur-Samastipur Passenger,Pass,MFP,SPJ,"SUN,MON,TUE,WED,THU,FRI,SAT",52,9
55241,Barauni-Sonpur Passenger,Pass,BJU,SEE,"SUN,MON,TUE,WED,THU,FRI,SAT",93,16
55242,Sanpur-Barauni Passenger,Pass,SEE,BJU,"SUN,MON,TUE,WED,THU,FRI,SAT",93,16
55243,Barauni-Sonpur Passenger,Pass,BJU,SEE,"SUN,MON,TUE,WED,THU,FRI,SAT",93,16
55244,Sonpur Barauni Passenger,Pass,SEE,BJU,"SUN,MON,TUE,WED,THU,FRI,SAT",93,16
55245,Barauni-Sonpur Passenger,Pass,BJU,SEE,"SUN,MON,TUE,WED,THU,FRI,SAT",93,16
55246,Sonpur-Barauni Passenger,Pass,SEE,BJU,"SUN,MON,TUE,WED,THU,FRI,SAT",93,16
55127,Varanasi Allahabad Passenger,Pass,BSB,ALY,"SUN,MON,TUE,WED,THU,FRI,SAT",130,24
55129,Varanasi Allahabad Passenger,Pass,BSB,ALY,"SUN,MON,TUE,WED,THU,FRI,SAT",130,24
55132,Manduadih Chhapra Passenger,Pass,MUV,CPR,"SUN,MON,TUE,WED,THU,FRI,SAT",209,35
55134,Manduadih Ballia Passenger,Pass,MUV,BUI,"SUN,MON,TUE,WED,THU,FRI,SAT",144,24
55135,AZAMGARH MANDUADIH PASS,Pass,AMH,MUV,"SUN,MON,TUE,WED,THU,FRI,SAT",140,19
55136,Manduadih Azamgarh Pass,Pass,MUV,AMH,"SUN,MON,TUE,WED,THU,FRI,SAT",140,18
55140,Shahganj Ballia Passenger,Pass,SHG,BUI,"SUN,MON,TUE,WED,THU,FRI,SAT",168,20
55142,Nautanwa Gorakhpur Passenger,Pass,NTV,GKP,"SUN,MON,TUE,WED,THU,FRI,SAT",82,15
55149,Gorakhpur Manduadih Passenger,Pass,GKP,MUV,"SUN,MON,TUE,WED,THU,FRI,SAT",235,33
55150,Manduadih-Gorakhpur Passenger,Pass,MUV,GKP,"SUN,MON,TUE,WED,THU,FRI,SAT",235,33
55203,Narkatiaganj Gorakhpur Passenger,Pass,NKE,GKP,"SUN,MON,TUE,WED,THU,FRI,SAT",150,21
55204,Gorakhpur Narkatiaganj Passenger,Pass,GKP,NKE,"SUN,MON,TUE,WED,THU,FRI,SAT",150,21
55209,Sonepur Gorakhpur Passenger,Pass,SEE,GKP,"SUN,MON,TUE,WED,THU,FRI,SAT",369,50
55210,Narkatiaganj Sonepur Passenger,Pass,NKE,SEE,"SUN,MON,TUE,WED,THU,FRI,SAT",219,30
55217,Sonpur Chhapra Passenger,Pass,SEE,CPR,"SUN,MON,TUE,WED,THU,FRI,SAT",54,12
55219,Sonepur Chhapra Passenger,Pass,SEE,CPR,"SUN,MON,TUE,WED,THU,FRI,SAT",54,12
55231,Begusarai Mokama Passenger,Pass,LAK,MKA,"SUN,MON,TUE,WED,THU,FRI,SAT",43,10
55232,Mokama Begusarai Passenger,Pass,MKA,BGS,"SUN,MON,TUE,WED,THU,FRI,SAT",35,9
55248,Hajipur-Barauni Passenger,Pass,HJP,BJU,"SUN,MON,TUE,WED,THU,FRI,SAT",88,15
55301,Moradabad Kathgodam Passenger,Pass,MB,KGM,"SUN,MON,TUE,WED,THU,FRI,SAT",116,14
55313,Kashipur Ramnagar Passenger,Pass,KPV,RMR,"SUN,MON,TUE,WED,THU,FRI,SAT",27,4
55314,Ramnagar Kashipur Passenger,Pass,RMR,KPV,"SUN,MON,TUE,WED,THU,FRI,SAT",27,4
55315,Lalkua Kashipur Passenger,Pass,LKU,KPV,"SUN,MON,TUE,WED,THU,FRI,SAT",59,6
55316,Kashipur Lalkuan Passenger,Pass,KPV,LKU,"SUN,MON,TUE,WED,THU,FRI,SAT",59,6
55317,Lalkua Kashipur Passenger,Pass,LKU,KPV,"SUN,MON,TUE,WED,THU,FRI,SAT",59,6
55319,Lalkua Kashipur Passenger,Pass,LKU,KPV,"SUN,MON,TUE,WED,THU,FRI,SAT",59,6
55320,Kashipur Lalkuan Passenger,Pass,KPV,LKU,"SUN,MON,TUE,WED,THU,FRI,SAT",59,6
55322,RAMNAGAR - VARANASI Passenger,Pass,RMR,BSB,"SUN,MON,TUE,WED,THU,FRI,SAT",705,108
55326,KASGANJ LUCKNOW PASS,Pass,KSJ,LJN,"SUN,MON,TUE,WED,THU,FRI,SAT",319,50
55327,Kanpur Farrukhabad Passenger,Pass,CNB,FBD,"SUN,MON,TUE,WED,THU,FRI,SAT",140,25
55328,Farrukhabad Kanpur Passenger,Pass,FBD,CNB,"SUN,MON,TUE,WED,THU,FRI,SAT",140,25
55332,Kasganj Farrukhabad Passenger,Pass,KSJ,FBD,"SUN,MON,TUE,WED,THU,FRI,SAT",107,14
55333,KasGanj-AgraFort Passenger,Pass,KSJ,AF,"SUN,MON,TUE,WED,THU,FRI,SAT",162,18
55337,Kasganj Achhnera Fast Passenger,Pass,KSJ,AF,"SUN,MON,TUE,WED,THU,FRI,SAT",162,18
55338,Achhnera Kasganj Fast Passenger,Pass,AH,KSJ,"SUN,MON,TUE,WED,THU,FRI,SAT",140,14
55339,KasGanj-Mathura Passenger,Pass,KSJ,MTJ,"SUN,MON,TUE,WED,THU,FRI,SAT",105,13
55341,KasGanj-Bharatpur Passenger,Pass,KSJ,BTE,"SUN,MON,TUE,WED,THU,FRI,SAT",139,19
55342,BTE KSJ PASS,Pass,BTE,KSJ,"SUN,MON,TUE,WED,THU,FRI,SAT",139,19
55347,Kasganj Mathura Passenger,Pass,KSJ,MTJ,"SUN,MON,TUE,WED,THU,FRI,SAT",105,13
55348,LAL KUAN - BAREILLY CITY PASSENGER,Pass,LKU,BC,"SUN,MON,TUE,WED,THU,FRI,SAT",105,10
55349,BAREILLY CITY - LAL KUAN PASSENGER,Pass,BC,LKU,"SUN,MON,TUE,WED,THU,FRI,SAT",105,11
55501,Samastipur-Darbhanga Passenger,Pass,SPJ,DBG,"SUN,MON,TUE,WED,THU,FRI,SAT",36,8
55502,Darbhanga-Samastipur Passenger,Pass,DBG,SPJ,"SUN,MON,TUE,WED,THU,FRI,SAT",36,8
55503,Samastipur-Darbhanga Passenger,Pass,SPJ,DBG,"SUN,MON,TUE,WED,THU,FRI,SAT",36,8
55504,Darbhanga-Samastipur Passenger,Pass,DBG,SPJ,"SUN,MON,TUE,WED,THU,FRI,SAT",36,8
55506,Runnisaidpur-Samastipur Passenger,Pass,RUSD,SPJ,"SUN,MON,TUE,WED,THU,FRI,SAT",120,25
55507,Darbhanga-Bairgania Passenger,Pass,DBG,BGU,"SUN,MON,TUE,WED,THU,FRI,SAT",97,18
55325,Lucknow Kasganj Passenger,Pass,LJN,KSJ,"SUN,MON,TUE,WED,THU,FRI,SAT",319,56
55329,Shikohabad Farrukhabad Passenger,Pass,SKB,KSJ,"SUN,MON,TUE,WED,THU,FRI,SAT",214,33
55330,Kasganj Shikohabad Passenger,Pass,KSJ,SKB,"SUN,MON,TUE,WED,THU,FRI,SAT",211,28
55331,Farrukhabad Kasganj Passenger,Pass,FBD,KSJ,"SUN,MON,TUE,WED,THU,FRI,SAT",107,14
55508,Bairgania-Darbhanga Passenger,Pass,BGU,DBG,"SUN,MON,TUE,WED,THU,FRI,SAT",97,18
55509,Darbhanga-Bairgania Passenger,Pass,DBG,BGU,"SUN,MON,TUE,WED,THU,FRI,SAT",97,18
55510,Bairgania-Darbhanga Passenger,Pass,BGU,DBG,"SUN,MON,TUE,WED,THU,FRI,SAT",97,18
55511,Darbhanga-Bairgania Passenger,Pass,DBG,SMI,"SUN,MON,TUE,WED,THU,FRI,SAT",68,15
55512,Bairgania-Darbhanga Passenger,Pass,SMI,DBG,"SUN,MON,TUE,WED,THU,FRI,SAT",68,15
55513,Samastipur Jaynagar Passenger,Pass,SPJ,JYG,"SUN,MON,TUE,WED,THU,FRI,SAT",109,17
55514,Jaynagar Samastipur Passenger,Pass,JYG,SPJ,"SUN,MON,TUE,WED,THU,FRI,SAT",109,17
55515,Samastipur-Jaynagar Passenger,Pass,SPJ,JYG,"SUN,MON,TUE,WED,THU,FRI,SAT",109,17
55516,Jaynagar-Samastipur Passenger,Pass,JYG,SPJ,"SUN,MON,TUE,WED,THU,FRI,SAT",109,17
55517,Darbhanga Jaynagar Passenger,Pass,DBG,JYG,"SUN,MON,TUE,WED,THU,FRI,SAT",79,14
55518,Jaynagar-Darbhanga Passenger,Pass,JYG,DBG,"SUN,MON,TUE,WED,THU,FRI,SAT",73,10
55519,Darbhanga-Jaynagar Passenger,Pass,DBG,JYG,"SUN,MON,TUE,WED,THU,FRI,SAT",73,10
55520,Jaynagar Darbhanga Passenger,Pass,JYG,DBG,"SUN,MON,TUE,WED,THU,FRI,SAT",73,10
55528,Samastipur-Barauni Passenger,Pass,SPJ,BJU,"SUN,MON,TUE,WED,THU,FRI,SAT",50,9
55529,Samastipur-Raxaul Passenger,Pass,SPJ,RXL,"SUN,MON,TUE,WED,THU,FRI,SAT",182,25
55530,Raxaul-Samastipur Passenger,Pass,RXL,SPJ,"SUN,MON,TUE,WED,THU,FRI,SAT",182,26
55531,Katihar-Barauni Passenger,Pass,KIR,BJU,"SUN,MON,TUE,WED,THU,FRI,SAT",180,20
55535,Katihar Darbhanga Passenger,Pass,KIR,DBG,"SUN,MON,TUE,WED,THU,FRI,SAT",266,34
55536,Darbhanga Katihar Passenger,Pass,DBG,KIR,"SUN,MON,TUE,WED,THU,FRI,SAT",267,33
55537,Katihar-Samastipur Passenger,Pass,KIR,SPJ,"SUN,MON,TUE,WED,THU,FRI,SAT",230,27
55538,Samastipur-Katihar Passenger,Pass,SPJ,KIR,"SUN,MON,TUE,WED,THU,FRI,SAT",230,27
55552,Hajipur-Barauni Passenger,Pass,HJP,BJU,"SUN,MON,TUE,WED,THU,FRI,SAT",88,15
55553,Dauram Madhepura Samastipur Passenger,Pass,DMH,SPJ,"SUN,MON,TUE,WED,THU,FRI,SAT",158,20
55554,Samastipur Dauram Madhepura Passenger,Pass,SPJ,DMH,"SUN,MON,TUE,WED,THU,FRI,SAT",158,30
55555,Dauram Madhepura Samastipur Passenger,Pass,DMH,SPJ,"SUN,MON,TUE,WED,THU,FRI,SAT",158,20
55556,Samastipur Dauram Madhepura Passenger,Pass,SPJ,DMH,"SUN,MON,TUE,WED,THU,FRI,SAT",158,20
55557,Samastipur Sonpur Passenger,Pass,SPJ,SEE,"SUN,MON,TUE,WED,THU,FRI,SAT",111,18
55558,Sonpur Samastipur Passenger,Pass,SEE,SPJ,"SUN,MON,TUE,WED,THU,FRI,SAT",111,18
55559,Khagaria Samastipur Passenger,Pass,KGG,SPJ,"SUN,MON,TUE,WED,THU,FRI,SAT",85,11
55560,Samastipur Khagaria Passenger,Pass,SPJ,KGG,"SUN,MON,TUE,WED,THU,FRI,SAT",85,11
55565,Saharsa Samastipur Passenger,Pass,SHC,SPJ,"SUN,MON,TUE,WED,THU,FRI,SAT",136,18
55566,Samastipur Saharsa Passenger,Pass,SPJ,SHC,"SUN,MON,TUE,WED,THU,FRI,SAT",136,18
55567,Saharsa Samastipur Passenger,Pass,SHC,SPJ,"SUN,MON,TUE,WED,THU,FRI,SAT",136,18
55568,Samastipur Saharsa Passenger,Pass,SPJ,SHC,"SUN,MON,TUE,WED,THU,FRI,SAT",136,18
55569,DauramMadhepura-Saharsa Passenger,Pass,DMH,SHC,"SUN,MON,TUE,WED,THU,FRI,SAT",22,3
55570,Saharsa-DauramMadhepura Passenger,Pass,SHC,DMH,"SUN,MON,TUE,WED,THU,FRI,SAT",22,3
55573,Raxaul Narkatiaganj Passenger,Pass,RXL,NKE,"SUN,MON,TUE,WED,THU,FRI,SAT",88,10
55574,Narkatiaganj Raxaul Passenger,Pass,NKE,RXL,"SUN,MON,TUE,WED,THU,FRI,SAT",88,10
55575,Darbhanga-Biraul Passenger,Pass,DBG,BIRL,"SUN,MON,TUE,WED,THU,FRI,SAT",54,10
55576,Biraul-Darbhanga Passenger,Pass,BIRL,DBG,"SUN,MON,TUE,WED,THU,FRI,SAT",54,10
55577,Sakri Biraul Passenger,Pass,SKI,BIRL,"SUN,MON,TUE,WED,THU,FRI,SAT",35,5
55578,Biraul Sakri Passenger,Pass,BIRL,SKI,"SUN,MON,TUE,WED,THU,FRI,SAT",35,5
55722,Balurghat Malda Town Passenger,Pass,BLGT,MLDT,"SUN,MON,TUE,WED,THU,FRI,SAT",104,14
55603,Guwahati Mairabari Passenger,Pass,GHY,MBO,"SUN,MON,TUE,WED,THU,FRI,SAT",160,28
55604,Mairabari Guwahati Passenger,Pass,MBO,GHY,"SUN,MON,TUE,WED,THU,FRI,SAT",160,28
55607,Guwahati Silghat Town Passenger,Pass,GHY,SHTT,"TUE,THU",172,23
55608,Silghat Town Guwahati Passenger,Pass,SHTT,GHY,"MON,WED",172,23
55609,DBB - FKM FAST PASSENGER,Pass,DBB,FKM,"SUN,MON,TUE,WED,THU,FRI,SAT",267,8
55612,Kamakhya Fakiragram Fast Passenger,Pass,KYQ,FKM,"SUN,MON,TUE,WED,THU,FRI,SAT",214,20
55618,Guwahati New Bongaigaon Passenger,Pass,GHY,NBQ,"SUN,MON,TUE,WED,THU,FRI,SAT",184,16
55707,Radhikapur Katihar Passenger,Pass,RDP,KIR,"SUN,MON,TUE,WED,THU,FRI,SAT",123,22
55708,Katihar Radhikapur Passenger,Pass,KIR,RDP,"SUN,MON,TUE,WED,THU,FRI,SAT",123,22
55711,Malda Town New Jalpaiguri Passenger,Pass,MLDT,NJP,"SUN,MON,TUE,WED,THU,FRI,SAT",232,40
55712,New Jalpaiguri Malda Town Passenger,Pass,NJP,MLDT,"SUN,MON,TUE,WED,THU,FRI,SAT",232,40
55713,NEW JALPAIGURI - DEKARGAON Pass,Pass,NJP,DKGN,"SUN,MON,TUE,WED,THU,FRI,SAT",252,66
55714,DEKARGAON - NEW JALPAIGURI Pass,Pass,DKGN,NJP,"SUN,MON,TUE,WED,THU,FRI,SAT",252,66
55715,Katihar Siliguri Passenger,Pass,KIR,SGUJ,"SUN,MON,TUE,WED,THU,FRI,SAT",192,32
55716,Siliguri Katihar Passenger,Pass,SGUJ,KIR,"SUN,MON,TUE,WED,THU,FRI,SAT",192,32
55721,Malda Town Balurghat Passenger,Pass,MLDT,BLGT,"SUN,MON,TUE,WED,THU,FRI,SAT",104,14
55725,New Jalpaiguri Alipurduar Passenger,Pass,NJP,APDJ,"SUN,MON,TUE,WED,THU,FRI,SAT",169,23
55726,Alipur Duar New Jalpaiguri Passenger,Pass,APDJ,NJP,"SUN,MON,TUE,WED,THU,FRI,SAT",169,23
55727,Katihar Radhikapur Passenger,Pass,KIR,RDP,"SUN,MON,TUE,WED,THU,FRI,SAT",93,19
55728,Radhikapur Katihar Passenger,Pass,RDP,KIR,"SUN,MON,TUE,WED,THU,FRI,SAT",93,19
55729,Katihar Radhikapur Passenger,Pass,KIR,RDP,"SUN,MON,TUE,WED,THU,FRI,SAT",93,19
55730,Radhikapur Katihar Passenger,Pass,RDP,KIR,"SUN,MON,TUE,WED,THU,FRI,SAT",93,19
55731,Katihar Barsoi Passenger,Pass,KIR,BOE,"SUN,MON,TUE,WED,THU,FRI,SAT",38,10
55732,Barsoi Katihar Passenger,Pass,BOE,KIR,"SUN,MON,TUE,WED,THU,FRI,SAT",38,10
55733,Katihar Jogbani Passenger,Pass,KIR,JBN,"SUN,MON,TUE,WED,THU,FRI,SAT",108,15
55734,Jogbani Katihar Passenger,Pass,JBN,KIR,"SUN,MON,TUE,WED,THU,FRI,SAT",108,18
55735,Katihar Jogbani Passenger,Pass,KIR,JBN,"SUN,MON,TUE,WED,THU,FRI,SAT",108,18
55736,Jogbani Katihar Passenger,Pass,JBN,KIR,"SUN,MON,TUE,WED,THU,FRI,SAT",108,18
55737,Katihar Jogbani Passenger,Pass,KIR,JBN,"SUN,MON,TUE,WED,THU,FRI,SAT",108,15
55738,Jogbani Katihar Passenger,Pass,JBN,KIR,"SUN,MON,TUE,WED,THU,FRI,SAT",108,15
55739,Katihar Jogbani Passenger,Pass,KIR,JBN,"SUN,MON,TUE,WED,THU,FRI,SAT",108,18
55740,Jogbani Katihar Passenger,Pass,JBN,KIR,"SUN,MON,TUE,WED,THU,FRI,SAT",108,18
55741,Katihar Jogbani Fast Passenger,Pass,KIR,JBN,"SUN,MON,TUE,WED,THU,FRI,SAT",108,15
55743,Katihar Jogbani Passenger,Pass,KIR,JBN,"SUN,MON,TUE,WED,THU,FRI,SAT",108,18
55744,Jogbani Katihar Passenger,Pass,JBN,KIR,"SUN,MON,TUE,WED,THU,FRI,SAT",108,15
55745,New Jalpaiguri Bamanhat Passenger,Pass,NJP,AUB,"SUN,MON,TUE,WED,THU,FRI,SAT",57,41
55746,Bamanhat New Jalpaiguri Passenger,Pass,AUB,NJP,"SUN,MON,TUE,WED,THU,FRI,SAT",306,41
55747,Siliguri Haldibari Passenger,Pass,SGUJ,HDB,"SUN,MON,TUE,WED,THU,FRI,SAT",63,9
55748,Haldibari Siliguri Passenger,Pass,HDB,SGUJ,"SUN,MON,TUE,WED,THU,FRI,SAT",63,9
55749,New Jalpaiguri Haldibari Passenger,Pass,NJP,HDB,"SUN,MON,TUE,WED,THU,FRI,SAT",56,7
55750,Haldibari New Jalpaiguri Passenger,Pass,HDB,NJP,"SUN,MON,TUE,WED,THU,FRI,SAT",56,7
55751,New Jalpaiguri Haldibari Passenger,Pass,NJP,HDB,"SUN,MON,TUE,WED,THU,FRI,SAT",56,7
55752,Haldibari New Jalpaiguri Passenger,Pass,HDB,NJP,"SUN,MON,TUE,WED,THU,FRI,SAT",56,7
55811,Guwahati Lumding Passenger,Pass,GHY,LMG,"SUN,MON,TUE,WED,THU,FRI,SAT",207,25
55815,Kapali Fast Passenger,Pass,GHY,CPK,"SUN,MON,TUE,WED,THU,FRI,SAT",91,16
56006,Chengalpattu Arakkonam Passenger,Pass,CGL,AJJ,"SUN,MON,TUE,WED,THU,FRI,SAT",63,12
53429,Bhagalpur Jamalpur Passenger,Pass,BGP,JMP,"SUN,MON,TUE,WED,THU,FRI,SAT",60,13
53431,Sahibganj Jamalpur Passenger,Pass,SBG,JMP,"SUN,MON,TUE,WED,THU,FRI,SAT",135,26
55754,GUWAHATI - ALIPUR DUAR SIFUNG Pass,Pass,GHY,APDJ,"SUN,MON,TUE,WED,THU,FRI,SAT",285,36
55755,Manihari Katihar Pass,Pass,MHI,KIR,"SUN,MON,TUE,WED,THU,FRI,SAT",24,3
55756,Katihar Manihari Pass,Pass,KIR,MHI,"SUN,MON,TUE,WED,THU,FRI,SAT",24,3
55757,Manihari Katihar Pass,Pass,MHI,KIR,"SUN,MON,TUE,WED,THU,FRI,SAT",24,3
55758,Katihar Manihari Pass,Pass,KIR,MHI,"SUN,MON,TUE,WED,THU,FRI,SAT",24,3
55759,Manihari Katihar Pass,Pass,MHI,KIR,"SUN,MON,TUE,WED,THU,FRI,SAT",24,3
55760,Katihar Manihari Pass,Pass,KIR,MHI,"SUN,MON,TUE,WED,THU,FRI,SAT",24,3
55791,Alipur Dwar Bamanhat Passenger,Pass,APDJ,NCB,"SUN,MON,TUE,WED,THU,FRI,SAT",22,5
55792,Bxt Alipur Duar Passenger,Pass,NCB,APDJ,"SUN,MON,TUE,WED,THU,FRI,SAT",22,5
55793,New Jalpaiguri Bamanhat Passenger,Pass,NJP,NCB,"SUN,MON,TUE,WED,THU,FRI,SAT",191,27
55794,Bamanhat New Jalpaiguri Passenger,Pass,BXT,NJP,"SUN,MON,TUE,WED,THU,FRI,SAT",240,35
55802,Manas Rhino Passenger,Pass,GHY,NBQ,"SUN,MON,TUE,WED,THU,FRI,SAT",157,21
55805,New Bongaigaon Guwahati Passenger,Pass,NBQ,GHY,"SUN,MON,TUE,WED,THU,FRI,SAT",184,16
55806,Guwahati New Bongaigaon Passenger,Pass,GHY,NBQ,"SUN,MON,TUE,WED,THU,FRI,SAT",184,16
55809,New Bongaigaon Guwahati Passenger,Pass,NBQ,GHY,"SUN,MON,TUE,WED,THU,FRI,SAT",157,21
55812,Lumding Guwahati Passenger,Pass,LMG,GHY,"SUN,MON,TUE,WED,THU,FRI,SAT",207,25
55816,Kapali Fast Passenger,Pass,CPK,GHY,"SUN,MON,TUE,WED,THU,FRI,SAT",91,14
55817,Chaparmukh Silghat Town Passenger,Pass,CPK,SHTT,"SUN,MON,TUE,WED,THU,FRI,SAT",79,13
55818,Silghat Town- Chaparmukh Passenger,Pass,SHTT,CPK,"SUN,MON,TUE,WED,THU,FRI,SAT",81,13
55901,Lumding Tinsukia Passenger,Pass,LMG,TSK,"SUN,MON,TUE,WED,THU,FRI,SAT",346,49
55902,Tinsukia Lumding Passenger,Pass,TSK,LMG,"SUN,MON,TUE,WED,THU,FRI,SAT",346,49
55903,Furkating Mariani Passenger,Pass,FKG,MXN,"MON,TUE,WED,THU,FRI,SAT",85,13
55904,Mariani Furkating Passenger,Pass,MXN,FKG,"MON,TUE,WED,THU,FRI,SAT",85,13
55905,Dibrugarh Ledo Passenger,Pass,DBRT,LEDO,"SUN,MON,TUE,WED,THU,FRI,SAT",103,14
55906,Ledo Dibrugarh Passenger,Pass,LEDO,DBRT,"SUN,MON,TUE,WED,THU,FRI,SAT",103,14
55907,Dibrugarh Ledo Passenger,Pass,DBRT,LEDO,"SUN,MON,TUE,WED,THU,FRI,SAT",103,14
55908,Ledo Dibrugarh Passenger,Pass,LEDO,DBRT,"SUN,MON,TUE,WED,THU,FRI,SAT",103,14
55913,Jorhat Town Tinsukia Passenger,Pass,JTTN,TSK,"MON,TUE,WED,THU,FRI,SAT",176,27
55914,Tinsukia Jorhat Town Passenger,Pass,TSK,JTTN,"SUN,MON,TUE,WED,THU,FRI",176,27
56001,Chennai Arakkonam Passenger,Pass,MAS,AJJ,"SUN,MON,TUE,WED,THU,FRI,SAT",68,29
56002,Arakkonam Chennai Passenger,Pass,AJJ,MAS,"SUN,MON,TUE,WED,THU,FRI,SAT",68,29
56003,Arakkonam Chengalpattu Passenger,Pass,AJJ,CGL,"SUN,MON,TUE,WED,THU,FRI,SAT",63,12
56005,Arakkonam Chengulpattu Passenger,Pass,AJJ,CGL,"SUN,MON,TUE,WED,THU,FRI,SAT",63,12
56007,Arakkonam Katpadi Passenger,Pass,AJJ,KPD,"SUN,MON,TUE,WED,THU,FRI,SAT",61,11
56008,Katpadi Arakkonam Passenger,Pass,KPD,AJJ,"SUN,MON,TUE,WED,THU,FRI,SAT",61,11
56009,Arakkonam Vellore Cantt Passenger,Pass,AJJ,VLR,"SUN,MON,TUE,WED,THU,FRI,SAT",71,13
56010,Vellore Cantt. Arakkonam Passenger,Pass,VLR,AJJ,"SUN,MON,TUE,WED,THU,FRI,SAT",71,13
56011,Arakkonam Nandalur Passenger,Pass,AJJ,NRE,"SUN,MON,TUE,WED,THU,FRI,SAT",155,21
56012,Nandalur Arakkonam Passenger,Pass,NRE,AJJ,"SUN,MON,TUE,WED,THU,FRI,SAT",155,21
56013,Arakkonam-Vellore Cantt Passenger,Pass,AJJ,VLR,"SUN,MON,TUE,WED,THU,FRI,SAT",71,13
56037,Chennai Pondicherry Passenger,Pass,MS,PDY,"SUN,MON,TUE,WED,THU,FRI,SAT",196,44
56038,Pondicherry Chennai Passenger,Pass,PDY,MS,"SUN,MON,TUE,WED,THU,FRI,SAT",196,44
56039,Kumbakonam Thanjavur Passenger,Pass,KMU,TJ,"SUN,MON,TUE,WED,THU,FRI,SAT",39,10
56040,Thanjavur Kumbakonam Passenger,Pass,TJ,KMU,"SUN,MON,TUE,WED,THU,FRI,SAT",39,10
56213,CHAMARAJANAGAR - TIRUPATI Fast Passenger,Pass,CMNR,TPTY,"SUN,MON,TUE,WED,THU,FRI,SAT",535,87
56042,Puducherry-Tirupati Passenger,Pass,PDY,TPTY,"SUN,MON,TUE,WED,THU,FRI,SAT",284,42
56043,Guruvayur Thrissur Passenger,Pass,GUV,TCR,"SUN,MON,TUE,WED,THU,FRI,SAT",23,4
56044,Thrissur Guruvayur Passenger,Pass,TCR,GUV,"SUN,MON,TUE,WED,THU,FRI,SAT",23,4
56045,Nagercoil Cape Passenger,Pass,NCJ,CAPE,"SUN,MON,TUE,WED,THU,FRI,SAT",15,3
56046,Kanyakumari Nagercoil Passenger,Pass,CAPE,NCJ,"SUN,MON,TUE,WED,THU,FRI,SAT",15,3
56102,Salem Mtdm Passenger,Pass,SA,MTDM,"SUN,MON,TUE,WED,THU,FRI,SAT",39,6
56103,Mettur Dam Salem Passenger,Pass,MTDM,SA,"SUN,MON,TUE,WED,THU,FRI,SAT",39,6
56136,Mettupalayam-Ooty Passenger,Pass,MTP,UAM,"SUN,MON,TUE,WED,THU,FRI,SAT",46,8
56137,Ooty-Mettupalayam Passenger,Pass,UAM,MTP,"SUN,MON,TUE,WED,THU,FRI,SAT",46,8
56139,Coonoor Passenger,Pass,UAM,ONR,"SUN,MON,TUE,WED,THU,FRI,SAT",19,6
56140,Udagamandalam Coonoor Passenger,Pass,UAM,ONR,"SUN,MON,TUE,WED,THU,FRI,SAT",19,6
56141,Coonoor Udagamandalam Passenger,Pass,ONR,UAM,"SUN,MON,TUE,WED,THU,FRI,SAT",19,6
56142,(Ooty)Udagamandalam Coonoor Passenger,Pass,UAM,ONR,"SUN,MON,TUE,WED,THU,FRI,SAT",19,6
56143,Udhagamandalam Passenger,Pass,ONR,UAM,"SUN,MON,TUE,WED,THU,FRI,SAT",19,6
56144,Coimbatore Mettupalaiyam Passenger,Pass,CBE,MTP,"SUN,MON,TUE,WED,THU,FRI,SAT",35,5
56145,Mettupalaiyam Coimbatore Passenger,Pass,MTP,CBE,"SUN,MON,TUE,WED,THU,FRI,SAT",35,5
56146,Coimbatore-Mettupalayam Passenger,Pass,CBE,MTP,"SUN,MON,TUE,WED,THU,FRI,SAT",35,5
56147,Mettupalayam-Coimbatore Passenger,Pass,MTP,CBE,"SUN,MON,TUE,WED,THU,FRI,SAT",35,5
56148,CoimbatoreMettupalayam Passenger,Pass,CBE,MTP,"SUN,MON,TUE,WED,THU,FRI,SAT",35,5
56149,MettupalayamCoimbatore Passenger,Pass,MTP,CBE,"SUN,MON,TUE,WED,THU,FRI,SAT",35,5
56150,CoimbatoreMettupalayam Passenger,Pass,CBE,MTP,"SUN,MON,TUE,WED,THU,FRI,SAT",35,5
56151,MettupalayamCoimbatore Passenger,Pass,MTP,CBE,"SUN,MON,TUE,WED,THU,FRI,SAT",35,5
56201,Chamrajnagar Mysore Passenger,Pass,CMNR,MYS,"SUN,MON,TUE,WED,THU,FRI,SAT",61,14
56202,Mysore Chamrajnagar passenger,Pass,MYS,CMNR,"SUN,MON,TUE,WED,THU,FRI,SAT",61,14
56203,Chamarajnagar Mysore passenger,Pass,CMNR,MYS,"SUN,MON,TUE,WED,THU,FRI,SAT",61,14
56204,Mysore Chamrajnagar Passenger,Pass,MYS,CMNR,"SUN,MON,TUE,WED,THU,FRI,SAT",61,14
56205,Nanjangud Mysore Passenger,Pass,NTW,MYS,"SUN,MON,TUE,WED,THU,FRI,SAT",25,7
56206,Nanjangud Mysore Passenger,Pass,MYS,NTW,"SUN,MON,TUE,WED,THU,FRI,SAT",25,7
56209,Chamrajnagar Mysore Passenger,Pass,CMNR,MYS,"SUN,MON,TUE,WED,THU,FRI,SAT",61,14
56210,Mysore Chamrajnagar passenger,Pass,MYS,CMNR,"SUN,MON,TUE,WED,THU,FRI,SAT",61,14
56211,Chamrajnagar Mysore Passenger,Pass,CMNR,MYS,"SUN,MON,TUE,WED,THU,FRI,SAT",61,14
56212,Chamrajnagar Passenger,Pass,MYS,CMNR,"SUN,MON,TUE,WED,THU,FRI,SAT",61,14
56221,Bangalore Tumkur Passenger,Pass,SBC,TK,"SUN,MON,TUE,WED,THU,FRI,SAT",70,14
56222,Tumkur Bangalore Passenger,Pass,TK,SBC,"SUN,MON,TUE,WED,THU,FRI,SAT",70,14
56223,Bangalore Arisikere Passenger,Pass,SBC,ASK,"SUN,MON,TUE,WED,THU,FRI,SAT",167,29
56224,Arisikere Bangalore Passenger,Pass,ASK,SBC,"SUN,MON,TUE,WED,THU,FRI,SAT",167,29
56225,Bangalore Tumkur Passenger,Pass,SBC,TK,"SUN,MON,TUE,WED,THU,FRI,SAT",70,14
56226,Tumkur Bangalore passenger,Pass,TK,SBC,"SUN,MON,TUE,WED,THU,FRI,SAT",70,14
56227,Bangalore Shimoga Town Passenger,Pass,SBC,SMET,"SUN,MON,TUE,WED,THU,FRI,SAT",276,41
56228,Shimoga Bangalore Passenger,Pass,SMET,SBC,"SUN,MON,TUE,WED,THU,FRI,SAT",276,41
56229,Mysore Bangalore Passenger,Pass,MYS,SBC,"SUN,MON,TUE,WED,THU,FRI,SAT",137,23
56230,Bangalore Mysore Passenger,Pass,SBC,MYS,"SUN,MON,TUE,WED,THU,FRI,SAT",137,23
56231,Mysore Bangalore (PUSH-PULL) Passenger,Pass,MYS,SBC,"SUN,MON,TUE,WED,THU,FRI,SAT",137,23
56232,Bangalore Mysore (PUSH-PULL) Passenger(Shuttle),Pass,SBC,MYS,"SUN,MON,TUE,WED,THU,FRI,SAT",137,23
56233,Bangalore Mysore Passenger,Pass,SBC,MYS,"SUN,MON,TUE,WED,THU,FRI,SAT",138,23
56234,Mysore Bangalore Passenger,Pass,MYS,SBC,"SUN,MON,TUE,WED,THU,FRI,SAT",138,23
56237,Mysore Bangalore (PUSH-PULL) Passenger,Pass,MYS,SBC,"SUN,MON,TUE,WED,THU,FRI,SAT",137,23
56004,Chengalpattu Arakkonam Passenger,Pass,CGL,AJJ,"SUN,MON,TUE,WED,THU,FRI,SAT",63,12
56238,Bangalore Mysore (PUSH-PULL) Passenger,Pass,SBC,MYS,"SUN,MON,TUE,WED,THU,FRI,SAT",137,23
56239,Shimoga Birur Passenger,Pass,SMET,RRB,"SUN,MON,TUE,WED,THU,FRI,SAT",63,8
56240,Birur Shimoga Passenger,Pass,RRB,SMET,"SUN,MON,TUE,WED,THU,FRI,SAT",63,8
56241,Salem Yesvantpur passenger,Pass,SA,YPR,"SUN,MON,TUE,WED,THU,FRI,SAT",225,23
56242,Yesvantpur Salem passenger,Pass,YPR,SA,"SUN,MON,TUE,WED,THU,FRI,SAT",225,23
56262,BANGALORE - ARAKKONAM Passenger,Pass,SBC,AJJ,"SUN,MON,TUE,WED,THU,FRI,SAT",290,39
56263,Night Queen Passenger,Pass,MYS,SBC,"SUN,MON,TUE,WED,THU,FRI,SAT",139,23
56264,Night Queen Passenger,Pass,SBC,MYS,"SUN,MON,TUE,WED,THU,FRI,SAT",139,23
56265,Arsikere Mysore Passenger,Pass,ASK,MYS,"SUN,MON,TUE,WED,THU,FRI,SAT",167,21
56266,Mysore Arsikere Passenger,Pass,MYS,ASK,"SUN,MON,TUE,WED,THU,FRI,SAT",167,21
56268,Mysore Arsikere Passenger,Pass,MYS,ASK,"SUN,MON,TUE,WED,THU,FRI,SAT",167,21
56269,Shimoga Mysore Passenger,Pass,SMET,MYS,"SUN,MON,TUE,WED,THU,FRI,SAT",276,21
56270,Mysore Shimoga Passenger,Pass,MYS,SMET,"SUN,MON,TUE,WED,THU,FRI,SAT",276,21
56271,Shimoga Birur Passenger,Pass,SMET,RRB,"SUN,MON,TUE,WED,THU,FRI,SAT",63,8
56272,Birur Shimoga Town Passenger,Pass,RRB,SMET,"SUN,MON,TUE,WED,THU,FRI,SAT",63,8
56273,Arsikere Hubli Passenger,Pass,ASK,UBL,"SUN,MON,TUE,WED,THU,FRI,SAT",304,35
56274,Hubli Arsikere Passenger,Pass,UBL,ASK,"SUN,MON,TUE,WED,THU,FRI,SAT",304,35
56300,Kollam Alappuzha Passenger,Pass,QLN,ALLP,"SUN,MON,TUE,WED,THU,FRI,SAT",85,15
56301,Alappuzha Kollam Passenger,Pass,ALLP,QLN,"MON,TUE,WED,THU,FRI,SAT",85,15
56302,Alappuzha Ernakulam Passenger,Pass,ALLP,ERS,"MON,TUE,WED,THU,FRI,SAT",57,13
56303,Ernakulam Alappuzha Passenger,Pass,ERS,ALLP,"SUN,MON,TUE,WED,THU,FRI,SAT",57,13
56307,Kollam Tiruvananthapuram Passenger,Pass,QLN,TVC,"SUN,MON,TUE,WED,THU,FRI,SAT",64,18
56308,Tiruvananthapuram Kollam Passenger,Pass,TVC,QLN,"SUN,MON,TUE,WED,THU,FRI,SAT",64,18
56309,Kollam Tiruvananthapuram Passenger,Pass,QLN,TVC,"SUN,MON,TUE,WED,THU,FRI,SAT",64,18
56310,Nagercoil Tiruvananthapuram Passenger,Pass,NCJ,TVC,"SUN,MON,TUE,WED,THU,FRI,SAT",71,14
56311,Tiruvananthapuram Nagercoil Passenger,Pass,TVC,NCJ,"SUN,MON,TUE,WED,THU,FRI,SAT",71,14
56312,Tirunelveli Nagercoil Passenger,Pass,TEN,NCJ,"SUN,MON,TUE,WED,THU,FRI,SAT",74,10
56313,Tiruvananthapuram Nagercoil Passenger,Pass,TVC,NCJ,"SUN,MON,TUE,WED,THU,FRI,SAT",71,14
56315,Tiruvananthapuram Nagercoil Passenger,Pass,TVC,NCJ,"SUN,MON,TUE,WED,THU,FRI,SAT",71,14
56316,Nagercoil Tiruvananthapuram Passenger,Pass,NCJ,TVC,"SUN,MON,TUE,WED,THU,FRI,SAT",71,14
56317,Kochuveli Nagercoil Passenger,Pass,KCVL,NCJ,"SUN,MON,TUE,WED,THU,FRI,SAT",78,16
56318,Nagercoil Kochuveli Passenger,Pass,NCJ,KCVL,"SUN,MON,TUE,WED,THU,FRI,SAT",77,16
56319,Nagercoil Coimbatore Passenger,Pass,NCJ,CBE,"SUN,MON,TUE,WED,THU,FRI,SAT",532,60
56321,Kanyakumari Tirunelveli Passenger,Pass,CAPE,TEN,"SUN,MON,TUE,WED,THU,FRI,SAT",89,12
56323,Coimbatore Mangalore Fast Passenger,Pass,CBE,MAQ,"SUN,MON,TUE,WED,THU,FRI,SAT",408,72
56324,Coimbatore Fast Passenger,Pass,MAQ,CBE,"SUN,MON,TUE,WED,THU,FRI,SAT",408,72
56325,Nagercoil Cape Passenger,Pass,NCJ,CAPE,"SUN,MON,TUE,WED,THU,FRI,SAT",15,3
56331,Punalur Kollam Passenger,Pass,PUU,QLN,"SUN,MON,TUE,WED,THU,FRI,SAT",45,9
56370,Ernakulam Guruvayur Passenger,Pass,ERS,GUV,"SUN,MON,TUE,WED,THU,FRI,SAT",97,19
56503,Yesvantapur-Vijayawada Passenger,Pass,YPR,BZA,"SUN,MON,TUE,WED,THU,FRI,SAT",739,80
56504,Vijayawada Yesvantapur Passenger,Pass,BZA,YPR,"SUN,MON,TUE,WED,THU,FRI,SAT",739,80
56505,Bangarpet Marikuppam Passenger,Pass,BWT,MKM,"SUN,MON,TUE,WED,THU,FRI,SAT",16,6
56506,Marikuppam Bangarapet Passenger,Pass,MKM,BWT,"SUN,MON,TUE,WED,THU,FRI,SAT",16,6
56511,Bangarpet Marikuppam Passenger,Pass,BWT,MKM,"SUN,MON,TUE,WED,THU,FRI,SAT",16,6
56515,BANGALORE CITY - HUBLI Pass,Pass,SBC,UBL,"SUN,MON,TUE,WED,THU,FRI,SAT",471,66
56516,HUBLI - BANGALORE CY Passenger,Pass,UBL,SBC,"SUN,MON,TUE,WED,THU,FRI,SAT",471,63
55525,Barauni-Samastipur Passenger,Pass,BJU,SPJ,"SUN,MON,TUE,WED,THU,FRI,SAT",50,9
56332,Kollam Punalur Passenger,Pass,QLN,PUU,"SUN,MON,TUE,WED,THU,FRI,SAT",45,9
56333,Punalur Kollam Passenger,Pass,PUU,QLN,"SUN,MON,TUE,WED,THU,FRI,SAT",45,9
56334,Kollam Punalur Passenger,Pass,QLN,PUU,"SUN,MON,TUE,WED,THU,FRI,SAT",45,9
56335,Punalur Kollam Passenger,Pass,PUU,QLN,"SUN,MON,TUE,WED,THU,FRI,SAT",45,9
56336,Kollam Punalur Passenger,Pass,QLN,PUU,"SUN,MON,TUE,WED,THU,FRI,SAT",45,9
56337,Punalur Kollam Passenger,Pass,PUU,QLN,"SUN,MON,TUE,WED,THU,FRI,SAT",45,9
56338,Kollam Punalur Passenger,Pass,QLN,PUU,"SUN,MON,TUE,WED,THU,FRI,SAT",45,9
56371,Guruvayur Ernakulam Passenger,Pass,GUV,ERS,"SUN,MON,TUE,WED,THU,FRI,SAT",97,19
56374,Thrissur Guruvayur Passenger,Pass,TCR,GUV,"SUN,MON,TUE,WED,THU,FRI,SAT",23,4
56375,Guruvayur Ernakulam Passenger,Pass,GUV,ERS,"SUN,MON,TUE,WED,THU,FRI,SAT",97,19
56376,Ernakulam Guruvayur Passenger,Pass,ERS,GUV,"SUN,MON,TUE,WED,THU,FRI,SAT",97,19
56377,Allepey Kayankulam Passenger,Pass,ALLP,KYJ,"SUN,MON,TUE,WED,THU,FRI,SAT",44,9
56379,Ernakulam Alappuzha Passenger,Pass,ERS,ALLP,"SUN,MON,TUE,WED,THU,FRI,SAT",57,13
56380,Kayankulam Ernakulam Passenger,Pass,KYJ,ERS,"SUN,MON,TUE,WED,THU,FRI,SAT",101,21
56381,Ernakulam Kayankulam Passenger,Pass,ERS,KYJ,"SUN,MON,TUE,WED,THU,FRI,SAT",101,21
56382,Kayankulam Ernakulam Passenger,Pass,KYJ,ERS,"SUN,MON,TUE,WED,THU,FRI,SAT",101,21
56383,Ernakulam Kayankulam Passenger,Pass,ERS,KYJ,"SUN,MON,TUE,WED,THU,FRI,SAT",101,21
56384,Alappuzha Ernakulam Passenger,Pass,ALLP,ERS,"SUN,MON,TUE,WED,THU,FRI,SAT",57,13
56391,Ernakulam Kollam Passenger,Pass,ERS,QLN,"SUN,MON,TUE,WED,THU,FRI,SAT",156,25
56392,Kollam Ernakulam Passenger,Pass,QLN,ERS,"SUN,MON,TUE,WED,THU,FRI,SAT",156,25
56501,Vijayawada Hubli Passenger,Pass,BZA,UBL,"SUN,MON,TUE,WED,THU,FRI,SAT",693,81
56502,Hubli Vijayawada Passenger,Pass,UBL,BZA,"SUN,MON,TUE,WED,THU,FRI,SAT",693,81
56507,Swarna passenger Marikuppam Bangalore,Pass,MKM,SBC,"SUN,MON,TUE,WED,THU,FRI,SAT",86,16
56508,Bangalore-Marikuppam Swarna Pass.,Pass,SBC,MKM,"SUN,MON,TUE,WED,THU,FRI,SAT",86,16
56509,Marikuppam Bangalore Passenger,Pass,MKM,SBC,"SUN,MON,TUE,WED,THU,FRI,SAT",86,16
56510,Bangalore Marikuppam passenger,Pass,SBC,MKM,"SUN,MON,TUE,WED,THU,FRI,SAT",86,16
56512,Marikuppam Bangarpet passenger,Pass,MKM,BWT,"SUN,MON,TUE,WED,THU,FRI,SAT",16,6
56513,Salem Bangalore passenger,Pass,SA,SBC,"SUN,MON,TUE,WED,THU,FRI,SAT",218,22
56514,Bangalore Salem Passenger,Pass,SBC,SA,"SUN,MON,TUE,WED,THU,FRI,SAT",218,22
56517,Chitradurga Harihar Passenger,Pass,CTA,HRR,"SUN,MON,TUE,WED,THU,FRI,SAT",91,13
56518,Harihar Chitradurga Passenger,Pass,HRR,CTA,"SUN,MON,TUE,WED,THU,FRI,SAT",91,13
56519,Bangalore Chitradurga Passenger,Pass,JRU,CTA,"SUN,MON,TUE,WED,THU,FRI,SAT",33,6
56520,Chitradura Bangalore Passenger,Pass,CTA,JRU,"SUN,MON,TUE,WED,THU,FRI,SAT",33,6
56525,Bangalore Chik ballapur Passenger,Pass,SBC,CBP,"SUN,MON,TUE,WED,THU,FRI,SAT",64,13
56526,Chik Ballapur Bangalore Passenger,Pass,CBP,SBC,"SUN,MON,TUE,WED,THU,FRI,SAT",64,13
56527,Kanyakumari Nagercoil Passenger,Pass,CAPE,NCJ,"SUN,MON,TUE,WED,THU,FRI,SAT",15,3
56528,Nagercoil Kanyakumari Passenger,Pass,NCJ,CAPE,"SUN,MON,TUE,WED,THU,FRI,SAT",15,3
56601,Shoranur Kozhikode Passenger,Pass,SRR,CLT,"SUN,MON,TUE,WED,THU,FRI,SAT",86,16
56613,Shoranur Nilambur Fast Passenger,Pass,SRR,NIL,"SUN,MON,TUE,WED,THU,FRI,SAT",67,12
56615,Shoranur Nilambur Passenger,Pass,SRR,NIL,"SUN,MON,TUE,WED,THU,FRI,SAT",67,12
56640,Mangalore-Verna Passenger,Pass,MAQ,VEN,"SUN,MON,TUE,WED,THU,FRI,SAT",454,31
56641,Verna Mangalore Passenger,Pass,VEN,MAQ,"SUN,MON,TUE,WED,THU,FRI,SAT",454,31
56642,Kabakaputtur Mangalore Passenger,Pass,KBPR,MAQ,"SUN,MON,TUE,WED,THU,FRI,SAT",49,4
56651,Coimbatore Kannur Fast Passenger,Pass,CBE,CAN,"SUN,MON,TUE,WED,THU,FRI,SAT",274,48
56700,Madurai-Kollam Passenger,Pass,MDU,QLN,"SUN,MON,TUE,WED,THU,FRI,SAT",366,55
56701,Madurai Passenger,Pass,QLN,MDU,"SUN,MON,TUE,WED,THU,FRI,SAT",366,55
56602,Kannur Shoranur Passenger,Pass,CAN,SRR,"SUN,MON,TUE,WED,THU,FRI,SAT",175,35
56603,Thrissur Kannur Passenger,Pass,TCR,CAN,"SUN,MON,TUE,WED,THU,FRI,SAT",208,41
56604,Shoranur Coimbatore Passenger,Pass,SRR,CBE,"SUN,MON,TUE,WED,THU,FRI,SAT",101,14
56606,Ernakulam Shoranur Passenger,Pass,ERS,SRR,"SUN,MON,TUE,WED,THU,FRI,SAT",107,22
56607,Shoranur Ernakulam Passenger,Pass,SRR,ERS,"SUN,MON,TUE,WED,THU,FRI,SAT",107,22
56608,Ernakulam Shoranur Passenger,Pass,ERS,SRR,"SUN,MON,TUE,WED,THU,FRI,SAT",107,22
56609,Shoranur Ernakulam Passenger,Pass,SRR,ERS,"SUN,MON,TUE,WED,THU,FRI,SAT",107,22
56610,Nilambur Palakkad Passenger,Pass,NIL,PGT,"SUN,MON,TUE,WED,THU,FRI,SAT",112,19
56612,Nilambur Shoranur Passenger,Pass,NIL,SRR,"SUN,MON,TUE,WED,THU,FRI,SAT",67,12
56616,Nilambur Shoranur Fast Passenger,Pass,NIL,SRR,"SUN,MON,TUE,WED,THU,FRI,SAT",67,12
56617,Shoranur Nilambur Passenger,Pass,SRR,NIL,"SUN,MON,TUE,WED,THU,FRI,SAT",67,12
56618,Nilambur Shoranur Passenger,Pass,NIL,SRR,"SUN,MON,TUE,WED,THU,FRI,SAT",67,12
56619,Shoranur Nilambur Passenger,Pass,SRR,NIL,"SUN,MON,TUE,WED,THU,FRI,SAT",67,12
56620,Nilambur Road Shoranur Pass,Pass,NIL,SRR,"SUN,MON,TUE,WED,THU,FRI,SAT",67,12
56621,Shoranur Nilambur Road Pass,Pass,SRR,NIL,"SUN,MON,TUE,WED,THU,FRI,SAT",67,12
56643,Kabakaputtur Passenger,Pass,MAQ,KBPR,"SUN,MON,TUE,WED,THU,FRI,SAT",49,4
56644,Kabakaputtur Mangalore Passenger,Pass,KBPR,MAQ,"SUN,MON,TUE,WED,THU,FRI,SAT",49,4
56645,Kabakaputtur Passenger,Pass,MAQ,KBPR,"SUN,MON,TUE,WED,THU,FRI,SAT",49,4
56646,Subramanya Road Mangalore Passenger,Pass,SBHR,MAQ,"SUN,MON,TUE,WED,THU,FRI,SAT",92,10
56647,Subrahmanya Road Passenger,Pass,MAQ,SBHR,"SUN,MON,TUE,WED,THU,FRI,SAT",92,10
56650,Kannur Coimbatore Fast Passenger,Pass,CAN,CBE,"SUN,MON,TUE,WED,THU,FRI,SAT",276,48
56652,Kannur Kozhikkode Passenger,Pass,CAN,CLT,"SUN,MON,TUE,WED,THU,FRI,SAT",89,20
56653,Kozhikode Kannur Passenger,Pass,CLT,CAN,"SUN,MON,TUE,WED,THU,FRI,SAT",89,20
56654,Kozhikode Passenger,Pass,MAQ,CLT,"SUN,MON,TUE,WED,THU,FRI,SAT",221,44
56655,Kannur Mangalore Passenger,Pass,CAN,MAQ,"SUN,MON,TUE,WED,THU,FRI,SAT",132,25
56656,Kannur Passenger,Pass,MAQ,CAN,"SUN,MON,TUE,WED,THU,FRI,SAT",132,25
56657,Calicut Kannur Passenger,Pass,CLT,CAN,"SUN,MON,TUE,WED,THU,FRI,SAT",89,20
56659,Kannur Charvattur Passenger,Pass,CAN,CHV,"SUN,MON,TUE,WED,THU,FRI,SAT",49,11
56661,Charvattur Mangalore Passenger,Pass,CHV,MAQ,"SUN,MON,TUE,WED,THU,FRI,SAT",83,15
56703,TIRUCHCHIRAPALI - DINDIGUL PASSENGER,Pass,TPJ,DG,"SUN,MON,TUE,WED,THU,FRI,SAT",170,12
56707,Dindigul Madurai Passenger,Pass,DG,MDU,"SUN,MON,TUE,WED,THU,FRI,SAT",62,10
56708,Madurai Dindigul Passenger,Pass,MDU,DG,"SUN,MON,TUE,WED,THU,FRI,SAT",62,10
56709,Dindigul Madurai Passenger,Pass,DG,MDU,"SUN,MON,TUE,WED,THU,FRI,SAT",62,10
56710,Madurai Dindigul Passenger,Pass,MDU,DG,"SUN,MON,TUE,WED,THU,FRI,SAT",62,10
56712,Trichy Nagore Passenger,Pass,TPJ,NCR,"SUN,MON,TUE,WED,THU,FRI,SAT",135,29
56714,Tiruchirapalli Nagore Passenger,Pass,TPJ,NCR,"SUN,MON,TUE,WED,THU,FRI,SAT",135,29
56733,MADURAI - SENGOTTAI PASSENGER,Pass,MDU,SCT,"SUN,MON,TUE,WED,THU,FRI,SAT",173,14
56734,SENGOTTAI - MADURAI PASSENGER,Pass,SCT,MDU,"SUN,MON,TUE,WED,THU,FRI,SAT",173,14
56735,MADURAI - SENGOTTAI PASSENGER,Pass,MDU,SCT,"SUN,MON,TUE,WED,THU,FRI,SAT",173,14
56736,Sengottail Madurai Passenger,Pass,SCT,MDU,"SUN,MON,TUE,WED,THU,FRI,SAT",173,15
56806,Tiruchchirapalli Cuddalore Port Passenger,Pass,TPJ,CUPJ,"SUN,MON,TUE,WED,THU,FRI,SAT",180,29
56808,Tiruchchirapalli Villupuram Passenger,Pass,TPJ,VRI,"SUN,MON,TUE,WED,THU,FRI,SAT",123,24
56812,Tiruchchirapalli Mayiladuturai Passenger,Pass,TPJ,MV,"SUN,MON,TUE,WED,THU,FRI,SAT",120,26
56821,MAYILADUTURAI - DINDIGUL PASSENGER,Pass,MV,DG,"SUN,MON,TUE,WED,THU,FRI,SAT",437,19
56824,Tiruchchirapalli Mayiladuturai Passenger,Pass,TPJ,MV,"SUN,MON,TUE,WED,THU,FRI,SAT",120,26
56826,Tirnunelveli Erode Passenger,Pass,TEN,ED,"SUN,MON,TUE,WED,THU,FRI,SAT",358,36
56829,Tiruchchirapalli Rameswaram Passenger,Pass,TPJ,RMM,"SUN,MON,TUE,WED,THU,FRI,SAT",266,32
14523,Harihar Express,Exp,MFP,UMB,"MON,THU",1201,176
53426,KIUL JAMALPUR PASS,Pass,KIUL,JMP,"SUN,MON,TUE,WED,THU,FRI,SAT",54,9
53428,KIUL JAMALPUR PASS,Pass,KIUL,JMP,"SUN,MON,TUE,WED,THU,FRI,SAT",54,9
55610,FKM - DBB FAST PASSENGER,Pass,FKM,DBB,"SUN,MON,TUE,WED,THU,FRI,SAT",267,8
56704,DINDIGUL - TIRUCHCHIRAPALI PASSENGER,Pass,DG,TPJ,"SUN,MON,TUE,WED,THU,FRI,SAT",170,12
56705,VILLUPURAM - MADURAI PASSENGER,Pass,VM,MDU,"SUN,MON,TUE,WED,THU,FRI,SAT",334,43
56706,MADURAI - VILLUPURAM PASSENGER,Pass,MDU,VM,"SUN,MON,TUE,WED,THU,FRI,SAT",337,43
56711,Nagore Trichy Passenger,Pass,NCR,TPJ,"SUN,MON,TUE,WED,THU,FRI,SAT",135,29
56713,Nagore Trichy Passenger,Pass,NCR,TPJ,"SUN,MON,TUE,WED,THU,FRI,SAT",135,29
56721,Madurai Rameswaram Passenger,Pass,MDU,RMM,"MON,TUE,WED,THU,FRI,SAT",161,18
56722,Rameswaram Madurai Passenger,Pass,RMM,MDU,"MON,TUE,WED,THU,FRI,SAT",161,18
56724,Rameswaram Madurai Passenger,Pass,RMM,MDU,"SUN,MON,TUE,WED,THU,FRI,SAT",161,18
56725,Madurai Rameswaram Passenger,Pass,MDU,RMM,"SUN,MON,TUE,WED,THU,FRI,SAT",161,18
56726,Rameswaram Madurai Passenger,Pass,RMM,MDU,"SUN,MON,TUE,WED,THU,FRI,SAT",161,18
56761,Tirunelveli Tiruchendur Passenger,Pass,TEN,TCN,"SUN,MON,TUE,WED,THU,FRI,SAT",61,12
56762,Tiruchendur Tirunelveli Passenger,Pass,TCN,TEN,"SUN,MON,TUE,WED,THU,FRI,SAT",61,12
56763,Tirunelveli Tiruchendur Passenger,Pass,TEN,TCN,"SUN,MON,TUE,WED,THU,FRI,SAT",61,12
56764,Tiruchendur Tirunelveli Passenger,Pass,TCN,TEN,"SUN,MON,TUE,WED,THU,FRI,SAT",61,12
56765,Tirunelveli Tiruchendur Passenger,Pass,TEN,TCN,"SUN,MON,TUE,WED,THU,FRI,SAT",61,12
56766,Tiruchendur Tirunelveli Passenger,Pass,TCN,TEN,"SUN,MON,TUE,WED,THU,FRI,SAT",61,12
56767,Tuticorin Tiruchendur Passenger,Pass,TN,TCN,"SUN,MON,TUE,WED,THU,FRI,SAT",121,22
56768,Tiruchendur Tuticorin Passenger,Pass,TCN,TN,"SUN,MON,TUE,WED,THU,FRI,SAT",121,22
56805,Cuddalore Port Tiruchchirapalli Passenger,Pass,CUPJ,TPJ,"SUN,MON,TUE,WED,THU,FRI,SAT",180,29
56807,Vriddhachalam Tiruchchirapalli Passenger,Pass,VRI,TPJ,"SUN,MON,TUE,WED,THU,FRI,SAT",123,24
56811,Mayiladuturai Tiruchchirapalli Passenger,Pass,MV,TPJ,"SUN,MON,TUE,WED,THU,FRI,SAT",120,26
56822,DINDIGUL - MAYILADUTURAI PASSENGER,Pass,DG,MV,"SUN,MON,TUE,WED,THU,FRI,SAT",214,19
56823,Mayiladuturai Tiruchchirapalli Passenger,Pass,MV,TPJ,"SUN,MON,TUE,WED,THU,FRI,SAT",120,26
56827,Tuticorin Tirunelveli Passenger,Pass,TN,TEN,"SUN,MON,TUE,WED,THU,FRI,SAT",60,11
56828,Tirunelveli Tuticorin Passenger,Pass,TEN,TN,"SUN,MON,TUE,WED,THU,FRI,SAT",60,11
56830,Rameswaram Trichy Passenger,Pass,RMM,TPJ,"SUN,MON,TUE,WED,THU,FRI,SAT",266,32
56835,Vriddhachalam Salem Passenger,Pass,VRI,SA,"SUN,MON,TUE,WED,THU,FRI,SAT",145,18
56836,Salem Vriddhachalam Passenger,Pass,SA,VRI,"SUN,MON,TUE,WED,THU,FRI,SAT",145,18
56837,Vriddhachalam Salem Passenger,Pass,VRI,SA,"SUN,MON,TUE,WED,THU,FRI,SAT",145,18
56838,Salem Vriddhachalam Passenger,Pass,SA,VRI,"SUN,MON,TUE,WED,THU,FRI,SAT",145,18
56839,Jolarpettai Erode Passenger,Pass,JTJ,ED,"SUN,MON,TUE,WED,THU,FRI,SAT",182,25
56840,Erode Jolarpettai Passenger,Pass,ED,JTJ,"SUN,MON,TUE,WED,THU,FRI,SAT",182,25
56845,Jolarpettai Erode Passenger,Pass,JTJ,ED,"SUN,MON,TUE,WED,THU,FRI,SAT",182,25
56846,Erode Jolarpettai Passenger,Pass,ED,JTJ,"SUN,MON,TUE,WED,THU,FRI,SAT",182,25
56859,Tambaram Villupuram Passenger,Pass,TBM,VM,"SUN,MON,TUE,WED,THU,FRI,SAT",133,26
56861,Villupuram-Puducherry Passenger,Pass,VM,PDY,"SUN,MON,TUE,WED,THU,FRI,SAT",38,5
56863,Villupuram-Puducherry Passenger,Pass,VM,PDY,"SUN,MON,TUE,WED,THU,FRI,SAT",38,5
56865,Puducherry-Villupuram Passenger,Pass,VM,PDY,"SUN,MON,TUE,WED,THU,FRI,SAT",38,5
56873,Villupuram Mayiladuthurai Passenger,Pass,VM,MV,"SUN,MON,TUE,WED,THU,FRI,SAT",123,24
56877,Villupuram-Mayiladuthurai Passenger,Pass,VM,MV,"SUN,MON,TUE,WED,THU,FRI,SAT",123,24
56904,Dharwar Solapur Passenger,Pass,DWR,SUR,"SUN,MON,TUE,WED,THU,FRI,SAT",378,51
56905,Solapur-Hubli Passenger,Pass,SUR,UBL,"SUN,MON,TUE,WED,THU,FRI,SAT",359,47
56906,Hubli - Solapur Passenger,Pass,UBL,SUR,"SUN,MON,TUE,WED,THU,FRI,SAT",359,47
55029,Muzaffarpur Gorakhpur Passenger,Pass,MFP,GKP,"SUN,MON,TUE,WED,THU,FRI,SAT",310,41
56833,Cuddalore Vriddhachalam Passenger,Pass,CUPJ,VRI,"SUN,MON,TUE,WED,THU,FRI",57,6
56841,Tiruchchirapalli Erode Passenger,Pass,TPJ,ED,"SUN,MON,TUE,WED,THU,FRI,SAT",141,26
56843,Tiruchchirapalli Erode Passenger,Pass,TPJ,ED,"SUN,MON,TUE,WED,THU,FRI,SAT",141,26
56847,Trichy Palakkad Town Passenger,Pass,TPJ,PGTN,"SUN,MON,TUE,WED,THU,FRI,SAT",301,48
56848,Palghat Town Tiruchchirapalli Passenger,Pass,PGTN,TPJ,"SUN,MON,TUE,WED,THU,FRI,SAT",301,48
56851,Nagore Trichy Passenger,Pass,NCR,TPJ,"SUN,MON,TUE,WED,THU,FRI,SAT",135,29
56852,Trichy Nagore Passenger,Pass,TPJ,NCR,"SUN,MON,TUE,WED,THU,FRI,SAT",135,29
56862,Puducherry-Villupuram Passenger,Pass,PDY,VM,"SUN,MON,TUE,WED,THU,FRI,SAT",38,5
56864,Puducherry-Villupuram Passenger,Pass,PDY,VM,"SUN,MON,TUE,WED,THU,FRI,SAT",38,5
56866,Puducherry-Villupuram Passenger,Pass,PDY,VM,"SUN,MON,TUE,WED,THU,FRI,SAT",38,5
56874,Mayiladuthurai Villupuram Passenger,Pass,MV,VM,"SUN,MON,TUE,WED,THU,FRI,SAT",123,24
56878,Mayiladuthurai-Villupuram Passenger,Pass,MV,VM,"SUN,MON,TUE,WED,THU,FRI,SAT",123,24
56890,Tiruturaipdi Tiruvarur Passenger,Pass,TTP,TVR,"SUN,MON,TUE,WED,THU,FRI,SAT",26,10
56891,Thiruvarur Karaikkudi Passenger,Pass,TVR,KKDI,"SUN,MON,TUE,WED,THU,FRI,SAT",149,21
56892,Karaikkudi Thiruvarur Passenger,Pass,KKDI,TVR,"SUN,MON,TUE,WED,THU,FRI,SAT",149,21
56893,Thiruvarur Karaikkudi Passenger,Pass,TVR,KKDI,"SUN,MON,TUE,WED,THU,FRI,SAT",149,21
56894,Karaikkudi Thiruvarur Passenger,Pass,KKDI,TVR,"SUN,MON,TUE,WED,THU,FRI,SAT",149,21
56902,Dharwar Hubil Passenger,Pass,DWR,UBL,"MON,TUE,WED,THU,FRI,SAT",21,5
56907,Hubli Dharwar Passenger,Pass,UBL,DWR,"MON,TUE,WED,THU,FRI,SAT",21,5
56909,Bangalore Hospet Passenger,Pass,SBC,UBL,"SUN,MON,TUE,WED,THU,FRI,SAT",469,63
56909-Slip,Bangalore Hospet Passenger Slip,Pass,SBC,HPT,"SUN,MON,TUE,WED,THU,FRI,SAT",529,64
56910,Bangalore Passenger,Pass,HPT,SBC,"SUN,MON,TUE,WED,THU,FRI,SAT",529,64
56911,Bangalore Hubli passenger,Pass,JRU,UBL,"SUN,MON,TUE,WED,THU,FRI,SAT",189,22
56912,Hubli Bangalore Passenger,Pass,UBL,SBC,"SUN,MON,TUE,WED,THU,FRI,SAT",469,63
56913,Bangalore Hubli Fast Passenger,Pass,SBC,UBL,"SUN,MON,TUE,WED,THU,FRI,SAT",471,63
56914,Hubli Bangalore passenger,Pass,UBL,SBC,"SUN,MON,TUE,WED,THU,FRI,SAT",471,63
56915,Hubli Passenger Slip,Pass,JRU,UBL,"SUN,MON,TUE,WED,THU,FRI,SAT",189,22
56916,Hubli Chikjajur Passenger,Pass,UBL,JRU,"SUN,MON,TUE,WED,THU,FRI,SAT",189,22
56917,Bangalore Shimoga Slip,Pass,RRB,SMET,"SUN,MON,TUE,WED,THU,FRI,SAT",63,8
56918,Shimoga Bangalore Passenger,Pass,SMET,SBC,"SUN,MON,TUE,WED,THU,FRI,SAT",274,41
56961,KULEM - VASCO DAGAMA Passenger,Pass,QLM,VSG,"SUN,MON,TUE,WED,THU,FRI,SAT",55,10
56963,KULEM - VASCO DA GAMA Passenger,Pass,QLM,VSG,"SUN,MON,TUE,WED,THU,FRI,SAT",55,10
56964,VASCO DA GAMA - KULEM Passenger,Pass,VSG,QLM,"SUN,MON,TUE,WED,THU,FRI,SAT",55,10
57129,Bijapur-Bolarum Passenger,Pass,BJP,BMO,"SUN,MON,TUE,WED,THU,FRI,SAT",456,74
57130,Hyderabad Bijapur Passenger,Pass,HYB,BJP,"SUN,MON,TUE,WED,THU,FRI,SAT",444,65
57131,Bolarum Hyderabad Passenger,Pass,BMO,HYB,"SUN,MON,TUE,WED,THU,FRI,SAT",21,18
57133,Bijapur Raichur Passenger,Pass,BJP,RC,"SUN,MON,TUE,WED,THU,FRI,SAT",367,45
57134,Raichur Bijapur Passenger,Pass,RC,BJP,"SUN,MON,TUE,WED,THU,FRI,SAT",367,45
57139,Dornakal Manuguru Passenger,Pass,DKJ,MUGR,"SUN,MON,TUE,WED,THU,FRI,SAT",107,10
57145,Dornakal Bhadrachalam Passenger,Pass,DKJ,BDCR,"SUN,MON,TUE,WED,THU,FRI,SAT",54,8
57146,Bhadrachalam Dornakal Passenger,Pass,BDCR,DKJ,"SUN,MON,TUE,WED,THU,FRI,SAT",54,8
57156,Hyderabad Gulbarga Passenger,Pass,HYB,GR,"SUN,MON,TUE,WED,THU,FRI,SAT",223,37
57201,Vijayawada Rajahmundry Passenger,Pass,BZA,RJY,"SUN,MON,TUE,WED,THU,FRI,SAT",149,30
57207,Tenali Markapur Road Passenger,Pass,TEL,MRK,"SUN,MON,TUE,WED,THU,FRI,SAT",170,23
57208,Markapur Road Guntur Passenger,Pass,MRK,GNT,"SUN,MON,TUE,WED,THU,FRI,SAT",144,19
57235,Rajamundry Visakhapatnam Passenger,Pass,RJY,VSKP,"SUN,MON,TUE,WED,THU,FRI,SAT",200,49
53131,Sealdah Muzaffarpur Fast Passenger,Pass,SDAH,MFP,"SUN,MON,TUE,WED,THU,FRI,SAT",576,99
56962,VASCO DAGAMA - KULEM Passenger,Pass,VSG,QLM,"SUN,MON,TUE,WED,THU,FRI,SAT",55,10
56965,KULEM - VASCO DA GAMA Passenger,Pass,QLM,VSG,"SUN,MON,TUE,WED,THU,FRI,SAT",55,10
56966,VASCO DA GAMA - KULEM Passenger,Pass,VSG,QLM,"SUN,MON,TUE,WED,THU,FRI,SAT",55,10
57121,Kazipet Balharshah Passenger,Pass,KZJ,BPQ,"SUN,MON,TUE,WED,THU,FRI,SAT",235,26
57122,Sirpur Town Kazipet Passenger,Pass,SRUR,KZJ,"SUN,MON,TUE,WED,THU,FRI,SAT",183,21
57124,Balharshah Bhadrachalam Passenger,Pass,BPQ,BDCR,"SUN,MON,TUE,WED,THU,FRI,SAT",382,44
57135,Nagpur Kazipet Passenger,Pass,NGP,KZJ,"SUN,MON,TUE,WED,THU,FRI,SAT",443,50
57136,Kazipet Nagpur Passenger,Pass,KZJ,NGP,"SUN,MON,TUE,WED,THU,FRI,SAT",443,50
57140,Link Secunderabad Express,Pass,MUGR,SC,"SUN,MON,TUE,WED,THU,FRI,SAT",331,36
57155,Gulbarga-Hyderabad Passenger,Pass,WADI,HYB,"SUN,MON,TUE,WED,THU,FRI,SAT",186,33
57202,Tenali Repalle Passenger,Pass,TEL,RAL,"SUN,MON,TUE,WED,THU,FRI,SAT",34,8
57203,Repalle Tenali Passenger,Pass,RAL,TEL,"SUN,MON,TUE,WED,THU,FRI,SAT",34,8
57209,Tenali Guntur Passenger,Pass,TEL,GNT,"SUN,MON,TUE,WED,THU,FRI,SAT",26,5
57210,Guntur Tenali Passenger,Pass,GNT,TEL,"SUN,MON,TUE,WED,THU,FRI,SAT",26,5
57216,Guntur Tenali Passenger,Pass,GNT,TEL,"SUN,MON,TUE,WED,THU,FRI,SAT",26,5
57217,Guntur Macherla Passenger,Pass,GNT,MCLA,"SUN,MON,TUE,WED,THU,FRI,SAT",130,16
57218,Macherla Bhimavaram Passenger,Pass,MCLA,BVRM,"SUN,MON,TUE,WED,THU,FRI,SAT",268,45
57219,Guntur Macherla Passenger,Pass,GNT,MCLA,"SUN,MON,TUE,WED,THU,FRI,SAT",130,16
57220,Macherla Guntur Passenger,Pass,MCLA,GNT,"SUN,MON,TUE,WED,THU,FRI,SAT",130,16
57224,Vijayawada Gudur Passenger,Pass,BZA,GDR,"SUN,MON,TUE,WED,THU,FRI,SAT",294,46
57225,Vijayawada Visakhapatnam Passenger,Pass,BZA,VSKP,"SUN,MON,TUE,WED,THU,FRI,SAT",349,60
57226,Visakhapatnam Vijayawada Passenger,Pass,VSKP,BZA,"SUN,MON,TUE,WED,THU,FRI,SAT",350,60
57229,Machilipatnam Visakhapatnam Fast Passenger,Pass,MTM,VSKP,"SUN,MON,TUE,WED,THU,FRI,SAT",373,69
57230,Visakhapatnam Machilipatnam Fast Passenger,Pass,VSKP,MTM,"SUN,MON,TUE,WED,THU,FRI,SAT",373,69
57231,Vijayawada Kakinada Port Fast Passenger,Pass,BZA,COA,"SUN,MON,TUE,WED,THU,FRI,SAT",213,42
57232,Kakinada Port Vijayawada Passenger,Pass,COA,BZA,"SUN,MON,TUE,WED,THU,FRI,SAT",213,42
57240,Bitragunta Chennai Passenger,Pass,BTTR,MAS,"SUN,MON,TUE,WED,THU,FRI,SAT",210,37
57241,Bitragunta Vijayawada Passenger,Pass,BTTR,BZA,"SUN,MON,TUE,WED,THU,FRI,SAT",221,36
57242,Vijayawada bitragunta Passenger,Pass,BZA,BTTR,"SUN,MON,TUE,WED,THU,FRI,SAT",221,36
57254,Vijayawada Bhadrachalam Passenger,Pass,BZA,BDCR,"SUN,MON,TUE,WED,THU,FRI,SAT",177,24
57257,Tirupati Kakinada Port Passenger,Pass,TPTY,COA,"SUN,MON,TUE,WED,THU,FRI,SAT",601,99
57258,Kakinada Port Tirupati Passenger,Pass,COA,TPTY,"SUN,MON,TUE,WED,THU,FRI,SAT",601,99
57259,Bhimavaram Rajamundry Passenger,Pass,BVRM,RJY,"SUN,MON,TUE,WED,THU,FRI,SAT",68,19
57260,Rajamundry Narasapur Passenger,Pass,RJY,NS,"SUN,MON,TUE,WED,THU,FRI,SAT",98,26
57271,Rayagada Passenger,Pass,BZA,RGDA,"SUN,MON,TUE,WED,THU,FRI,SAT",536,84
57272,Rayagada Vijayawada Passenger,Pass,RGDA,BZA,"SUN,MON,TUE,WED,THU,FRI,SAT",536,84
57274,Tirupati Hubli InterCity Passenger,Pass,TPTY,UBL,"SUN,MON,TUE,WED,THU,FRI,SAT",577,69
57278,Vijayawada Bitragunta Passenger,Pass,BZA,BTTR,"SUN,MON,TUE,WED,THU,FRI,SAT",221,36
57279,Gudivada Narasapur Passenger,Pass,GDV,NS,"SUN,MON,TUE,WED,THU,FRI,SAT",96,21
57280,Bhimavaram Gudivada Passenger,Pass,BVRM,GDV,"SUN,MON,TUE,WED,THU,FRI,SAT",66,14
57427,Raichur Guntakal Passenger,Pass,RC,GTL,"SUN,MON,TUE,WED,THU,FRI,SAT",121,14
57428,Guntakal Raichur Passenger,Pass,GTL,RC,"SUN,MON,TUE,WED,THU,FRI,SAT",121,14
57437,Guntakal Hindupur Passenger,Pass,GTL,HUP,"SUN,MON,TUE,WED,THU,FRI,SAT",197,18
57438,Hindupur Guntakal Passenger,Pass,HUP,GTL,"SUN,MON,TUE,WED,THU,FRI,SAT",197,18
57547,Hyderabad Purna Passenger,Pass,HYB,PAU,"SUN,MON,TUE,WED,THU,FRI,SAT",434,54
51111,Chalisgaon Dhule Mix Passenger,Pass,CSN,DHI,"SUN,MON,TUE,WED,THU,FRI,SAT",56,9
57237,Kazipet Vijayawada Passenger,Pass,KZJ,BZA,"SUN,MON,TUE,WED,THU,FRI,SAT",218,28
57238,Vijaywada Kazipet Passenger,Pass,BZA,KZJ,"SUN,MON,TUE,WED,THU,FRI,SAT",218,28
57239,Chennai Gudur Passenger,Pass,MAS,GDR,"SUN,MON,TUE,WED,THU,FRI,SAT",137,27
57253,Bhadrachalam Vijayawada Passenger,Pass,BDCR,BZA,"SUN,MON,TUE,WED,THU,FRI,SAT",177,24
57256,Visakhapatnam Kakinada Port passenger,Pass,VSKP,COA,"SUN,MON,TUE,WED,THU,FRI,SAT",164,24
57262,Nidadavolu Bhimavaram Passenger,Pass,NDD,BVRM,"SUN,MON,TUE,WED,THU,FRI,SAT",46,13
57263,Narasapur Nidadavolu Passenger,Pass,NS,NDD,"SUN,MON,TUE,WED,THU,FRI,SAT",76,20
57264,Narasapur Visakhapatnam (LINK) Passenger,Pass,NS,VSKP,"SUN,MON,TUE,WED,THU,FRI,SAT",300,56
57265,Visakhapatnam Narasapur (LINK) Passenger,Pass,VSKP,NS,"SUN,MON,TUE,WED,THU,FRI,SAT",300,56
57273,Hubli Tirupati InterCity Passenger,Pass,UBL,TPTY,"SUN,MON,TUE,WED,THU,FRI,SAT",577,69
57285,Nadikode Macherla Passenger,Pass,NDKD,MCLA,"SUN,MON,TUE,WED,THU,FRI,SAT",35,3
57286,Macherla Nadikode Passenger,Pass,MCLA,NDKD,"SUN,MON,TUE,WED,THU,FRI,SAT",35,3
57298,Narasapur Guntur Passenger,Pass,NS,GNT,"SUN,MON,TUE,WED,THU,FRI,SAT",168,36
57305,Kacheguda Guntur Fast Passenger,Pass,KCG,GNT,"SUN,MON,TUE,WED,THU,FRI,SAT",622,77
57306,Guntur Secunderabad Passenger,Pass,GNT,SC,"SUN,MON,TUE,WED,THU,FRI,SAT",630,82
57307,Secunderabad Medchal Suburban,Pass,SC,MED,"SUN,MON,TUE,WED,THU,FRI,SAT",27,15
57308,Medchal Secunderabad Suburban,Pass,MED,SC,"SUN,MON,TUE,WED,THU,FRI,SAT",27,15
57327,Dronachellam Guntur Passenger,Pass,DHNE,GNT,"SUN,MON,TUE,WED,THU,FRI,SAT",333,37
57328,Guntur Dhone Passenger,Pass,GNT,DHNE,"SUN,MON,TUE,WED,THU,FRI,SAT",333,37
57381,Guntur Narasapur Fast Passenger,Pass,GNT,NS,"SUN,MON,TUE,WED,THU,FRI,SAT",168,37
57382,Guntur Passenger,Pass,NS,GNT,"SUN,MON,TUE,WED,THU,FRI,SAT",169,37
57412,Gudur Tirupati Fast Passenger,Pass,GDR,TPTY,"SUN,MON,TUE,WED,THU,FRI,SAT",93,13
57426,Gunatkal Secunderabad Passenger,Pass,GTL,SC,"SUN,MON,TUE,WED,THU,FRI,SAT",365,54
57430,Gudur Tirupati Passenger,Pass,GDR,TPTY,"SUN,MON,TUE,WED,THU,FRI,SAT",93,13
57439,Gooty Dhone Passenger,Pass,GY,DHNE,"SUN,MON,TUE,WED,THU,FRI,SAT",55,5
57440,Dhone Gooty Passenger,Pass,DHNE,GY,"SUN,MON,TUE,WED,THU,FRI,SAT",55,5
57467,Kurnool Town Guntakal Passenger,Pass,KRNT,GTL,"SUN,MON,TUE,WED,THU,FRI,SAT",122,14
57469,Kurnool Town Guntakal Passenger,Pass,KRNT,GTL,"SUN,MON,TUE,WED,THU,FRI,SAT",122,14
57474,Bodhan Mahbubnagar Passenger,Pass,BDHN,MBNR,"SUN,MON,TUE,WED,THU,FRI,SAT",298,59
57475,Tirupati Guntakal Passenger,Pass,TPTY,GTL,"SUN,MON,TUE,WED,THU,FRI,SAT",370,35
57476,Guntakal Tirupati Passenger,Pass,GTL,TPTY,"SUN,MON,TUE,WED,THU,FRI,SAT",370,35
57501,Nizamabad Bodhan Passenger,Pass,NZB,BDHN,"SUN,MON,TUE,WED,THU,FRI,SAT",26,6
57502,Bodhan Nizamabad Passenger,Pass,BDHN,NZB,"SUN,MON,TUE,WED,THU,FRI,SAT",26,6
57503,Nizamabad Bodhan Passenger,Pass,NZB,BDHN,"SUN,MON,TUE,WED,THU,FRI,SAT",26,6
57504,Bodhan Nizamabad Passenger,Pass,BDHN,NZB,"SUN,MON,TUE,WED,THU,FRI,SAT",26,6
57512,Parbhani Purna Passenger,Pass,PBN,NED,"SUN,MON,TUE,WED,THU,FRI,SAT",59,8
57516,Nanded-Daund Junction Passenger,Pass,NED,DD,"SUN,MON,TUE,WED,THU,FRI,SAT",586,58
57518,Tandur Bolarum Passenger,Pass,TDU,BMO,"SUN,MON,TUE,WED,THU,FRI,SAT",127,34
57519,Bolarum Secunderabad Suburban,Pass,BMO,HYB,"SUN,MON,TUE,WED,THU,FRI,SAT",21,18
57539,Akola Parli Vaijnath Passenger,Pass,AK,PRLI,"SUN,MON,TUE,WED,THU,FRI,SAT",296,32
57540,Akola Passenger,Pass,PRLI,AK,"SUN,MON,TUE,WED,THU,FRI,SAT",296,32
57541,Nagarsol Nanded Passenger,Pass,NSL,NED,"SUN,MON,TUE,WED,THU,FRI,SAT",325,34
57542,Nanded Manmad Passenger,Pass,NED,MMR,"SUN,MON,TUE,WED,THU,FRI,SAT",348,35
57561,Kacheguda Manmad Passenger,Pass,KCG,MMR,"SUN,MON,TUE,WED,THU,FRI,SAT",624,86
57581,Akola Purna Passenger,Pass,AK,PAU,"SUN,MON,TUE,WED,THU,FRI,SAT",204,22
57583,Akola Purna Passenger,Pass,AK,PAU,"SUN,MON,TUE,WED,THU,FRI,SAT",207,22
57448,Mahbubnagar Secunderabad Passenger,Pass,MBNR,SC,"SUN,MON,TUE,WED,THU,FRI,SAT",113,23
57451,Chikjajur Guntakal Passenger,Pass,JRU,GTL,"SUN,MON,TUE,WED,THU,FRI,SAT",233,24
57453,Bellary Guntakal Passenger,Pass,BAY,GTL,"SUN,MON,TUE,WED,THU,FRI,SAT",50,9
57454,Guntakal Bellary Passenger,Pass,GTL,BAY,"SUN,MON,TUE,WED,THU,FRI,SAT",50,9
57468,Dhone Kurnool Town Passenger,Pass,DHNE,KRNT,"SUN,MON,TUE,WED,THU,FRI,SAT",54,6
57470,Guntakal Kurnool Town Passenger,Pass,GTL,KRNT,"SUN,MON,TUE,WED,THU,FRI,SAT",122,14
57473,Secunderabad Bodhan Passenger,Pass,SC,BDHN,"SUN,MON,TUE,WED,THU,FRI,SAT",186,38
57485,Secunderabad Mirzapali Passenger,Pass,SC,MZL,"SUN,MON,TUE,WED,THU,FRI,SAT",71,23
57486,Mirzapali Secunderabad Passenger,Pass,MZL,SC,"SUN,MON,TUE,WED,THU,FRI,SAT",71,23
57548,Purna Hyderabad Passenger,Pass,PAU,HYB,"SUN,MON,TUE,WED,THU,FRI,SAT",434,54
57549,Hyderabad Aurangabad Passenger,Pass,HYB,AWB,"SUN,MON,TUE,WED,THU,FRI,SAT",582,69
57550,Aurangabad-Hyderabad Passenger,Pass,AWB,HYB,"SUN,MON,TUE,WED,THU,FRI,SAT",582,69
57551,Purna Adilabad Passenger,Pass,PAU,ADB,"SUN,MON,TUE,WED,THU,FRI,SAT",216,24
57552,Adilabad Purna Passenger,Pass,ADB,PAU,"SUN,MON,TUE,WED,THU,FRI,SAT",216,24
57553,Parli Vaijnath Adilabad Passenger,Pass,PRLI,ADB,"SUN,MON,TUE,WED,THU,FRI,SAT",308,34
57554,Adilabad Parli Vaijnath Passenger,Pass,ADB,PRLI,"SUN,MON,TUE,WED,THU,FRI,SAT",308,34
57557,Nizamabad Nanded Passenger,Pass,NZB,NED,"SUN,MON,TUE,WED,THU,FRI,SAT",110,16
57558,Nanded Nizamabad Passenger,Pass,NED,NZB,"SUN,MON,TUE,WED,THU,FRI,SAT",110,16
57563,Hyderabad-Parbhani PASS,Pass,HYB,PBN,"SUN,MON,TUE,WED,THU,FRI,SAT",340,62
57564,Nanded Hyderabad Passenger,Pass,NED,HYB,"SUN,MON,TUE,WED,THU,FRI,SAT",281,55
57582,Purna Akola Passenger,Pass,PAU,AK,"SUN,MON,TUE,WED,THU,FRI,SAT",204,22
57605,Secunderabad Vikarabad Passenger,Pass,SC,VKB,"SUN,MON,TUE,WED,THU,FRI,SAT",72,19
57606,Vikarabad Secunderabad,Pass,VKB,SC,"SUN,MON,TUE,WED,THU,FRI,SAT",72,19
57619,Delta Fast Passenger,Pass,RAL,SC,"SUN,MON,TUE,WED,THU,FRI,SAT",341,43
57625,Kakatiya Fast Passenger,Pass,SC,MUGR,"SUN,MON,TUE,WED,THU,FRI,SAT",331,36
57626,Kakatiya Fast Passenger,Pass,MUGR,SC,"SUN,MON,TUE,WED,THU,FRI,SAT",331,36
57640,Guntur Tirupati Passanger,Pass,GNT,TPTY,"SUN,MON,TUE,WED,THU,FRI,SAT",382,55
57641,SOLAPUR - GADAG PASSENGER,Pass,SUR,GDG,"SUN,MON,TUE,WED,THU,FRI,SAT",207,38
57642,GADAG - SOLAPUR PASSENGER,Pass,GDG,SUR,"SUN,MON,TUE,WED,THU,FRI,SAT",207,22
57643,Bagalkot Gadag Passenger,Pass,BGK,GDG,"SUN,MON,TUE,WED,THU,FRI,SAT",94,12
57644,Gadag Bagalkot Passenger,Pass,GDG,BGK,"SUN,MON,TUE,WED,THU,FRI,SAT",94,12
57651,Secunderabad Repalle Passenger,Pass,SC,RAL,"SUN,MON,TUE,WED,THU,FRI,SAT",341,43
57652,Repalle Secunderabad Passenger,Pass,RAL,SC,"SUN,MON,TUE,WED,THU,FRI,SAT",341,43
57657,Manuguru Kazipet Passenger,Pass,MUGR,KZJ,"SUN,MON,TUE,WED,THU,FRI,SAT",202,22
57658,Kazipet Manuguru Passenger,Pass,KZJ,MUGR,"SUN,MON,TUE,WED,THU,FRI,SAT",202,22
57660,Falaknuma Gulbarga Passenger,Pass,FM,GR,"SUN,MON,TUE,WED,THU,FRI,SAT",235,46
58000,Puri -- Santragachi Passenger,Pass,PURI,KGP,"SUN,MON,TUE,WED,THU,FRI,SAT",405,77
58001,Howrah Puri Santragachi Passenger,Pass,HWH,PURI,"SUN,MON,TUE,WED,THU,FRI,SAT",520,109
58003,Howrah Bhadrak Passenger,Pass,HWH,BHC,"SUN,MON,TUE,WED,THU,FRI,SAT",294,61
58005,Kharagpur Khurda Fast Passenger,Pass,KGP,KUR,"SUN,MON,TUE,WED,THU,FRI,SAT",341,60
58006,Kurdha road Kharagpur passenger,Pass,KUR,KGP,"SUN,MON,TUE,WED,THU,FRI,SAT",341,60
58007,Kharagpur Balasore Bhadrakh Passenger,Pass,KGP,BHC,"SUN,MON,TUE,WED,THU,FRI,SAT",179,29
58011,Howrah Chakradharpur Passenger,Pass,HWH,CKP,"SUN,MON,TUE,WED,THU,FRI,SAT",438,76
58012,Chakradharpur Howrah Passenger,Pass,CKP,HWH,"SUN,MON,TUE,WED,THU,FRI,SAT",438,76
58014,Bokaro Steel City-Howrah Fast Passenger,Pass,BKSC,HWH,"SUN,MON,TUE,WED,THU,FRI,SAT",367,68
58015,Howrah Adra MEMU Passenger,Pass,HWH,ADRA,"SUN,MON,TUE,WED,THU,FRI,SAT",283,55
58016,Adra Howrah Passenger,Pass,ADRA,HWH,"SUN,MON,TUE,WED,THU,FRI,SAT",283,55
51113,Chalisgaon Dhule Mix Passenger,Pass,CSN,DHI,"SUN,MON,TUE,WED,THU,FRI,SAT",56,9
51114,Dhule Chalisgaon Mix Passenger,Pass,DHI,CSN,"SUN,MON,TUE,WED,THU,FRI,SAT",56,9
51115,Chalisgaon Dhule Mix Passenger,Pass,CSN,DHI,"SUN,MON,TUE,WED,THU,FRI,SAT",56,9
51886,DAMOH BINA PASS,Pass,DMO,BINA,"SUN,MON,TUE,WED,THU,FRI,SAT",152,18
57584,Purna Akola Passenger,Pass,PAU,AK,"SUN,MON,TUE,WED,THU,FRI,SAT",207,22
57628,Gulbarga Solapur Passenger,Pass,GR,SUR,"SUN,MON,TUE,WED,THU,FRI,SAT",112,15
57639,Tirupati Guntur Passenger,Pass,TPTY,GNT,"SUN,MON,TUE,WED,THU,FRI,SAT",382,55
57649,Gulbarga Wadi Passenger,Pass,GR,WADI,"SUN,MON,TUE,WED,THU,FRI,SAT",37,5
57650,Wadi Solapur Passenger,Pass,WADI,SUR,"SUN,MON,TUE,WED,THU,FRI,SAT",149,19
57659,Sholapur Falaknuma Passenger,Pass,SUR,FM,"SUN,MON,TUE,WED,THU,FRI,SAT",347,60
57685,Solapur Bijapur Passenger,Pass,SUR,BJP,"SUN,MON,TUE,WED,THU,FRI,SAT",110,15
57686,Bijapur Solapur Passenger,Pass,BJP,SUR,"SUN,MON,TUE,WED,THU,FRI,SAT",110,15
58002,Puri Santargachi Passenger,Pass,PURI,SRC,"SUN,MON,TUE,WED,THU,FRI,SAT",513,104
58008,Jajpur Keonjhar kharagpur,Pass,JJKR,KGP,"SUN,MON,TUE,WED,THU,FRI,SAT",222,37
58009,Kharagpur Jajpur Keonjhar Road Passenger,Pass,KGP,JJKR,"SUN,MON,TUE,WED,THU,FRI,SAT",222,37
58010,Chakradharpur Adra Passenger,Pass,JJKR,KGP,"SUN,MON,TUE,WED,THU,FRI,SAT",222,37
58017,Kharagpur Asansol Passenger,Pass,KGP,ASN,"SUN,MON,TUE,WED,THU,FRI,SAT",209,31
58018,Asansol Adra Kharagpur Passenger,Pass,ASN,KGP,"SUN,MON,TUE,WED,THU,FRI,SAT",209,31
58019,Adra Asansol Passenger,Pass,ADRA,ASN,"SUN,MON,TUE,WED,THU,FRI,SAT",41,9
58020,Asansol Adra Passenger,Pass,ASN,ADRA,"SUN,MON,TUE,WED,THU,FRI,SAT",41,9
58021,Kharagpur Tatanagar Passenger,Pass,KGP,TATA,"SUN,MON,TUE,WED,THU,FRI,SAT",135,19
58022,Tatanagar Kharagpur MEMU Passenger,Pass,TATA,KGP,"SUN,MON,TUE,WED,THU,FRI,SAT",135,19
58023,Tatanagar Barkakana Passenger,Pass,TATA,BRKA,"SUN,MON,TUE,WED,THU,FRI,SAT",161,25
58025,Kharagpur-Hatia Passenger,Pass,KGP,HTE,"SUN,MON,TUE,WED,THU,FRI,SAT",336,45
58026,Hatia Kharagpur Passenger,Pass,HTE,KGP,"SUN,MON,TUE,WED,THU,FRI,SAT",336,45
58101,Tatanagar Badampahar Passenger,Pass,TATA,BMPR,"SUN,MON,TUE,WED,THU,FRI,SAT",0,8
58103,Tatanagar Barabil Passenger,Pass,TATA,BBN,"SUN,MON,TUE,WED,THU,FRI,SAT",148,19
58104,Barabil Tatanagar Passenger,Pass,BBN,TATA,"SUN,MON,TUE,WED,THU,FRI,SAT",148,19
58109,Tatanagar Gua Passenger,Pass,TATA,GUA,"SUN,MON,TUE,WED,THU,FRI,SAT",0,19
58110,Gua Tatanagar Passenger,Pass,GUA,TATA,"SUN,MON,TUE,WED,THU,FRI,SAT",0,19
58111,TATANAGAR - ITWARI Passenger,Pass,TATA,ITR,"SUN,MON,TUE,WED,THU,FRI,SAT",878,119
58112,ITWARI - TATANAGAR Passenger,Pass,ITR,TATA,"SUN,MON,TUE,WED,THU,FRI,SAT",878,110
58113,TATA BSP PASS,Pass,TATA,BSP,"SUN,MON,TUE,WED,THU,FRI,SAT",469,68
58114,BSP TATA PASSENGER,Pass,BSP,TATA,"SUN,MON,TUE,WED,THU,FRI,SAT",471,70
58116,ROU CKP SARANDA PASSENGER,Pass,ROU,CKP,"SUN,MON,TUE,WED,THU,FRI,SAT",101,16
58151,Birmitrapur Barsuan Passenger,Pass,BRMP,BXF,"MON,TUE,WED,THU,FRI,SAT",103,11
58152,Barsuan Birmitrapur Passenger,Pass,BXF,BRMP,"MON,TUE,WED,THU,FRI,SAT",103,11
58162,JHARSUGUDA - HATIA Passenger (UnReserved),Pass,JSG,HTE,"SUN,MON,TUE,WED,THU,FRI,SAT",264,41
58201,Bilaspur Raipur Passenger,Pass,BSP,R,"SUN,MON,TUE,WED,THU,FRI,SAT",110,15
58202,Raipur Bilaspur MEMU Local,Pass,R,BSP,"SUN,MON,TUE,WED,THU,FRI,SAT",110,15
58203,Gevra Raipur Passenger,Pass,GAD,R,"SUN,MON,TUE,WED,THU,FRI,SAT",215,29
58204,Raipur Gevra Road Passenger,Pass,R,GAD,"SUN,MON,TUE,WED,THU,FRI,SAT",215,29
58205,RAIPUR ITWARI PASS,Pass,R,ITR,"SUN,MON,TUE,WED,THU,FRI,SAT",298,41
58206,ITWARI RAIPUR MEMU Pass,Pass,ITR,R,"SUN,MON,TUE,WED,THU,FRI,SAT",298,41
58208,Khariar Raipur Passenger,Pass,KSNG,R,"SUN,MON,TUE,WED,THU,FRI,SAT",216,20
58215,Jharsuguda Titlagarh Passenger,Pass,JSG,TIG,"SUN,MON,TUE,WED,THU,FRI,SAT",232,22
58216,Titlagarh Jharsuguda Passenger,Pass,TIG,JSG,"SUN,MON,TUE,WED,THU,FRI,SAT",232,22
58117,Jharsuguda Gondia Passenger,Pass,JSG,G,"SUN,MON,TUE,WED,THU,FRI,SAT",487,64
58118,Gondia Jharsuguda Passenger,Pass,G,JSG,"SUN,MON,TUE,WED,THU,FRI,SAT",487,64
58125,Sambalpur Jharsuguda Passenger,Pass,SBP,JSG,"SUN,MON,TUE,WED,THU,FRI,SAT",50,7
58131,Rourkela-Puri Passenger,Pass,ROU,PURI,"SUN,MON,TUE,WED,THU,FRI,SAT",525,80
58132,Puri Rourkela Passenger,Pass,PURI,ROU,"SUN,MON,TUE,WED,THU,FRI,SAT",549,80
58133,Rourkela Jharsuguda Passenger,Pass,ROU,JSG,"SUN,MON,TUE,WED,THU,FRI,SAT",101,15
58134,Jhsrsuguda Rourkela Passenger,Pass,JSG,ROU,"SUN,MON,TUE,WED,THU,FRI,SAT",101,15
58209,Gevra Bilaspur Passenger,Pass,GAD,BSP,"SUN,MON,TUE,WED,THU,FRI,SAT",105,15
58210,Bilaspur Gevra Passenger,Pass,BSP,GAD,"SUN,MON,TUE,WED,THU,FRI,SAT",105,15
58212,Bilaspur Gevra Passenger,Pass,BSP,GAD,"SUN,MON,TUE,WED,THU,FRI,SAT",98,15
58213,Jharsuguda Bilaspur Passenger,Pass,JSG,BSP,"SUN,MON,TUE,WED,THU,FRI,SAT",205,26
58214,Bilaspur Jharsuguda Passenger,Pass,BSP,JSG,"SUN,MON,TUE,WED,THU,FRI,SAT",205,26
58217,Titlagarh Raipur Passenger,Pass,TIG,R,"SUN,MON,TUE,WED,THU,FRI,SAT",202,19
58218,Raipur Titagarh Passenger,Pass,R,TIG,"SUN,MON,TUE,WED,THU,FRI,SAT",202,19
58220-Slip,Chirmiri Bilaspur Passenger Slip,Pass,CHRM,BPL,"SUN,MON,TUE,WED,THU,FRI,SAT",653,73
58221,Chirmiri Chandia Passenger,Pass,CHRM,CHD,"SUN,MON,TUE,WED,THU,FRI,SAT",214,24
58222,Chandia Chirmiri Passenger,Pass,CHD,CHRM,"SUN,MON,TUE,WED,THU,FRI,SAT",214,24
58223,Manendragarh Ambikapur Passang,Pass,MDGR,ABKP,"SUN,MON,TUE,WED,THU,FRI,SAT",124,14
58224,Ambikapur Manendragarh Passang,Pass,ABKP,MDGR,"SUN,MON,TUE,WED,THU,FRI,SAT",124,14
58401,Cuttack Paradip Passenger,Pass,CTC,PRDP,"SUN,MON,TUE,WED,THU,FRI,SAT",83,12
58405,Cuttack Paradip Passenger,Pass,CTC,PRDP,"SUN,MON,TUE,WED,THU,FRI,SAT",83,11
58406,Paradip Cuttack Passenger,Pass,PRDP,CTC,"SUN,MON,TUE,WED,THU,FRI,SAT",83,11
58407,Khurda Puri Passenger,Pass,KUR,PURI,"SUN,MON,TUE,WED,THU,FRI,SAT",44,11
58408,Puri Khurda Road Passenger,Pass,PURI,KUR,"SUN,MON,TUE,WED,THU,FRI,SAT",44,11
58409,Khurda Puri Passenger,Pass,KUR,PURI,"SUN,MON,TUE,WED,THU,FRI,SAT",44,11
58410,Puri Khurda Road Passenger,Pass,PURI,KUR,"SUN,MON,TUE,WED,THU,FRI,SAT",44,11
58414,Puri Talcher Passenger,Pass,PURI,TLHR,"SUN,MON,TUE,WED,THU,FRI,SAT",200,44
58415,Puri Cuttack Passenger,Pass,CTC,PURI,"SUN,MON,TUE,WED,THU,FRI,SAT",91,21
58416,Cuttack Puri Passenger,Pass,PURI,CTC,"SUN,MON,TUE,WED,THU,FRI,SAT",91,21
58417,Puri Gunupur Passenger,Pass,PURI,GNPR,"SUN,MON,TUE,WED,THU,FRI,SAT",380,60
58418,Parlakhemundi Puri Passenger,Pass,GNPR,PURI,"SUN,MON,TUE,WED,THU,FRI,SAT",380,60
58421,Angul Puri Fast Passenger,Pass,ANGL,PURI,"SUN,MON,TUE,WED,THU,FRI,SAT",335,74
58422,Puri Angul Fast Passenger,Pass,PURI,ANGL,"SUN,MON,TUE,WED,THU,FRI,SAT",195,38
58423,Bhadrak Cuttack Passenger,Pass,BHC,CTC,"SUN,MON,TUE,WED,THU,FRI,SAT",116,24
58424,Cuttack Bhadrakh Passenger,Pass,CTC,BHC,"SUN,MON,TUE,WED,THU,FRI,SAT",116,24
58435,Bhadrakh Cuttack Fast Passenger,Pass,BHC,CTC,"SUN,MON,TUE,WED,THU,FRI,SAT",116,23
58436,Cuttack Bhadrakh Fast Passenger,Pass,CTC,BHC,"SUN,MON,TUE,WED,THU,FRI,SAT",116,23
58527,Raipur Vishakhapatnam Passenger,Pass,R,VSKP,"SUN,MON,TUE,WED,THU,FRI,SAT",529,55
58528,Visakhapatnam Raipur Passenger,Pass,VSKP,R,"SUN,MON,TUE,WED,THU,FRI,SAT",529,55
58541,Rayagada Koraput Passenger,Pass,RGDA,KRPU,"SUN,MON,TUE,WED,THU,FRI,SAT",173,15
58542,Koraput Rayagada Passenger,Pass,KRPU,RGDA,"SUN,MON,TUE,WED,THU,FRI,SAT",173,15
58601,Kharagpur Adra Passenger,Pass,KGP,ADRA,"SUN,MON,TUE,WED,THU,FRI,SAT",168,23
58602,Adra Kharagpur Passenger,Pass,ADRA,KGP,"SUN,MON,TUE,WED,THU,FRI,SAT",168,23
58603,Kharagpur-Dhanbad Passenger,Pass,KGP,DHN,"SUN,MON,TUE,WED,THU,FRI,SAT",278,44
58604,Dhanbad Kharagpur Passenger,Pass,DHN,KGP,"SUN,MON,TUE,WED,THU,FRI,SAT",278,45
58605,Kharagpur Tatanagar Passenger,Pass,KGP,TATA,"SUN,MON,TUE,WED,THU,FRI,SAT",135,19
58606,Tatanagar Kharagpur Passenger,Pass,TATA,KGP,"SUN,MON,TUE,WED,THU,FRI,SAT",135,19
58220,Chirmiri Bilaspur Passenger,Pass,CHRM,BSP,"SUN,MON,TUE,WED,THU,FRI,SAT",238,29
58433,Cuttack Berhampur Fast Passenger,Pass,CTC,BAM,"SUN,MON,TUE,WED,THU,FRI,SAT",194,35
58434,Berhampur Cuttack Fast Passenger,Pass,BAM,CTC,"SUN,MON,TUE,WED,THU,FRI,SAT",194,35
58501,Visakhapatnam Kirandul Passenger,Pass,VSKP,KRDL,"SUN,MON,TUE,WED,THU,FRI,SAT",472,50
58525,Palasa Visakhapatnam Passenger,Pass,PSA,VSKP,"SUN,MON,TUE,WED,THU,FRI,SAT",203,27
58529,Durg Visakhapatnam Passenger,Pass,DURG,VSKP,"SUN,MON,TUE,WED,THU,FRI,SAT",564,63
58530,Visakhapatnam Durg Passenger,Pass,VSKP,DURG,"SUN,MON,TUE,WED,THU,FRI,SAT",564,63
58537,Rayagada Vishakhapatnam Passenger,Pass,RGDA,VSKP,"SUN,MON,TUE,WED,THU,FRI,SAT",186,25
58538,Visakhapatnam Rayagada Passenger,Pass,VSKP,RGDA,"SUN,MON,TUE,WED,THU,FRI,SAT",186,25
58607,Gomoh-Chakradharpur Passenger,Pass,GMO,CKP,"SUN,MON,TUE,WED,THU,FRI,SAT",236,37
58608,Chakradharpur Gomoh Passenger,Pass,CKP,GMO,"SUN,MON,TUE,WED,THU,FRI,SAT",236,38
58609,Tatanagar Chakradharpur Passenger,Pass,TATA,CKP,"SUN,MON,TUE,WED,THU,FRI,SAT",62,9
58652,Lohardaga Ranchi Passenger,Pass,LAD,RNC,"SUN,MON,TUE,WED,THU,FRI,SAT",67,10
58653,Ranchi - Lohardaga - Barkichampi Passenger,Pass,RNC,LAD,"SUN,MON,TUE,WED,THU,FRI,SAT",67,10
58654,Barkichampi - Lohardaga - Ranchi Passenger,Pass,LAD,RNC,"SUN,MON,TUE,WED,THU,FRI,SAT",67,10
58655,Ranchi Lohardaga Passenger,Pass,RNC,LAD,"SUN,MON,TUE,WED,THU,FRI,SAT",67,10
58656,Lohardaga Ranchi Passenger,Pass,LAD,RNC,"SUN,MON,TUE,WED,THU,FRI,SAT",67,10
58657,Ranchi Lohardaga Passenger,Pass,RNC,LAD,"SUN,MON,TUE,WED,THU,FRI,SAT",67,10
58658,Lohardaga Ranchi Passenger,Pass,LAD,RNC,"SUN,MON,TUE,WED,THU,FRI,SAT",67,10
58661,Tatanagar Hatia Passenger,Pass,TATA,HTE,"SUN,MON,TUE,WED,THU,FRI,SAT",218,31
58662,Hatia Tatanagar Passenger,Pass,HTE,TATA,"SUN,MON,TUE,WED,THU,FRI,SAT",218,31
58703,Durg Gondia Passenger,Pass,R,G,"SUN,MON,TUE,WED,THU,FRI,SAT",172,25
58704,Gondia Durg Passenger,Pass,G,R,"SUN,MON,TUE,WED,THU,FRI,SAT",172,25
58711,Telibandha Dhamtari Passenger,Pass,TBD,DTR,"SUN,MON,TUE,WED,THU,FRI,SAT",68,11
58712,Dhamtari Telibandha Passenger,Pass,DTR,TBD,"SUN,MON,TUE,WED,THU,FRI,SAT",68,11
58713,Telibandha Dhamtari Passenger,Pass,TBD,DTR,"SUN,MON,TUE,WED,THU,FRI,SAT",68,11
58714,Dhamtari Telibandha Passenger,Pass,DTR,TBD,"SUN,MON,TUE,WED,THU,FRI,SAT",68,11
58715,Telibandha Dhamtari Passenger,Pass,TBD,DTR,"SUN,MON,TUE,WED,THU,FRI,SAT",68,11
58716,Dhamtari Telibandha Passenger,Pass,DTR,TBD,"SUN,MON,TUE,WED,THU,FRI,SAT",68,11
58717,Telibandha Rajim Passenger,Pass,TBD,RIM,"SUN,MON,TUE,WED,THU,FRI,SAT",39,7
58718,RAJIM TELIBANDHA PASS,Pass,RIM,TBD,"SUN,MON,TUE,WED,THU,FRI,SAT",39,7
58719,ABHANPUR RAJIM PASS,Pass,AVP,RIM,"SUN,MON,TUE,WED,THU,FRI,SAT",17,3
58720,RAJIM ABHANPUR PASS,Pass,RIM,AVP,"SUN,MON,TUE,WED,THU,FRI,SAT",16,3
58721,ABHANPUR RAJIM PASS,Pass,AVP,RIM,"SUN,MON,TUE,WED,THU,FRI,SAT",16,3
58722,RAJIM ABHANPUR PASS,Pass,RIM,AVP,"SUN,MON,TUE,WED,THU,FRI,SAT",16,3
58802,Gondia Nagbhir Ballarshah Passenger,Pass,G,BPQ,"SUN,MON,TUE,WED,THU,FRI,SAT",252,21
58808,Wadsa Chanda Fort Passenger,Pass,WSA,CAF,"SUN,MON,TUE,WED,THU,FRI,SAT",137,10
58809,Ramtek itwari Passenger,Pass,RTK,ITR,"SUN,MON,TUE,WED,THU,FRI,SAT",46,7
58810,Nagpur Ramtek Passenger,Pass,NGP,RTK,"SUN,MON,TUE,WED,THU,FRI,SAT",42,6
58811,Ramtek Nagpur Passenger,Pass,RTK,NGP,"SUN,MON,TUE,WED,THU,FRI,SAT",42,6
58813,Ramtek itwari Passenger,Pass,RTK,ITR,"SUN,MON,TUE,WED,THU,FRI,SAT",38,5
58814,Itwari Ramtek Passenger,Pass,ITR,RTK,"SUN,MON,TUE,WED,THU,FRI,SAT",38,5
58815,Itwari Tirodi Passenger,Pass,ITR,TRDI,"SUN,MON,TUE,WED,THU,FRI,SAT",124,16
58816,Tirodi Itwari Passenger,Pass,TRDI,ITR,"SUN,MON,TUE,WED,THU,FRI,SAT",124,16
58817,Tumsar Road Tirodi Passenger,Pass,TMR,TRDI,"SUN,MON,TUE,WED,THU,FRI,SAT",48,5
58818,Tirodi Tumsar Road DEMU,Pass,TRDI,TMR,"SUN,MON,TUE,WED,THU,FRI,SAT",48,5
58831,Nagpur Chindwara Passenger,Pass,NGP,CWA,"SUN,MON,TUE,WED,THU,FRI,SAT",148,26
58620,Barka Kana Adra Passenger,Pass,BRKA,ADRA,"SUN,MON,TUE,WED,THU,FRI,SAT",159,22
58621,Adra Barkakana Passenger,Pass,ADRA,BRKA,"SUN,MON,TUE,WED,THU,FRI,SAT",159,22
58701,Shahdol Ambikapur Passenger,Pass,SDL,ABKP,"SUN,MON,TUE,WED,THU,FRI,SAT",216,24
58702,Ambikapur Shahdol Passenger,Pass,ABKP,SDL,"SUN,MON,TUE,WED,THU,FRI,SAT",216,24
58804,Gondia Chanda Fort Passenger,Pass,G,CAF,"SUN,MON,TUE,WED,THU,FRI,SAT",241,17
58805,Chanda Fort Gondia Passenger,Pass,CAF,G,"SUN,MON,TUE,WED,THU,FRI,SAT",241,17
58806,Gondia Wadsa Passenger,Pass,G,WSA,"SUN,MON,TUE,WED,THU,FRI,SAT",104,8
58832,Chhindwara Ramakona Nagpur Passenger,Pass,CWA,NGP,"SUN,MON,TUE,WED,THU,FRI,SAT",148,26
58833,Nagpur Chindwara Passenger,Pass,NGP,CWA,"SUN,MON,TUE,WED,THU,FRI,SAT",148,26
58835,Nagpur Ramakona Chhindwara Passenger,Pass,NGP,CWA,"SUN,MON,TUE,WED,THU,FRI,SAT",148,26
58837,Nagpur Ramakona Chhindwara Passenger,Pass,NGP,CWA,"SUN,MON,TUE,WED,THU,FRI,SAT",148,26
58839,Nagpur Nainpur Jabalpur Fast Passenger,Pass,NGP,JBP,"SUN,MON,TUE,WED,THU,FRI,SAT",398,54
58841,Nagpur Ramakona Passenger,Pass,NGP,RMO,"SUN,MON,TUE,WED,THU,FRI,SAT",86,17
58843,Nagpur Nagbhir Passenger,Pass,NGP,NAB,"SUN,MON,TUE,WED,THU,FRI,SAT",110,8
58846,Nagbhir Itwari Passenger,Pass,NAB,ITR,"SUN,MON,TUE,WED,THU,FRI,SAT",106,7
58847,Nagpur Nagbhir Passenger,Pass,NGP,NAB,"SUN,MON,TUE,WED,THU,FRI,SAT",110,8
58849,Chhindwara Nainpur Passenger,Pass,CWA,NIR,"SUN,MON,TUE,WED,THU,FRI,SAT",141,14
58850,Nainpur Chhindwara Passenger,Pass,NIR,CWA,"SUN,MON,TUE,WED,THU,FRI,SAT",141,14
58851,Chhindwara Nainpur Passenger,Pass,CWA,NIR,"SUN,MON,TUE,WED,THU,FRI,SAT",141,14
58852,Nainpur Chhindwara Passenger,Pass,NIR,CWA,"SUN,MON,TUE,WED,THU,FRI,SAT",141,14
58853,Chhindwara Nainpur Passenger,Pass,CWA,NIR,"SUN,MON,TUE,WED,THU,FRI,SAT",141,14
58854,Nainpur Chhindwara Passenger,Pass,NIR,CWA,"SUN,MON,TUE,WED,THU,FRI,SAT",141,14
58855,Chhindwara Nainpur Passenger,Pass,CWA,NIR,"SUN,MON,TUE,WED,THU,FRI,SAT",141,14
58856,Nainpur Chhindwara Passenger,Pass,NIR,CWA,"SUN,MON,TUE,WED,THU,FRI,SAT",141,14
58857,Nainpur Mandla Fort Passenger,Pass,NIR,MFR,"SUN,MON,TUE,WED,THU,FRI,SAT",43,8
58858,Mandla Fort Balaghat Passenger,Pass,NIR,BTC,"SUN,MON,TUE,WED,THU,FRI,SAT",74,9
58859,Nainpur Mandla Fort Passenger,Pass,NIR,MFR,"SUN,MON,TUE,WED,THU,FRI,SAT",43,8
58860,Mandla Fort Nainpur Passenger,Pass,MFR,NIR,"SUN,MON,TUE,WED,THU,FRI,SAT",43,8
58861,Nainpur Mandla Fort Passenger,Pass,NIR,MFR,"SUN,MON,TUE,WED,THU,FRI,SAT",43,8
58862,Mandla Fort Nainpur Passenger,Pass,MFR,NIR,"SUN,MON,TUE,WED,THU,FRI,SAT",43,8
58863,Balaghat jabalpur Passenger,Pass,BTC,JBP,"SUN,MON,TUE,WED,THU,FRI,SAT",185,19
58864,Jabalpur Balaghat Passenger,Pass,JBP,BTC,"SUN,MON,TUE,WED,THU,FRI,SAT",185,19
58865,Balaghat Jabalpur Passenger,Pass,BTC,JBP,"SUN,MON,TUE,WED,THU,FRI,SAT",187,21
58866,Jabalpur Balaghat Passenger,Pass,JBP,BTC,"SUN,MON,TUE,WED,THU,FRI,SAT",185,19
58867,Balaghat jabalpur Passenger,Pass,BTC,JBP,"SUN,MON,TUE,WED,THU,FRI,SAT",185,19
58868,Jabalpur Balaghat Passenger,Pass,JBP,BTC,"SUN,MON,TUE,WED,THU,FRI,SAT",187,26
58869,Balaghat jabalpur Passenger,Pass,BTC,JBP,"SUN,MON,TUE,WED,THU,FRI,SAT",185,19
58870,Jabalpur Balaghat Passenger,Pass,JBP,BTC,"SUN,MON,TUE,WED,THU,FRI,SAT",187,23
58871,Balaghat Jabalpur Passenger,Pass,BTC,JBP,"SUN,MON,TUE,WED,THU,FRI,SAT",187,21
58873,Balaghat Nainpur Passenger,Pass,BTC,NIR,"SUN,MON,TUE,WED,THU,FRI,SAT",74,9
58874,Nainpur Balaghat Passenger,Pass,NIR,BTC,"SUN,MON,TUE,WED,THU,FRI,SAT",74,9
58876,Jabalpur Nainpur Passenger,Pass,JBP,NIR,"SUN,MON,TUE,WED,THU,FRI,SAT",111,11
59009,Virar Bharuch Shuttle,Pass,VR,BH,"SUN,MON,TUE,WED,THU,FRI,SAT",267,43
59010,Bharuch Virar Passenger,Pass,BH,VR,"SUN,MON,TUE,WED,THU,FRI,SAT",267,43
59013,Bhusaval Passenger,Pass,ST,BSL,"SUN,MON,TUE,WED,THU,FRI,SAT",336,47
59023,Mumbai Valsad Passenger,Pass,BCT,BL,"SUN,MON,TUE,WED,THU,FRI,SAT",195,44
59025,Surat Amrawati Fast Passenger,Pass,ST,AMI,"SUN,MON,TUE,WED,THU,FRI,SAT",563,71
58834,Chhindwara Nagpur Passenger,Pass,CWA,NGP,"SUN,MON,TUE,WED,THU,FRI,SAT",148,26
58836,Chhindwara Nagpur Passenger,Pass,CWA,NGP,"SUN,MON,TUE,WED,THU,FRI,SAT",148,26
58840,Jabalpur Nir Nagpur Passenger,Pass,JBP,NGP,"SUN,MON,TUE,WED,THU,FRI,SAT",398,54
58842,Ramakona Nagpur Passenger,Pass,RMO,NGP,"SUN,MON,TUE,WED,THU,FRI,SAT",86,17
58844,Nagbhir Nagpur Passenger,Pass,NAB,NGP,"SUN,MON,TUE,WED,THU,FRI,SAT",110,8
58848,Nagbhir Nagpur Passenger,Pass,NAB,NGP,"SUN,MON,TUE,WED,THU,FRI,SAT",110,8
59026,Surat Fast Passenger,Pass,AMI,ST,"SUN,MON,TUE,WED,THU,FRI,SAT",563,71
59037,Virar Surat Passenger,Pass,VR,ST,"SUN,MON,TUE,WED,THU,FRI,SAT",207,32
59038,Surat Virar Passenger,Pass,ST,VR,"SUN,MON,TUE,WED,THU,FRI,SAT",207,32
59039,Virar Valsad Shuttle,Pass,VR,BL,"SUN,MON,TUE,WED,THU,FRI,SAT",139,20
59040,Vapi Virar Shuttle,Pass,VAPI,VR,"SUN,MON,TUE,WED,THU,FRI,SAT",112,16
59043,Virar Dahanu Shuttle,Pass,VR,DRD,"SUN,MON,TUE,WED,THU,FRI,SAT",64,9
59044,Dahanu Virar Shuttle,Pass,DRD,VR,"SUN,MON,TUE,WED,THU,FRI,SAT",64,9
59045,Vapi Passenger,Pass,BDTS,VAPI,"SUN,MON,TUE,WED,THU,FRI,SAT",159,32
59046,Valsad-Bandra Passenger,Pass,BL,BDTS,"SUN,MON,TUE,WED,THU,FRI,SAT",184,36
59047,Virar Surat Passenger,Pass,VR,ST,"SUN,MON,TUE,WED,THU,FRI,SAT",207,32
59048,Surat Virar Passenger,Pass,ST,VR,"SUN,MON,TUE,WED,THU,FRI,SAT",207,32
59049,Valsad Viramgam Passenger,Pass,BL,VG,"SUN,MON,TUE,WED,THU,FRI,SAT",364,74
59051,Surat Nandurbar Passenger,Pass,ST,NDB,"SUN,MON,TUE,WED,THU,FRI,SAT",185,29
59075,Bhusaval Passenger,Pass,ST,BSL,"SUN,MON,TUE,WED,THU,FRI,SAT",336,51
59076-Slip,Bhusaval Surat Mumbai Passenger,Pass,NDB,BCT,"SUN,MON,TUE,WED,THU,FRI,SAT",423,84
59077,Surat-Bhusaval Passenger,Pass,ST,BSL,"SUN,MON,TUE,WED,THU,FRI,SAT",336,47
59078,Bhusaval-Surat Passenger,Pass,BSL,ST,"SUN,MON,TUE,WED,THU,FRI,SAT",336,47
59092,Nandurbar Surat Passenger,Pass,NDB,ST,"SUN,MON,TUE,WED,THU,FRI,SAT",185,29
59101,Vadodara Kathana Passenger,Pass,BRC,KTNA,"SUN,MON,TUE,WED,THU,FRI,SAT",73,12
59102,Kathana Vadodara Passenger,Pass,KTNA,BRC,"SUN,MON,TUE,WED,THU,FRI,SAT",73,12
59103,Vadodara Kathana Passenger,Pass,BRC,KTNA,"SUN,MON,TUE,WED,THU,FRI,SAT",73,12
59104,Kathana Vadodara Passenger,Pass,KTNA,BRC,"SUN,MON,TUE,WED,THU,FRI,SAT",73,12
59112,Bodeli Dabhoi Passenger,Pass,BDE,DB,"SUN,MON,TUE,WED,THU,FRI,SAT",34,6
59115,Anand Godhra Passenger,Pass,ANND,GDA,"SUN,MON,TUE,WED,THU,FRI,SAT",78,14
59116,Godhra Anand Passenger,Pass,GDA,ANND,"SUN,MON,TUE,WED,THU,FRI,SAT",78,14
59117,Pratapnagar Bodeli Passenger,Pass,PRTN,BDE,"SUN,MON,TUE,WED,THU,FRI,SAT",63,7
59118,Chhota Udepur Pratapnagar Passenger,Pass,CTD,PRTN,"SUN,MON,TUE,WED,THU,FRI,SAT",99,18
59119,Pratapnagar Chhota Udepur Passenger,Pass,PRTN,CTD,"SUN,MON,TUE,WED,THU,FRI,SAT",99,18
59120,Chhota Udepur Pratap Nagar Passenger,Pass,CTD,PRTN,"SUN,MON,TUE,WED,THU,FRI,SAT",99,18
59121,Pratapnagar Chhota Udepur Passenger,Pass,PRTN,CTD,"SUN,MON,TUE,WED,THU,FRI,SAT",99,18
59122,Bodeli Pratapnagar Passenger,Pass,BDE,PRTN,"SUN,MON,TUE,WED,THU,FRI,SAT",63,12
59152,Modasa Nadiad Passenger,Pass,MDSA,ND,"SUN,MON,TUE,WED,THU,FRI,SAT",105,9
59158,Anand Vadodara Passenger,Pass,ANND,BRC,"SUN,MON,TUE,WED,THU,FRI,SAT",36,8
59163,Anand Vadtal Passenger,Pass,ANND,VTL,"SUN,MON,TUE,WED,THU,FRI,SAT",14,3
59164,Vadtal Swaminarayan Anand Passenger,Pass,VTL,ANND,"SUN,MON,TUE,WED,THU,FRI,SAT",14,3
59165,Anand Godhra Passenger,Pass,ANND,GDA,"SUN,MON,TUE,WED,THU,FRI,SAT",78,14
59166,Godhra Anand Passenger,Pass,GDA,ANND,"SUN,MON,TUE,WED,THU,FRI,SAT",78,14
59205,Wansjaliya Porbandar Passenger,Pass,KNLS,PBR,"SUN,MON,TUE,WED,THU,FRI,SAT",105,9
59206,Porbandar Wansjaliya Passenger,Pass,PBR,KNLS,"SUN,MON,TUE,WED,THU,FRI,SAT",105,9
59207,Bhavnagar Okha Passenger,Pass,BVC,OKHA,"SUN,MON,TUE,WED,THU,FRI,SAT",538,69
59208,Bhavnagar Passenger,Pass,OKHA,BVC,"SUN,MON,TUE,WED,THU,FRI,SAT",538,69
59211,Rajkot Porbandar Fast Passenger,Pass,RJT,PBR,"SUN,MON,TUE,WED,THU,FRI,SAT",213,20
59031,Surat Bharuch Passenger,Pass,ST,BH,"SUN,MON,TUE,WED,THU,FRI,SAT",60,12
59032,Bharuch Surat Passenger,Pass,BH,ST,"SUN,MON,TUE,WED,THU,FRI,SAT",60,12
59161,Bharuch Vadtal Swaminarayan Passenger,Pass,BH,VTL,"SUN,MON,TUE,WED,THU,FRI,SAT",120,23
59162,Vadtal Swaminarayan Bharuch Passenger,Pass,VTL,BH,"SUN,MON,TUE,WED,THU,FRI,SAT",120,23
59212,Porbandar Rajkot Fast Passenger,Pass,PBR,RJT,"SUN,MON,TUE,WED,THU,FRI,SAT",213,20
59213,Bhanvad Porbandar Passenger,Pass,BNVD,PBR,"SUN,MON,TUE,WED,THU,FRI,SAT",52,6
59215,Bhanvad Porbandar Passenger,Pass,BNVD,PBR,"SUN,MON,TUE,WED,THU,FRI,SAT",52,6
59216,Porbandar Bhanvad Passenger,Pass,PBR,BNVD,"SUN,MON,TUE,WED,THU,FRI,SAT",52,6
59225,Bhavnagar Mahuva Passenger,Pass,BVC,MHV,"SUN,MON,TUE,WED,THU,FRI,SAT",203,28
59226,Mahuva Bhavnagar Passenger,Pass,MHV,BVP,"SUN,MON,TUE,WED,THU,FRI,SAT",220,29
59227,Botad Bhavnagar Passenger,Pass,BTD,BVC,"SUN,MON,TUE,WED,THU,FRI,SAT",93,15
59228,Bhavnagar-Botad Passenger,Pass,BVC,BTD,"SUN,MON,TUE,WED,THU,FRI,SAT",93,15
59229,Botad Jn-Bhavnagar T Passenger,Pass,BTD,BVC,"SUN,MON,TUE,WED,THU,FRI,SAT",93,15
59230,Bhavnagar Botad Passenger,Pass,BVC,ST,"SUN,MON,TUE,WED,THU,FRI,SAT",526,79
59231,Surendranagar Botad Passenger,Pass,SUNR,BTD,"SUN,MON,TUE,WED,THU,FRI,SAT",77,12
59232,Botad Surendranagar Passenger,Pass,BTD,SUNR,"SUN,MON,TUE,WED,THU,FRI,SAT",77,12
59233,Surendranagar Bhavnagar Passenger,Pass,SUNR,BVC,"SUN,MON,TUE,WED,THU,FRI,SAT",170,26
59234,Bhavnagar Surendranagar Passenger,Pass,BVC,SUNR,"SUN,MON,TUE,WED,THU,FRI,SAT",170,26
59235,Dhola Mahuva Passenger,Pass,DLJ,MHV,"SUN,MON,TUE,WED,THU,FRI,SAT",153,19
59236,Mahuva Dhola Passenger,Pass,MHV,DLJ,"SUN,MON,TUE,WED,THU,FRI,SAT",153,19
59243,Rajula Mahuva Passenger,Pass,RJU,MHV,"SUN,MON,TUE,WED,THU,FRI,SAT",38,7
59244,Mahuva Rajula Passenger,Pass,MHV,RJU,"SUN,MON,TUE,WED,THU,FRI,SAT",38,7
59267,Palitana Bhavnagar Passenger,Pass,PIT,BVC,"SUN,MON,TUE,WED,THU,FRI,SAT",49,9
59268,Bhavnagar Palitana Passenger,Pass,BVC,PIT,"SUN,MON,TUE,WED,THU,FRI,SAT",49,9
59269,Palitana Bhavnagar Passenger,Pass,PIT,BVC,"SUN,MON,TUE,WED,THU,FRI,SAT",49,9
59270,Bhavnagar Palitana Passenger,Pass,BVC,PIT,"SUN,MON,TUE,WED,THU,FRI,SAT",49,9
59271,Surendranagar Bhavnagar Fast Passenger,Pass,SUNR,BVC,"SUN,MON,TUE,WED,THU,FRI,SAT",170,26
59272,Bhavnagar Surendranagar Passenger,Pass,BVC,SUNR,"SUN,MON,TUE,WED,THU,FRI,SAT",170,26
59295,Palitana Bhavnagar Passenger,Pass,PIT,BVC,"SUN,MON,TUE,WED,THU,FRI,SAT",49,9
59296,Bhavnagar Palitana Passenger,Pass,BVC,PIT,"SUN,MON,TUE,WED,THU,FRI,SAT",61,11
59297,Porbandar Veraval Passenger,Pass,PBR,VRL,"SUN,MON,TUE,WED,THU,FRI,SAT",232,26
59298,Veraval Porbandar Passenger,Pass,VRL,PBR,"SUN,MON,TUE,WED,THU,FRI,SAT",231,26
59306,Ujjain-Indore Passenger,Pass,UJN,INDB,"SUN,MON,TUE,WED,THU,FRI,SAT",79,10
59318,Ujjain Nagda Passenger,Pass,UJN,NAD,"SUN,MON,TUE,WED,THU,FRI,SAT",56,8
59319,Ujjain Bhopal Passenger,Pass,UJN,BPL,"SUN,MON,TUE,WED,THU,FRI,SAT",184,25
59320,Bhopal Ujjain Passenger,Pass,BPL,UJN,"SUN,MON,TUE,WED,THU,FRI,SAT",184,25
59341,Nagda Bina Passenger,Pass,NAD,BINA,"SUN,MON,TUE,WED,THU,FRI,SAT",429,39
59342,Bina Nagda Passenger,Pass,BINA,NAD,"SUN,MON,TUE,WED,THU,FRI,SAT",429,44
59345,Ratlam Nagda Passenger,Pass,RTM,NAD,"SUN,MON,TUE,WED,THU,FRI,SAT",41,6
59346,Nagda Ratlam Passenger,Pass,NAD,RTM,"SUN,MON,TUE,WED,THU,FRI,SAT",41,6
59355,Ratlam Mathura Passenger,Pass,RTM,MTJ,"SUN,MON,TUE,WED,THU,FRI,SAT",591,70
59356,Mathura Ratlam Passenger,Pass,MTJ,RTM,"SUN,MON,TUE,WED,THU,FRI,SAT",591,70
59357,Bayana Yamunabridge Passenger,Pass,BXN,JAB,"SUN,MON,TUE,WED,THU,FRI,SAT",88,16
59358,Yamuna Bridge Bayana Passenger,Pass,JAB,BXN,"SUN,MON,TUE,WED,THU,FRI,SAT",88,16
59379,Indore Maksi Passenger,Pass,INDB,MKC,"SUN,MON,TUE,WED,THU,FRI,SAT",75,8
59385,Panchvalley Fast Passenger,Pass,INDB,CWA,"SUN,MON,TUE,WED,THU,FRI,SAT",554,62
59386,Panchvalley Passenger,Pass,CWA,INDB,"SUN,MON,TUE,WED,THU,FRI,SAT",554,62
59317,Nagda Ujjain Passenger,Pass,NAD,UJN,"SUN,MON,TUE,WED,THU,FRI,SAT",56,8
59354,Ujjain Nagda Passenger,Pass,UJN,NAD,"SUN,MON,TUE,WED,THU,FRI,SAT",56,8
59386-Slip2,Panchvalley Passenger Slip2,Pass,CWA,GKP,"SUN,MON,TUE,WED,THU,FRI,SAT",1197,151
59387,Nagda Indore Bg Passenger,Pass,NAD,INDB,"SUN,MON,TUE,WED,THU,FRI,SAT",135,17
59388,Indore Bg Nagda Passenger,Pass,INDB,NAD,"SUN,MON,TUE,WED,THU,FRI,SAT",135,17
59389,Indore-Bhopal Fast Passenger,Pass,INDB,BPL,"SUN,MON,TUE,WED,THU,FRI,SAT",263,34
59390,Bhopal-Indore Fast Passenger,Pass,BPL,INDB,"SUN,MON,TUE,WED,THU,FRI,SAT",263,34
59395,Amla Chhindwara Passenger,Pass,AMLA,CWA,"SUN,MON,TUE,WED,THU,FRI,SAT",115,15
59396,Chhindwara Amla Passenger,Pass,CWA,AMLA,"SUN,MON,TUE,WED,THU,FRI,SAT",115,15
59421,Rajkot Veraval Passenger,Pass,RJT,VRL,"SUN,MON,TUE,WED,THU,FRI,SAT",185,21
59422,Somnath Rajkot Passenger,Pass,SMNH,RJT,"SUN,MON,TUE,WED,THU,FRI,SAT",190,22
59423,Rajkot Somnath Passenger,Pass,RJT,SMNH,"SUN,MON,TUE,WED,THU,FRI,SAT",190,22
59424,Veraval Rajkot Passenger,Pass,VRL,RJT,"SUN,MON,TUE,WED,THU,FRI,SAT",185,21
59439,Ahmadabad Passenger,Pass,BCT,ADI,"SUN,MON,TUE,WED,THU,FRI,SAT",491,99
59440,Ahmedabad Passenger,Pass,ADI,BVI,"SUN,MON,TUE,WED,THU,FRI,SAT",462,82
59441,Mumbai Central-Ahmedabad Passenger,Pass,BCT,ADI,"SUN,MON,TUE,WED,THU,FRI,SAT",491,99
59441-Slip,Ahmedabad Passenger Slip,Pass,BCT,NDB,"SUN,MON,TUE,WED,THU,FRI,SAT",423,80
59459,Rajkot Veraval Passenger,Pass,RJT,VRL,"SUN,MON,TUE,WED,THU,FRI,SAT",185,21
59460,Veraval Mumbai Central Passenger Express,Pass,VRL,BCT,"SUN,MON,TUE,WED,THU,FRI,SAT",923,154
59461,Borivali Dahanu Shuttle,Pass,BVI,DRD,"SUN,MON,TUE,WED,THU,FRI,SAT",90,16
59462,Dahanu Mumbai Passenger,Pass,DRD,BCT,"SUN,MON,TUE,WED,THU,FRI,SAT",120,33
59473,ADI - PTN PASSENGER,Pass,ADI,PTN,"TUE,SAT",107,18
59474,PATAN - AHMEDABAD PASSENGER,Pass,PTN,ADI,"MON,FRI",106,15
59475,Mahesana Patan Passenger,Pass,MSH,PTN,"SUN,MON,TUE,WED,THU,FRI,SAT",40,6
59476,Patan Mehsana Passenger,Pass,PTN,MSH,"SUN,MON,TUE,WED,THU,FRI,SAT",40,6
59477,Mahesana Patan Passenger,Pass,MSH,PTN,"SUN,MON,TUE,WED,THU,FRI,SAT",40,6
59478,Patan Mehsana Passenger,Pass,PTN,MSH,"SUN,MON,TUE,WED,THU,FRI,SAT",40,6
59481,Haldighati Passenger,Pass,MSH,PTN,"SUN,MON,TUE,WED,THU,FRI,SAT",40,6
59482,Patan Mahesana Passenger,Pass,PTN,MSH,"SUN,MON,TUE,WED,THU,FRI,SAT",40,6
59483,AHMEDABAD PATAN PASS,Pass,MSH,PTN,"SUN,MON,TUE,WED,THU,FRI,SAT",40,6
59484,Patan Mahesana DMU,Pass,PTN,MSH,"SUN,MON,TUE,WED,THU,FRI,SAT",40,6
59503,Viramgam Okha Fast Passenger,Pass,VG,OKHA,"SUN,MON,TUE,WED,THU,FRI,SAT",429,51
59504,Okha Viramgam Fast Passenger,Pass,OKHA,VG,"SUN,MON,TUE,WED,THU,FRI,SAT",429,51
59509,Mahesana Viramgam Passenger,Pass,MSH,VG,"SUN,MON,TUE,WED,THU,FRI,SAT",66,9
59510,Viramgam Mahesana Passenger,Pass,VG,MSH,"SUN,MON,TUE,WED,THU,FRI,SAT",66,9
59511,Mahesana Viramgam,Pass,MSH,VG,"SUN,MON,TUE,WED,THU,FRI,SAT",66,9
59512,Viramgam Mahesana,Pass,VG,MSH,"SUN,MON,TUE,WED,THU,FRI,SAT",66,8
59547,Ahmedabad Okha Passenger,Pass,ADI,OKHA,"SUN,MON,TUE,WED,THU,FRI,SAT",499,67
59548,Okha Ahmedabad Passenger,Pass,OKHA,ADI,"SUN,MON,TUE,WED,THU,FRI,SAT",499,67
59601,Beawar Ajmer Passenger,Pass,BER,AII,"SUN,MON,TUE,WED,THU,FRI,SAT",53,9
59602,Ajmer Beawar Passenger,Pass,AII,BER,"SUN,MON,TUE,WED,THU,FRI,SAT",53,9
59603,Ajmer Udaipur Passenger,Pass,AII,UDZ,"SUN,MON,WED,THU,SAT",300,34
59604,Udaipur Ajmer Passenger,Pass,UDZ,AII,"SUN,MON,WED,THU,SAT",300,34
59605,Chittaurgarh Udaipur Passenger,Pass,COR,UDZ,"SUN,MON,TUE,WED,THU,FRI,SAT",114,12
59606,Udaipur Chittaurgarh Passenger,Pass,UDZ,COR,"SUN,MON,TUE,WED,THU,FRI,SAT",114,12
59702,Hisar-Jaipur Passenger,Pass,HSR,JP,"SUN,MON,TUE,WED,THU,FRI,SAT",368,48
59703,Hisar Rewari Passenger,Pass,HSR,RE,"SUN,MON,TUE,WED,THU,FRI,SAT",143,16
59704,Gondia Durg Passenger,Pass,RE,HSR,"SUN,MON,TUE,WED,THU,FRI,SAT",143,16
51239,Amla Betul Passenger,Pass,AMLA,BZU,"SUN,MON,TUE,WED,THU,FRI,SAT",23,4
59394,Habibganj Dahod Fast Pass,Pass,HBJ,DHD,"SUN,MON,TUE,WED,THU,FRI,SAT",400,51
59705,Suratgarh Jaipur Passenger,Pass,SOG,JP,"SUN,MON,TUE,WED,THU,FRI,SAT",562,55
59707,ANUPGARH - SURATGARH Passenger,Pass,APH,SOG,"SUN,MON,TUE,WED,THU,FRI,SAT",76,10
59708,SURATGARH - ANUPGARH Passenger,Pass,SOG,APH,"SUN,MON,TUE,WED,THU,FRI,SAT",76,10
59709,APH-SOG PASSANGER,Pass,APH,SOG,"SUN,MON,TUE,WED,THU,FRI,SAT",76,10
59710,Suratgarh Anupgarh Passenger,Pass,SOG,APH,"SUN,MON,TUE,WED,THU,FRI,SAT",76,4
59711,Bhatinda Suratgarh Passenger,Pass,BTI,SOG,"SUN,MON,TUE,WED,THU,FRI,SAT",142,17
59712,Suratgarh Bhatinda Passenger,Pass,SOG,BTI,"SUN,MON,TUE,WED,THU,FRI,SAT",142,17
59713,Phulera Jaipur Passenger,Pass,FL,JP,"SUN,MON,TUE,WED,THU,FRI,SAT",55,9
59714,Jaipur Phulera Passenger,Pass,JP,FL,"SUN,MON,TUE,WED,THU,FRI,SAT",55,9
59715,Phulera Rewari Passenger,Pass,FL,RE,"SUN,MON,TUE,WED,THU,FRI,SAT",216,28
59716,Rewari Phulera Passenger,Pass,RE,FL,"SUN,MON,TUE,WED,THU,FRI,SAT",216,28
59717,Phulera Rewari Passenger,Pass,FL,RE,"SUN,MON,TUE,WED,THU,FRI,SAT",216,28
59718,Rewari Phulera Passenger,Pass,RE,FL,"SUN,MON,TUE,WED,THU,FRI,SAT",216,28
59721,Jaipur Hisar Passenger,Pass,JP,HSR,"SUN,MON,TUE,WED,THU,FRI,SAT",369,48
59722,Hisar - Jaipur Fast Passenger,Pass,HSR,JP,"SUN,MON,TUE,WED,THU,FRI,SAT",369,48
59723,Rewari Sadulpur Passenger,Pass,RE,HSR,"SUN,MON,TUE,WED,THU,FRI,SAT",211,19
59724,Sadulpur Rewari Passenger,Pass,HSR,RE,"SUN,MON,TUE,WED,THU,FRI,SAT",211,19
59725,Rewari Sadulpur Passenger,Pass,RE,HSR,"SUN,MON,TUE,WED,THU,FRI,SAT",211,19
59726,Sadulpur Rewari Passenger,Pass,HSR,RE,"SUN,MON,TUE,WED,THU,FRI,SAT",211,19
59801,Kota Jaipur Passenger,Pass,KOTA,JP,"SUN,MON,TUE,WED,THU,FRI,SAT",240,26
59802,Jaipur Nagda Fast Passenger,Pass,JP,NAD,"SUN,MON,TUE,WED,THU,FRI,SAT",465,51
59805,Bayana Jaipur Fast Passenger,Pass,JP,BXN,"SUN,MON,TUE,WED,THU,FRI,SAT",273,30
59806,Jaipur Bayana Fast Passenger,Pass,BXN,JP,"SUN,MON,TUE,WED,THU,FRI,SAT",273,30
59811,Haldighati Passenger,Pass,RTM,AF,"SUN,MON,TUE,WED,THU,FRI,SAT",694,72
59812,Haldighati Passenger,Pass,AF,RTM,"SUN,MON,TUE,WED,THU,FRI,SAT",694,72
59813,Kota Agra Yamuna Bridge Passenger,Pass,KOTA,JAB,"SUN,MON,TUE,WED,THU,FRI,SAT",336,44
59814,Agra Fort Bayana Passenger,Pass,AF,KOTA,"SUN,MON,TUE,WED,THU,FRI,SAT",333,43
59821,KOTA - BHIND Passenger,Pass,KOTA,BIX,"SUN,MON,TUE,WED,THU,FRI,SAT",495,55
59822,BHIND - KOTA PASSENGER,Pass,BIX,KOTA,"SUN,MON,TUE,WED,THU,FRI,SAT",500,47
59831,Vadodara Kota Passenger,Pass,BRC,KOTA,"SUN,MON,TUE,WED,THU,FRI,SAT",526,64
59833,Kota Nimach Passenger,Pass,KOTA,NMH,"SUN,MON,TUE,WED,THU,FRI,SAT",227,19
59834,Nimach Kota Passenger,Pass,NMH,KOTA,"SUN,MON,TUE,WED,THU,FRI,SAT",227,19
59835,Nimach Udaipur Passenger,Pass,NMH,UDZ,"SUN,MON,TUE,WED,THU,FRI,SAT",170,19
59836,Udaipur Nimach Passenger,Pass,UDZ,NMH,"SUN,MON,TUE,WED,THU,FRI,SAT",170,19
61135,Badnera Amravati Passenger,MEMU,BD,AMI,"MON,TUE,WED,THU,FRI,SAT",6,2
63153,JASIDIH BAIDYANATH PASS,Pass,JSME,BDME,"SUN,MON,TUE,WED,THU,FRI,SAT",6,3
63154,BAIDYANATH JASIDIH PASS,Pass,BDME,JSME,"SUN,MON,TUE,WED,THU,FRI,SAT",6,3
63155,JASIDIH BAIDYANATH PASS,Pass,JSME,BDME,"SUN,MON,TUE,WED,THU,FRI,SAT",6,3
63156,BAIDYANATH JASIDIH PASS,Pass,BDME,JSME,"SUN,MON,TUE,WED,THU,FRI,SAT",6,3
63157,Jasidih Baidyanathdham Passenger,MEMU,JSME,BDME,"SUN,MON,TUE,WED,THU,FRI,SAT",6,3
63160,BAIDYANATH JASIDIH PASS,Pass,BDME,JSME,"SUN,MON,TUE,WED,THU,FRI,SAT",6,3
63161,JASIDIH BAIDYANATH PASS,Pass,JSME,BDME,"SUN,MON,TUE,WED,THU,FRI,SAT",6,3
63162,BAIDYANATH JASIDIH PASS,Pass,BDME,JSME,"SUN,MON,TUE,WED,THU,FRI,SAT",6,3
63163,JASIDIH BAIDYANATH PASS,Pass,JSME,BDME,"SUN,MON,TUE,WED,THU,FRI,SAT",6,3
63164,BAIDYANATH JASIDIH PASS,Pass,BDME,JSME,"SUN,MON,TUE,WED,THU,FRI,SAT",6,3
63165,JASIDIH BAIDYANATH PASS,Pass,JSME,BDME,"SUN,MON,TUE,WED,THU,FRI,SAT",6,3
63167,JASIDIH BAIDYANATH PASS,Pass,JSME,BDME,"SUN,MON,TUE,WED,THU,FRI,SAT",6,3
63168,BAIDYANATH JASIDIH PASS,Pass,BDME,JSME,"SUN,MON,TUE,WED,THU,FRI,SAT",6,3
63207,Jhajha Patna Passenger MEMU,MEMU,JAJ,PNBE,"SUN,MON,TUE,WED,THU,FRI,SAT",176,35
63208,Patna Jhajha Passenger MEMU,MEMU,PNBE,JAJ,"SUN,MON,TUE,WED,THU,FRI,SAT",176,35
63209,Jhajha Patna MEMU,MEMU,JAJ,PNBE,"SUN,MON,TUE,WED,THU,FRI,SAT",176,35
63210,PATNA - JHAJHA Passenger,MEMU,PNBE,JAJ,"SUN,MON,TUE,WED,THU,FRI,SAT",176,49
63211,JASIDIH - PATNA MEMU,MEMU,JSME,PNBE,"SUN,MON,TUE,WED,THU,FRI,SAT",176,57
63212,Patna-Jhajha Passenger MEMU,MEMU,PNBE,JAJ,"SUN,MON,TUE,WED,THU,FRI,SAT",176,35
63217,Mokama Danapur Passenger,MEMU,MKA,DNR,"SUN,MON,TUE,WED,THU,FRI,SAT",99,22
63218,Danapur Mokameh passenger,MEMU,DNR,MKA,"SUN,MON,TUE,WED,THU,FRI,SAT",99,22
63219,Danapur Ara MEMU,MEMU,DNR,RPR,"SUN,MON,TUE,WED,THU,FRI,SAT",76,11
63220,Ara Danapur Passenger,MEMU,RPR,PNBE,"SUN,MON,TUE,WED,THU,FRI,SAT",85,13
63223,Patna Ara Passenger DEMU,MEMU,PNBE,ARA,"SUN,MON,TUE,WED,THU,FRI,SAT",49,9
63224,Ara Patna MEMU,MEMU,ARA,PNBE,"SUN,MON,TUE,WED,THU,FRI,SAT",49,9
63225,Patna Buxar Passenger MEMU,MEMU,PNBE,BXR,"SUN,MON,TUE,WED,THU,FRI,SAT",117,17
63226,Buxar Patna Passenger,MEMU,BXR,PNBE,"SUN,MON,TUE,WED,THU,FRI,SAT",117,17
63227,Patna Buxar Passenger MEMU,MEMU,PNBE,BXR,"SUN,MON,TUE,WED,THU,FRI,SAT",117,17
63228,Baxur Patna Passenger MEMU,MEMU,BXR,PNBE,"SUN,MON,TUE,WED,THU,FRI,SAT",117,17
63229,Buxar Mughal Sarai Passenger MEMU,MEMU,BXR,MGS,"SUN,MON,TUE,WED,THU,FRI,SAT",94,16
63230,Mughal Sarai Buxar Passenger,MEMU,MGS,BXR,"SUN,MON,TUE,WED,THU,FRI,SAT",94,16
63231,Patna Buxar Passenger DMU,MEMU,PNBE,BXR,"SUN,MON,TUE,WED,THU,FRI,SAT",117,17
63232,Buxar Patna Passenger,MEMU,BXR,PNBE,"SUN,MON,TUE,WED,THU,FRI,SAT",117,17
63243,Patna Gaya Passenger MEMU,MEMU,PNBE,GAYA,"SUN,MON,TUE,WED,THU,FRI,SAT",92,14
63244,Gaya Patna Passenger MEMU,MEMU,GAYA,PNBE,"SUN,MON,TUE,WED,THU,FRI,SAT",92,14
63245,Patna Gaya Passenger MEMU,MEMU,PNBE,GAYA,"SUN,MON,TUE,WED,THU,FRI,SAT",92,14
63246,Gaya Patna Passenger MEMU,MEMU,GAYA,PNBE,"SUN,MON,TUE,WED,THU,FRI,SAT",92,14
63247,Patna Gaya Passenger MEMU,MEMU,PNBE,GAYA,"SUN,MON,TUE,WED,THU,FRI,SAT",92,14
63248,Gaya Patna Passenger MEMU,MEMU,GAYA,PNBE,"SUN,MON,TUE,WED,THU,FRI,SAT",92,14
63249,Patna Gaya Passenger MEMU,MEMU,PNBE,GAYA,"SUN,MON,TUE,WED,THU,FRI,SAT",92,14
63250,Gaya Patna Passenger MEMU,MEMU,GAYA,PNBE,"SUN,MON,TUE,WED,THU,FRI,SAT",92,14
63251,Patna Gaya Passenger MEMU,MEMU,PNBE,GAYA,"SUN,MON,TUE,WED,THU,FRI,SAT",92,14
63252,Gaya Patna Passenger MEMU,MEMU,GAYA,PNBE,"SUN,MON,TUE,WED,THU,FRI,SAT",92,14
63253,Patna Gaya Passenger MEMU,MEMU,PNBE,GAYA,"SUN,MON,TUE,WED,THU,FRI,SAT",92,14
63254,Gaya Patna Passenger MEMU,MEMU,GAYA,PNBE,"SUN,MON,TUE,WED,THU,FRI,SAT",92,14
63255,Patna Gaya Passenger MEMU,MEMU,PNBE,GAYA,"SUN,MON,TUE,WED,THU,FRI,SAT",92,14
63256,Gaya Patna Passenger MEMU,MEMU,GAYA,PNBE,"SUN,MON,TUE,WED,THU,FRI,SAT",92,14
63501,HWH BWN FAST,MEMU,HWH,BWN,"SUN,MON,TUE,WED,THU,FRI,SAT",107,34
63502,BWN Howrah EMU,MEMU,BWN,HWH,"SUN,MON,TUE,WED,THU,FRI,SAT",105,34
63505,Barddhaman Asansol mEMU,MEMU,BWN,ASN,"SUN,MON,TUE,WED,THU,FRI,SAT",106,14
63509,Barddhaman Asansol mEMU,MEMU,BWN,ASN,"SUN,MON,TUE,WED,THU,FRI,SAT",106,14
63511,Barddhaman Asansol mEMU,MEMU,BWN,ASN,"SUN,MON,TUE,WED,THU,FRI,SAT",106,14
63513,Barddhaman Asansol mEMU,MEMU,BWN,ASN,"SUN,MON,TUE,WED,THU,FRI,SAT",106,14
63515,Barddhaman Asansol mEMU,MEMU,BWN,ASN,"SUN,MON,TUE,WED,THU,FRI,SAT",106,14
63519,Barddhaman Asansol mEMU,MEMU,BWN,ASN,"SUN,MON,TUE,WED,THU,FRI,SAT",106,14
63521,Barddhaman Asansol mEMU,MEMU,BWN,ASN,"SUN,MON,TUE,WED,THU,FRI,SAT",106,14
63523,Barddhaman Asansol mEMU,MEMU,BWN,ASN,"SUN,MON,TUE,WED,THU,FRI,SAT",106,14
63597,Ranchi Asansol MEMU,MEMU,RNC,ASN,"SUN,MON,TUE,WED,THU,FRI,SAT",199,28
63598,Asansol Ranchi MEMU,MEMU,ASN,RNC,"SUN,MON,TUE,WED,THU,FRI,SAT",198,28
13155,KOLKATA CHITPUR - SITAMARHI Mithilanchal Exp,Exp,KOAA,SMI,"SUN,THU",552,136
53042,JAYNAGAR - HOWRAH Passenger,Pass,JYG,HWH,"SUN,MON,TUE,WED,THU,FRI,SAT",730,164
54159,Jhansi Banda Passenger,Pass,JHS,BNDA,"SUN,MON,TUE,WED,THU,FRI,SAT",191,19
63525,Barddhaman Asansol mEMU,MEMU,BWN,ASN,"SUN,MON,TUE,WED,THU,FRI,SAT",106,14
63541,ASANSOL-GOMOH PASSENGER (MEMU),MEMU,ASN,GMO,"SUN,MON,TUE,WED,THU,FRI,SAT",87,17
63542,Gomoh-Asansol MEMU,MEMU,GMO,ASN,"SUN,MON,TUE,WED,THU,FRI,SAT",87,17
63543,ASANSOL GOMOH PASS,MEMU,ASN,GMO,"SUN,MON,TUE,WED,THU,FRI,SAT",87,17
63544,Gomoh Asansol Passenger MEMU,MEMU,GMO,ASN,"SUN,MON,TUE,WED,THU,FRI,SAT",87,17
63546,Dhanbad Asansol Passenger MEMU,MEMU,DHN,ASN,"SUN,MON,TUE,WED,THU,FRI",58,12
63547,Dhanbad Hazaribagh Passenger MEMU,MEMU,DHN,HZD,"SUN,MON,TUE,WED,THU,FRI",90,12
63549,Hazaribagh Road-Gaya Passenger,MEMU,HZD,GAYA,"SUN,MON,TUE,WED,THU,FRI,SAT",109,17
63550,Koderma Dhanbad Passenger MEMU,MEMU,KQR,DHN,"SUN,MON,TUE,WED,THU,FRI,SAT",133,19
63551,Asansol Dhanbad Passenger MEMU,MEMU,ASN,DHN,"SUN,MON,TUE,WED,THU,FRI,SAT",58,12
63552,Dhanbad Asansol Passenger MEMU,MEMU,DHN,ASN,"SUN,MON,TUE,WED,THU,FRI,SAT",58,12
63556,Asansol Purulia MEMU Passenger,MEMU,ASN,PRR,"SUN,MON,TUE,WED,THU,FRI,SAT",80,15
63561,asansol jasidih mEMU,MEMU,ASN,JSME,"SUN,MON,TUE,WED,THU,FRI,SAT",111,16
63562,baidyanath dham asansol passenger,MEMU,BDME,ASN,"SUN,MON,TUE,WED,THU,FRI,SAT",117,18
63563,Asansol Jasidh MEMU,MEMU,ASN,JSME,"SUN,MON,TUE,WED,THU,FRI,SAT",110,16
63564,jasidih Asansol mEMU,MEMU,JSME,ASN,"SUN,MON,TUE,WED,THU,FRI,SAT",111,16
63567,Asansol Jhajha Passenger,MEMU,ASN,JAJ,"SUN,MON,TUE,WED,THU,FRI,SAT",154,20
63568,jhajha asansol memu,MEMU,JAJ,ASN,"SUN,MON,TUE,WED,THU,FRI,SAT",155,20
63569,Asansol jasidih mEMU,MEMU,ASN,JSME,"SUN,MON,TUE,WED,THU,FRI,SAT",111,16
63570,Baidyanathdham Asansol Passenger,MEMU,BDME,ASN,"SUN,MON,TUE,WED,THU,FRI,SAT",117,18
63572,Kiul Jasidih Passenger MEMU,MEMU,KIUL,JSME,"SUN,MON,TUE,WED,THU,FRI,SAT",97,13
63574,Kiul Jhajha Passenger,MEMU,KIUL,JSME,"SUN,MON,TUE,WED,THU,FRI,SAT",97,13
63591,Bokaro Steel City-Asansol Memu,MEMU,BKSC,ASN,"MON,TUE,WED,THU,FRI,SAT",140,22
63592,Asansol-Bokaro Steel City MEMU,MEMU,ASN,BKSC,"MON,TUE,WED,THU,FRI,SAT",140,22
63593,Purulia Asansol MEMU Passenger,MEMU,PRR,ASN,"SUN,MON,TUE,WED,THU,FRI,SAT",80,15
63594,Asansol-Purulia MEMU,MEMU,ASN,PRR,"SUN,MON,TUE,WED,THU,FRI,SAT",80,15
63595,Bokaro Steel City-Asansol MEMU,MEMU,BKSC,ASN,"SUN,MON,TUE,WED,THU,FRI,SAT",194,29
63596,Asansol-Bokaro Steel City MEMU,MEMU,ASN,BKSC,"SUN,MON,TUE,WED,THU,FRI,SAT",146,23
64001,Delhi Panipat EMU,MEMU,DLI,PNP,"SUN,MON,TUE,WED,THU,FRI,SAT",88,19
64002,Panipat Delhi EMU,MEMU,PNP,DLI,"SUN,MON,TUE,WED,THU,FRI,SAT",88,19
64089,Nizamuddin Parikrama,Del,NZM,PGMD,"SUN,MON,TUE,WED,THU,FRI,SAT",32,21
64090,Nizamuddin Parikrama EMU,Del,NZM,LPNR,"SUN,MON,TUE,WED,THU,FRI",32,21
64091,Nizamuddin Nizamuddin Parikrama EMU,Del,NZM,PGMD,"SUN,MON,TUE,WED,THU,FRI",37,23
64092,Nizamuddin Parikrama EMU,Del,NZM,LPNR,"SUN,MON,TUE,WED,THU,FRI",32,21
64093,Nizamuddin Shakurbasti Parikrama,Del,NZM,SSB,"SUN,MON,TUE,WED,THU,FRI",22,15
64094,Nizamuddin Parikrama,Del,SSB,NZM,"SUN,MON,TUE,WED,THU,FRI,SAT",22,15
64095,Shakurbasti New Delhi Parikrama,Del,NDLS,SSB,"MON,TUE,WED,THU,FRI",28,19
64096,Nizamuddin Parikrama EMU,Del,SSB,NZM,"MON,TUE,WED,THU,FRI",22,15
64449,Ghaziabad New Delhi Ladies Special,MEMU,GZB,NDLS,"MON,TUE,WED,THU,FRI",25,8
64450,New Delhi Ghaziabad Ladies Special,MEMU,NDLS,GZB,"SUN,MON,TUE,WED,THU,FRI,SAT",25,8
64491,Palwal NDLS Ladies Special,MEMU,PWL,NDLS,"SUN,MON,TUE,WED,THU,FRI,SAT",56,12
12374,RAMPURHAT - SEALDAH Intercity SF Exp,Express,RPH,SDAH,"MON,THU,SAT",0,57
12373,SEALDAH - RAMPURHAT Intercity SF Exp,Express,SDAH,RPH,"SUN,WED,FRI",0,57
13258,ANAND VIHAR DELHI - DANAPUR JanSadharan Exp,Express,ANVT,DNR,"SUN,MON,TUE,WED,THU,FRI,SAT",0,173
13257,DANAPUR - DELHI ANAND VIHAR Jan Sadharan Express,Express,DNR,ANVT,"SUN,MON,TUE,WED,THU,FRI,SAT",0,172
57326,GUNTUR - KACHEGUDA PASS,Express,GNT,KCG,"SUN,MON,TUE,WED,THU,FRI,SAT",0,79
57325,KACHEGUDA - GUNTUR PASS,Express,KCG,GNT,"SUN,MON,TUE,WED,THU,FRI,SAT",0,78
11064,SALEM - CHENNAI EGMORE Exp,Exp,SA,MS,"SUN,MON,TUE,WED,THU,FRI,SAT",353,68
11272,BHOPAL - ITARSI Vindhyachal Exp,Exp,BPL,ET,"SUN,MON,TUE,WED,THU,FRI,SAT",738,90
12163,DADAR - CHENNAI EGMORE SF Exp,Express,DR,MS,"SUN,MON,TUE,WED,THU,FRI,SAT",0,220
12164,DADAR - CHENNAI EGMORE SF Exp,Express,MS,DR,"SUN,MON,TUE,WED,THU,FRI,SAT",0,220
12319,KOLKATA CHITPUR - AGRA CANTT SF Exp,SF,KOAA,AGC,WED,1405,261
12403,Allahabad Mathura SF Express,SF,ALD,MTJ,"MON,TUE,THU,SAT",507,73
12407,NEW JALPAIGURI - AMRITSAR Karmabhoomi Exp,SF,NJP,ASR,WED,1823,303
12495,BIKANER - KOLKATA CHITPUR Pratap Exp,SF,BKN,KOAA,THU,1873,270
12513,SECUNDERABAD - GUWAHATI Exp,SF,SC,GHY,SAT,2551,441
12591,GORAKHPUR - YESVANTPUR SF Exp,SF,GKP,YPR,SAT,2547,354
12624,Tiruvananthapuram Chennai SF Mail,SF,TVC,MAS,"SUN,MON,TUE,WED,THU,FRI,SAT",909,162
12661,CHENNAI EGMORE - SENGOTTAI Pothigai SF Exp,SF,MS,SCT,"SUN,MON,TUE,WED,THU,FRI,SAT",670,109
12709,Simhapuri SF Express,SF,GDR,SC,"SUN,MON,TUE,WED,THU,FRI,SAT",644,88
12735,SECUNDERABAD - YESVANTPUR Garib Rath Exp,Express,SC,YPR,"SUN,MON,TUE,WED,THU,FRI,SAT",0,92
12736,YESVANTPUR - SECUNDERABAD Garib Rath Exp,Express,YPR,SC,"SUN,MON,TUE,WED,THU,FRI,SAT",0,93
12835,HATIA - YESVANTPUR SF Exp,SF,HTE,YPR,"SUN,TUE",1904,271
12836,YESVANTPUR - HATIA SF Exp,SF,YPR,HTE,"TUE,THU",1904,271
12840,Chennai-Howrah SF Mail,SF,MAS,HWH,"SUN,MON,TUE,WED,THU,FRI,SAT",1662,281
12889,TATANAGAR - YESVANTPUR SF Exp,Express,TATA,YPR,FRI,0,272
12890,YESVANTPUR - TATANAGAR SF Exp,Express,YPR,TATA,MON,0,272
12993,GANDHIDHAM - PURI SF Exp,SF,GIMB,PURI,FRI,2283,312
12994,PURI - GANDHIDHAM SF Exp,SF,PURI,GIMB,MON,2283,312
13158,MUZAFFARPUR - KOLKATA CHITPUR Tirhut Exp,Exp,MFP,KOAA,WED,566,123
13351,DHANBAD - ALAPPUZHA Exp,Exp,DHN,ALLP,"SUN,MON,TUE,WED,THU,FRI,SAT",2536,417
15015,GORAKHPUR - YESVANTPUR Exp,Exp,GKP,YPR,WED,2532,349
15024,YESVANTPUR - GORAKHPUR Exp,Exp,YPR,GKP,THU,2465,334
15234,DARBHANGA - KOLKATA CHITPUR Maithili Exp,Exp,DBG,KOAA,"SUN,WED",539,133
18107,ROURKELA - KORAPUT Exp,Exp,ROU,KRPU,"SUN,MON,TUE,WED,THU,FRI,SAT",645,66
18311,SAMBALPUR - VARANASI Exp,Exp,SBP,BSB,SUN,896,134
18616,HATIA - HOWRAH Kriya Yoga Express,Exp,HTE,HWH,"SUN,MON,TUE,WED,THU,FRI,SAT",423,82
37855,Howrah-Barddhaman Local,MEMU,HWH,BWN,"SUN,MON,TUE,WED,THU,FRI,SAT",107,34
51158,Itarsi Bhusaval Passenger,Pass,ET,BSL,"SUN,MON,TUE,WED,THU,FRI,SAT",322,39
51671,ITARSI - KATNI Fast Passenger,Pass,ET,KTE,"SUN,MON,TUE,WED,THU,FRI,SAT",335,38
51827,Itarsi Jhansi Passenger,Pass,ET,JHS,"SUN,MON,TUE,WED,THU,FRI,SAT",383,45
52238,AISHBAGH - PILIBHIT PASS,Pass,ASSH,PBE,"SUN,MON,TUE,WED,THU,FRI,SAT",256,35
53041,HOWRAH - JAYNAGAR Passenger,Pass,HWH,JYG,"SUN,MON,TUE,WED,THU,FRI,SAT",727,167
53405,Rampurhat- Sahibganj Passenger,Pass,RPH,SBG,"SUN,MON,TUE,WED,THU,FRI,SAT",133,22
54103,Chunar Allahabad Passenger,Pass,CAR,ALD,"SUN,MON,TUE,WED,THU,FRI,SAT",120,17
54321,Balamau Sitapur Cantt Passenger,Pass,BLM,SCC,"SUN,MON,TUE,WED,THU,FRI,SAT",68,12
56100,ERODE - METUR DAM PASSENGER,Express,ED,MTDM,"SUN,MON,TUE,WED,THU,FRI,SAT",0,9
56101,METUR DAM - ERODE PASSENGER,Express,MTDM,ED,"SUN,MON,TUE,WED,THU,FRI,SAT",0,11
56731,MADURAI - SENGOTTAI PASSENGER,Pass,MDU,SCT,"SUN,MON,TUE,WED,THU,FRI,SAT",173,14
56732,SENGOTTAI - MADURAI PASSENGER,Pass,SCT,MDU,"SUN,MON,TUE,WED,THU,FRI,SAT",173,14
58161,HATIA - JHARSUGUDA Passenger (UnReserved),Pass,HTE,JSG,"SUN,MON,TUE,WED,THU,FRI,SAT",264,40
63548,Gaya Koderma Passenger MEMU,MEMU,GAYA,KQR,"SUN,MON,TUE,WED,THU,FRI",76,10
06012,Kollam Chennai Central (Weekly) SF Special,SF,QLN,MAS,"SUN,MON,TUE,WED,THU,FRI,SAT",858,149
11028,Chennai-Mumbai CST Mail,Mail,MAS,CSTM,"MON,TUE,SAT",1283,204
11042,ChennaiCentral-CST Mumbai Express,Exp,MAS,CSTM,"SUN,WED,THU,FRI",1283,204
12007,CHENNAI CENT - MYSORE Shatabdi Express,Shtb,MAS,MYS,"SUN,MON,TUE,WED,THU,FRI,SAT",500,101
12689,CHENNAI CENTRAL - NAGERCOIL SF Exp,SF,MAS,NCJ,FRI,927,153
14115,Haridwar Express,Exp,ALD,HW,"SUN,MON,TUE,WED,THU,FRI,SAT",725,106
14116,Allahabad Express,Exp,HW,ALD,"SUN,MON,TUE,WED,THU,FRI,SAT",725,106
14125,Saryu Express,Exp,ALD,FD,"SUN,MON,TUE,WED,THU,FRI,SAT",157,20
15619,GAYA - KAMAKHYA Weekly Exp,Exp,GAYA,KYQ,TUE,1091,190
16222,Kaveri Express,Exp,MAS,MYS,"SUN,MON,TUE,WED,THU,FRI,SAT",500,91
16627,West Coast Express,Exp,MAS,MAQ,"SUN,MON,TUE,WED,THU,FRI,SAT",902,162
17242,Simhadri Link Express,Exp,NDD,NS,"SUN,MON,TUE,WED,THU,FRI,SAT",76,20
17311,CHENNAI CENT - VASCO DA GAMA Exp,Exp,MAS,VSG,"SUN,MON,TUE,WED,THU,FRI,SAT",1070,172
17604,Prashanti Nilayam Express,Exp,YPR,KCG,"SUN,MON,TUE,WED,THU,FRI,SAT",664,80
19025,Surat Bhavnagar Express Slip,Exp,ST,MHV,"SUN,THU,FRI",629,87
24512,Khurja Allahabad Link Express,Exp,BSC,ALD,"SUN,MON,TUE,WED,THU,FRI,SAT",672,97
38458,Panskura Howrah EMU,MEMU,PKU,HWH,"SUN,MON,TUE,WED,THU,FRI,SAT",71,25
42402,Sullurpeta Chennai EMU Local,MEMU,SPE,MAS,"SUN,MON,TUE,WED,THU,FRI,SAT",83,22
43001,Chennai Central Avadi EMU,MEMU,MAS,AVD,"SUN,MON,TUE,WED,THU,FRI,SAT",21,13
47100,Hyderabad Lingampalli MMTS,Hyd,HYB,LPI,"SUN,MON,TUE,WED,THU,FRI,SAT",25,14
47126,Lingampalli Hyderabad MMTS,Hyd,LPI,HYB,"SUN,MON,TUE,WED,THU,FRI,SAT",25,14
47131,Lingampalli Hyderabad MMTS,Hyd,LPI,HYB,"SUN,MON,TUE,WED,THU,FRI,SAT",25,14
47173,Lingampalli Falaknuma MMTS,Hyd,LPI,FM,"SUN,MON,TUE,WED,THU,FRI,SAT",37,23
47186,Lingampalli Falaknuma MMTS,Hyd,LPI,FM,"SUN,MON,TUE,WED,THU,FRI,SAT",37,23
51285,Bhusaval Nagpur Passenger,Pass,BSL,NGP,"SUN,MON,TUE,WED,THU,FRI,SAT",392,45
52047,Kosamba Umarpada Passenger,Pass,KSB,UMPD,"SUN,MON,TUE,WED,THU,FRI,SAT",62,11
53069,Barddhaman Rampurhat Passenger,Pass,BWN,RPH,"SUN,MON,TUE,WED,THU,FRI,SAT",112,19
53349,Barwadih Dehri on Sone Passenger,Pass,BRWD,DOS,"SUN,MON,TUE,WED,THU,FRI,SAT",164,23
53363,Gaya Dehri On Sone Passenger,Pass,GAYA,DOS,"SUN,MON,TUE,WED,THU,FRI,SAT",85,13
53601,Gaya Dehri On Sone Passenger,Pass,GAYA,DOS,"SUN,MON,TUE,WED,THU,FRI,SAT",85,13
53613,Gaya Mughal Sarai Fast Passenger,Pass,GAYA,MGS,"SUN,MON,TUE,WED,THU,FRI,SAT",205,30
54101,Allahabad Kanpur Passenger,Pass,ALD,CNB,"SUN,MON,TUE,WED,THU,FRI,SAT",214,30
54336,Kanpur Balamau Passenger,Pass,CNB,BLM,"SUN,MON,TUE,WED,THU,FRI,SAT",117,17
54512,Nangal Dam Ambala Passenger,Pass,NLDM,UMB,"SUN,MON,TUE,WED,THU,FRI,SAT",171,17
55617,New Bongaigaon Guwahati Passenger,Pass,NBQ,GHY,"SUN,MON,TUE,WED,THU,FRI,SAT",184,16
55801,Manas Rhino Passenger,Pass,NBQ,GHY,"SUN,MON,TUE,WED,THU,FRI,SAT",157,21
57223,Gudur Vijayawada Passenger,Pass,GDR,BZA,"SUN,MON,TUE,WED,THU,FRI,SAT",294,46
57277,Gudur Vijayawada Passenger,Pass,GDR,BZA,"SUN,MON,TUE,WED,THU,FRI,SAT",294,46
57411,Tirupati Gudur Passenger,Pass,TPTY,GDR,"SUN,MON,TUE,WED,THU,FRI,SAT",93,13
57452,Guntakal Chikjajur Passenger,Pass,GTL,JRU,"SUN,MON,TUE,WED,THU,FRI,SAT",233,24
57631,Solapur-Raichur Passenger,Pass,SUR,RC,"SUN,MON,TUE,WED,THU,FRI,SAT",257,31
58413,Dhenkanal Puri Passenger,Pass,TLHR,PURI,"SUN,MON,TUE,WED,THU,FRI,SAT",200,44
59014,Surat Passenger,Pass,BSL,ST,"SUN,MON,TUE,WED,THU,FRI,SAT",336,47
59076,Surat Passenger,Pass,BSL,ST,"SUN,MON,TUE,WED,THU,FRI,SAT",336,51
59380,Maksi Indore Bg Passenger,Pass,MKC,INDB,"SUN,MON,TUE,WED,THU,FRI,SAT",75,8
59393,Dahod Habibganj Fast Pass,Pass,DHD,HBJ,"SUN,MON,TUE,WED,THU,FRI,SAT",400,51
59803,Nagda Kota Passenger,Pass,NAD,KOTA,"SUN,MON,TUE,WED,THU,FRI,SAT",225,26
63518,Asansol Barddhaman Passenger,MEMU,ASN,BWN,"SUN,MON,TUE,WED,THU,FRI,SAT",105,14
11008,Deccan Express,Exp,PUNE,CSTM,"SUN,MON,TUE,WED,THU,FRI,SAT",192,55
12221,PUNE - HOWRAH AC Duronto Exp,Drnt,PUNE,HWH,"SUN,MON,TUE,WED,THU,FRI,SAT",2020,294
12488,Seemanchal Express,SF,ANVT,JBN,"SUN,MON,TUE,WED,THU,FRI,SAT",1383,171
12786,Bangalore-Kacheguda SF Express,SF,SBC,KCG,"SUN,MON,TUE,WED,THU,FRI,SAT",625,72
12797,Venkatadri SF Express,SF,KCG,CTO,"SUN,MON,TUE,WED,THU,FRI,SAT",707,84
12798,Venkatadri SF Express,SF,CTO,KCG,"SUN,MON,TUE,WED,THU,FRI,SAT",707,84
15707,Amrapali Express,Exp,KIR,ASR,"SUN,MON,TUE,WED,THU,FRI,SAT",1805,256
17603-Slip,Prasanthi Nilayam Express,Exp,KCG,UBL,"SUN,MON,TUE,WED,THU,FRI,SAT",617,81
17603-Slip2,Kacheguda-Vasco Prashanti Nilayam Slip,Exp,KCG,VSG,"SUN,MON,TUE,WED,THU,FRI,SAT",853,105
17639,KACHEGUDA - AKOLA Intercity Exp,Exp,KCG,AK,MON,514,85
17640,AKOLA - KACHEGUDA Intercity Exp,Exp,AK,KCG,TUE,514,85
17651,Chennai Egmore Kacheguda Express,Exp,MS,KCG,"SUN,TUE,WED,SAT",772,121
17652,Kacheguda Chennai Egmore Express,Exp,KCG,MS,"MON,TUE,FRI,SAT",772,112
18474,JODHPUR - PURI Express,Exp,JU,PURI,"SUN,MON,TUE,WED,THU,FRI,SAT",2433,328
19066,BHAGAT KI KOTHI - MUMBAI BANDRA Exp,Exp,BGKT,BDTS,"SUN,MON,TUE,WED,THU,FRI,SAT",935,173
38460,Panskura Howrah EMU,MEMU,PKU,HWH,"SUN,MON,TUE,WED,THU,FRI,SAT",71,25
47169,Falaknuma Lingampalli MMTS,Hyd,FM,LPI,"SUN,MON,TUE,WED,THU,FRI,SAT",37,23
50106,Sawantwadi-Diva Passenger,Pass,SWV,DIVA,"SUN,MON,TUE,WED,THU,FRI,SAT",613,46
51097,Diva Panvel Passenger,Pass,DIVA,PNVL,"SUN,MON,TUE,WED,THU,FRI,SAT",26,7
51098,Panvel Diva Passenger,Pass,PNVL,DIVA,"SUN,MON,TUE,WED,THU,FRI,SAT",26,7
51347,Pune - Daund - Baramati Passenger,Pass,PUNE,BRMT,"SUN,MON,TUE,WED,THU,FRI,SAT",120,16
52019,Miyagam Chandod Mix Passenger,Pass,MYGL,CDD,"SUN,MON,TUE,WED,THU,FRI,SAT",49,9
52551,Purnia Murliganj Passenger,Pass,PRNA,MRIJ,"SUN,MON,TUE,WED,THU,FRI,SAT",56,9
52555,Purnia Murliganj Passenger,Pass,PRNA,MRIJ,"SUN,MON,TUE,WED,THU,FRI,SAT",56,10
52936,Ujjain Fatehabad Passenger,Pass,UJN,FTD,"SUN,MON,TUE,WED,THU,FRI,SAT",23,4
53610,Mughal Sarai Dehri on Sone Passenger,Pass,MGS,DOS,"SUN,MON,TUE,WED,THU,FRI,SAT",120,18
54261,Mughal Sarai Jaunpur Passenger,Pass,MGS,JNU,"SUN,MON,TUE,WED,THU,FRI,SAT",74,14
54268,Varanasi Mughal Sarai Passenger,Pass,BSB,MGS,"SUN,MON,TUE,WED,THU,FRI,SAT",17,4
54393,Moradabad Gajraula Passenger,Pass,MB,GJL,"SUN,MON,TUE,WED,THU,FRI,SAT",54,10
54704,Jodhpur Bhatinda Passenger,Pass,JU,BTI,"SUN,MON,TUE,WED,THU,FRI,SAT",601,58
55011,Siwan Gorakhpur Passenger,Pass,SV,GKP,"SUN,MON,TUE,WED,THU,FRI,SAT",119,18
55021,Samastipur Siwan InterCity Fast Passenger,Pass,SPJ,SV,"SUN,MON,TUE,WED,THU,FRI,SAT",226,37
55022,Siwan Samastipur Intercity Passenger,Pass,SV,SPJ,"SUN,MON,TUE,WED,THU,FRI,SAT",226,36
55335,Bareilly Lalkua Pass,Pass,BE,LKU,"SUN,MON,TUE,WED,THU,FRI,SAT",84,13
55541,Hajipur-Fulwaria Passenger,Pass,HJP,SV,"SUN,MON,TUE,WED,THU,FRI,SAT",120,21
55742,Jogbani Katihar Passenger,Pass,JBN,KIR,"SUN,MON,TUE,WED,THU,FRI,SAT",108,15
56524,HINDUPUR - KSR BENGALURU CITY Passenger,Pass,HUP,SBC,"SUN,MON,TUE,WED,THU,FRI,SAT",88,16
56611,Palakkad Nilambur Passenger,Pass,PGT,NIL,"SUN,MON,TUE,WED,THU,FRI,SAT",112,19
56834,Vriddhachalam Cuddalore Passenger,Pass,VRI,CUPJ,"MON,TUE,WED,THU,FRI,SAT",57,6
57425,Kacheguda Guntakal Passenger,Pass,KCG,GTL,"SUN,MON,TUE,WED,THU,FRI,SAT",358,49
57435,Kacheguda Kurnool Town Passenger,Pass,KCG,KRNT,"SUN,MON,TUE,WED,THU,FRI,SAT",236,36
57456,Mahbubnagar Secunderabad Passenger,Pass,MBNR,KCG,"SUN,MON,TUE,WED,THU,FRI,SAT",106,18
57562,Manmad - Kacheguda Passenger,Pass,MMR,KCG,"SUN,MON,TUE,WED,THU,FRI,SAT",626,86
57594,Nanded Kacheguda Passenger,Pass,NED,KCG,"SUN,MON,TUE,WED,THU,FRI,SAT",276,52
57620,Delta Fast Passenger,Pass,KCG,RAL,"SUN,MON,TUE,WED,THU,FRI,SAT",347,48
59353,Nagda Ujjain Passenger,Pass,NAD,UJN,"SUN,MON,TUE,WED,THU,FRI,SAT",56,8
12240,Jaipur-Mumbai Central AC Duronto Express,Drnt,JP,BCT,"SUN,MON,TUE,WED,THU,FRI,SAT",1159,168
12335,BHAGALPUR - MUMBAI LTT SF Exp,SF,BGP,LTT,"TUE,FRI",1917,310
12349,Bhagalpur-NewDelhi Weekly SF Express,SF,BGP,NDLS,"SUN,MON,TUE,WED,THU,FRI,SAT",1220,180
12409,Gondwana Express,SF,RIG,NZM,"MON,WED,THU,FRI,SAT",1626,195
12980,Jaipur - Mumbai Bandra (T.) (Triweekly) SF Express,SF,JP,BDTS,"MON,WED,FRI",1148,160
13348-Slip,Palamau Express Slip Slip,Exp,PNBE,SGRL,"SUN,MON,TUE,WED,THU,FRI,SAT",481,58
13352-Slip,Alappuzha Dhanbad Tatanagar Express Slip,Exp,ALLP,TATA,"SUN,MON,TUE,WED,THU,FRI,SAT",2359,357
13402,InterCity Express,Exp,DNR,BGP,"SUN,MON,TUE,WED,THU,FRI,SAT",231,45
13409,InterCity Express,Exp,MLDT,BGP,"SUN,MON,TUE,WED,THU,FRI,SAT",178,23
15202,Raxaul Hajipur InterCity,Exp,RXL,HJP,"SUN,MON,TUE,WED,THU,FRI,SAT",184,26
17016,Visakha Express,Exp,SC,BBS,"SUN,MON,TUE,WED,THU,FRI,SAT",1135,165
18411,Bhubaneswar-Visakhapatnam Inter City Express,Exp,BBS,VSKP,"SUN,MON,TUE,WED,THU,FRI,SAT",443,63
19047,SURAT - BHAGALPUR Tapti Ganga Exp,Exp,ST,BGP,"SUN,MON,TUE,WED,THU,FRI,SAT",1824,296
50103,Dadar Ratnagiri Passenger,Pass,DR,RN,"SUN,MON,TUE,WED,THU,FRI,SAT",422,48
52081,Jaipur Loharu Fast Passenger,Pass,JP,LHU,"SUN,MON,TUE,WED,THU,FRI,SAT",229,28
52279,Kaptanganj Thawe Passenger,Pass,THE,CPR,"SUN,MON,TUE,WED,THU,FRI,SAT",105,13
52296,Lal Kuan Bareilly Passenger,Pass,CPR,THE,"SUN,MON,TUE,WED,THU,FRI,SAT",105,13
52517,Sakri Laukaha Bazar Passenger,Pass,SKI,JJP,"SUN,MON,TUE,WED,THU,FRI,SAT",19,4
52974,Akola Ratlam Fast Passenger,Pass,AK,RTM,"SUN,MON,TUE,WED,THU,FRI,SAT",431,47
53021,Azimganj Bhagalpur Passenger,Pass,AZ,BGP,"SUN,MON,TUE,WED,THU,FRI,SAT",226,43
53029,Azimganj Bhagalpur Passenger,Pass,AZ,BGP,"SUN,MON,TUE,WED,THU,FRI,SAT",226,42
53441,Mandar Parvat Bhagalpur Passenger,Pass,MDLE,BGP,"MON,TUE,WED,THU,FRI,SAT",0,12
53443,Mandar Hill Bhagalpur Passenger,Pass,MDLE,BGP,"MON,TUE,WED,THU,FRI,SAT",50,12
53445,Mandar Hill Bhagalpur Passenger,Pass,MDLE,BGP,"SUN,MON,TUE,WED,THU,FRI,SAT",0,12
53447,Banka Bhagalpur Passenger,Pass,BAKA,BGP,"SUN,MON,TUE,WED,THU,FRI,SAT",53,12
53449,Banka Bhagalpur Passenger,Pass,BAKA,BGP,"SUN,MON,TUE,WED,THU,FRI,SAT",53,12
53521,ASANSOL VARANASI PASSENGER,Pass,ASN,BSB,"SUN,MON,TUE,WED,THU,FRI,SAT",479,69
53660,Sasaram-Patna Passenger,Pass,SSM,PNBE,"SUN,MON,TUE,WED,THU,FRI,SAT",147,22
54381,Gajraula Najibabad Passenger,Pass,GJL,NBD,"SUN,MON,TUE,WED,THU,FRI,SAT",107,12
54571,Ludhiana Firozpur Passenger,Pass,LDH,FZR,"SUN,MON,TUE,WED,THU,FRI,SAT",124,19
54604,Ludhiana Hisar Passenger,Pass,LDH,HSR,"SUN,MON,TUE,WED,THU,FRI,SAT",210,29
54808,Jaipur Ajmer Passenger,Pass,JP,AII,"SUN,MON,TUE,WED,THU,FRI,SAT",128,19
56378,Kayankulam Alappuzha Passenger,Pass,KYJ,ALLP,"SUN,MON,TUE,WED,THU,FRI,SAT",44,9
56825,Erode Tirunelveli Passenger,Pass,ED,TEN,"SUN,MON,TUE,WED,THU,FRI,SAT",358,36
56844,Erode-Tiruchchirapalli Passenger,Pass,ED,TPJ,"SUN,MON,TUE,WED,THU,FRI,SAT",141,26
56903,Solapur - Dharwar Passenger,Pass,SUR,DWR,"SUN,MON,TUE,WED,THU,FRI,SAT",378,51
57515,Daund Nanded Passenger,Pass,DD,NED,"SUN,MON,TUE,WED,THU,FRI,SAT",586,58
57624,Guntur Kacheguda Pass,Pass,GNT,KCG,"SUN,MON,TUE,WED,THU,FRI,SAT",623,77
58027,Bhubaneswar-Khurda Road passenger,Pass,BBS,KUR,"SUN,MON,TUE,WED,THU,FRI,SAT",19,4
58426,Bhubaneswar-Kendujhargarh Fast Passenger,Pass,BBS,KDJR,"SUN,MON,TUE,WED,THU,FRI,SAT",215,32
58812,Itwari Ramtek Passenger,Pass,ITR,RTK,"SUN,MON,TUE,WED,THU,FRI,SAT",38,5
58845,Itwari Nagbahir Passenger,Pass,ITR,NAB,"SUN,MON,TUE,WED,THU,FRI,SAT",106,7
59307,Indore Jaipur link Express,Pass,INDB,JP,"SUN,MON,TUE,WED,THU,FRI,SAT",685,80
59701,Jaipur Hisar Passenger,Pass,JP,HSR,"SUN,MON,TUE,WED,THU,FRI,SAT",368,48
59706,Jaipur Suratgarh Passenger,Pass,JP,SOG,"SUN,MON,TUE,WED,THU,FRI,SAT",562,55
63242,Gaya Patna Passenger MEMU,MEMU,GAYA,PNBE,"SUN,MON,TUE,WED,THU,FRI,SAT",92,14
63554,Asansol-Bokaro Steel City MEMU Passenger,MEMU,ASN,BKSC,"SUN,MON,TUE,WED,THU,FRI,SAT",140,22
02094,Loharu - Jaipur Passenger Spl (MG),Pass,LHU,JP,"SUN,MON,TUE,WED,THU,FRI,SAT",230,24
22406,AnandVihar Terminal-Bhagalpur Garib Rath,GR,ANVT,BGP,"SUN,MON,TUE,WED,THU,FRI,SAT",1207,176
06593,Yesvantpur-Hosur Passenger Special,Pass,YPR,HSRA,"MON,TUE,WED,THU,FRI,SAT",67,10
06345,,Exp,POY,PGTN,"SUN,MON,TUE,WED,THU,FRI,SAT",638,8
06001,Chennai Central-Kollam SF Special,SF,MAS,QLN,"SUN,MON,TUE,WED,THU,FRI,SAT",858,149
01102,Gwalior Mumbai LTT (Weekly) Special,Exp,GWL,LTT,"SUN,MON,TUE,WED,THU,FRI,SAT",1216,152
04857,Pipar Road -Jodhpur Passenger Special,Pass,PPR,JU,"SUN,MON,TUE,WED,THU,FRI,SAT",46,7
09001,Mumbai Central - Ahmedabad SF Special,SF,BCT,ADI,"SUN,MON,TUE,WED,THU,FRI,SAT",491,99
04204,Delhi Jn. -Varanasi Special,Exp,DLI,BSB,MON,770,111
02414,Sri Ganganagar Sadulpur Passenger Holiday Special,Pass,SGNR,SDLP,"SUN,MON,TUE,WED,THU,FRI,SAT",246,20
11098,ERNAKULAM - PUNE Poorna Exp,Exp,ERS,PUNE,MON,1435,176
07143,Hyderabad - C.Shahu Maharaj T. Kolhapur Special,Exp,HYB,KOP,"SUN,MON,TUE,WED,THU,FRI,SAT",998,127
11063,CHENNAI EGMORE - METTUR DAM SLIP EXP,Exp,MS,MTDM,"SUN,MON,TUE,WED,THU,FRI,SAT",353,73
08060,Howrah - Mumbai LTT SF Special,SF,HWH,LTT,"SUN,MON,TUE,WED,THU,FRI,SAT",1952,257
01493,Hubli Bijapur Special,Exp,UBL,BJP,"SUN,MON,TUE,WED,THU,FRI,SAT",249,33
05649,Mumbai LTT - Kamakhya (Weekly) Special,Exp,LTT,KYQ,"SUN,MON,TUE,WED,THU,FRI,SAT",2665,334
01101,Mumbai LTT - Gwalior (Weekly) Special,Exp,LTT,GWL,"SUN,MON,TUE,WED,THU,FRI,SAT",1216,152
04727,Bikaner-Mumbai BandraT SF Special,SF,BKN,BDTS,"SUN,MON,TUE,WED,THU,FRI,SAT",1212,185
06010,KollamChennai Central SF Special,SF,QLN,MAS,"SUN,MON,TUE,WED,THU,FRI,SAT",858,149
04012,H. Nizamuddin - Sainagar Shirdi (Weekly) Special,Exp,NZM,SNSI,"SUN,MON,TUE,WED,THU,FRI,SAT",1360,158
06346,PALGHAT TOWN - POLLACHI Passenger SPL,Exp,PGTN,POY,"SUN,MON,TUE,WED,THU,FRI,SAT",638,7
11701,JABALPUR - INDORE Intercity Exp,Exp,JBP,INDB,"SUN,MON,TUE,WED,THU,FRI,SAT",761,92
07106,Hyderabad-Ajmer Weekly Special,Exp,HYB,AII,"SUN,MON,TUE,WED,THU,FRI,SAT",2034,246
08056,Tirupati-Kolkata Shalimar Special,SF,TPTY,SHM,"SUN,MON,TUE,WED,THU,FRI,SAT",1616,253
11034,DARBHANGA - PUNE Gyan Ganga Exp,Exp,DBG,PUNE,FRI,1948,272
11013,Mumbai LTT-Coimbatore Express,Exp,LTT,CBE,"SUN,MON,TUE,WED,THU,FRI,SAT",1518,197
07604,Kamareddi Kacheguda Special,Pass,KMC,KCG,"SUN,MON,TUE,WED,THU,FRI,SAT",114,32
09723,Sabarmati - Jaipur SF Holiday Special,SF,SBI,JP,WED,620,95
09722,Delhi Sarai Rohilla -Jaipur SF Special,SF,DEE,JP,"SUN,MON,TUE,WED,THU,FRI,SAT",303,51
11097,PUNE - ERNAKULAM Poorna Exp,Exp,PUNE,ERS,SAT,1435,176
11046,DHANBAD - KOLHAPUR CSMT Deekshabhoomi Exp,Exp,DHN,KOP,MON,2968,376
11061,MUMBAI LTT - DARBHANGA Pawan Exp,Exp,LTT,DBG,"SUN,MON,TUE,WED,THU,FRI,SAT",1791,278
12001,Bhopal-New Delhi Shatabdi Express,Shtb,BPL,NDLS,"SUN,MON,TUE,WED,THU,FRI,SAT",701,87
12019,Howrah-Ranchi Shatabdi Express,Shtb,HWH,RNC,"SUN,MON,TUE,WED,THU,FRI,SAT",423,81
11265,JABALPUR - AMBIKAPUR Exp,Exp,JBP,ABKP,"SUN,MON,TUE,WED,THU,FRI,SAT",433,49
12027,CHENNAI CENT - BANGALORE CITY Shatabdi Exp,Shtb,MAS,SBC,"SUN,MON,TUE,WED,THU,FRI,SAT",362,75
12030,Amritsar-New Delhi Swarna Shatabdi Express,Shtb,ASR,NDLS,"SUN,MON,TUE,WED,THU,FRI,SAT",448,69
12071,Mumbai Aurangabad Jan Shatabdi,JShtb,CSTM,AWB,"SUN,MON,TUE,WED,THU,FRI,SAT",374,59
12077,Chennai Vijayawada Jan Shatabdi Express,JShtb,MAS,BZA,"SUN,MON,TUE,WED,THU,FRI,SAT",431,72
12121,JABALPUR - DELHI H NIZAMUDDIN S Kranti Exp,SKr,JBP,NZM,"SUN,WED,FRI",909,115
12142,PATLIPUTRA - MUMBAI LTT SF Exp,SF,PPTA,LTT,"SUN,MON,TUE,WED,THU,FRI,SAT",1714,247
55247,Barauni-Hajipur Passenger,Pass,BJU,HJP,"SUN,MON,TUE,WED,THU,FRI,SAT",88,15
55539,Katihar Hajipur Passenger,Pass,KIR,HJP,"SUN,MON,TUE,WED,THU,FRI,SAT",268,33
55542,Phulwaria Hajipur Passenger,Pass,BHBR,HJP,"SUN,MON,TUE,WED,THU,FRI,SAT",0,25
55549,Barauni-Hajipur Passenger,Pass,BJU,HJP,"SUN,MON,TUE,WED,THU,FRI,SAT",88,15
59151,Nadiad Modasa Passenger,Pass,ND,MDSA,"SUN,MON,TUE,WED,THU,FRI,SAT",105,9
12394,Sampoorna Kranti Express,SF,NDLS,RJPB,"SUN,MON,TUE,WED,THU,FRI,SAT",1001,142
12555,Gorakhdham Express,SF,GKP,HSR,"SUN,MON,TUE,WED,THU,FRI,SAT",962,141
12257,Yesvantapur Kochuveli Garib Rath Express,GR,YPR,KCVL,"SUN,MON,TUE,WED,THU,FRI,SAT",808,118
12182,AJMER - JABALPUR Dayodaya Express,SF,AII,JBP,"SUN,MON,TUE,WED,THU,FRI,SAT",894,131
12346,GUWAHATI - HOWRAH Saraighat SF Exp,SF,GHY,HWH,"SUN,MON,TUE,WED,THU,FRI,SAT",1020,176
12283,ERNAKULAM - DELHI H NIZAMUDDIN Duronto Exp,Drnt,ERS,NZM,"SUN,MON,TUE,WED,THU,FRI,SAT",2943,371
12146,PURI - MUMBAI LTT SF Exp,SF,PURI,LTT,TUE,1818,256
12471,Mumbai Bandra (T.) - Jammu Tawi SF Swaraj Express,SF,BDTS,JAT,"SUN,MON,THU,FRI",1950,281
12722-Slip,Dakshin Link SF Express,SF,NZM,VSKP,"SUN,MON,TUE,WED,THU,FRI,SAT",2097,258
12317,KOLKATA SEALDAH - AMRITSAR Akal Takht Exp,SF,SDAH,ASR,"SUN,WED",1898,372
12619,MUMBAI LTT - MANGALORE CENT Matsyagandha Exp,SF,LTT,MAQ,"SUN,MON,TUE,WED,THU,FRI,SAT",1185,94
12193,Bhopal Partapgarh Express,SF,BPL,PBH,SUN,756,96
12258,Kochuveli-Yesvantpur Garib Rath,GR,KCVL,YPR,"SUN,MON,TUE,WED,THU,FRI,SAT",808,118
12165,MUMBAI LTT - VARANASI Ratnagiri Exp,SF,LTT,BSB,"MON,THU,FRI",1483,200
12615,Grand Trunk (GT) Express,SF,MAS,NDLS,"SUN,MON,TUE,WED,THU,FRI,SAT",2184,274
12286,Hazrat Nizamuddin-Secunderabad Duronto Express,Drnt,NZM,SC,"SUN,MON,TUE,WED,THU,FRI,SAT",1660,187
12395,RajendraNagar-Ajmer Ibadat Express,SF,RJPB,AII,WED,1305,176
12463,Rajasthan Sampark Kranti Express,SKr,DEE,JU,WED,616,88
12227,Mumbai Central- Indore Duronto Express,Drnt,BCT,INDB,"SUN,MON,TUE,WED,THU,FRI,SAT",829,134
12181,JABALPUR - AJMER Dayodaya Exp,SF,JBP,AII,"SUN,MON,TUE,WED,THU,FRI,SAT",896,131
12350,NewDelhi-Bhagalpur Weekly SF Express,SF,NDLS,BGP,"SUN,MON,TUE,WED,THU,FRI,SAT",1220,180
12263,Pune - Hazrat Nizamuddin AC Duronto Express,Drnt,PUNE,NZM,"SUN,MON,TUE,WED,THU,FRI,SAT",1520,212
12546,MUMBAI LTT - RAXAUL Karmabhoomi Exp,SF,LTT,RXL,SAT,1882,327
12336,MUMBAI LTT - BHAGALPUR SF Exp,SF,LTT,BGP,"SUN,TUE",1917,310
12467,Bikaner Jaipur InterCity,SF,BKN,JP,"SUN,MON,TUE,WED,THU,FRI,SAT",382,41
12315,Ananya Express,SF,SDAH,UDZ,THU,2141,307
12580,Puri Digha Samudra Kanya Super Fast Express,SF,PURI,DGHA,"SUN,MON,TUE,WED,THU,FRI,SAT",549,91
12633,CHENNAI EGMORE - KANNIYAKUMARI SF Exp,SF,MS,CAPE,"SUN,MON,TUE,WED,THU,FRI,SAT",742,122
12542,Mumbai LTT-Gorakhpur SF Express,SF,LTT,GKP,"SUN,MON,TUE,WED,THU,FRI,SAT",1680,221
12448-Slip,Nizamuddin KhajurahoLink Express Slip,SKr,NZM,KURJ,"SUN,MON,TUE,WED,THU,FRI,SAT",604,63
12653,Tiruchirappalli Mangalore Weekly Superfast Express,SF,TPJ,MAQ,"SUN,MON,TUE,WED,THU,FRI,SAT",635,108
12463-Slip,Rajasthan Sampark Kranti Express Slip,SKr,DEE,BKN,"SUN,MON,TUE,WED,THU,FRI,SAT",685,91
12636,MADURAI - CHENNAI EGMORE Vaigai SF Exp,SF,MDU,MS,"SUN,MON,TUE,WED,THU,FRI,SAT",497,94
12561,Swatantrata Sainani Express,SF,DBG,NDLS,"SUN,MON,TUE,WED,THU,FRI,SAT",1166,176
12641,KANYAKUMARI - D H NIZAMUDDIN Thirukkural Exp,SF,CAPE,NZM,"WED,FRI",2922,435
12739,Visakhapatnam Secunderabad Garib Rath Express,GR,VSKP,SC,"SUN,MON,TUE,WED,THU,FRI,SAT",701,102
12652,DELHI H NIZAMUDDIN - MADURAI Tamil Nadu S Kranti,SKr,NZM,MDU,"TUE,THU",2677,407
12687-Slip,Chennai Chandigarh Express Slip,SF,MAS,DDN,"SUN,MON,TUE,WED,THU,FRI,SAT",2488,317
12782,Nizamuddin-Mysore Swarna Jayanti Express,SF,NZM,MYS,MON,2617,294
12684,BANGALORE - ERNAKULAM SF Exp,SF,SBC,ERS,"MON,TUE,THU",625,94
12803,Visakhapatnam-Nizamuddin SwarnaJayanthi Express,SF,VSKP,NZM,"MON,FRI",2097,258
12810,HOWRAH - MUMBAI CST SF Mail (via NAGPUR),SF,HWH,CSTM,"SUN,MON,TUE,WED,THU,FRI,SAT",1968,299
12826,Jharkhand Sampark Kranti Express,SKr,NDLS,RNC,"WED,SAT",1309,178
12846,BENGALURU CANTT - BHUBANESWAR SF Exp,SF,BNC,BBS,MON,1524,237
12847,Howrah-Digha AC Duronto Express,Drnt,HWH,DGHA,"SUN,MON,TUE,WED,THU,FRI,SAT",189,38
12848,Digha-Howrah AC Duronto Express,Drnt,DGHA,HWH,"SUN,MON,TUE,WED,THU,FRI,SAT",189,38
12849,Bilaspur Pune SF Express,SF,BSP,PUNE,THU,1301,156
12850,Pune Bilaspur Superfast Express,SF,PUNE,BSP,FRI,1301,156
12851,Bilaspur-Chennai Express,SF,BSP,MAS,SUN,1413,182
12852,Chennai-Bilaspur Express,SF,MAS,BSP,MON,1413,182
12853,DURG - BHOPAL Amarkantak SF Exp,SF,DURG,BPL,"SUN,MON,TUE,WED,THU,FRI,SAT",894,112
12854,BHOPAL - DURG Amarkantak SF Exp,SF,BPL,DURG,"SUN,MON,TUE,WED,THU,FRI,SAT",894,116
12855,Bilaspur-Nagpur InterCity,SF,BSP,NGP,"SUN,MON,TUE,WED,THU,FRI,SAT",411,56
12856,Nagpur-Bilaspur InterCity,SF,NGP,BSP,"SUN,MON,TUE,WED,THU,FRI,SAT",411,56
12857,Tamralipta Express,SF,HWH,DGHA,"SUN,MON,TUE,WED,THU,FRI,SAT",189,38
12858,Tamralipta Express,SF,DGHA,HWH,"SUN,MON,TUE,WED,THU,FRI,SAT",189,38
12859,MUMBAI CST - HOWRAH Gitanjali Exp,SF,CSTM,HWH,"SUN,MON,TUE,WED,THU,FRI,SAT",1968,301
12860,HOWRAH - MUMBAI CST Gitanjali Exp,SF,HWH,CSTM,"SUN,MON,TUE,WED,THU,FRI,SAT",1968,303
12861,Link Superfast Express,SF,VSKP,NZM,"SUN,MON,TUE,WED,THU,FRI,SAT",2097,258
12862,LINK SUPERFAST EXPRESS,SF,KZJ,VSKP,"SUN,MON,TUE,WED,THU,FRI,SAT",567,87
12863,HOWRAH - YESVANTPUR SF Exp,SF,HWH,YPR,"SUN,MON,TUE,WED,THU,FRI,SAT",1963,332
52332,Saharsa-Raghopur Passenger,Pass,SHC,RGV,"SUN,MON,TUE,WED,THU,FRI,SAT",63,13
12864,YESVANTPUR - HOWRAH SF Exp,SF,YPR,HWH,"SUN,MON,TUE,WED,THU,FRI,SAT",1963,329
12865,Lalmati Express,SF,HWH,PRR,"TUE,SAT",340,66
52401,Ratangarh Sardarshahar Passenger,Pass,RTGH,SRDR,"SUN,MON,TUE,WED,THU,FRI,SAT",46,3
12866,Lalmati Express,SF,PRR,HWH,"MON,FRI",340,66
52402,Sardarshahar Ratangarh Passenger,Pass,SRDR,RTGH,"SUN,MON,TUE,WED,THU,FRI,SAT",46,3
12867,Howrah-Puducherry Express,SF,HWH,PDY,SUN,1907,287
16126,JODHPUR - CHENNAI EGMORE Exp,Exp,JU,MS,"SUN,MON,TUE,WED,THU,FRI,SAT",2356,363
13201,RAJENDRA NAGAR PATNA - MUMBAI LTT Janta Exp,Exp,RJPB,LTT,"SUN,MON,TUE,WED,THU,FRI,SAT",1715,244
12868,Puducherry-Howrah (Aurobindo) Express,SF,PDY,HWH,WED,1907,287
14041,DELHI SARAI ROHILLA - DEHRADUN Mussoorie Exp,Exp,DEE,DDN,"SUN,MON,TUE,WED,THU,FRI,SAT",339,55
13157,KOLKATA CHITPUR - MUZAFFARPUR Tirhut Exp,Exp,KOAA,MFP,TUE,566,123
12950,K SANTRAGANCHI - PORBANDAR Kavi Guru SF Exp,SF,SRC,PBR,SUN,2658,397
12878,New Delhi-Ranchi Garib Rath,GR,NDLS,RNC,"SUN,MON,TUE,WED,THU,FRI,SAT",1344,179
12987,Sealdah Ajmer Express,SF,SDAH,AII,"SUN,MON,TUE,WED,THU,FRI,SAT",1642,249
15233,KOLKATA CHITPUR - DARBHANGA Maithili Exp,Exp,KOAA,DBG,"MON,THU",539,133
12869,MUMBAI CST - HOWRAH SF Exp,SF,CSTM,HWH,SUN,1968,301
15036,Uttarakhand Sampark Kranti Express,SKr,KGM,DLI,"SUN,MON,TUE,WED,THU,FRI,SAT",278,39
13151,Kolkata Chitpur-JammuTawi Express,Exp,KOAA,JAT,"SUN,MON,TUE,WED,THU,FRI,SAT",1982,299
14312,BHUJ - BAREILLY Ala Hazrat Exp,Exp,BHUJ,BE,"TUE,WED,FRI",1543,242
12953,MumbaiCentral-H Nizamuddin August Kranti Rajdhani Express,Raj,BCT,NZM,"SUN,MON,TUE,WED,THU,FRI,SAT",1377,198
12905,PORBANDAR - HOWRAH SF Exp,SF,PBR,HWH,"WED,THU",2551,386
12870,HOWRAH - MUMBAI CST SF Exp,SF,HWH,CSTM,FRI,1968,301
13420,Jan Sewa Express,Exp,MFP,BGP,"SUN,MON,TUE,WED,THU,FRI,SAT",240,36
12995-Slip,Bandra-Udaipur SF Express Slip,SF,BDTS,AII,"SUN,MON,TUE,WED,THU,FRI,SAT",1017,145
13318,Black Diamond Express,Exp,DHN,HWH,"SUN,MON,TUE,WED,THU,FRI,SAT",271,59
13187,Maa Tara Express,Exp,SDAH,RPH,"SUN,MON,TUE,WED,THU,FRI,SAT",226,54
14019,Chhindwara Delhi SR (Biweekly) Kanhan valley Express,Exp,CWA,DEE,THU,1050,132
12972,Bhavnagar Bandra Express,SF,BVC,BDTS,"SUN,MON,TUE,WED,THU,FRI,SAT",778,126
12906,HOWRAH - PORBANDAR SF Exp,SF,HWH,PBR,"FRI,SAT",2551,387
12871,HOWRAH - TITLAGARH Ispat Exp,SF,HWH,TIG,"MON,WED,SAT",745,117
13153,Sealdah-Malda Town Gour Express,Exp,SDAH,MLDT,"SUN,MON,TUE,WED,THU,FRI,SAT",347,71
15017,MUMBAI LTT - GORAKHPUR Kashi Exp,Exp,LTT,GKP,"SUN,MON,TUE,WED,THU,FRI,SAT",1714,230
15268,MUMBAI LTT - RAXAUL Jan Sadharan Exp,Exp,LTT,RXL,MON,1979,281
13053,Howrah-Siuri Intercity Express,Exp,HWH,SURI,"SUN,MON,TUE,WED,THU,FRI,SAT",211,45
14218,Chandigarh Allahabad Unchahar Express,Exp,CDG,ALD,"SUN,MON,TUE,WED,THU,FRI,SAT",913,126
14887,Kalka - Barmer Chandigarh Express,Exp,KLK,BME,"SUN,MON,TUE,WED,THU,FRI,SAT",1117,113
15271,Howrah-Muzaffarpur JanSadharan Express,Exp,HWH,MFP,WED,549,94
13403,Vananchal Express,Exp,RNC,BGP,"SUN,MON,TUE,WED,THU,FRI,SAT",558,79
13503,Sealdah-Asansol InterCity Express,Exp,SDAH,ASN,"SUN,MON,TUE,WED,THU,FRI,SAT",220,49
16107,Chennai Egmore-Mangalore Express,Exp,MS,MAQ,"SUN,MON,TUE,WED,THU,FRI,SAT",983,181
14659,Delhi-Jaisalmer Express,Exp,DLI,JSM,"SUN,MON,TUE,WED,THU,FRI,SAT",921,114
15651,GUWAHATI - JAMMU TAWI Lohit Exp,Exp,GHY,JAT,MON,2352,385
16321,Bangalore Tiruvananthapuram Weekly Express,Exp,SBC,TVC,"SUN,MON,TUE,WED,THU,FRI,SAT",843,134
17031,Mumbai CST-Hyderabad Express,Exp,CSTM,HYB,"SUN,MON,TUE,WED,THU,FRI,SAT",790,138
17018,Secunderabad - Rajkot Express,Exp,SC,RJT,"SUN,MON,TUE,WED,THU,FRI,SAT",1478,230
15763,Balurghat-New Jalpaiguri Intercity Express,Exp,BLGT,NJP,"SUN,MON,TUE,WED,THU,FRI,SAT",303,45
16507,BHAGAT KI KOTHI - BANGALORE Exp,Exp,BGKT,SBC,"THU,SAT",2116,332
16558,Bangalore Mysore Rajya Rani Express,Exp,SBC,MYS,"SUN,MON,TUE,WED,THU,FRI,SAT",137,23
16701,Chennai Egmore-Rameshwaram Express,Exp,MS,RMM,"SUN,MON,TUE,WED,THU,FRI,SAT",665,119
17401-Slip,Tirupati-Narsapur Express Slip,Exp,TPTY,NS,"SUN,MON,TUE,WED,THU,FRI,SAT",525,86
17481-Slip,Bilaspur Manmad Express Slip,Exp,BSP,MMR,"SUN,MON,TUE,WED,THU,FRI,SAT",2059,254
18001,Kandari Express,Exp,HWH,DGHA,"SUN,MON,TUE,WED,THU,FRI,SAT",189,38
18006,JAGDALPUR - HOWRAH Samaleshwari Exp,Exp,JDB,HWH,"SUN,MON,TUE,WED,THU,FRI,SAT",1057,157
52244,AISHBAGH - PILIBHIT PASSENGER,Pass,ASSH,PBE,"SUN,MON,TUE,WED,THU,FRI,SAT",316,34
19711-Slip,Jaipur-Indore Express Slip,Exp,JP,INDB,"SUN,MON,TUE,WED,THU,FRI,SAT",685,80
22823,BHUBANESWAR - NEW DELHI RAJDHANI Express,Raj,BBS,NDLS,"SUN,MON,TUE,WED,THU,FRI,SAT",1800,294
47123,Hyderabad Lingampalli MMTS,Hyd,HYB,LPI,"SUN,MON,TUE,WED,THU,FRI,SAT",25,14
18618,Ranchi-Howrah Intercity,Exp,RNC,HWH,"SUN,MON,TUE,WED,THU,FRI,SAT",462,80
41503,Chennai Beach Velachery Sunday EMU,MEMU,MSB,VLCY,"SUN,MON,TUE,WED,THU,FRI,SAT",18,17
18030,KOLKATA SALIMAR - MUMBAI LTT [Kurla] Exp,Exp,SHM,LTT,"SUN,MON,TUE,WED,THU,FRI,SAT",1951,286
33593,Sealdah-Basirath Local,MEMU,SDAH,BT,"SUN,MON,TUE,WED,THU,FRI,SAT",22,12
47207,Falaknuma Lingampalli Suburban,Hyd,FM,LPI,"SUN,MON,TUE,WED,THU,FRI,SAT",37,23
21068,Rai Bareli-Mumbai LTT Saket Express,Exp,RBL,LTT,"SUN,THU",1502,201
19106,Haridwar-Ahmedabad Mail,Mail,HW,ADI,"SUN,MON,TUE,WED,THU,FRI,SAT",1207,185
52228,Tanakpur Aishbagh Express,Pass,TPU,ASH,"SUN,MON,TUE,WED,THU,FRI,SAT",322,34
41021,Chennai Beach Velachery EMU,MEMU,MSB,VLCY,"SUN,MON,TUE,WED,THU,FRI,SAT",18,17
18235-Slip,Bilaspur Express Passenger Slip,Pass,BPL,CHRM,"SUN,MON,TUE,WED,THU,FRI,SAT",653,73
22824,NEW DELHI - BHUBANESWAR Rajdhani Exp (Via Bokaro),Raj,NDLS,BBS,"SUN,MON,TUE,WED,THU,FRI,SAT",1800,293
51189,ITARSI - ALLAHABAD Passenger,Pass,ET,ALD,"SUN,MON,TUE,WED,THU,FRI,SAT",612,72
51606,Chirmiri Katni Passenger,Pass,CHRM,DMO,"SUN,MON,TUE,WED,THU,FRI,SAT",360,41
38462,Panskura Howrah EMU,MEMU,PKU,HWH,"SUN,MON,TUE,WED,THU,FRI,SAT",71,25
19115,MUMBAI BANDRA - BHUJ Sayaji Nagari Exp,Exp,BDTS,BHUJ,"SUN,MON,TUE,WED,THU,FRI,SAT",839,144
18412,Visakhapatnam-Bhubaneswar Inter City Express,Exp,VSKP,BBS,"SUN,MON,TUE,WED,THU,FRI,SAT",443,63
22161,Bhopal Damoh Rajya Rani exp,SF,BPL,DMO,"SUN,MON,TUE,WED,THU,FRI,SAT",291,34
47115,Hyderabad Lingampalli MMTS,Hyd,HYB,LPI,"SUN,MON,TUE,WED,THU,FRI,SAT",25,14
47167,Falaknuma Lingampalli MMTS,Hyd,FM,LPI,"SUN,MON,TUE,WED,THU,FRI,SAT",37,23
25201,Sugauli Narkatiaganj InterCity Link Express,Exp,SGL,NKE,"MON,TUE,WED,THU,FRI,SAT",59,7
41065,Chennai Beach Velachery EMU,Pass,MSB,VLCY,"SUN,MON,TUE,WED,THU,FRI,SAT",18,17
51862,Konch Ait Passenger,Pass,KNH,AIT,"MON,TUE,WED,THU,FRI,SAT",13,2
51261,Amravati Wardha Passenger,Pass,AMI,WR,"SUN,MON,TUE,WED,THU,FRI,SAT",101,12
40514,Chengulpet Chennai Beach Semi Fast EMU (12 Car),MEMU,CGL,MSB,"SUN,MON,TUE,WED,THU,FRI,SAT",59,29
51112,Dhule Chalisgaon Mix Passenger,Pass,DHI,CSN,"SUN,MON,TUE,WED,THU,FRI,SAT",56,9
51820,Allahabad Jhansi Passenger,Pass,ALD,JHS,"SUN,MON,TUE,WED,THU,FRI,SAT",390,41
51702,REWA - JABALPUR PASSENGER,Pass,REWA,JBP,"SUN,MON,TUE,WED,THU,FRI,SAT",238,26
51673,ITARSI - SATNA Passenger,Pass,ET,STA,"SUN,MON,TUE,WED,THU,FRI,SAT",434,47
51240,Betul Amla Passenger,Pass,BZU,AMLA,"SUN,MON,TUE,WED,THU,FRI,SAT",23,4
51885,BINA DAMOH PASS,Pass,BINA,DMO,"SUN,MON,TUE,WED,THU,FRI,SAT",152,17
51909,Delhi Shamli Saharanpur Passenger,Pass,DLI,SRE,"MON,TUE,WED,THU,FRI,SAT",164,36
51613,KOTA - KATNI Passenger,Pass,KOTA,KTE,"SUN,MON,TUE,WED,THU,FRI,SAT",455,71
52107,Neral Matheran Passenger,Toy,NRL,MAE,"SUN,SAT",21,2
52213,Bareilly Mailani Passenger,Pass,BRY,MLN,"SUN,MON,TUE,WED,THU,FRI,SAT",125,21
52321,Forbesganj-Saharsa Passenger,Pass,FBG,SHC,"SUN,MON,TUE,WED,THU,FRI,SAT",112,11
52331,Raghopur-Saharsa Passenger,Pass,RGV,SHC,"SUN,MON,TUE,WED,THU,FRI,SAT",63,13
52403,Ratangarh Sardarshahar Passenger,Pass,RTGH,SRDR,"SUN,MON,TUE,WED,THU,FRI,SAT",46,3
52404,Sardarshahar Ratangarh Passenger,Pass,SRDR,RTGH,"SUN,MON,TUE,WED,THU,FRI,SAT",46,3
52405,Hanumangarh Suratgarh Passenger,Pass,SDLP,SGNR,"SUN,MON,TUE,WED,THU,FRI,SAT",246,20
52406,Suratgarh Hanumangarh Passenger,Pass,SGNR,SDLP,"SUN,MON,TUE,WED,THU,FRI,SAT",246,20
52407,Sadulpur Suratgarh Passenger,Pass,SDLP,SGNR,"SUN,MON,TUE,WED,THU,FRI,SAT",246,20
52408,Suratgarh Sadulpur Passenger,Pass,SGNR,SDLP,"SUN,MON,TUE,WED,THU,FRI,SAT",246,31
52411,Sadulpur Shri Ganganagar Passenger,Pass,SDLP,SGNR,"SUN,MON,TUE,WED,THU,FRI,SAT",246,20
52412,Shri Ganganagar Sadulpur Passenger,Pass,SGNR,SDLP,"SUN,MON,TUE,WED,THU,FRI,SAT",246,20
52413,SDLP SOG PASS,Pass,SDLP,SGNR,"SUN,MON,TUE,WED,THU,FRI,SAT",246,20
52414,SOG SDLP PASS,Pass,SGNR,SDLP,"SUN,MON,TUE,WED,THU,FRI,SAT",246,32
52415,Hanumangarh Suratgarh Passenger,Pass,SDLP,SOG,"SUN,MON,TUE,WED,THU,FRI,SAT",378,26
52451,Shivalik Deluxe Express,Exp,KLK,SML,"SUN,MON,TUE,WED,THU,FRI,SAT",96,19
52452,Shivalik Deluxe Express,Exp,SML,KLK,"SUN,MON,TUE,WED,THU,FRI,SAT",96,19
52453,Kalka Shimla Express,Pass,KLK,SML,"SUN,MON,TUE,WED,THU,FRI,SAT",96,19
52454,Shimla Kalka Express,Pass,SML,KLK,"SUN,MON,TUE,WED,THU,FRI,SAT",96,19
52455,Himalayan Queen,Pass,KLK,SML,"SUN,MON,TUE,WED,THU,FRI,SAT",96,19
52456,Himalayan Queen,Pass,SML,KLK,"SUN,MON,TUE,WED,THU,FRI,SAT",96,19
52457,Kalka Shimla Passenger,Pass,KLK,SML,"SUN,MON,TUE,WED,THU,FRI,SAT",96,19
52458,Shimla Kalka Passenger,Pass,SML,KLK,"SUN,MON,TUE,WED,THU,FRI,SAT",96,19
52461,Pathankot Jawalamukhi Road Passenger,Pass,PTK,JMKR,"SUN,MON,TUE,WED,THU,FRI,SAT",124,17
52462,Kangra Valley Rail Passenger,Pass,JMKR,PTK,"SUN,MON,TUE,WED,THU,FRI,SAT",125,17
52463,Kangra Valley Rail Passenger,Pass,PTK,BJPL,"SUN,MON,TUE,WED,THU,FRI,SAT",147,27
52464,BAIJNATHPAPROLA - PATHANKOT PASS,Pass,BJPL,PTK,"SUN,MON,TUE,WED,THU,FRI,SAT",147,27
52465,PATHANKOT - PATHANKOT PASSENGER,Pass,PTK,BJPL,"SUN,MON,TUE,WED,THU,FRI,SAT",147,30
52905,Mahesana Ahmedabad Passenger,Pass,MSH,ADI,"SUN,MON,TUE,WED,THU,FRI,SAT",69,20
56889,Tiruvarur Tiruturaipudi Passenger,Pass,TVR,TTP,"SUN,MON,TUE,WED,THU,FRI,SAT",26,10
57123,Bhadrachalam Sirpur Kagaznagar Passenger,Pass,BDCR,SRUR,"SUN,MON,TUE,WED,THU,FRI,SAT",330,39
54404,Meerut City Khurja Passenger,Pass,MTC,KRJ,"SUN,MON,TUE,WED,THU,FRI,SAT",94,14
52466,Kangra Valley Rail Passenger,Pass,BJPL,PTK,"SUN,MON,TUE,WED,THU,FRI,SAT",147,28
53220,Mughal Sarai Buxar Passenger,Pass,MGS,BXR,"SUN,MON,TUE,WED,THU,FRI,SAT",94,16
53415,Sahibganj Jamalpur Passenger,Pass,SBG,JMP,"SUN,MON,TUE,WED,THU,FRI,SAT",135,26
53522,Varanasi-Asansol Passenger,Pass,BSB,ASN,"SUN,MON,TUE,WED,THU,FRI,SAT",489,71
52925,Khed Brahma Ahmedabad Passenger,Pass,KDBM,ADI,"SUN,MON,TUE,WED,THU,FRI,SAT",188,28
55318,Kashipur Lalkuan Passenger,Pass,KPV,LKU,"SUN,MON,TUE,WED,THU,FRI,SAT",59,6
54467,Tundla Barhan Etah Passenger,Pass,TDL,ETAH,"SUN,MON,TUE,WED,THU,FRI,SAT",73,8
52533,Banmankhi Bihariganj Passenger,Pass,BNKI,BHGJ,"SUN,MON,TUE,WED,THU,FRI,SAT",27,5
54309,Delhi Rewari Passenger,Pass,DLI,RE,"SUN,MON,TUE,WED,THU,FRI,SAT",82,22
53335,Dhanbad Ranchi Passenger,Pass,DHN,RNC,"SUN,MON,TUE,WED,THU,FRI,SAT",162,27
54606,Ludhiana Hisar Passenger,Pass,LDH,HSR,"SUN,MON,TUE,WED,THU,FRI,SAT",210,29
52944,Botad Ahmedabad Passenger,Pass,BTD,GG,"SUN,MON,TUE,WED,THU,FRI,SAT",155,20
53416,JAMALPUR RAMPURHAT PASS,Pass,JMP,SBG,"SUN,MON,TUE,WED,THU,FRI,SAT",127,26
52902,Ahmedabad Mahesana Passenger,Pass,ADI,MSH,"SUN,MON,TUE,WED,THU,FRI,SAT",69,20
55810,Guwahati New Bongaigaon Passenger,Pass,GHY,NBQ,"SUN,MON,TUE,WED,THU,FRI,SAT",157,21
54005,Delhi Bhiwani Passenger,Pass,DLI,BNW,"SUN,MON,TUE,WED,THU,FRI,SAT",119,24
55014,Manduadih Chhapra Passenger,Pass,MUV,CPR,"SUN,MON,TUE,WED,THU,FRI,SAT",209,35
53063,Barddhaman Barharwa Passenger,Pass,BWN,BHW,"SUN,MON,TUE,WED,THU,FRI,SAT",212,31
53404,Gaya Jamalpur Passenger,Pass,GAYA,JMP,"SUN,MON,TUE,WED,THU,FRI,SAT",183,20
55753,ALIPUR DUAR - GUWAHATI SIFUNG Pass,Pass,APDJ,GHY,"SUN,MON,TUE,WED,THU,FRI,SAT",285,36
54415,Delhi Sarai Rohilla Rewari Passenger,Pass,DLI,RE,"SUN,MON,TUE,WED,THU,FRI,SAT",82,22
54353,ALIGARH - BAREILLY PASSENGER,Pass,ALJN,BE,"SUN,MON,TUE,WED,THU,FRI,SAT",160,22
55611,Fakiragram Kamakhya Passenger,Pass,FKM,KYQ,"SUN,MON,TUE,WED,THU,FRI,SAT",214,20
53421,JAMALPUR KIUL PASS,Pass,JMP,KIUL,"SUN,MON,TUE,WED,THU,FRI,SAT",45,12
55237,Barauni-Samastipur Passenger,Pass,BJU,SPJ,"SUN,MON,TUE,WED,THU,FRI,SAT",50,9
54602,Amritsar Hisar Passenger,Pass,ASR,HSR,"SUN,MON,TUE,WED,THU,FRI,SAT",346,49
54092,Kotdwara Najibabad Passenger,Pass,KTW,NBD,"SUN,MON,TUE,WED,THU,FRI,SAT",24,3
55001,Gorakhpur Ayodhya Passenger,Pass,GKP,AY,"SUN,MON,TUE,WED,THU,FRI,SAT",161,24
56138,Coonoor Udagamandalam Passenger,Pass,ONR,UAM,"SUN,MON,TUE,WED,THU,FRI,SAT",19,6
55540,Hajipur-Katihar Passenger,Pass,HJP,KIR,"SUN,MON,TUE,WED,THU,FRI,SAT",268,33
55040,Nautanwa Gorakhpur Passenger,Pass,NTV,GKP,"SUN,MON,TUE,WED,THU,FRI,SAT",82,15
55532,Barauni-Katihar Passenger,Pass,BJU,KIR,"SUN,MON,TUE,WED,THU,FRI,SAT",180,20
56267,Arsikere Mysore Passenger,Pass,ASK,MYS,"SUN,MON,TUE,WED,THU,FRI,SAT",167,21
56600,Kozhikode Shoranur Passenger,Pass,CLT,SRR,"SUN,MON,TUE,WED,THU,FRI,SAT",86,16
56614,Nilambur Road Shoranur Passenger,Pass,NIL,SRR,"SUN,MON,TUE,WED,THU,FRI,SAT",67,12
56387,Ernakulam Kayamkulam Passenger,Pass,ERS,KYJ,"SUN,MON,TUE,WED,THU,FRI,SAT",115,19
56723,Madurai Rameswaram Passenger,Pass,MDU,RMM,"SUN,MON,TUE,WED,THU,FRI,SAT",161,18
57429,Tirupati Gudur Passenger,Pass,TPTY,GDR,"SUN,MON,TUE,WED,THU,FRI,SAT",93,13
57422,Guntakal Dronachellam Passenger,Pass,GTL,DHNE,"SUN,MON,TUE,WED,THU,FRI,SAT",68,9
57447,Secunderabad Mahbubnagar Passenger,Pass,SC,MBNR,"SUN,MON,TUE,WED,THU,FRI,SAT",113,23
57593,Kacheguda Nanded Passenger,Pass,KCG,NED,"SUN,MON,TUE,WED,THU,FRI,SAT",276,52
57632,Guntakal Gulbarga Passenger,Pass,GTL,GR,"SUN,MON,TUE,WED,THU,FRI,SAT",266,30
58028,Kurdha Road Bhubaneshwar Passenger,Pass,KUR,BBS,"SUN,MON,TUE,WED,THU,FRI,SAT",19,4
63166,BAIDYANATH JASIDIH PASS,Pass,BDME,JSME,"SUN,MON,TUE,WED,THU,FRI,SAT",6,3
58801,Ballarshar Gondia Passenger(Via Nagbhir ),Pass,BPQ,G,"SUN,MON,TUE,WED,THU,FRI,SAT",252,21
58207,Raipur Kesinga Passenger,Pass,R,KSNG,"SUN,MON,TUE,WED,THU,FRI,SAT",216,20
59157,Vadodara Anand Passenger,Pass,BRC,ANND,"SUN,MON,TUE,WED,THU,FRI,SAT",36,8
59442,Ahmedabad Mumbai Central Passenger,Pass,ADI,BCT,"SUN,MON,TUE,WED,THU,FRI,SAT",491,99
58803,Chanda Fort Gondia Passenger,Pass,CAF,G,"SUN,MON,TUE,WED,THU,FRI,SAT",241,17
67295,Rajahmundry Visakhapatnam Pass,Pass,RJY,VSKP,"SUN,MON,TUE,WED,THU,FRI,SAT",201,31
58219,Bilaspur Chirmiri Passenger,Pass,BSP,CHRM,"SUN,MON,TUE,WED,THU,FRI,SAT",238,29
63241,Patna Gaya Passenger MEMU,MEMU,PNBE,GAYA,"SUN,MON,TUE,WED,THU,FRI,SAT",92,28
59214,Porbandar Bhanvad Passenger,Pass,PBR,BNVD,"SUN,MON,TUE,WED,THU,FRI,SAT",52,6
59024,Valsad Mumbai Passenger,Pass,BL,BCT,"SUN,MON,TUE,WED,THU,FRI,SAT",195,44
58425,Kendujhargarh-Bhubaneswar Fast Passenger,Pass,KDJR,BBS,"SUN,MON,TUE,WED,THU,FRI,SAT",215,32
59832,Kota Vadodara Passenger,Pass,KOTA,BRC,"SUN,MON,TUE,WED,THU,FRI,SAT",526,64
63545,Asansol Dhanbad Passenger,MEMU,ASN,DHN,"SUN,MON,TUE,WED,THU,FRI",59,13
59050,Viramgam Valsad Passenger,Pass,VG,BL,"SUN,MON,TUE,WED,THU,FRI,SAT",364,74
59386-Slip,Panchvalley Passenger Slip1,Pass,CWA,ASR,"SUN,MON,TUE,WED,THU,FRI,SAT",1545,189
64492,New Delhi Palwal Ladies Special,MEMU,NDLS,PWL,"SUN,MON,TUE,WED,THU,FRI,SAT",56,12
67296,Visakhapatnam Rajahmundry Pass,Pass,VSKP,RJY,"SUN,MON,TUE,WED,THU,FRI,SAT",201,32
70101,Madgaon Karwar Passenger,Pass,MAO,KAWR,"SUN,MON,TUE,WED,THU,FRI,SAT",82,5
83112,Danapur Giridih Express,Exp,DNR,GRD,"SUN,MON,TUE,WED,THU,FRI,SAT",298,47
84369,Tribeni Link Express,Exp,BRWD,BE,"SUN,MON,TUE,WED,THU,FRI,SAT",862,101
