station_code,station_name,state,railway_zone,address,latitude,longitude,is_valid_coordinate,is_test_dummy_record,metro_cluster
BDHL,Badhal,Rajasthan,NWR,"Kishangarh Renwal, Rajasthan",27.252059,75.451645,True,False,OTHER
XX-BECE,XX-BECE,UNKNOWN,UNKNOWN,,0.0,0.0,False,True,OTHER
XX-BSPY,XX-BSPY,UNKNOWN,UNKNOWN,,0.0,0.0,False,True,OTHER
YY-BPLC,YY-BPLC,UNKNOWN,UNKNOWN,,0.0,0.0,False,True,OTHER
KHH,KICHHA,Uttar Pradesh,NER,"Kichha, Uttar Pradesh",28.913427,79.519746,True,False,OTHER
SRKN,Sherekan,Rajasthan,NWR,"MDR 89, Rajasthan",29.555198,74.434991,True,False,OTHER
BKKA,Bhukarka,Rajasthan,NWR,"Bhukarka, Rajasthan",29.238227,74.751031,True,False,OTHER
NHR,Nohar,Rajasthan,NWR,"State Highway 36, Rajasthan",29.192563,74.773628,True,False,OTHER
PRGD,Perungudi,Tamil Nadu,SR,"Chennai, Tamil Nadu",12.975217,80.231363,True,False,Chennai
KNNA,Khinaniyan,Haryana,NWR,"State Highway 23, Haryana",29.345637,74.717957,True,False,OTHER
JKR,JAULKHERA,UNKNOWN,UNKNOWN,,21.838466,78.216684,True,False,OTHER
BYS,BARSALI,UNKNOWN,UNKNOWN,,21.909813,78.031361,True,False,OTHER
GW,GIRWAR,UNKNOWN,UNKNOWN,,23.838186,78.936311,True,False,OTHER
DGD,DANGIDHAR,UNKNOWN,UNKNOWN,,23.871771,79.019912,True,False,OTHER
DOD,DHODHAR,Madhya Pradesh,WR,"Dhodar, Madhya Pradesh",23.770741,75.103546,True,False,OTHER
GAJ,GANESHGANJ,UNKNOWN,UNKNOWN,,23.895862,79.074633,True,False,OTHER
JNM,Jayanagar Majilpur Halt,West Bengal,ER,"Jaynagar, West Bengal",22.168635,88.415324,True,False,OTHER
NSD,NASIRABAD,Rajasthan,NWR,"Nasirabad, Rajasthan",26.29446,74.716991,True,False,OTHER
PHA,PATHARIA,UNKNOWN,UNKNOWN,,23.905726,79.192899,True,False,OTHER
NZB,NIZAMABAD,Andhra Pradesh,SCR,"Nizamabad, Andhra Pradesh",18.679165,78.103238,True,False,OTHER
RJO,RAJENDRA PUL,UNKNOWN,UNKNOWN,,25.387447,86.010546,True,False,OTHER
ADT,ADUTURAI,Tamil Nadu,SR,"Aduthurai, Tamil Nadu",11.009165,79.478668,True,False,OTHER
KMU,KUMBAKONAM,Tamil Nadu,SR,"Kumbakonam, Tamil Nadu",10.952962,79.388644,True,False,OTHER
MNM,MANAMADURAI JN,Tamil Nadu,SR,"Sivaganga, Tamil Nadu",9.681539,78.45351,True,False,OTHER
GKP,GORAKHPUR JN,UNKNOWN,UNKNOWN,,26.759311,83.381499,True,False,OTHER
BJUP,BJUP,UNKNOWN,UNKNOWN,,0.0,0.0,False,False,OTHER
VRM,VARNAMA,UNKNOWN,UNKNOWN,,22.184274,73.169283,True,False,OTHER
GKC,GORAKHPUR CANT,UNKNOWN,UNKNOWN,,26.750649,83.416821,True,False,OTHER
ITA,ITOLA,UNKNOWN,UNKNOWN,,22.149889,73.156746,True,False,OTHER
CIKA,CIKA,UNKNOWN,UNKNOWN,,0.0,0.0,False,False,OTHER
XX-CPHO,XX-CPHO,UNKNOWN,UNKNOWN,,0.0,0.0,False,True,OTHER
BTU,BARAUT,Uttar Pradesh,NR,"Baraut, Uttar Pradesh",29.09692,77.273006,True,False,OTHER
MOGA,Moga,Punjab,NR,"Moga, Punjab",30.817296,75.168467,True,False,OTHER
SIOB,SAMAKHIALI JN,UNKNOWN,UNKNOWN,,23.309819,70.503394,True,False,OTHER
LLHW,LLHW,UNKNOWN,UNKNOWN,,0.0,0.0,False,False,OTHER
RDK,Rasheedpura Khori,Rajasthan,NWR,"MDR 87, Rajasthan",27.713786,75.087121,True,False,OTHER
PVD,PEDDAVADIAPUDI,UNKNOWN,UNKNOWN,,16.414205,80.612645,True,False,OTHER
YLM,ELLAMANCHILI,UNKNOWN,UNKNOWN,,17.553652,82.85262,True,False,OTHER
CHPT,Chatrappatti,UNKNOWN,UNKNOWN,,10.476971,77.655113,True,False,OTHER
JLD,JARWAL ROAD,UNKNOWN,UNKNOWN,,27.120389,81.540406,True,False,OTHER
BRJN,BRAJRAJNAGAR,UNKNOWN,UNKNOWN,,21.822718,83.923653,True,False,OTHER
CLJ,COLONELGANJ,UNKNOWN,UNKNOWN,,27.137698,81.694178,True,False,OTHER
KTHL,KATHOLA,UNKNOWN,UNKNOWN,,27.146556,81.855663,True,False,OTHER
MND,MUNDERWA,UNKNOWN,UNKNOWN,,26.776435,82.903373,True,False,OTHER
SNSI,SAINAGAR SHIRDI,Maharashtra,CR,"Near New Bus Stand Shirdi Sainagar, Maharashtra",19.780792,74.480688,True,False,OTHER
DLJ,DHOLA JN,Gujarat,WR,"Dhola, Gujarat",21.822549,71.738273,True,False,OTHER
PGW,PHAGWARA JN,UNKNOWN,UNKNOWN,,31.217556,75.765502,True,False,OTHER
YY-BINP,YY-BINP,UNKNOWN,UNKNOWN,,0.0,0.0,False,True,OTHER
JUP,Jhunpa,Rajasthan,UNKNOWN,"NH 65, Rajasthan",28.777449,75.521553,True,False,OTHER
XX-JSGB,XX-JSGB,UNKNOWN,UNKNOWN,,0.0,0.0,False,True,OTHER
JSG,JHARSUGUDA JN,UNKNOWN,UNKNOWN,,21.862274,84.017427,True,False,OTHER
KYW,KARCHHUE,UNKNOWN,UNKNOWN,,26.231124,84.207154,True,False,OTHER
MHRN,MAHENDRANATH,UNKNOWN,UNKNOWN,,26.000739,84.509909,True,False,OTHER
TKVR,TAPPA KHAJURIAY,UNKNOWN,UNKNOWN,,25.807401,84.688889,True,False,OTHER
DPI,DODDAMPATTI,UNKNOWN,UNKNOWN,,12.181346,78.42225,True,False,OTHER
SREE,SREE,UNKNOWN,UNKNOWN,,0.0,0.0,False,False,OTHER
AQG,ASHAPURA GOMAT,Rajasthan,NWR,"National Highway 15, Rajasthan",26.950232,71.892665,True,False,OTHER
NEA,NEYKKARAPATTI,UNKNOWN,UNKNOWN,,11.612765,78.096697,True,False,OTHER
GRL,GORAUL,UNKNOWN,UNKNOWN,,25.931049,85.318477,True,False,OTHER
DKJC,DKJC,UNKNOWN,UNKNOWN,,0.0,0.0,False,False,OTHER
KHI,KURHANI,UNKNOWN,UNKNOWN,,25.979631,85.339288,True,False,OTHER
VNJ,TIRUPPUR VANJIPALAYAM,UNKNOWN,UNKNOWN,,11.117791,77.265802,True,False,OTHER
CBF,COIMBATORE NORTH,UNKNOWN,UNKNOWN,,11.019937,76.954304,True,False,OTHER
UMB,AMBALA CANT JN,UNKNOWN,UNKNOWN,,30.338918,76.826966,True,False,OTHER
SRO,SIRATHU,UNKNOWN,UNKNOWN,,25.650642,81.31786,True,False,OTHER
SJT,SHUJAATPUR,UNKNOWN,UNKNOWN,,25.605607,81.401934,True,False,OTHER
BDNP,BIDANPUR,UNKNOWN,UNKNOWN,,25.585017,81.442017,True,False,OTHER
MTPC,MOTIPURA CHAUKI,Rajasthan,WCR,"Motipura, Rajasthan",24.609338,77.0483,True,False,OTHER
HTZ,HATHIDAH JN,UNKNOWN,UNKNOWN,,25.367027,85.987826,True,False,OTHER
TSKG,TINSUKIA GOODS,UNKNOWN,UNKNOWN,,0.0,0.0,False,False,OTHER
DDNI,DUDHNOI,Assam,NFR,"Dudhnoi Railway Station, Assam",26.001459,90.76188,True,False,OTHER
RDE,RUNDHI,UNKNOWN,UNKNOWN,,28.067751,77.350991,True,False,OTHER
IJ,ITAUNJA,Uttar Pradesh,NER,"Itaunja, Uttar Pradesh",27.081067,80.891234,True,False,OTHER
RMX,Ramsar,Rajasthan,NWR,"Barmer, Rajasthan",25.722252,70.866078,True,False,Chennai
PBE,PILIBHIT JN,Uttar Pradesh,NER,"Pilibhit, Uttar Pradesh",28.614978,79.813946,True,False,OTHER
RMB,Rampura Beri,Rajasthan,NWR,"Rampura Bhal, Rajasthan",28.530132,75.64548,True,False,OTHER
MGS,MUGHAL SARAI JN,UNKNOWN,UNKNOWN,,25.278149,83.11925,True,False,OTHER
RSWT,Ramgarh Shekhawati,Rajasthan,NWR,"Ramgarh, Rajasthan",28.169397,74.993046,True,False,OTHER
BKNA,BAKAINA HALT,UNKNOWN,UNKNOWN,,29.0358,78.274731,True,False,OTHER
HBD,HOSHANGABAD,UNKNOWN,UNKNOWN,,22.75274,77.715594,True,False,OTHER
ANA,ASLANA,UNKNOWN,UNKNOWN,,23.860522,79.319493,True,False,OTHER
BNI,BUDNI,UNKNOWN,UNKNOWN,,22.787114,77.681283,True,False,OTHER
YY-IDHW,YY-IDHW,UNKNOWN,UNKNOWN,,0.0,0.0,False,True,OTHER
DMGN,DHAMALGAON,Assam,NFR,"A T Rd, Assam",27.325566,94.856569,True,False,OTHER
LKPL,LAKDIKAPUL,Andhra Pradesh,SCR,"Hyderabad, Andhra Pradesh",17.404048,78.463527,True,False,Hyderabad
BRUD,BARUD,Madhya Pradesh,WCR,"Khandwa, Madhya Pradesh",22.052142,76.814085,True,False,OTHER
DVL,DEVLALI,UNKNOWN,UNKNOWN,,19.897509,73.83729,True,False,OTHER
JRTR,Jurtara,UNKNOWN,UNKNOWN,,22.253005,79.761272,True,False,OTHER
REWA,REWA,Madhya Pradesh,WCR,"Rewa, Madhya Pradesh",24.537122,81.250615,True,False,OTHER
DOK,DHOLKA,Gujarat,WR,"Bagodara Dholka, Gujarat",22.731982,72.433842,True,False,OTHER
NDR,NANDESARI,UNKNOWN,UNKNOWN,,22.418332,73.095273,True,False,OTHER
MYG,MIYAGAM KARJAN,UNKNOWN,UNKNOWN,,22.050722,73.120353,True,False,OTHER
MBA,MAHOBA,Uttar Pradesh,NCR,"Junction Point - Khajuraho, Uttar Pradesh",25.306914,79.849079,True,False,OTHER
JGZ,Jamgaon,Madhya Pradesh,SECR,"Bamhani, Madhya Pradesh",22.418426,80.198945,True,False,OTHER
BHKH,BAGHOI KUSA,UNKNOWN,UNKNOWN,,24.839901,84.462433,True,False,OTHER
NOLI,NOLI,Uttar Pradesh,NR,"Ghaziabad, Uttar Pradesh",28.746571,77.310771,True,False,OTHER
SUJR,SUJRA,Uttar Pradesh,NR,"State Highway 57, Uttar Pradesh",29.012729,77.261341,True,False,OTHER
AMOD,Amod,Gujarat,WR,"Amod, Gujarat",21.990791,72.865465,True,False,OTHER
LKD,LAKODARA,UNKNOWN,UNKNOWN,,21.991872,73.098994,True,False,OTHER
VKL,Vankal,Gujarat,WR,"SH 166, Gujarat",21.439674,73.231366,True,False,OTHER
BY,BYCULLA,Maharashtra,CR,"Mumbai, Maharashtra",18.97695,72.833211,True,False,Mumbai
BNR,BHAGWANPUR,UNKNOWN,UNKNOWN,,25.858317,85.30109,True,False,OTHER
KTY,Kotturu,Tamil Nadu,SWR,"Kothur Rd, Tamil Nadu",14.826788,76.213541,True,False,OTHER
BLMR,Bhalukmara,Assam,NFR,"Bhalukmara, Assam",26.685532,94.143709,True,False,OTHER
ANJ,Anjangaon,Maharashtra,CR,"Anjangaon, Maharashtra",21.1632,77.318965,True,False,OTHER
DEB,Debagram,West Bengal,ER,"Debagram, West Bengal",23.685277,88.306807,True,False,OTHER
ELP,Achalpur,Maharashtra,CR,"Dist. Amravati, Maharashtra",21.277603,77.519263,True,False,OTHER
BTY,Bethuadahari,West Bengal,ER,"Bethuadahari, West Bengal",23.610275,88.384597,True,False,OTHER
WARUD,Warud,Maharashtra,CR,"Wardha, Maharashtra",20.746905,78.651419,True,False,OTHER
BVAC,BVAC,UNKNOWN,UNKNOWN,,0.0,0.0,False,False,OTHER
BVBC,BVBC,UNKNOWN,UNKNOWN,,0.0,0.0,False,False,OTHER
VLKN,Velankanni,Tamil Nadu,UNKNOWN,"Velankanni, Tamil Nadu",10.686877,79.846181,True,False,OTHER
PCU,PUTLACHERUVU,Andhra Pradesh,SCR,"Putlacheruvu, Andhra Pradesh",16.484823,81.112395,True,False,OTHER
BNPT,BENNIPATTI PIRAPUR,UNKNOWN,UNKNOWN,,25.892949,85.309048,True,False,OTHER
JM,JALAMB JN,UNKNOWN,UNKNOWN,,20.813007,76.573236,True,False,OTHER
GPJ,Gorapur,Andhra Pradesh,ECoR,"Jeypore Rd, Andhra Pradesh",18.346936,82.79406,True,False,OTHER
ABEO,Pattaravakkam,UNKNOWN,SR,,13.1145,80.166181,True,False,OTHER
SEG,SHEGAON,UNKNOWN,UNKNOWN,,20.801724,76.690331,True,False,OTHER
GDU,Gudru Halt,Madhya Pradesh,SECR,"Lamta, Madhya Pradesh",22.271895,80.11634,True,False,OTHER
BGNA,Balgona,West Bengal,ER,"Balgona, West Bengal",23.45805,87.950456,True,False,OTHER
KLNP,Kalinarayanpur,West Bengal,ER,"Ranaghat-Bagula Bypass, West Bengal",23.206506,88.573216,True,False,OTHER
NGZ,S K NAGJIHARI,UNKNOWN,UNKNOWN,,20.761641,76.755353,True,False,OTHER
PS,PARAS,UNKNOWN,UNKNOWN,,20.724519,76.815865,True,False,OTHER
BRDB,Barda,West Bengal,SER,"Sutahata, West Bengal",22.152958,88.08753,True,False,OTHER
GAO,GAIGAON,UNKNOWN,UNKNOWN,,20.720684,76.890093,True,False,OTHER
RRL,REWRAL,UNKNOWN,UNKNOWN,,21.261121,79.468096,True,False,OTHER
KHAT,KHAT,UNKNOWN,UNKNOWN,,21.242242,79.550792,True,False,OTHER
BRD,BHANDARA ROAD,UNKNOWN,UNKNOWN,,21.238512,79.647523,True,False,OTHER
KOKA,KOKA,UNKNOWN,UNKNOWN,,21.263021,79.712409,True,False,OTHER
DAO,DAGHORA,UNKNOWN,UNKNOWN,,21.857535,83.678086,True,False,OTHER
HGR,HEMAGIRI,UNKNOWN,UNKNOWN,,21.876504,83.742815,True,False,OTHER
NIR,Nainpur Junction,Madhya Pradesh,SECR,"Nainpur, Madhya Pradesh",22.425676,80.108853,True,False,OTHER
NCH,NAKACHARI,Assam,NFR,"Mariani, Assam",26.708133,94.393913,True,False,OTHER
APDJ,ALIPUR DUAR JN,West Bengal,NFR,"03564-255091, West Bengal",26.523279,89.534048,True,False,OTHER
BRE,BHARWARI,UNKNOWN,UNKNOWN,,25.559192,81.491867,True,False,OTHER
JTK,Jhitkia,West Bengal,NFR,"National Highway 34, West Bengal",25.626133,88.052972,True,False,OTHER
MNJ,MANOHARGANJ,UNKNOWN,UNKNOWN,,25.524992,81.559075,True,False,OTHER
SYWN,SAIYID SARAWAN,UNKNOWN,UNKNOWN,,25.494982,81.613788,True,False,OTHER
MRE,MANAURI,UNKNOWN,UNKNOWN,,25.470171,81.662491,True,False,OTHER
BMU,BAMHRAULI,UNKNOWN,UNKNOWN,,25.44494,81.741641,True,False,OTHER
SFG,SUBEDARGANJ,UNKNOWN,UNKNOWN,,25.439879,81.789897,True,False,OTHER
KLX,KOLAKALUR,UNKNOWN,UNKNOWN,,16.295186,80.627521,True,False,OTHER
CLVR,CHILUVUR,UNKNOWN,UNKNOWN,,16.379558,80.616908,True,False,OTHER
KVR,KOVVUR,UNKNOWN,UNKNOWN,,17.007084,81.726495,True,False,OTHER
GVN,GODAVARI,UNKNOWN,UNKNOWN,,17.007707,81.77083,True,False,OTHER
KJKD,KANJIKODE,UNKNOWN,UNKNOWN,,10.800919,76.755316,True,False,OTHER
SNKR,Sanka,West Bengal,SER,"Garh Dhrubeswar, West Bengal",23.52693,86.616164,True,False,OTHER
VNK,Binaiki,Madhya Pradesh,SECR,"Binaiki Railway Station, Madhya Pradesh",22.72003,79.902424,True,False,OTHER
GCN,Gocharan,West Bengal,ER,"Gocharan, West Bengal",22.277738,88.45837,True,False,OTHER
SEY,Seoni,Madhya Pradesh,SECR,"Seoni, Madhya Pradesh",22.075431,79.545769,True,False,OTHER
SDMD,Sudamdih,West Bengal,SER,"Jairampur More to Baliapur, West Bengal",23.654478,86.44032,True,False,OTHER
PCLS,PCLS,UNKNOWN,UNKNOWN,,0.0,0.0,False,False,OTHER
BJU,BARAUNI JN,UNKNOWN,UNKNOWN,,25.461768,85.988748,True,False,OTHER
DMO,DAMOH,UNKNOWN,UNKNOWN,,23.836693,79.432246,True,False,OTHER
ADD,ADAS ROAD,UNKNOWN,UNKNOWN,,22.486628,73.034694,True,False,OTHER
CLC,Chalala,Gujarat,WR,"Chalala, Gujarat",21.415559,71.162242,True,False,OTHER
RNO,RANOLI,UNKNOWN,UNKNOWN,,22.405252,73.112266,True,False,OTHER
HP,HARIPUR,Rajasthan,NWR,"Pali, Rajasthan",26.012397,74.024928,True,False,OTHER
KUGT,Kumarghat,Tripura,NFR,"Kumarghat, Tripura",24.15063,92.034833,True,False,OTHER
AWB,AURANGABAD,Maharashtra,SCR,"Aurangabad, Maharashtra",19.859276,75.310646,True,False,OTHER
BNL,BEVINAHALU,Andhra Pradesh,SCR,"Rayalaseema Region, Andhra Pradesh",15.166974,77.21299,True,False,OTHER
VMC,VMC,UNKNOWN,UNKNOWN,,0.0,0.0,False,False,OTHER
SMNH,SOMNATH,Gujarat,WR,"Somnath, Gujarat",20.896132,70.408254,True,False,OTHER
CUPJ,CUDDALORE PORT,Tamil Nadu,SR,"Cuddalore Township, Tamil Nadu",11.715119,79.766287,True,False,OTHER
PLJ,PALEJ,UNKNOWN,UNKNOWN,,21.921578,73.072387,True,False,OTHER
GOLE,GOLE,Rajasthan,NWR,"National Highway 112, Rajasthan",25.891938,72.00004,True,False,OTHER
BDX,BDX,UNKNOWN,UNKNOWN,,0.0,0.0,False,False,OTHER
TRO,TIRORA,UNKNOWN,UNKNOWN,,21.415039,79.918035,True,False,OTHER
JMG,JAMGA,UNKNOWN,UNKNOWN,,21.874971,83.564842,True,False,OTHER
JMSY,JMSY,UNKNOWN,UNKNOWN,,0.0,0.0,False,False,Chennai
AHLR,AHALYAPUR,UNKNOWN,UNKNOWN,,26.468381,83.824844,True,False,OTHER
TEL,TENALI JN,UNKNOWN,UNKNOWN,,16.242409,80.640413,True,False,OTHER
TAT,Tummanamgutta,Andhra Pradesh,SCR,"Chennai - Anantpur Rd, Andhra Pradesh",13.707414,78.379263,True,False,Chennai
CU,CHAGALLU,UNKNOWN,UNKNOWN,,16.965077,81.690558,True,False,OTHER
PSDA,PASIVEDALA,UNKNOWN,UNKNOWN,,16.99331,81.700939,True,False,OTHER
MBGA,Marwar Bagra,Rajasthan,NWR,"SH 31, Rajasthan",25.208689,72.593761,True,False,OTHER
JNE,JANIYANA,Rajasthan,NWR,"State Highway 68, Rajasthan",25.827638,72.336284,True,False,OTHER
SMR,SAMDHARI JN,Rajasthan,NWR,"Barmer, Rajasthan",25.837202,72.573007,True,False,OTHER
SUT,SUTLANA,Rajasthan,NWR,"Dundara, Rajasthan",25.970783,72.951414,True,False,OTHER
PBR,PORBANDAR,Gujarat,WR,"Porbandar, Gujarat",21.643598,69.615506,True,False,OTHER
CKVD,Chikkandawadi,Karnataka,SWR,"Chikkandawadi, Karnataka",14.13792,76.202568,True,False,OTHER
BHG,Bhaton Ki Gali,Rajasthan,NWR,"Chomun, Rajasthan",27.105646,75.712919,True,False,OTHER
HMO,Hanumangarh Town,Rajasthan,NWR,"Hanumangarh, Rajasthan",29.574221,74.331202,True,False,OTHER
SANR,SARDARNAGAR,UNKNOWN,UNKNOWN,,26.700859,83.494054,True,False,OTHER
GRD,Giridih,Jharkhand,ER,"Giridih, Jharkhand",24.182256,86.314645,True,False,OTHER
CC,CHAURI CHAURA,UNKNOWN,UNKNOWN,,26.673882,83.545894,True,False,OTHER
KMPT,KOMATIPALLI,UNKNOWN,UNKNOWN,,18.023547,79.515892,True,False,OTHER
HSP,HASANPARTHI RD,UNKNOWN,UNKNOWN,,18.078262,79.50185,True,False,OTHER
GGY,Gagariya,Rajasthan,NWR,"State Highway 40, Rajasthan",25.741083,70.734877,True,False,OTHER
NNPR,NONAPAR,UNKNOWN,UNKNOWN,,26.353209,83.969786,True,False,OTHER
MW,MAIRWA,UNKNOWN,UNKNOWN,,26.240309,84.151979,True,False,OTHER
KUY,TIRUPPUR KULIPALAYAM,UNKNOWN,UNKNOWN,,11.144028,77.389314,True,False,OTHER
PLL,PARLI,UNKNOWN,UNKNOWN,,10.800415,76.559421,True,False,OTHER
AGTL,Agartala,Tripura,NFR,"Agartala, Tripura",23.792417,91.278481,True,False,OTHER
MNY,MANKARAI,UNKNOWN,UNKNOWN,,10.771526,76.500232,True,False,OTHER
LDY,LAKKITI,UNKNOWN,UNKNOWN,,10.753217,76.434467,True,False,OTHER
PLPM,PALAPPURAM,UNKNOWN,UNKNOWN,,10.752519,76.398386,True,False,OTHER
OTP,OTTAPPALAM,UNKNOWN,UNKNOWN,,10.770046,76.377993,True,False,OTHER
MNUR,MANNANUR,UNKNOWN,UNKNOWN,,10.749322,76.323555,True,False,OTHER
ZRDE,JIRADEI,UNKNOWN,UNKNOWN,,26.220819,84.256142,True,False,OTHER
SV,SIWAN JN,UNKNOWN,UNKNOWN,,26.210724,84.359267,True,False,OTHER
PCK,PACHRUKHI,UNKNOWN,UNKNOWN,,26.162628,84.415667,True,False,OTHER
DDA,DURAUNDHA JN,UNKNOWN,UNKNOWN,,26.086973,84.458946,True,False,OTHER
CW,CHAINWA,UNKNOWN,UNKNOWN,,26.022117,84.496496,True,False,OTHER
POK,POKRAN,Rajasthan,NWR,"National Highway 15, Rajasthan",26.930571,71.923129,True,False,OTHER
OCH,ODHANIYA CHACHA,Rajasthan,NWR,"National Highway 15, Rajasthan",26.972848,71.718687,True,False,OTHER
EKMA,EKMA,UNKNOWN,UNKNOWN,,25.967099,84.53637,True,False,OTHER
DDP,DAUDPUR,UNKNOWN,UNKNOWN,,25.90709,84.591425,True,False,OTHER
KPS,KOPA SAMHOTA,UNKNOWN,UNKNOWN,,25.851866,84.652814,True,False,OTHER
BTHL,BITHAULI,UNKNOWN,UNKNOWN,,25.817069,85.29179,True,False,OTHER
GB,GAURI BAZAR,UNKNOWN,UNKNOWN,,26.594934,83.667801,True,False,OTHER
BALR,BAITALPUR,UNKNOWN,UNKNOWN,,26.552663,83.738557,True,False,OTHER
DEOS,DEORIA SADAR,UNKNOWN,UNKNOWN,,26.507681,83.781959,True,False,OTHER
NRA,NUNKHAR,UNKNOWN,UNKNOWN,,26.425483,83.880179,True,False,OTHER
AGMN,Agomoni,UNKNOWN,UNKNOWN,,26.225947,89.786242,True,False,OTHER
BND,BHANDUP,UNKNOWN,UNKNOWN,,19.14201,72.937235,True,False,OTHER
ASR,AMRITSAR JN,UNKNOWN,UNKNOWN,,31.631512,74.858025,True,False,OTHER
MUC,MULLURKARA,UNKNOWN,UNKNOWN,,10.705843,76.271415,True,False,OTHER
WKI,WADAKANCHERI,UNKNOWN,UNKNOWN,,10.648956,76.237041,True,False,OTHER
SOG,SURATGARH JN,Rajasthan,NWR,"National Highway 15, Rajasthan",29.324152,73.907248,True,False,OTHER
SNV,Sondad,Maharashtra,SECR,"National Highway 6, Maharashtra",21.079845,80.094149,True,False,OTHER
QMRS,Kayamsar,Rajasthan,NWR,"State Highway 41, Rajasthan",28.125576,75.000562,True,False,Chennai
AYB,Aliyabad,Karnataka,SWR,"Bijapur, Karnataka",16.878268,75.758306,True,False,OTHER
MBF,Munabao,Rajasthan,NWR,"Barmer, Rajasthan",25.742614,70.276543,True,False,OTHER
CLDR,Chilikidara,Orissa,ECoR,"Orissa, Orissa",21.243022,85.827112,True,False,OTHER
KLYT,Kolayat,Rajasthan,NWR,"Kolayat, Rajasthan",27.835319,72.955074,True,False,OTHER
CLD,CHALSA JN,West Bengal,NFR,"Chalsa, West Bengal",26.882215,88.798213,True,False,OTHER
CRX,CARRON,West Bengal,NFR,"National Highway 31C, West Bengal",26.880279,88.9704,True,False,OTHER
ETF,ITARSI F CABIN,UNKNOWN,UNKNOWN,,22.61521,77.774856,True,False,OTHER
CNPI,Chandanpahari,Jharkhand,ER,"Chandanpahari, Jharkhand",24.404224,86.953082,True,False,OTHER
MIG,MIDGHAT,UNKNOWN,UNKNOWN,,22.828141,77.647526,True,False,OTHER
BNU,BANDAKPUR,UNKNOWN,UNKNOWN,,23.848206,79.575956,True,False,OTHER
COD,Chhota Gudha,Rajasthan,NWR,"Ringas, Rajasthan",27.293803,75.599508,True,False,OTHER
CHQ,CHOKA,UNKNOWN,UNKNOWN,,22.864326,77.638968,True,False,OTHER
MB,MORADABAD,UNKNOWN,UNKNOWN,,28.831621,78.765801,True,False,OTHER
IRA,ISRANA,Haryana,NR,"Israna, Haryana",29.291379,76.85286,True,False,OTHER
KRCA,KARACHIYA YARD,UNKNOWN,UNKNOWN,,22.380046,73.132981,True,False,OTHER
BJW,BAJVA,UNKNOWN,UNKNOWN,,22.366223,73.143125,True,False,OTHER
CLN,KOLLIDAM,Tamil Nadu,SR,"Vallampadugai, Tamil Nadu",11.332713,79.718347,True,False,OTHER
OSHI,OSHI,UNKNOWN,UNKNOWN,,0.0,0.0,False,False,OTHER
CNA,CHANDERIYA,Rajasthan,WR,"Chittorgarh, Rajasthan",24.939558,74.629979,True,False,OTHER
CRC,CHARKHARI ROAD,Uttar Pradesh,NCR,"Charkhari, Uttar Pradesh",25.307556,79.745653,True,False,OTHER
BTT,BHATNI JN,UNKNOWN,UNKNOWN,,26.381257,83.934035,True,False,OTHER
CSZ,Cossimbazar,West Bengal,ER,"Berhampore, West Bengal",24.122264,88.266903,True,False,OTHER
VRE,VAREDIYA,UNKNOWN,UNKNOWN,,21.85838,73.048979,True,False,OTHER
NIU,NABIPUR,UNKNOWN,UNKNOWN,,21.807541,73.030592,True,False,OTHER
KTTY,KTTY,UNKNOWN,UNKNOWN,,0.0,0.0,False,False,OTHER
CVJ,CHAVAJ,UNKNOWN,UNKNOWN,,21.753134,73.010489,True,False,OTHER
AKV,ANKLESHWAR JN,UNKNOWN,UNKNOWN,,21.623889,73.000633,True,False,OTHER
CNE,CHANDRANATHPUR,Assam,NFR,"National Highway 54, Assam",24.984962,92.716658,True,False,OTHER
PAO,PANOLI,UNKNOWN,UNKNOWN,,21.535197,72.978371,True,False,OTHER
CNL,CHANDAWAL,Rajasthan,NWR,"Pali, Rajasthan",25.946543,73.868815,True,False,OTHER
BFY,BHESANA,Rajasthan,NWR,"Marwar, Rajasthan",25.82438,73.71809,True,False,OTHER
HAT,HATHURAN,UNKNOWN,UNKNOWN,,21.501091,72.969512,True,False,OTHER
COL,Coromandel,Karnataka,SWR,"KGF, Karnataka",12.97518,78.257278,True,False,OTHER
KDSD,KUDSAD,UNKNOWN,UNKNOWN,,21.37682,72.91648,True,False,OTHER
SYN,SAYAN,UNKNOWN,UNKNOWN,,21.317203,72.890287,True,False,OTHER
MQP,Makrandpur,Uttar Pradesh,NER,"Aonla- Bareilly Link Rd, Uttar Pradesh",28.213407,79.290097,True,False,OTHER
GTX,GOTHANGAM,UNKNOWN,UNKNOWN,,21.294043,72.880104,True,False,OTHER
MGK,MULANGUNNATHUKAVU,UNKNOWN,UNKNOWN,,10.596939,76.207809,True,False,OTHER
CNKP,CHANAKYAPURI,Delhi NCT,NR,"Chanakyapuri, Delhi NCT",28.591905,77.172004,True,False,Delhi
URN,UTRAN,UNKNOWN,UNKNOWN,,21.232602,72.854796,True,False,OTHER
ST,SURAT,UNKNOWN,UNKNOWN,,21.206568,72.840793,True,False,OTHER
UDN,UDHNA JN,UNKNOWN,UNKNOWN,,21.171156,72.851461,True,False,OTHER
VRU,VALIVERU,UNKNOWN,UNKNOWN,,16.188934,80.605456,True,False,OTHER
MRPL,MARAMPALLI,UNKNOWN,UNKNOWN,,16.843925,81.633874,True,False,OTHER
NDD,NIDADAVOLU JN,UNKNOWN,UNKNOWN,,16.898297,81.675504,True,False,OTHER
GDM,GUDMA,UNKNOWN,UNKNOWN,,21.416128,80.287678,True,False,OTHER
BEF,BHUPDEOPUR,UNKNOWN,UNKNOWN,,21.975035,83.259981,True,False,OTHER
RIG,RAIGARH,UNKNOWN,UNKNOWN,,21.891289,83.39067,True,False,OTHER
KRL,KOTARLIA,UNKNOWN,UNKNOWN,,21.883182,83.482238,True,False,OTHER
CTND,Chettinad,Tamil Nadu,SR,"Kanadukathan, Tamil Nadu",10.160613,78.775924,True,False,OTHER
SEPR,SHERPUR,Uttar Pradesh,NR,"State Highway 51, Uttar Pradesh",28.919358,78.25287,True,False,OTHER
NVS,NAVSARI,Gujarat,WR,"Navsari, Gujarat",20.946851,72.914294,True,False,OTHER
JBD,Jalalabad,Punjab,NR,"Jalalabad, Punjab",30.60775,74.268446,True,False,OTHER
DDM,DAM DIM,West Bengal,NFR,"National Highway 31, West Bengal",26.859243,88.671333,True,False,OTHER
COE,CHITROD,Gujarat,WR,"Kutch, Gujarat",23.417869,70.655356,True,False,OTHER
COM,Chomun Samod,Rajasthan,NWR,"Chomun, Rajasthan",27.158223,75.70272,True,False,OTHER
DKT,DHULKOT,Haryana,NR,"Ambala City, Haryana",30.395686,76.787535,True,False,OTHER
KUW,KANWAR,UNKNOWN,UNKNOWN,,25.703652,81.214644,True,False,OTHER
CDMR,CHANDAULI MJHWR,UNKNOWN,UNKNOWN,,25.261093,83.267724,True,False,OTHER
IGPX,IGPX,UNKNOWN,UNKNOWN,,0.0,0.0,False,False,OTHER
KGA,KHAGA,UNKNOWN,UNKNOWN,,25.761853,81.102658,True,False,OTHER
KTCE,KATOGHAN,UNKNOWN,UNKNOWN,,25.730035,81.165606,True,False,OTHER
ASCE,ATHSARAI,UNKNOWN,UNKNOWN,,25.678729,81.26203,True,False,Hyderabad
CRLM,Carmelaram,Karnataka,SWR,"Bengaluru, Karnataka",12.907633,77.706014,True,False,Bangalore
CNR,CHANDAR,Goa,SWR,"CHANRA (chandor), Goa",15.264834,74.047794,True,False,OTHER
CMDP,Chimidipalli,Andhra Pradesh,ECoR,"Borra, Andhra Pradesh",18.262764,83.076862,True,False,OTHER
BDL,VINDHYACHAL,UNKNOWN,UNKNOWN,,25.160772,82.502021,True,False,OTHER
TSA,TISUA,UNKNOWN,UNKNOWN,,28.136577,79.586289,True,False,OTHER
TAS,Thasra,Gujarat,WR,"National Highway 59, Gujarat",22.797769,73.221682,True,False,OTHER
GHT,GHAGHARA GHAT,UNKNOWN,UNKNOWN,,27.102683,81.503314,True,False,OTHER
BV,BABHNAN,UNKNOWN,UNKNOWN,,26.938525,82.500127,True,False,OTHER
CLW,Chilwariya,Uttar Pradesh,NER,"Bahraich, Uttar Pradesh",27.487001,81.698732,True,False,OTHER
OKAC,OKAC,UNKNOWN,UNKNOWN,,0.0,0.0,False,False,OTHER
GAUR,GAUR,UNKNOWN,UNKNOWN,,26.913411,82.561158,True,False,OTHER
TH,TINICH,UNKNOWN,UNKNOWN,,26.882281,82.639707,True,False,OTHER
BHTR,BHATPAR RANI,UNKNOWN,UNKNOWN,,26.310477,84.033101,True,False,OTHER
TUR,TURKI,UNKNOWN,UNKNOWN,,26.034431,85.354709,True,False,OTHER
RD,RAM DAYALU NAGAR,UNKNOWN,UNKNOWN,,26.097367,85.383596,True,False,OTHER
BTO,BHITAURA,UNKNOWN,UNKNOWN,,28.469954,79.306506,True,False,OTHER
PKRA,PARSA KHERA,UNKNOWN,UNKNOWN,,28.433371,79.341852,True,False,OTHER
CHTI,CHANETI,UNKNOWN,UNKNOWN,,28.308796,79.429166,True,False,OTHER
BLPU,BILPUR,UNKNOWN,UNKNOWN,,28.083668,79.625781,True,False,OTHER
MK,MIRANPUR KATRA,UNKNOWN,UNKNOWN,,28.03708,79.674809,True,False,OTHER
MILA,MILAKPUR HALT,UNKNOWN,UNKNOWN,,27.988261,79.717962,True,False,OTHER
TLH,TILHAR,UNKNOWN,UNKNOWN,,27.972984,79.741776,True,False,OTHER
CQL,CHIRAKKAL,Kerala,SR,"Kannur district, Kerala",11.911049,75.353696,True,False,OTHER
PNQ,PUNKUNNAM,UNKNOWN,UNKNOWN,,10.535054,76.20943,True,False,OTHER
TCR,THRISUR,UNKNOWN,UNKNOWN,,10.51479,76.207919,True,False,OTHER
CMNR,CHAMARAJANAGAR,Karnataka,SWR,"Chamarajnagar, Karnataka",11.934891,76.932807,True,False,OTHER
CMJ,CHAMARAJAPURAM,Karnataka,SWR,"Mysore, Karnataka",12.29844,76.637861,True,False,OTHER
BKA,BARKHERA,UNKNOWN,UNKNOWN,,22.917359,77.649646,True,False,OTHER
ODG,OBAIDULLA GANJ,UNKNOWN,UNKNOWN,,22.994912,77.587299,True,False,OTHER
ACL,ANCHELI,Gujarat,WR,"Navsari, Gujarat",20.845167,72.944978,True,False,OTHER
CVR,CHORVAD ROAD,Gujarat,WR,"Gadu, Gujarat",21.055196,70.290734,True,False,OTHER
CTH,CHIKALTHANA,Maharashtra,SCR,"Aurangabad, Maharashtra",19.859565,75.402851,True,False,OTHER
BTKD,BHARATKUND,Uttar Pradesh,NR,"Bikapur, Uttar Pradesh",26.636097,82.127393,True,False,OTHER
DHW,Dhariwal,Punjab,NR,"Dhariwal, Punjab",31.949113,75.321565,True,False,OTHER
SAI,SARAI,UNKNOWN,UNKNOWN,,25.779962,85.276609,True,False,OTHER
CPE,Chandiposi,Orissa,SER,"National Highway 23, Orissa",22.068677,84.915988,True,False,OTHER
CRU,CHUDAWA,Maharashtra,SCR,"Hingoli, Maharashtra",19.180328,77.11693,True,False,OTHER
DBB,DHUBRI,Assam,NFR,"Dhubri, Assam",26.023137,89.977952,True,False,OTHER
PNP,PANIPAT JN,UNKNOWN,UNKNOWN,,29.388948,76.963793,True,False,OTHER
CPS,CHANDPUR SIAU HALT,Uttar Pradesh,NR,"Chandpur, Uttar Pradesh",29.13201,78.275855,True,False,OTHER
CX,CHANOL,Gujarat,WR,"State Highway 25, Gujarat",22.427916,70.538842,True,False,OTHER
CSR,CHAK SIKANDAR,Bihar,ECR,"Chak Sikander, Bihar",25.67672,85.365246,True,False,OTHER
CRQ,Charpokhari Halt,Bihar,ECR,"Charpokhari, Bihar",25.361516,84.487603,True,False,OTHER
VNA,VARANGAON,UNKNOWN,UNKNOWN,,21.009713,75.900658,True,False,OTHER
DAG,DHANG,Bihar,ECR,"Bhang, Bihar",26.7174,85.353298,True,False,OTHER
CRW,Charaud,Haryana,NWR,"National Highway 65, Haryana",29.009458,75.646663,True,False,OTHER
BTL,BORTALAO,UNKNOWN,UNKNOWN,,21.218301,80.626207,True,False,OTHER
KHS,KHARSIA,UNKNOWN,UNKNOWN,,21.99178,83.102414,True,False,OTHER
ROB,ROBERTSON,UNKNOWN,UNKNOWN,,21.988744,83.182508,True,False,OTHER
CPK,CHAPARMUKH JN,Assam,NFR,"Chaparmukh, Assam",26.202272,92.511718,True,False,OTHER
CTW,Chhintanwala,Punjab,NR,"Sherpur Sodhian Link Rd, Punjab",30.365958,76.014229,True,False,OTHER
CTA,Chitradurg,Karnataka,SWR,"Chitradurga, Karnataka",14.231154,76.386431,True,False,OTHER
AAV,Ambav,Gujarat,WR,"Ambav, Gujarat",0.0,0.0,False,False,OTHER
MDKU,MODUKURU,UNKNOWN,UNKNOWN,,16.124988,80.583808,True,False,OTHER
TSR,TSUNDURU,UNKNOWN,UNKNOWN,,16.157497,80.586487,True,False,OTHER
NBM,NAVABPALEM,UNKNOWN,UNKNOWN,,16.831606,81.606702,True,False,OTHER
NMBR,N MAYURBHANJ ROAD,UNKNOWN,UNKNOWN,,21.666901,87.038724,True,False,OTHER
BTS,BASTA,UNKNOWN,UNKNOWN,,21.702924,87.063783,True,False,OTHER
CTD,Chhota Udepur,Gujarat,WR,"Vadodara, Gujarat",22.314788,74.014286,True,False,OTHER
DBY,Digboi,Assam,NFR,"Tinsukia, Assam",27.383483,95.616982,True,False,OTHER
CWI,CHONDI,Maharashtra,SCR,"Parbhani, Maharashtra",19.43062,77.155667,True,False,OTHER
CSDR,CHANNASANDRA,Karnataka,SWR,"Bengaluru, Karnataka",13.010941,77.662971,True,False,Bangalore
PGT,PALAKKAD,UNKNOWN,UNKNOWN,,10.802091,76.641926,True,False,OTHER
MNHA,Mindha,Rajasthan,NWR,"Minda to Mandha Bhimsingh Rd, Rajasthan",27.112061,75.33241,True,False,Chennai
DBO,DABHODA,Gujarat,WR,"Dabhoda, Gujarat",23.168331,72.748038,True,False,OTHER
DABN,DHABAN,Rajasthan,NWR,"Sangaria, Rajasthan",29.859997,74.54288,True,False,OTHER
DBI,DABLI RATHAN,Rajasthan,NWR,"Hanumangarh, Rajasthan",29.542416,74.19093,True,False,OTHER
SID,SIDDHPUR,Gujarat,WR,"State Highway 41, Gujarat",23.918067,72.367959,True,False,OTHER
ARGD,ARIGADA,UNKNOWN,ECR,,23.643461,85.466475,True,False,OTHER
CTJ,CHHATAINI,Madhya Pradesh,WCR,"Awasthi Sadan Rd, Madhya Pradesh",23.994088,81.287323,True,False,OTHER
KTKD,KATANGI KHURD,Madhya Pradesh,WCR,"State Highway 10, Madhya Pradesh",23.77587,80.486734,True,False,OTHER
CRL,Choral,Madhya Pradesh,WR,"SH 27, Madhya Pradesh",22.450677,75.944135,True,False,OTHER
ABSA,Ambassa,Tripura,NFR,"Ambassa, Tripura",23.930507,91.860783,True,False,OTHER
NVP,Navalpura,UNKNOWN,UNKNOWN,,23.289155,73.199554,True,False,OTHER
DBKA,Dabka,Madhya Pradesh,SCR,"Amlakhurd, Madhya Pradesh",21.361353,76.720809,True,False,OTHER
CQR,Champapukur,West Bengal,ER,"Kholapota, West Bengal",22.656634,88.80796,True,False,OTHER
NDAZ,NAYA AZADPUR,UNKNOWN,UNKNOWN,,28.714564,77.166876,True,False,OTHER
ANDI,ADARSH NAGAR DELHI,UNKNOWN,UNKNOWN,,28.714205,77.166707,True,False,Delhi
CUR,Churu,Rajasthan,NWR,"Churu, Rajasthan",28.288281,74.966203,True,False,OTHER
BHD,BADLI,UNKNOWN,UNKNOWN,,28.7468,77.137743,True,False,Delhi
KHKN,KHERA KALAN,UNKNOWN,UNKNOWN,,28.769718,77.115838,True,False,OTHER
HUK,HOLAMBI KALAN,UNKNOWN,UNKNOWN,,28.801187,77.102334,True,False,OTHER
NUR,NARELA,UNKNOWN,UNKNOWN,,28.846886,77.085727,True,False,OTHER
CWA,Chhindwara Junction,Madhya Pradesh,SECR,"Chhindwara, Madhya Pradesh",22.058201,78.953212,True,False,OTHER
RDDE,RATHDHANA,UNKNOWN,UNKNOWN,,28.904132,77.059148,True,False,OTHER
CTPE,Chandanattop Halt,Kerala,SR,"Kilikkollur, Kerala",8.932478,76.64532,True,False,OTHER
HNN,HARANA KALAN,UNKNOWN,UNKNOWN,,28.945425,77.039135,True,False,OTHER
SNP,SONIPAT,UNKNOWN,UNKNOWN,,28.989423,77.017343,True,False,OTHER
SLKN,SANDAL KALAN,UNKNOWN,UNKNOWN,,29.063432,77.012589,True,False,OTHER
RUG,RAJLU GARHI,UNKNOWN,UNKNOWN,,29.090744,77.012109,True,False,OTHER
GNU,GANAUR,UNKNOWN,UNKNOWN,,29.130776,77.01075,True,False,OTHER
BDMJ,BHODWAL MAJRI,UNKNOWN,UNKNOWN,,29.185209,77.008236,True,False,OTHER
SMK,SAMALKHA,UNKNOWN,UNKNOWN,,29.240172,77.003034,True,False,OTHER
DWNA,DIWANA,UNKNOWN,UNKNOWN,,29.318564,76.980194,True,False,OTHER
BBDE,BABARPUR,UNKNOWN,UNKNOWN,,29.449652,76.966178,True,False,OTHER
KFU,KOHAND,UNKNOWN,UNKNOWN,,29.494782,76.968758,True,False,OTHER
GRA,GHARAUNDA,UNKNOWN,UNKNOWN,,29.541636,76.96575,True,False,OTHER
BZJT,BAZIDA JATAN,UNKNOWN,UNKNOWN,,29.613391,76.965812,True,False,OTHER
KUN,KARNAL,UNKNOWN,UNKNOWN,,29.694566,76.969821,True,False,OTHER
BZK,BHAINI KHURD,UNKNOWN,UNKNOWN,,29.751544,76.955362,True,False,OTHER
TRR,TARAORI,UNKNOWN,UNKNOWN,,29.797906,76.93858,True,False,OTHER
NLKR,NILOKHERI,UNKNOWN,UNKNOWN,,29.831492,76.925491,True,False,OTHER
KKDE,KURUKSHETRA JN,UNKNOWN,UNKNOWN,,29.96944,76.852795,True,False,OTHER
DAVM,DHANUVACHAPURAM,Kerala,SR,"Dhanuvachapuram, Kerala",8.378802,77.124352,True,False,OTHER
CTS,CHATTRIPUT,Orissa,ECoR,"Jeypore, Orissa",18.922722,82.590027,True,False,OTHER
DAVJ,D.A.V.C.H. JALANDHAR,Punjab,NR,"Jalandhar, Punjab",31.346977,75.56132,True,False,OTHER
DLPI,INDRAPURI,Delhi NCT,NR,"Delhi Cantonment, Delhi NCT",28.628342,77.143588,True,False,Delhi
GRG,Guwarighat,Madhya Pradesh,SECR,"Gwarighat, Madhya Pradesh",23.110295,79.927613,True,False,OTHER
DSJ,DELHI SAFDARJUNG,Delhi NCT,NR,"Netaji Nagar, Delhi NCT",28.582121,77.186969,True,False,Delhi
DHRN,DHURANA,Haryana,NR,"Panipat, Haryana",29.253606,76.803295,True,False,OTHER
DUK,DUDIA,Rajasthan,NWR,"Dundara, Rajasthan",25.934458,72.902042,True,False,OTHER
DAJ,DUROJI,Karnataka,SWR,"Bellary, Karnataka",15.227107,76.70013,True,False,OTHER
BTPH,CHAKIA THERMAL HALT,UNKNOWN,UNKNOWN,,25.401264,86.016243,True,False,OTHER
JDDA,JATHA,UNKNOWN,UNKNOWN,,22.01598,82.875334,True,False,OTHER
JDI,JHARRADIH,UNKNOWN,UNKNOWN,,21.999876,83.050747,True,False,OTHER
DKO,Devakottai Road,Tamil Nadu,SR,"NH 210, Tamil Nadu",10.037611,78.761747,True,False,OTHER
DIB,DIBAI,Uttar Pradesh,NR,"Dibai, Uttar Pradesh",28.19378,78.303084,True,False,OTHER
CNJO,JUHI OUTER CABIN,UNKNOWN,UNKNOWN,,26.45319,80.32391,True,False,OTHER
LMA,LAMBIYA,Rajasthan,NWR,"National Highway 79, Rajasthan",25.578334,74.585615,True,False,OTHER
DBLG,DBLG,UNKNOWN,UNKNOWN,,0.0,0.0,False,False,OTHER
DOHM,Devgarh Madriya,Rajasthan,NWR,"Devgarh, Rajasthan",25.610206,73.855552,True,False,OTHER
NHLG,NHLG,UNKNOWN,UNKNOWN,,0.0,0.0,False,False,OTHER
DYE,DAYANAND NAGAR,Andhra Pradesh,SCR,"Secunderabad, Andhra Pradesh",17.456247,78.53135,True,False,Hyderabad
DBV,DABILPUR,Andhra Pradesh,SCR,"Rangareddy, Andhra Pradesh",17.674226,78.470315,True,False,OTHER
JGLP,JGLP,UNKNOWN,UNKNOWN,,0.0,0.0,False,False,OTHER
BGZ,BAHADURGARH,Haryana,NR,"Bahadurgarh, Haryana",28.700863,76.930886,True,False,OTHER
PNSR,PNSR,UNKNOWN,UNKNOWN,,0.0,0.0,False,False,OTHER
DME,DAMNAGAR,Gujarat,WR,"Damnagar, Gujarat",21.688346,71.509053,True,False,OTHER
AG,Aranghata,West Bengal,ER,"Haranath Para Ln, West Bengal",23.242037,88.613551,True,False,OTHER
RLG,RELANGI,Andhra Pradesh,SCR,"Relangi, Andhra Pradesh",16.709921,81.64411,True,False,OTHER
CCAB,BMY C CABIN,UNKNOWN,UNKNOWN,,21.209789,81.443063,True,False,OTHER
DNDI,DHONDI,Maharashtra,SCR,"State Highway 148, Maharashtra",19.106268,76.736112,True,False,OTHER
NDO,NIDUBROLU,UNKNOWN,UNKNOWN,,16.067904,80.557243,True,False,OTHER
FKA,Fazilka,Punjab,NR,"Fazilka, Punjab",30.408641,74.025417,True,False,OTHER
TDD,TADEPALLIGUDEM,UNKNOWN,UNKNOWN,,16.809961,81.526314,True,False,OTHER
PTPU,PRATTIAPADU,UNKNOWN,UNKNOWN,,16.820865,81.581431,True,False,OTHER
BDHT,Bardi Halt,Madhya Pradesh,SECR,"State Highway 19, Madhya Pradesh",21.621177,78.822411,True,False,OTHER
DJL,Dodajala Lake,Karnataka,SWR,"Hosur Road., Karnataka",13.183156,77.652122,True,False,OTHER
DIU,Dhing,Assam,NFR,"National Highway 37, Assam",26.453101,92.450865,True,False,OTHER
DGQ,Dugdol,Gujarat,NWR,"Dhanera, Gujarat",24.631708,72.096828,True,False,OTHER
DAU,Dagru,Punjab,NR,"Dagru, Punjab",30.834858,75.047442,True,False,OTHER
GWH,GHOSHAWAR,UNKNOWN,UNKNOWN,,25.737421,85.243351,True,False,OTHER
HJP,HAJIPUR JN,UNKNOWN,UNKNOWN,,25.702909,85.2155,True,False,OTHER
ENBG,ENBG,UNKNOWN,UNKNOWN,,0.0,0.0,False,False,OTHER
PUK,PUDUKAD,UNKNOWN,UNKNOWN,,10.420507,76.260707,True,False,OTHER
NYI,NELLAYI,UNKNOWN,UNKNOWN,,10.392415,76.275994,True,False,OTHER
UKL,UTTUKULI,UNKNOWN,UNKNOWN,,11.156494,77.448615,True,False,OTHER
TUP,TIRUPPUR,UNKNOWN,UNKNOWN,,11.108906,77.341247,True,False,OTHER
SNO,SOMANUR,UNKNOWN,UNKNOWN,,11.087247,77.18638,True,False,OTHER
SUU,SULUR ROAD,UNKNOWN,UNKNOWN,,11.049634,77.11729,True,False,OTHER
IGU,IRUGUR,UNKNOWN,UNKNOWN,,11.017199,77.069134,True,False,OTHER
SHI,SINGANALLUR,UNKNOWN,UNKNOWN,,11.012921,77.039459,True,False,OTHER
PLMD,PILAMEDU,UNKNOWN,UNKNOWN,,11.033241,76.999566,True,False,OTHER
CBE,COIMBATORE JN,UNKNOWN,UNKNOWN,,10.997639,76.966298,True,False,OTHER
PTJ,PODANUR JN,UNKNOWN,UNKNOWN,,10.965425,76.990125,True,False,OTHER
MDKI,MADUKARAI,UNKNOWN,UNKNOWN,,10.900858,76.94295,True,False,OTHER
IJK,IRINJALAKUDA,UNKNOWN,UNKNOWN,,10.339456,76.280924,True,False,OTHER
CKI,CHALAKUDI,UNKNOWN,UNKNOWN,,10.301797,76.321808,True,False,OTHER
DINR,DIVINE NAGAR,UNKNOWN,UNKNOWN,,10.285399,76.336314,True,False,OTHER
KRAN,KORATTI ANGADI,UNKNOWN,UNKNOWN,,10.260123,76.355901,True,False,OTHER
KUC,KARUKKUTTY,UNKNOWN,UNKNOWN,,10.225757,76.373077,True,False,OTHER
AFK,ANGAMALI,UNKNOWN,UNKNOWN,,10.183676,76.37786,True,False,OTHER
CWR,CHOVVARA,UNKNOWN,UNKNOWN,,10.133064,76.372189,True,False,OTHER
DJ,Darjeeling,West Bengal,NFR,"Darjeeling, West Bengal",27.038151,88.263326,True,False,OTHER
AWY,ALUVA,UNKNOWN,UNKNOWN,,10.108163,76.356508,True,False,OTHER
KLMR,KALAMASSERY,UNKNOWN,UNKNOWN,,10.061818,76.326956,True,False,Chennai
IPL,EDAPPALLY,UNKNOWN,UNKNOWN,,10.034338,76.298271,True,False,OTHER
ERN,ERNAKULAM TOWN,UNKNOWN,UNKNOWN,,9.991582,76.2861,True,False,OTHER
ETMD,ETTIMADAI,UNKNOWN,UNKNOWN,,10.898788,76.897155,True,False,OTHER
WRA,WALAYAR,UNKNOWN,UNKNOWN,,10.847181,76.837614,True,False,OTHER
DBN,Dhablan,Punjab,NR,"Gurudwara Ishar Darbar Rd, Punjab",30.337913,76.276918,True,False,OTHER
DBF,Dabpal,Chhattisgarh,UNKNOWN,"Dabpal, Chhattisgarh",18.92798,81.488923,True,False,OTHER
DBZ,Dhing Bazar,Assam,NFR,"Mathaouri Rd, Assam",26.455873,92.481039,True,False,OTHER
CLMD,CHULLIMADA,UNKNOWN,UNKNOWN,,10.837165,76.801793,True,False,OTHER
KTKU,KOTTEKAD,UNKNOWN,UNKNOWN,,10.815731,76.693457,True,False,OTHER
DLC,DALMERA,Rajasthan,NWR,"Bikaner, Rajasthan",28.417832,73.65658,True,False,OTHER
TNU,TIRUNETTUR,UNKNOWN,UNKNOWN,,9.933729,76.307657,True,False,OTHER
KUMM,KUMBALAM,UNKNOWN,UNKNOWN,,9.906723,76.3116,True,False,OTHER
AROR,AROOR HALT,UNKNOWN,UNKNOWN,,9.879103,76.302833,True,False,OTHER
EZP,EZHUPPUNNA,UNKNOWN,UNKNOWN,,9.820288,76.302391,True,False,OTHER
TUVR,TURAVUR,UNKNOWN,UNKNOWN,,9.772809,76.309979,True,False,OTHER
ERSC,ERNAKULAM JN. C,UNKNOWN,UNKNOWN,,9.97806,76.289859,True,False,Hyderabad
DIR,DHANAPUR ORISSA,Orissa,ECoR,"National Highway 43, Orissa",18.945173,82.507393,True,False,OTHER
DRN,DEORANIAN,Uttar Pradesh,NER,"SH 37, Uttar Pradesh",28.64478,79.476473,True,False,OTHER
BGS,BEGU SARAI,Bihar,ECR,"06243-222853, Bihar",25.425296,86.134476,True,False,OTHER
BQQ,BAKHLETA,UNKNOWN,UNKNOWN,,23.846381,79.96972,True,False,OTHER
GBP,GULABPURA,Rajasthan,NWR,"Gulabpura, Rajasthan",25.902795,74.655954,True,False,OTHER
REI,RITHI,UNKNOWN,UNKNOWN,,23.904168,80.140267,True,False,OTHER
MBWC,MORADABAD WEST,UNKNOWN,UNKNOWN,,28.838658,78.759634,True,False,OTHER
HRH,HARTHALA,UNKNOWN,UNKNOWN,,28.871987,78.735595,True,False,OTHER
GOA,GOHAD ROAD,Madhya Pradesh,NCR,"Bhind, Madhya Pradesh",26.480421,78.439153,True,False,OTHER
DHNR,DHANORA DECCAN,Maharashtra,SCR,"Kinwat, Maharashtra",19.465517,78.132754,True,False,OTHER
ALD,ALLAHABAD JN,UNKNOWN,UNKNOWN,,25.446241,81.828816,True,False,OTHER
ETAH,Etah,Uttar Pradesh,NCR,"Etah, Uttar Pradesh",27.571173,78.653919,True,False,OTHER
GG,GANDHIGRAM,Gujarat,WR,"Ahmedabad, Gujarat",23.02676,72.568831,True,False,OTHER
BSL,BHUSAVAL JN,UNKNOWN,UNKNOWN,,21.047281,75.788672,True,False,OTHER
KOPR,KOPAR ROAD,UNKNOWN,UNKNOWN,,19.211345,73.077841,True,False,OTHER
GGLE,GANGATIKURI,West Bengal,ER,"State Highway 6, West Bengal",23.71822,88.087286,True,False,OTHER
KWD,KARWANDIA,UNKNOWN,UNKNOWN,,24.953195,84.084599,True,False,OTHER
GDD,Gadra Road,Rajasthan,NWR,"Gadara, Rajasthan",25.743851,70.64304,True,False,OTHER
SSM,SASARAM,UNKNOWN,UNKNOWN,,24.955926,84.019423,True,False,OTHER
DTAE,DHATRIGRAM,West Bengal,ER,"Dhatrigram, West Bengal",23.277796,88.311822,True,False,OTHER
SLOR,SELOO ROAD,UNKNOWN,UNKNOWN,,20.77665,78.714909,True,False,OTHER
SNI,SINDI,UNKNOWN,UNKNOWN,,20.816446,78.883342,True,False,OTHER
DNUA,Dhansura,Gujarat,WR,"State Highway 68, Gujarat",23.351916,73.19871,True,False,OTHER
SGRD,SULGARE,UNKNOWN,UNKNOWN,,22.019979,82.743775,True,False,OTHER
BUA,BARADWAR,UNKNOWN,UNKNOWN,,22.011725,82.813724,True,False,OTHER
SKT,SAKTI,UNKNOWN,UNKNOWN,,22.011785,82.956526,True,False,OTHER
EDU,ERIODU,Tamil Nadu,SR,"State Highway 74, Tamil Nadu",10.515628,78.057129,True,False,OTHER
SUJ,SARJU,UNKNOWN,UNKNOWN,,27.111885,81.648076,True,False,OTHER
GDN,GANGAIKONDAN,Tamil Nadu,SR,"Thoothukudi, Tamil Nadu",8.830736,77.786203,True,False,OTHER
LDR,LANDAURA,UNKNOWN,UNKNOWN,,29.814493,77.941557,True,False,OTHER
DUN,DUGANPUR,UNKNOWN,UNKNOWN,,28.658317,79.13019,True,False,OTHER
CBJ,CLUTTER BUCK GANJ,UNKNOWN,UNKNOWN,,28.396895,79.371946,True,False,OTHER
BE,BAREILLY,UNKNOWN,UNKNOWN,,28.337154,79.410844,True,False,OTHER
NHGJ,NHGJ,UNKNOWN,UNKNOWN,,0.0,0.0,False,False,OTHER
DTC,DITOKCHERRA,Assam,NFR,"North Cachar Hills, Assam",25.090538,92.798715,True,False,OTHER
BPG,BADURPUR GHAT,Assam,NFR,"National Highway 53, Assam",24.872902,92.581099,True,False,OTHER
GIW,Girdharpur,Rajasthan,NCR,"State Highway 6, Rajasthan",25.845508,76.794583,True,False,OTHER
RYS,RASURIYA,UNKNOWN,UNKNOWN,,28.26396,79.474459,True,False,OTHER
NYO,NAYAGAON,UNKNOWN,UNKNOWN,,25.763263,85.099366,True,False,OTHER
PMU,PARMANANDPUR,UNKNOWN,UNKNOWN,,25.741291,85.133951,True,False,OTHER
GIR,Gainsari Junction,Uttar Pradesh,NER,"Balrampur, Uttar Pradesh",27.526839,82.544179,True,False,OTHER
BPP,BAPATLA,UNKNOWN,UNKNOWN,,15.908614,80.468425,True,False,OTHER
APL,APPIKATLA,UNKNOWN,UNKNOWN,,15.970371,80.514466,True,False,OTHER
MCVM,MACHAVARAM,UNKNOWN,UNKNOWN,,16.025343,80.541541,True,False,OTHER
CEL,CHEBROL,UNKNOWN,UNKNOWN,,16.819948,81.396533,True,False,OTHER
GGH,Ghogardiha,Bihar,ECR,"Ghoghardiha, Bihar",26.282768,86.468503,True,False,OTHER
BPY,BADAMPUDI,UNKNOWN,UNKNOWN,,16.828104,81.473751,True,False,OTHER
ARD,AMARDA ROAD,UNKNOWN,UNKNOWN,,21.734258,87.102374,True,False,OTHER
PY,PERUNDURAI,UNKNOWN,UNKNOWN,,11.25334,77.628672,True,False,OTHER
FSR,FAQARSAR,Punjab,NR,"Fakarsar, Punjab",30.189431,74.572572,True,False,OTHER
CFG,CHAKITING,Assam,NFR,"Dhodar Ali, Assam",26.561675,94.095655,True,False,OTHER
IGR,INGUR,UNKNOWN,UNKNOWN,,11.22501,77.587299,True,False,OTHER
VZ,VIJAYAMANGALAM,UNKNOWN,UNKNOWN,,11.195525,77.522231,True,False,OTHER
DLA,DOULTA,UNKNOWN,UNKNOWN,,24.998509,78.429325,True,False,OTHER
TBT,TALBAHAT,UNKNOWN,UNKNOWN,,25.039255,78.414552,True,False,OTHER
MZX,MATATILA,UNKNOWN,UNKNOWN,,25.0851,78.40284,True,False,OTHER
BZY,BASAI,UNKNOWN,UNKNOWN,,25.142923,78.394254,True,False,OTHER
BAB,BABINA,UNKNOWN,UNKNOWN,,25.237832,78.451748,True,False,OTHER
KHJ,KHAJRAHA,UNKNOWN,UNKNOWN,,25.304158,78.478365,True,False,OTHER
BJI,BIJAULI,UNKNOWN,UNKNOWN,,25.376468,78.517746,True,False,OTHER
JHSA,JHANSI A CABIN,UNKNOWN,UNKNOWN,,25.41949,78.545787,True,False,OTHER
JHS,JHANSI JN,UNKNOWN,UNKNOWN,,25.443585,78.552985,True,False,OTHER
KRQ,KARARI,UNKNOWN,UNKNOWN,,25.5308,78.509084,True,False,OTHER
DAA,DATIA,UNKNOWN,UNKNOWN,,25.64107,78.456356,True,False,OTHER
SOR,SONAGIR,UNKNOWN,UNKNOWN,,25.730668,78.409099,True,False,OTHER
KTRA,KOTRA,UNKNOWN,UNKNOWN,,25.811254,78.381661,True,False,OTHER
DBA,DABRA,UNKNOWN,UNKNOWN,,25.881197,78.331015,True,False,OTHER
SMTL,SIMARIATAL,UNKNOWN,UNKNOWN,,25.921996,78.30426,True,False,OTHER
AEH,ANANT PAITH,UNKNOWN,UNKNOWN,,25.95539,78.276132,True,False,OTHER
FRH,Farhatnagar,Uttar Pradesh,NR,"Farhatnagar, Uttar Pradesh",27.081164,80.143212,True,False,OTHER
GATD,Gautamdhara,Jharkhand,SER,"Gautamdhara, Jharkhand",23.349881,85.632995,True,False,OTHER
GEG,Gir Gadhara,Gujarat,WR,"Junagadh, Gujarat",20.906347,70.919246,True,False,OTHER
FLD,Phulad,Rajasthan,NWR,"State Highway 62, Rajasthan",25.623979,73.813118,True,False,OTHER
GADM,Ganga Dham,Uttar Pradesh,NER,"Ganga Dham, Uttar Pradesh",27.20976,81.930509,True,False,OTHER
DTR,Dhamtari,Chhattisgarh,SECR,"Dhamtari, Chhattisgarh",20.714515,81.550321,True,False,OTHER
DRW,DHAREWADA,Gujarat,WR,"Unjha, Gujarat",23.960816,72.378575,True,False,OTHER
KZQ,KHIMEL,Rajasthan,NWR,"Jawai Bandh, Rajasthan",25.300189,73.279577,True,False,OTHER
HDU,HARDUA,UNKNOWN,UNKNOWN,,23.915054,80.283413,True,False,OTHER
HDW,HALDWANI,Uttarakhand,NER,"Haldwani, Uttarakhand",29.215097,79.533732,True,False,OTHER
AKT,AKALTARA,UNKNOWN,UNKNOWN,,22.029121,82.422049,True,False,OTHER
HBU,Halbarga,Karnataka,SCR,"Halbarga, Karnataka",17.98847,77.298175,True,False,OTHER
GNH,GANGAKHER,Maharashtra,SCR,"State Highway 217, Maharashtra",18.973377,76.755511,True,False,OTHER
NIA,NAILA,UNKNOWN,UNKNOWN,,22.022964,82.564589,True,False,OTHER
KMGE,KUMAHU,UNKNOWN,UNKNOWN,,24.976944,83.946305,True,False,OTHER
SSG,SHIU SAGAR ROAD,UNKNOWN,UNKNOWN,,24.999465,83.895453,True,False,OTHER
CPH,CHAMPA,UNKNOWN,UNKNOWN,,22.034731,82.665149,True,False,OTHER
GPX,Gautampura Road,Madhya Pradesh,WR,"Barnagar, Madhya Pradesh",23.200889,75.68199,True,False,OTHER
RGQ,RAIGADH ROAD,Gujarat,NWR,"National Highway 8, Gujarat",23.596666,73.183592,True,False,OTHER
GS,GODHANESHWAR,Gujarat,WR,"Bagodara Dholka Link Rd, Gujarat",22.68118,72.36834,True,False,OTHER
GLH,Gulaothi,Uttar Pradesh,NR,"Gulaothi, Uttar Pradesh",28.582962,77.801799,True,False,OTHER
HNB,Hasanabad,West Bengal,ER,"Taki, West Bengal",22.570155,88.912953,True,False,OTHER
PUA,PULLA,UNKNOWN,UNKNOWN,,16.809911,81.324846,True,False,OTHER
KKRM,KAIKORAM,UNKNOWN,UNKNOWN,,16.815341,81.364219,True,False,OTHER
JER,JALESWAR,UNKNOWN,UNKNOWN,,21.79749,87.220491,True,False,OTHER
FYZ,FAIZULLAPUR,UNKNOWN,UNKNOWN,,25.869213,80.893347,True,False,OTHER
ED,ERODE JN,UNKNOWN,UNKNOWN,,11.327682,77.725934,True,False,OTHER
HR,Harpalu,Rajasthan,NWR,"Bahal, Rajasthan",28.569054,75.491047,True,False,OTHER
RUB,RASULABAD,UNKNOWN,UNKNOWN,,25.826999,80.977088,True,False,OTHER
SNIE,SATH NARAINI,UNKNOWN,UNKNOWN,,25.795325,81.03942,True,False,OTHER
DUR,DESUR,Karnataka,SWR,"Desur, Karnataka",15.754344,74.49801,True,False,OTHER
CNC,CHINCHLI,Karnataka,SWR,"Belagavi, Karnataka",16.571697,74.855323,True,False,OTHER
MTB,MATLABPUR,UNKNOWN,UNKNOWN,,28.989821,78.656727,True,False,OTHER
KNT,KANTH,UNKNOWN,UNKNOWN,,29.059768,78.621471,True,False,OTHER
MWE,MEWA NAWADA,UNKNOWN,UNKNOWN,,29.118385,78.613167,True,False,OTHER
SEO,SEOHARA,UNKNOWN,UNKNOWN,,29.204807,78.580977,True,False,OTHER
CAJ,CHAKRAJ MAL,UNKNOWN,UNKNOWN,,29.249784,78.536047,True,False,OTHER
DPR,DHAMPUR,UNKNOWN,UNKNOWN,,29.305446,78.501588,True,False,OTHER
HBW,HABIBWALA,UNKNOWN,UNKNOWN,,29.349034,78.478973,True,False,OTHER
GKD,GADHAKDA,Gujarat,WR,"Gadhakada Rd, Gujarat",21.237962,71.381719,True,False,OTHER
PNI,PURAINI,UNKNOWN,UNKNOWN,,29.388929,78.445574,True,False,OTHER
NGG,NAGINA,UNKNOWN,UNKNOWN,,29.437919,78.424119,True,False,OTHER
BEK,BUNDKI,UNKNOWN,UNKNOWN,,29.522577,78.393285,True,False,OTHER
GYN,GYANPUR ROAD,Uttar Pradesh,NER,"Bhadohi District, Uttar Pradesh",25.280144,82.427288,True,False,OTHER
MSDR,MURSHADPUR,UNKNOWN,UNKNOWN,,29.572395,78.375646,True,False,Chennai
NBD,NAJIBABAD JN,UNKNOWN,UNKNOWN,,29.60354,78.335733,True,False,OTHER
FZL,FAZALPUR,UNKNOWN,UNKNOWN,,29.593741,78.277954,True,False,OTHER
CNK,CHANDOK,UNKNOWN,UNKNOWN,,29.576786,78.152782,True,False,OTHER
BLW,BALAWALI,UNKNOWN,UNKNOWN,,29.627434,78.112433,True,False,OTHER
RSI,RAISI,UNKNOWN,UNKNOWN,,29.692832,78.066434,True,False,OTHER
AAR,ADESAR,Gujarat,WR,"Dist. Kachchh, Gujarat",23.552978,70.972051,True,False,OTHER
HRR,HARIHAR,Karnataka,SWR,"Harihar, Karnataka",14.515431,75.812314,True,False,OTHER
GVA,Ganguwada,Andhra Pradesh,ECoR,"Ganguwada, Andhra Pradesh",18.667637,84.107224,True,False,OTHER
GUX,Gurhi,Madhya Pradesh,SCR,"Khandwa, Madhya Pradesh",21.629554,76.580745,True,False,OTHER
HMH,HANUMANGARH JN,Rajasthan,NWR,"Hanumangarh, Rajasthan",29.614904,74.297633,True,False,OTHER
AAM,Angadippuram,Kerala,SR,"Angadipuram, Kerala",10.979489,76.207343,True,False,OTHER
PHR,PHILLAUR JN,UNKNOWN,UNKNOWN,,31.016907,75.785761,True,False,OTHER
LDW,LADHOWAL,UNKNOWN,UNKNOWN,,31.016957,75.785811,True,False,OTHER
LDH,LUDHIANA JN,UNKNOWN,UNKNOWN,,30.912367,75.847873,True,False,OTHER
BHOI,DHANDARIKALAN BLOCK HUT,UNKNOWN,UNKNOWN,,30.894741,75.87188,True,False,OTHER
HKR,Kiwar Khed,Maharashtra,SCR,"State Highway 194, Maharashtra",21.186952,76.8767,True,False,OTHER
DDL,DHANDARI KALAN,UNKNOWN,UNKNOWN,,30.874477,75.909491,True,False,OTHER
SNL,SANAHWAL,UNKNOWN,UNKNOWN,,30.837436,75.9795,True,False,OTHER
DOA,DORAHA,UNKNOWN,UNKNOWN,,30.804137,76.043303,True,False,OTHER
JSPN,JASPALON,UNKNOWN,UNKNOWN,,30.784738,76.080152,True,False,OTHER
CHA,CHAWAPALL,UNKNOWN,UNKNOWN,,30.759463,76.127465,True,False,OTHER
KNN,KHANNA,UNKNOWN,UNKNOWN,,30.707973,76.225134,True,False,OTHER
GVG,GOVINDGARH,UNKNOWN,UNKNOWN,,30.669483,76.297074,True,False,OTHER
SIR,SIRHIND JN,UNKNOWN,UNKNOWN,,30.624222,76.383194,True,False,OTHER
SDY,SADHOO GARH,UNKNOWN,UNKNOWN,,30.582863,76.448473,True,False,OTHER
SBJ,SARAI BANJARA,UNKNOWN,UNKNOWN,,30.538386,76.515682,True,False,OTHER
RPJ,RAJPURA JN,UNKNOWN,UNKNOWN,,30.486459,76.59402,True,False,OTHER
SMU,SAMBHU,UNKNOWN,UNKNOWN,,30.429027,76.684144,True,False,OTHER
CDL,CHODIALA,UNKNOWN,UNKNOWN,,29.896398,77.738546,True,False,OTHER
IQB,IQBALPUR,UNKNOWN,UNKNOWN,,29.875114,77.803799,True,False,OTHER
RK,ROORKEE,UNKNOWN,UNKNOWN,,29.851671,77.87417,True,False,OTHER
DNRA,DHANDHERA,UNKNOWN,UNKNOWN,,29.843403,77.901923,True,False,OTHER
DSNI,DAUSNI,UNKNOWN,UNKNOWN,,29.784745,77.979636,True,False,OTHER
CPT,CHANNAPATNA,Karnataka,SWR,"Channapatna, Karnataka",12.659673,77.203824,True,False,OTHER
KGF,KATHGHAR,UNKNOWN,UNKNOWN,,28.826066,78.796689,True,False,OTHER
DLP,DALPATPUR,UNKNOWN,UNKNOWN,,28.820438,78.877187,True,False,OTHER
MPH,MUNDHA PANDE,UNKNOWN,UNKNOWN,,28.800367,78.939038,True,False,OTHER
RMU,RAMPUR,UNKNOWN,UNKNOWN,,28.778863,79.023419,True,False,OTHER
SAR,SHAHZAD NAGAR,UNKNOWN,UNKNOWN,,28.750033,79.052147,True,False,OTHER
DAM,DHAMORA,UNKNOWN,UNKNOWN,,28.707129,79.087745,True,False,OTHER
AABH,AMBIKA BHAWANI HALT,UNKNOWN,UNKNOWN,,25.751434,84.969003,True,False,OTHER
DGA,DIGHWARA,UNKNOWN,UNKNOWN,,25.743938,85.003168,True,False,OTHER
STLR,SITALPUR,UNKNOWN,UNKNOWN,,25.76874,85.036638,True,False,OTHER
JDR,JIWDHARA,Bihar,ECR,"Jiwdhara, Bihar",26.581722,84.906874,True,False,OTHER
AWP,AGHWANPUR,UNKNOWN,UNKNOWN,,28.939542,78.702865,True,False,OTHER
KIA,KHARI AMRAPUR,Gujarat,WR,"State Highway 237, Gujarat",23.390711,72.913948,True,False,OTHER
IMR,IBRAHIMPUR,Karnataka,SWR,"Bijapur, Karnataka",16.802926,75.719362,True,False,OTHER
JND,JUNAGADH JN,Gujarat,WR,"Junagadh, Gujarat",21.530606,70.457612,True,False,OTHER
JA,JALIYA,Gujarat,WR,"Ranuja Village Rd, Gujarat",21.816357,71.632491,True,False,OTHER
IDP,INDUPALLI,Andhra Pradesh,SCR,"Krishna, Andhra Pradesh",16.479094,80.877069,True,False,OTHER
DBL,DODBELE,Karnataka,SWR,"National Highway 4, Karnataka",13.216441,77.351193,True,False,OTHER
KVD,KHURMABAD ROAD,UNKNOWN,UNKNOWN,,25.021489,83.848303,True,False,OTHER
JBO,Jamadobu,Jharkhand,SER,"Jharia, Jharkhand",23.715139,86.410031,True,False,OTHER
KTQ,KUDRA,UNKNOWN,UNKNOWN,,25.048552,83.793371,True,False,OTHER
PSE,PUSAULI,UNKNOWN,UNKNOWN,,25.097235,83.72151,True,False,OTHER
STPT,SITAMPET,UNKNOWN,UNKNOWN,,16.797409,81.211206,True,False,OTHER
JHBN,JHAMATPUR BAHARAN,West Bengal,ER,"Goai, West Bengal",23.749987,88.098669,True,False,OTHER
UBC,AMBALA CITY,UNKNOWN,UNKNOWN,,30.378497,76.763996,True,False,OTHER
JIT,JIRAT,West Bengal,ER,"Jirat, West Bengal",23.098255,88.461461,True,False,OTHER
BMD,BHIMADOLU,UNKNOWN,UNKNOWN,,16.808482,81.261097,True,False,OTHER
JDD,Jerthi Dadhia,Rajasthan,NWR,"MDR 87, Rajasthan",27.731618,75.201077,True,False,OTHER
LXD,LAKSHANNATH ROAD,UNKNOWN,UNKNOWN,,21.842011,87.250953,True,False,OTHER
JGJN,JUGIJAN,Assam,NFR,"National Highway 36, Assam",26.028001,92.81771,True,False,OTHER
JMI,JAMGURI,Assam,NFR,"National Highway 39, Assam",26.387707,93.960448,True,False,OTHER
CSM,CANSAULIM,Goa,SWR,"Arossim Beach Rd, Goa",15.344532,73.897226,True,False,OTHER
BPW,BURHPURA,UNKNOWN,UNKNOWN,,25.211179,78.42955,True,False,OTHER
IDM,Indemau,Uttar Pradesh,NR,"Indemau, Uttar Pradesh",26.318344,80.767021,True,False,OTHER
KSR,KASTURI,UNKNOWN,UNKNOWN,,27.139983,81.728838,True,False,OTHER
MIR,MAIJAPUR,UNKNOWN,UNKNOWN,,27.141734,81.773788,True,False,OTHER
JNO,Junnor Deo,Madhya Pradesh,CR,"Dongar Parasia, Madhya Pradesh",22.191279,78.592052,True,False,OTHER
GDK,GONDA KACHAHRI,UNKNOWN,UNKNOWN,,27.140227,81.934027,True,False,OTHER
BRCK,BARUACHAK,UNKNOWN,UNKNOWN,,27.122672,82.055181,True,False,OTHER
JOL,Jogal,Orissa,UNKNOWN,"Jogal, Orissa",21.696442,86.882714,True,False,OTHER
ICL,Ichauli,Uttar Pradesh,NCR,"Maudaha, Uttar Pradesh",25.520955,80.178833,True,False,OTHER
MOTG,MOTIGANJ,UNKNOWN,UNKNOWN,,27.101387,82.103635,True,False,OTHER
JLHI,JHILAHI,UNKNOWN,UNKNOWN,,27.072604,82.172878,True,False,OTHER
KAU,Kachna,West Bengal,NFR,"National Highway 34, West Bengal",25.633738,88.024643,True,False,OTHER
BBHL,Bela Bela,UNKNOWN,UNKNOWN,,26.137192,81.24876,True,False,OTHER
JOA,JANWAL,Maharashtra,SCR,"Latur, Maharashtra",18.55964,76.755147,True,False,OTHER
JADR,Jadar,Gujarat,WR,"State Highway 9, Gujarat",23.745814,72.952369,True,False,OTHER
JJW,Jojwa,Gujarat,WR,"Vadodara, Gujarat",22.253213,73.642431,True,False,OTHER
MUR,MANKAPUR JN,UNKNOWN,UNKNOWN,,27.039058,82.227648,True,False,OTHER
LKNR,LAKHPAT NAGAR,UNKNOWN,UNKNOWN,,27.027626,82.277589,True,False,OTHER
MSW,MASKANWA,UNKNOWN,UNKNOWN,,27.001379,82.35974,True,False,Chennai
ANU,ANANGUR,UNKNOWN,UNKNOWN,,11.39694,77.820053,True,False,OTHER
POE,Pawapuri Road Halt,UNKNOWN,UNKNOWN,,25.160225,85.512918,True,False,OTHER
SNC,S NARAYAN CHPLA,UNKNOWN,UNKNOWN,,26.981002,82.396166,True,False,OTHER
HSB,Hasanbazar Halt,Bihar,ECR,"Hasan Bazar, Bihar",25.266582,84.349296,True,False,OTHER
BNGY,BAHMAN JYOTIA,UNKNOWN,UNKNOWN,,26.966264,82.427355,True,False,OTHER
PATI,PARSA TEWARI,UNKNOWN,UNKNOWN,,26.95565,82.452155,True,False,OTHER
JI,JHUSI,Uttar Pradesh,NER,"NH 2, Uttar Pradesh",25.431145,81.916644,True,False,OTHER
GOVR,GOVINDNAGAR,UNKNOWN,UNKNOWN,,26.864223,82.707468,True,False,OTHER
BST,BASTI,UNKNOWN,UNKNOWN,,26.815678,82.770059,True,False,OTHER
ORW,ORWARA,UNKNOWN,UNKNOWN,,26.802389,82.830311,True,False,OTHER
CRV,CHUREB,UNKNOWN,UNKNOWN,,26.782155,82.977636,True,False,OTHER
MOW,MANANWALA,UNKNOWN,UNKNOWN,,31.612827,74.966562,True,False,OTHER
JNL,JANDIALA,UNKNOWN,UNKNOWN,,31.589979,75.054412,True,False,OTHER
TRA,TANGRA,UNKNOWN,UNKNOWN,,31.576426,75.107232,True,False,OTHER
JSH,Jaswantgarh,Rajasthan,NWR,"Sujangarh, Rajasthan",27.668988,74.443968,True,False,OTHER
BTR,BUTARI,UNKNOWN,UNKNOWN,,31.556444,75.183274,True,False,OTHER
BBKR,BABA BAKALARAYA,UNKNOWN,UNKNOWN,,31.541835,75.238827,True,False,OTHER
BEAS,BEAS,UNKNOWN,UNKNOWN,,31.519374,75.290808,True,False,OTHER
DIW,DHILWAN,UNKNOWN,UNKNOWN,,31.498953,75.335011,True,False,OTHER
RYM,RAMIDI HALT,UNKNOWN,UNKNOWN,,31.465951,75.407843,True,False,OTHER
JKI,Kauriaa Jungle,Uttar Pradesh,UNKNOWN,"National Highway 29, Uttar Pradesh",26.881072,83.299798,True,False,OTHER
HMR,HAMIRA,UNKNOWN,UNKNOWN,,31.45628,75.432702,True,False,OTHER
KRE,KARTARPUR,UNKNOWN,UNKNOWN,,31.432388,75.492544,True,False,OTHER
SRX,SURA NUSSI,UNKNOWN,UNKNOWN,,31.380553,75.541964,True,False,OTHER
POM,Punthottam,UNKNOWN,UNKNOWN,,10.932628,79.657312,True,False,OTHER
LOHA,Loha,Rajasthan,NWR,"Ratangarh, Rajasthan",28.006921,74.619424,True,False,OTHER
BBSL,BABA SODHAL NAGAR,UNKNOWN,UNKNOWN,,31.35302,75.564868,True,False,OTHER
JUC,JALANDHAR CITY,UNKNOWN,UNKNOWN,,31.331665,75.591499,True,False,OTHER
KBA,Kurabalakota,Andhra Pradesh,SCR,"Kurabalakota Railway Station, Andhra Pradesh",13.666284,78.485843,True,False,OTHER
JRC,JALANDHAR CANT,UNKNOWN,UNKNOWN,,31.306235,75.632106,True,False,OTHER
ABE,Ambikeshwar,Madhya Pradesh,NCR,"State Highway 2, Madhya Pradesh",26.368567,77.963828,True,False,OTHER
CEU,CHIHERU,UNKNOWN,UNKNOWN,,31.262695,75.706691,True,False,OTHER
MLIH,MAULI HALT,UNKNOWN,UNKNOWN,,31.175,75.769234,True,False,OTHER
MAUL,MAULA ALI,UNKNOWN,UNKNOWN,,31.17531,75.769544,True,False,OTHER
GRY,GORAYA,UNKNOWN,UNKNOWN,,31.129722,75.774193,True,False,OTHER
JTO,Jutogh,Himachal Pradesh,NR,"Shimla, Himachal Pradesh",31.100734,77.122043,True,False,OTHER
JPS,Jamalpur Shaikhan,Punjab,UNKNOWN,"MDR 101, Punjab",29.699949,75.857438,True,False,OTHER
BTTN,BHATIAN,UNKNOWN,UNKNOWN,,31.071444,75.780007,True,False,OTHER
PPDA,PANCHPATIA DEORIA HALT,UNKNOWN,UNKNOWN,,25.768731,84.936129,True,False,OTHER
KHBV,KHARBAO,Maharashtra,CR,"Thane, Maharashtra",19.297247,72.983444,True,False,OTHER
KEV,KELA DEVI,Rajasthan,WCR,"Bharatpur, Rajasthan",27.015612,77.329069,True,False,OTHER
KDE,KORADACHERI,Tamil Nadu,SR,"Koradacheri, Tamil Nadu",10.771022,79.490035,True,False,OTHER
SHGN,SHRI GHASINAGAR,UNKNOWN,UNKNOWN,,27.086515,76.626805,True,False,OTHER
QGT,KOLAGHAT,UNKNOWN,UNKNOWN,,22.434331,87.879654,True,False,OTHER
BW,BIWAI,UNKNOWN,UNKNOWN,,27.110623,76.696092,True,False,OTHER
KHM,KUSMHI,UNKNOWN,UNKNOWN,,26.72824,83.453837,True,False,OTHER
NYN,NAINI,UNKNOWN,UNKNOWN,,25.393138,81.860042,True,False,OTHER
CTHR,CHITAHRA,Madhya Pradesh,WCR,"MDR 11, Madhya Pradesh",24.862627,80.842854,True,False,OTHER
STA,SATNA,Madhya Pradesh,WCR,"Satna, Madhya Pradesh",24.568619,80.827717,True,False,OTHER
KALS,KALAS HALT,Karnataka,SWR,"State Highway 6, Karnataka",15.086447,75.389978,True,False,OTHER
KLPM,KAILASAPURAM,Tamil Nadu,SR,"Thattaparai, Tamil Nadu",8.847387,77.99461,True,False,OTHER
KHNP,Khanapur Deccan,Karnataka,SCR,"State Highway 4, Karnataka",17.942175,77.382161,True,False,OTHER
KBSH,Krishna Ballabh,Jharkhand,ER,"Giridih, Jharkhand",24.255819,86.482965,True,False,OTHER
KEMA,KUKMA,Gujarat,WR,"Kutch, Gujarat",23.217031,69.766265,True,False,OTHER
KKDI,Karaikkudi Junction,Tamil Nadu,SR,"Ariyakudi Road, Tamil Nadu",10.068518,78.793315,True,False,OTHER
JXN,JIRONA,Maharashtra,UNKNOWN,"Nanded, Maharashtra",19.407451,77.951395,True,False,OTHER
KJZ,KARONJI,Chhattisgarh,SECR,"Devipur, Chhattisgarh",23.282475,82.923013,True,False,OTHER
KDZ,Kandaghat,Himachal Pradesh,NR,"Kandhaghat, Himachal Pradesh",30.965544,77.106996,True,False,OTHER
NPB,Nagapattinam Beach,Tamil Nadu,SR,"Nagapattinam, Tamil Nadu",10.764487,79.848443,True,False,OTHER
MNU,MUNDIKOTA,UNKNOWN,UNKNOWN,,21.372513,79.834833,True,False,OTHER
JWN,Jiwa Arain,Punjab,NR,"State Highway 20, Punjab",30.673761,74.355654,True,False,OTHER
KWN,KACHEWANI,UNKNOWN,UNKNOWN,,21.43031,79.981657,True,False,OTHER
AGN,AMGAON,UNKNOWN,UNKNOWN,,21.361293,80.374649,True,False,OTHER
LNMA,LNMA,UNKNOWN,UNKNOWN,,0.0,0.0,False,False,OTHER
DURG,DURG,UNKNOWN,UNKNOWN,,21.200327,81.291837,True,False,OTHER
KPNA,KAPAN,UNKNOWN,UNKNOWN,,22.026018,82.494827,True,False,OTHER
KDTR,KIRODIMALNAGAR,UNKNOWN,UNKNOWN,,21.926994,83.332507,True,False,OTHER
MTGE,MUTHANI,UNKNOWN,UNKNOWN,,25.173237,83.619143,True,False,OTHER
SPF,STUARTPURAM,UNKNOWN,UNKNOWN,,15.868003,80.406913,True,False,OTHER
EE,ELURU,UNKNOWN,UNKNOWN,,16.717816,81.119762,True,False,OTHER
DEL,DENDULURU,UNKNOWN,UNKNOWN,,16.781406,81.180472,True,False,OTHER
AGV,ANGUA,UNKNOWN,UNKNOWN,,21.892582,87.269923,True,False,OTHER
DNT,DANTAN,UNKNOWN,UNKNOWN,,21.930376,87.284055,True,False,OTHER
KHTN,Khutauna,Bihar,ECR,"Khutuana, Bihar",26.494365,86.397414,True,False,OTHER
BBU,BHABUA ROAD,UNKNOWN,UNKNOWN,,25.173007,83.618913,True,False,OTHER
KJC,Kasganj City,Uttar Pradesh,NER,"State Highway 33, Uttar Pradesh",27.814972,78.658063,True,False,OTHER
DGO,DURGAUTI,UNKNOWN,UNKNOWN,,25.207897,83.539684,True,False,OTHER
MVPM,MAVELIPALAIYAM,UNKNOWN,UNKNOWN,,11.480914,77.899212,True,False,OTHER
SGE,SANKARIDURG,UNKNOWN,UNKNOWN,,11.445732,77.870439,True,False,OTHER
DCX,DHANICHHA,UNKNOWN,UNKNOWN,,25.227165,83.490837,True,False,OTHER
KID,KHAIRAR JN,Uttar Pradesh,NCR,"NH-76 Banda(05192-224813), Uttar Pradesh",25.451955,80.236073,True,False,OTHER
KHOH,KHOH,Uttar Pradesh,NCR,"National Highway 76, Uttar Pradesh",25.209491,80.979976,True,False,OTHER
KLI,Kauli,Punjab,NR,"National Highway 64, Punjab",30.418388,76.519879,True,False,OTHER
KLAR,KULPAHAR,Uttar Pradesh,NCR,"Kulpahar, Uttar Pradesh",25.29552,79.63751,True,False,OTHER
KMS,KARAMNASA,UNKNOWN,UNKNOWN,,25.239738,83.430892,True,False,Chennai
KHBJ,KHANNA BANJARI,Madhya Pradesh,WCR,"State Highway 11, Madhya Pradesh",23.897087,80.822716,True,False,OTHER
SYJ,SAIDRAJA,UNKNOWN,UNKNOWN,,25.253531,83.35118,True,False,OTHER
GAQ,GANJ KHAWAJA,UNKNOWN,UNKNOWN,,25.273922,83.184363,True,False,OTHER
FOCM,FLYOVER CABIN MUGHALSARAI,UNKNOWN,UNKNOWN,,25.289359,83.172391,True,False,OTHER
KCT,Kirakat,Uttar Pradesh,NER,"Jaunpur, Uttar Pradesh",25.645355,82.924798,True,False,OTHER
KLD,KHALILABAD,UNKNOWN,UNKNOWN,,26.77453,83.055073,True,False,OTHER
MHH,MAGHAR,UNKNOWN,UNKNOWN,,26.750013,83.133741,True,False,OTHER
SIPR,SIHAPAR,UNKNOWN,UNKNOWN,,26.757903,83.164872,True,False,OTHER
SWA,SAHJANWA,UNKNOWN,UNKNOWN,,26.763075,83.2147,True,False,OTHER
MWH,MALWAN,UNKNOWN,UNKNOWN,,26.017246,80.685594,True,False,OTHER
JTB,JAGATBELA,UNKNOWN,UNKNOWN,,26.772224,83.278505,True,False,OTHER
KJS,Krishnarajasagar,Karnataka,SWR,"Mandya District, Karnataka",12.401426,76.567029,True,False,OTHER
KLK,Kalka,Haryana,NR,"Kalka, Haryana",30.837667,76.931759,True,False,OTHER
PNS,PILLAMSHAT,UNKNOWN,UNKNOWN,,0.0,0.0,False,False,Chennai
KKS,KURASTI KALAN,UNKNOWN,UNKNOWN,,25.955085,80.752455,True,False,OTHER
FTP,FATEHPUR,UNKNOWN,UNKNOWN,,25.917489,80.801869,True,False,OTHER
DMG,DOMINGARH,UNKNOWN,UNKNOWN,,26.765251,83.341993,True,False,OTHER
BTK,BANKATA,UNKNOWN,UNKNOWN,,26.265917,84.09492,True,False,OTHER
KKL,KALA BAKRA,Punjab,NR,"Dhogri Rd, Punjab",31.475181,75.630348,True,False,OTHER
BAGL,BARAGOPAL,UNKNOWN,UNKNOWN,,25.765088,84.906765,True,False,OTHER
ATNR,AWATAR NAGAR,UNKNOWN,UNKNOWN,,25.764396,84.956774,True,False,OTHER
KHKT,KHOTKHOTI,Assam,NFR,"Golaghat Rd, Assam",25.952483,93.754761,True,False,OTHER
ARI,ANTRI,UNKNOWN,UNKNOWN,,26.035234,78.226699,True,False,OTHER
KDPS,KADIPUR SANI HA,Uttar Pradesh,NER,"Kadipur Sani, Uttar Pradesh",27.862753,80.779037,True,False,OTHER
KITN,KHIRI TOWN,Uttar Pradesh,NER,"Kheri, Uttar Pradesh",27.902944,80.788481,True,False,OTHER
MNF,MANDA ROAD,UNKNOWN,UNKNOWN,,25.162718,82.236678,True,False,OTHER
MZP,MIRZAPUR,UNKNOWN,UNKNOWN,,25.13435,82.569869,True,False,OTHER
JHG,JHINGURA,UNKNOWN,UNKNOWN,,25.124475,82.651346,True,False,OTHER
PRE,PAHARA,UNKNOWN,UNKNOWN,,25.119784,82.724782,True,False,OTHER
DAP,DAGMAGPUR,UNKNOWN,UNKNOWN,,25.098881,82.800991,True,False,OTHER
CAR,CHUNAR,UNKNOWN,UNKNOWN,,25.103351,82.874703,True,False,OTHER
KYT,KAILAHAT,UNKNOWN,UNKNOWN,,25.155223,82.947581,True,False,OTHER
ARW,AHRAURA ROAD,UNKNOWN,UNKNOWN,,25.196501,83.018883,True,False,OTHER
JEP,JEONATHPUR,UNKNOWN,UNKNOWN,,25.231398,83.061895,True,False,OTHER
NEWC,NEW WEST CABIN,UNKNOWN,UNKNOWN,,25.27379,83.10921,True,False,OTHER
PRKD,POWERKHEDA,UNKNOWN,UNKNOWN,,22.673479,77.747363,True,False,OTHER
ITKL,ITAYAKALAN,UNKNOWN,UNKNOWN,,23.049837,77.5462,True,False,OTHER
KOZ,KOSMA,Uttar Pradesh,NCR,"Kosma, Uttar Pradesh",27.156663,78.837282,True,False,OTHER
MDDP,MANDI DIP,UNKNOWN,UNKNOWN,,23.093747,77.511077,True,False,OTHER
KTM,KUTRALAM,Tamil Nadu,SR,"Kuthalam, Tamil Nadu",11.069825,79.557389,True,False,OTHER
NGN,NANDGAON,UNKNOWN,UNKNOWN,,20.307616,74.659526,True,False,OTHER
KTX,KATAKHAL JN,Assam,NFR,"Hailakandi, Assam",24.83436,92.627067,True,False,OTHER
KRBA,Korba,Chhattisgarh,SECR,"Korba, Chhattisgarh",22.337584,82.713013,True,False,OTHER
ET,ITARSI JN,UNKNOWN,UNKNOWN,,22.608258,77.767128,True,False,OTHER
KSAR,KUDALA SANGAM,Karnataka,SWR,"NH 13, Karnataka",16.306774,75.891059,True,False,OTHER
KIAT,KYATSANDRA,Karnataka,SWR,"Tumkur, Karnataka",13.316196,77.148113,True,False,OTHER
KSPR,KASHIPURA SARAR,UNKNOWN,UNKNOWN,,22.120086,73.145838,True,False,OTHER
CNT,CONTAI ROAD,UNKNOWN,UNKNOWN,,22.078584,87.33984,True,False,OTHER
KRMD,Kuarmunda,Orissa,SER,"Sundargarh, Orissa",22.286675,84.789851,True,False,OTHER
GEA,GHATERA,UNKNOWN,UNKNOWN,,23.829387,79.673391,True,False,OTHER
KQD,KHAIRATABAD DCN,Andhra Pradesh,SCR,"Hyderabad, Andhra Pradesh",17.414221,78.46165,True,False,Hyderabad
MHUL,Mehuwala Halt,UNKNOWN,UNKNOWN,,29.411154,75.314968,True,False,OTHER
ORKI,ORKI,Rajasthan,NR,"National Highway 15, Rajasthan",30.091597,73.891318,True,False,OTHER
HYA,HADIAYA,Punjab,NR,"Khudi Rd, Punjab",30.337054,75.477006,True,False,OTHER
MLQ,Malkera Junction,Jharkhand,SER,"National Highway 32, Jharkhand",23.779733,86.296949,True,False,OTHER
KOHR,Kohir Deccan,Andhra Pradesh,SCR,"Telangana Region, Andhra Pradesh",17.608886,77.711977,True,False,OTHER
HMQ,HIMMATPURA,Haryana,NR,"Tohana, Haryana",29.750497,75.860597,True,False,OTHER
NBKH,NABA GRAM KANKU,West Bengal,ER,"Nabagram Kakurhati, West Bengal",23.661572,88.10026,True,False,OTHER
ABKA,AMBIKA KALNA,West Bengal,ER,"Kalna, West Bengal",23.211377,88.353984,True,False,OTHER
KMAE,KHAMARGACHHI,West Bengal,ER,"Khamargachi, West Bengal",23.054229,88.44421,True,False,OTHER
IPPM,IPURUPALEM,UNKNOWN,UNKNOWN,,15.851913,80.385122,True,False,OTHER
KNNK,Kanina Khas,Haryana,NWR,"MDR 124, Haryana",28.321249,76.300375,True,False,OTHER
NZD,NUZVID,UNKNOWN,UNKNOWN,,16.649931,80.961528,True,False,OTHER
KNH,Konch,Uttar Pradesh,NCR,"Kocha, Uttar Pradesh",25.995106,79.157707,True,False,OTHER
VAT,VATLUR,UNKNOWN,UNKNOWN,,16.69451,81.044473,True,False,OTHER
HOJ,HAMITONGANJ,West Bengal,NFR,"Hamiltonganj, West Bengal",26.688907,89.416841,True,False,OTHER
IPRA,IPRA,UNKNOWN,UNKNOWN,,0.0,0.0,False,False,OTHER
KMKD,KHAMKHED,UNKNOWN,UNKNOWN,,20.904161,76.122339,True,False,OTHER
NSI,NIKURSINI,UNKNOWN,UNKNOWN,,22.004654,87.306186,True,False,OTHER
KTKL,KOTLI KALAN,Punjab,NR,"State Highway 12A, Punjab",30.041102,75.297551,True,False,OTHER
JSRD,Jhankad Sarala Road,Orissa,UNKNOWN,"Jhankad, Orissa",20.290186,86.304284,True,False,OTHER
DPT,Dalpat Singhpur,UNKNOWN,UNKNOWN,,29.929458,73.524416,True,False,OTHER
BLDA,BELDA,UNKNOWN,UNKNOWN,,22.071444,87.336914,True,False,OTHER
MAKR,MALKHERI,UNKNOWN,UNKNOWN,,24.169924,78.223009,True,False,OTHER
DC,MAGUDANCHAVADI,UNKNOWN,UNKNOWN,,11.55092,77.987264,True,False,OTHER
BJQ,BAGHORA,UNKNOWN,UNKNOWN,,24.135877,78.260336,True,False,OTHER
KYE,KHURAI,UNKNOWN,UNKNOWN,,24.051525,78.331128,True,False,OTHER
SMRR,SUMRERI,UNKNOWN,UNKNOWN,,24.006945,78.399411,True,False,OTHER
KOY,KHEROL,Gujarat,WR,"State Highway 237, Gujarat",23.310434,72.934133,True,False,OTHER
JLM,JALIYA MATH,Gujarat,WR,"State Highway 68, Gujarat",23.227583,72.877596,True,False,OTHER
JRK,JERUWA KHERA,UNKNOWN,UNKNOWN,,23.973745,78.478729,True,False,OTHER
CV,KAVERI,UNKNOWN,UNKNOWN,,11.351027,77.760945,True,False,OTHER
ISH,ISARWARA,UNKNOWN,UNKNOWN,,23.927214,78.548987,True,False,OTHER
CPMR,CPMR,UNKNOWN,UNKNOWN,,0.0,0.0,False,False,OTHER
NOI,NARIAOLI,UNKNOWN,UNKNOWN,,23.89567,78.604147,True,False,OTHER
KSI,Kosli,Haryana,NWR,"Tumna Rd, Haryana",28.411947,76.464704,True,False,OTHER
RTZ,RATONA,UNKNOWN,UNKNOWN,,23.83539,78.685372,True,False,OTHER
SGO,SAUGOR,UNKNOWN,UNKNOWN,,23.84735,78.74292,True,False,OTHER
KUV,Kundara,Kerala,SR,"Kundara, Kerala",8.960373,76.678549,True,False,OTHER
DEC,DELHI CANTT,Delhi NCT,NR,"Mayapuri Industrial Area Phase II/Lajwanti Garden, Delhi NCT",28.613534,77.116577,True,False,Delhi
MKRN,MAKRONIA,UNKNOWN,UNKNOWN,,23.86705,78.808077,True,False,OTHER
LDA,LIDHORA KHURD,UNKNOWN,UNKNOWN,,23.852972,78.872323,True,False,OTHER
KYX,KARHIYA BHADELI,UNKNOWN,UNKNOWN,,23.858464,79.504563,True,False,OTHER
GTY,GOLA PATI,UNKNOWN,UNKNOWN,,23.798776,79.738652,True,False,OTHER
SAO,SAGONI,UNKNOWN,UNKNOWN,,23.811896,79.811439,True,False,OTHER
SYA,SALAIA,UNKNOWN,UNKNOWN,,23.846076,79.969117,True,False,OTHER
KMLR,Kamalur,Chhattisgarh,ECoR,"Kamalur, Chhattisgarh",18.854521,81.276887,True,False,OTHER
MJGP,MAJHGAWAN PHATA,UNKNOWN,UNKNOWN,,23.883133,80.347474,True,False,OTHER
KMZ,KATNI MURWARA,UNKNOWN,UNKNOWN,,23.834356,80.401484,True,False,OTHER
KNPS,Kendposi,Jharkhand,SER,"National Highway 75, Jharkhand",22.294845,85.732482,True,False,OTHER
BKO,BINDKI ROAD,UNKNOWN,UNKNOWN,,26.116562,80.580557,True,False,OTHER
KSQ,KANSPUR GUGAULI,UNKNOWN,UNKNOWN,,26.074302,80.625838,True,False,OTHER
NGTN,NAGOTHANE,Maharashtra,CR,"Raigad, Maharashtra",18.539932,73.140769,True,False,OTHER
KNF,Khanudih,Jharkhand,SER,"Bokaro, Jharkhand",23.820218,86.192157,True,False,OTHER
AGD,AGASOD,UNKNOWN,UNKNOWN,,24.234023,78.216912,True,False,OTHER
KOA,KARONDA,UNKNOWN,UNKNOWN,,24.330273,78.265477,True,False,OTHER
MXS,MOHASA,UNKNOWN,UNKNOWN,,24.378687,78.2889,True,False,OTHER
KORI,Khori,Haryana,NWR,"State Highway 26, Haryana",28.187268,76.498091,True,False,OTHER
DUA,DHAURA,UNKNOWN,UNKNOWN,,24.44965,78.321791,True,False,OTHER
JLN,JAKHALAUN,UNKNOWN,UNKNOWN,,24.547359,78.341911,True,False,OTHER
JRO,JIRON,UNKNOWN,UNKNOWN,,24.608534,78.361937,True,False,OTHER
LAR,LALITPUR,UNKNOWN,UNKNOWN,,24.688222,78.395791,True,False,OTHER
DWA,DAILWARA,UNKNOWN,UNKNOWN,,24.78059,78.392945,True,False,OTHER
JHA,JAKHAURA,UNKNOWN,UNKNOWN,,24.870821,78.400513,True,False,OTHER
GKB,GHATAKA VARANA,UNKNOWN,UNKNOWN,,25.506883,76.160353,True,False,OTHER
LRD,LAR ROAD,Uttar Pradesh,NER,"Deoria, Uttar Pradesh",26.21389,83.910183,True,False,OTHER
LHM,LEHRA MUHABBAT,Punjab,NR,"National Highway 64, Punjab",30.236037,75.162817,True,False,OTHER
JL,JALGAON JN,UNKNOWN,UNKNOWN,,21.018115,75.562875,True,False,OTHER
ARE,ARNETHA,UNKNOWN,UNKNOWN,,25.389778,76.018674,True,False,OTHER
LBG,LIMBGAON,Maharashtra,SCR,"Huzur Sahib Nanded, Maharashtra",19.176458,77.206134,True,False,OTHER
KPTN,KESHORAI PATAN,UNKNOWN,UNKNOWN,,25.324522,75.937733,True,False,OTHER
GNCN,GURLA N CABIN,UNKNOWN,UNKNOWN,,25.29723,75.904656,True,False,OTHER
HPR,HIRAPUR,UNKNOWN,UNKNOWN,,20.42454,74.93666,True,False,OTHER
GQLN,GURLA N,UNKNOWN,UNKNOWN,,25.293603,75.900299,True,False,OTHER
MASK,MAISAR KHANA,Punjab,NR,"State Highway 12A, Punjab",30.099805,75.13917,True,False,Chennai
LKBL,LAKHABAWAL,Gujarat,WR,"Jamnagar, Gujarat",22.409215,69.999514,True,False,OTHER
GQLW,GURLA W,UNKNOWN,UNKNOWN,,25.29033,75.884831,True,False,OTHER
KZY,Kayalpattinam,Tamil Nadu,SR,"Arumuganeri, Tamil Nadu",8.566912,78.09973,True,False,OTHER
GQL,GURLA,UNKNOWN,UNKNOWN,,25.270233,75.885268,True,False,OTHER
SNJL,SANJALI,UNKNOWN,UNKNOWN,,21.575809,72.988613,True,False,OTHER
XX-CLDO,XX-CLDO,UNKNOWN,UNKNOWN,,0.0,0.0,False,True,OTHER
DDYX,DDYX,UNKNOWN,UNKNOWN,,0.0,0.0,False,False,OTHER
KURO,Korari,Uttar Pradesh,NR,"State Highway 38, Uttar Pradesh",26.48788,80.529002,True,False,OTHER
XX-SUNB,XX-SUNB,UNKNOWN,UNKNOWN,,0.0,0.0,False,True,OTHER
KSB,KOSAMBA JN,UNKNOWN,UNKNOWN,,21.464052,72.954598,True,False,OTHER
KCCN,KCCN,UNKNOWN,UNKNOWN,,25.239081,75.879265,True,False,OTHER
MNVL,MNVL,UNKNOWN,UNKNOWN,,0.0,0.0,False,False,OTHER
KMNP,Kishan Manpura,Rajasthan,NWR,"State Highway 19, Rajasthan",27.299546,75.504945,True,False,OTHER
STN,SITARAMPUR,UNKNOWN,UNKNOWN,,23.723864,86.896472,True,False,OTHER
TNW,THAPAR NAGAR,UNKNOWN,UNKNOWN,,23.769198,86.70137,True,False,OTHER
MAI,MEHSI,Bihar,ECR,"Mehsi, Bihar",26.354898,85.096319,True,False,OTHER
LMT,ALMATTI,Karnataka,SWR,"Bijapur, Karnataka",16.3459,75.9005,True,False,OTHER
KXK,Kharkhauda,Uttar Pradesh,NR,"State Highway 18, Uttar Pradesh",28.833445,77.739043,True,False,OTHER
LKDU,Lankalakoderu,Andhra Pradesh,SCR,"Lankala Koderu, Andhra Pradesh",16.534517,81.681244,True,False,OTHER
ABKP,AMBIKAPUR,Chhattisgarh,SECR,"Surguja, Chhattisgarh",23.137032,83.145109,True,False,OTHER
LM,LIMBDI,Gujarat,WR,"Limbdi, Gujarat",22.56604,71.789599,True,False,OTHER
LGO,LalgopalGanj,Uttar Pradesh,NR,"Lal Gopalganj, Uttar Pradesh",25.642195,81.630185,True,False,OTHER
CI,CHHAPRA KACHERI,UNKNOWN,UNKNOWN,,25.785987,84.747095,True,False,OTHER
GJH,GOLDINGANJ,UNKNOWN,UNKNOWN,,25.754174,84.827254,True,False,OTHER
KGWD,KAGWAD,UNKNOWN,UNKNOWN,,0.0,0.0,False,False,OTHER
LAP,Lohapur,West Bengal,ER,"Sagardighi Railway Station, West Bengal",24.302357,87.963719,True,False,OTHER
JAQ,JANDRAPETA,UNKNOWN,UNKNOWN,,15.809517,80.333681,True,False,OTHER
CLX,CHIRALA,UNKNOWN,UNKNOWN,,15.830755,80.353602,True,False,OTHER
VRVL,VIRAVALLI,UNKNOWN,UNKNOWN,,16.615947,80.912201,True,False,OTHER
KUP,KUP,Punjab,NR,"Kup Khurd, Punjab",30.600732,75.852846,True,False,OTHER
CRWL,CHAK RAKHWAL,UNKNOWN,UNKNOWN,,0.0,0.0,False,False,OTHER
LLJ,LalGanj,Uttar Pradesh,NR,"Lalganj, Uttar Pradesh",26.172392,80.973175,True,False,OTHER
CKB,CHAUTH KA BARWARA,UNKNOWN,UNKNOWN,,26.051333,76.149053,True,False,OTHER
CRKR,CHAURAKHERI,Rajasthan,WCR,"Chaurakher, Rajasthan",24.567234,77.122019,True,False,OTHER
DXD,DIGOD,Rajasthan,WCR,"Kota, Rajasthan",25.196344,76.015396,True,False,OTHER
KJME,KAJORAGRAM,West Bengal,ER,"Near Andal, West Bengal",23.615327,87.184665,True,False,OTHER
MAE,Matheran,Maharashtra,CR,"Matheran, Maharashtra",18.989244,73.270911,True,False,OTHER
MADA,Maonda,Rajasthan,NWR,"State Highway 13, Rajasthan",27.809478,75.827673,True,False,OTHER
VRPD,VIRAPANDY ROAD,UNKNOWN,UNKNOWN,,11.59699,78.074581,True,False,OTHER
KBN,KARBIGWAN,UNKNOWN,UNKNOWN,,26.200502,80.502629,True,False,OTHER
AUNG,AUNG,UNKNOWN,UNKNOWN,,26.16423,80.544495,True,False,OTHER
LNN,LONAND,Maharashtra,CR,"Jn Point Daund /Miraj /Pune, Maharashtra",18.040769,74.190477,True,False,OTHER
SLV,SANDALPUR,UNKNOWN,UNKNOWN,,26.113488,78.196395,True,False,OTHER
STLI,SITHOULI,UNKNOWN,UNKNOWN,,26.145594,78.187004,True,False,OTHER
GWL,GWALIOR JN,UNKNOWN,UNKNOWN,,26.216483,78.182292,True,False,OTHER
RRU,RAYARU,UNKNOWN,UNKNOWN,,26.307454,78.129864,True,False,OTHER
BAO,BANMOR,UNKNOWN,UNKNOWN,,26.355565,78.098927,True,False,OTHER
KXA,Kuanriya,Rajasthan,NWR,"State Highway 12, Rajasthan",25.130668,74.000153,True,False,OTHER
NUB,NURABAD,UNKNOWN,UNKNOWN,,26.406044,78.078092,True,False,OTHER
SANK,SANK,UNKNOWN,UNKNOWN,,26.43052,78.059751,True,False,OTHER
MRA,MORENA,UNKNOWN,UNKNOWN,,26.500504,78.003442,True,False,OTHER
HET,HETAMPUR,UNKNOWN,UNKNOWN,,26.611148,77.942969,True,False,OTHER
GHER,GHER,UNKNOWN,UNKNOWN,,26.666953,77.950981,True,False,OTHER
DHO,DHAULPUR,UNKNOWN,UNKNOWN,,26.697592,77.906049,True,False,OTHER
KZB,Kurumbur,Tamil Nadu,SR,"Thoothukudi, Tamil Nadu",8.585755,78.03964,True,False,OTHER
NCU,Nallacheruvu,Andhra Pradesh,SCR,"Chennai - Anantpur Rd, Andhra Pradesh",14.020565,78.177734,True,False,Chennai
MIA,MANIA,UNKNOWN,UNKNOWN,,26.805806,77.91965,True,False,OTHER
JJ,JAJAU,UNKNOWN,UNKNOWN,,26.934561,77.936725,True,False,OTHER
BFP,BILOCHPURA AGRA,UNKNOWN,UNKNOWN,,27.202619,77.987169,True,False,OTHER
LWS,LUKWASA,Madhya Pradesh,WCR,"Lukwasa, Madhya Pradesh",25.110195,77.590102,True,False,OTHER
RNKA,RUNKUTA,UNKNOWN,UNKNOWN,,27.22285,77.897935,True,False,OTHER
TKEC,TUGLAKABAD EAST CABIN,UNKNOWN,UNKNOWN,,28.547701,77.276461,True,False,OTHER
MALA,MALA,Uttar Pradesh,NER,"Pilibhit, Uttar Pradesh",28.592851,79.916972,True,False,OTHER
MBO,Mairabari,Assam,NFR,"Nagaon, Assam",26.450839,92.421058,True,False,OTHER
MAA,MAVAL,Rajasthan,NWR,"National Highway 14, Rajasthan",24.432277,72.70044,True,False,OTHER
KWI,KIVARLI,Rajasthan,NWR,"Shri Amirgadh, Rajasthan",24.540507,72.842419,True,False,OTHER
SLBN,SALAI BANWA,UNKNOWN,UNKNOWN,,24.421213,83.008895,True,False,OTHER
DIWR,DIWR,UNKNOWN,UNKNOWN,,0.0,0.0,False,False,OTHER
CUKI,CUKI,UNKNOWN,UNKNOWN,,0.0,0.0,False,False,OTHER
NKJ,NEW KATNI JN,UNKNOWN,UNKNOWN,,23.813637,80.420454,True,False,OTHER
MMM,MANDAPAM,Tamil Nadu,SR,"National Highway 49, Tamil Nadu",9.280516,79.157354,True,False,OTHER
MJHL,MAJADA HALT,Uttar Pradesh,NR,"Majada Halt, Uttar Pradesh",28.461762,78.743209,True,False,OTHER
MLMG,MALLEMADUGU,Andhra Pradesh,SCR,"Khammam, Andhra Pradesh",17.325138,80.160588,True,False,OTHER
RTGN,RATANGAON,UNKNOWN,UNKNOWN,,23.836576,79.892511,True,False,OTHER
PTHD,PATOHAN,UNKNOWN,UNKNOWN,,23.914017,80.190467,True,False,OTHER
MLSU,MALSAILU,Maharashtra,SCR,"Hingoli, Maharashtra",19.868049,77.123238,True,False,OTHER
XX-BDXO,XX-BDXO,UNKNOWN,UNKNOWN,,0.0,0.0,False,True,OTHER
ABS,ABOHAR,Punjab,NR,"Abohar, Punjab",30.139383,74.195686,True,False,OTHER
MONJ,MONGLAJHORA,Assam,NFR,"Dhubri Kochugaon Rd, Assam",26.259236,89.963309,True,False,OTHER
MHO,MAHPUR,Uttar Pradesh,NER,"Mahpur Bhimapar Marg, Uttar Pradesh",25.605166,83.246984,True,False,OTHER
GSPR,GOSALPUR,Madhya Pradesh,WCR,"Jabalpur, Madhya Pradesh",23.381806,80.059225,True,False,OTHER
MML,MADAN MAHAL,Madhya Pradesh,WCR,"Jabalpur, Madhya Pradesh",23.159475,79.920425,True,False,OTHER
MLP,MALLAPUR,Karnataka,SWR,"State Highway 30, Karnataka",15.672447,75.610219,True,False,OTHER
ABW,Abutara Halt,West Bengal,NFR,"Dinhata, West Bengal",26.070776,89.586875,True,False,OTHER
VGL,VAGHLI,UNKNOWN,UNKNOWN,,20.522649,75.074337,True,False,OTHER
MGB,Mudigubba,Andhra Pradesh,SCR,"Mudigubba, Andhra Pradesh",14.349934,77.994996,True,False,OTHER
MKSR,Mokalsar,Rajasthan,NWR,"Mokalsar, Rajasthan",25.62535,72.518045,True,False,OTHER
MYK,MAYAKONDA,Karnataka,SWR,"State Highway 47, Karnataka",14.284214,76.081381,True,False,OTHER
DKZ,DELHI KISHANGANJ,Delhi NCT,NR,"Sarai Rohilla, Delhi NCT",28.664732,77.201256,True,False,Delhi
MORA,MORAIYA,Gujarat,WR,"National Highway 8A, Gujarat",22.946834,72.454814,True,False,OTHER
KRZ,KHARAWAR,Haryana,NR,"Kharawar, Haryana",28.83154,76.681044,True,False,OTHER
MKDD,MUKUNDWADI HALT,Maharashtra,SCR,"Aurangabad, Maharashtra",19.859544,75.367553,True,False,OTHER
ABX,AMBARI,Maharashtra,SCR,"Kinwat, Maharashtra",19.689361,78.216685,True,False,OTHER
BQT,BAKTAR NAGAR,UNKNOWN,UNKNOWN,,23.589945,87.156899,True,False,OTHER
RNG,RANIGANJ,UNKNOWN,UNKNOWN,,23.602851,87.11698,True,False,OTHER
NMC,NIMCHA,UNKNOWN,UNKNOWN,,23.626716,87.090288,True,False,OTHER
KPK,KALIPAHARI,UNKNOWN,UNKNOWN,,23.6652,87.01593,True,False,OTHER
ASNE,ASANSOL EAST,UNKNOWN,UNKNOWN,,23.686432,86.991176,True,False,OTHER
ASN,ASANSOL JN,UNKNOWN,UNKNOWN,,23.691441,86.975152,True,False,OTHER
BCQ,BARACHAK,UNKNOWN,UNKNOWN,,23.706726,86.928133,True,False,OTHER
MIAL,Milaoli,Madhya Pradesh,NCR,"National Highway 3, Madhya Pradesh",26.296423,78.120963,True,False,OTHER
ZARP,ZARAP,Maharashtra,KR,"Sindhudurg, Maharashtra",15.94768,73.734105,True,False,OTHER
MGI,Manigachi,Bihar,ECR,"Darbhanga, Bihar",26.213719,86.146605,True,False,OTHER
MHN,Mahanadi,West Bengal,NFR,"Pankhabari Rd, West Bengal",26.882301,88.318628,True,False,OTHER
MKRD,Machhakunda,Orissa,ECoR,"Padwa Rd, Orissa",18.566875,82.666955,True,False,OTHER
MHI,Manihari,Bihar,NFR,"Manihari Railway Station, Bihar",25.343215,87.619725,True,False,OTHER
HLG,Hillgrove,Tamil Nadu,SR,"Nilgiris, Tamil Nadu",0.0,0.0,False,False,OTHER
TOU,TELAPROLU,UNKNOWN,UNKNOWN,,16.598822,80.890556,True,False,OTHER
MDKD,MADHUKUNDA,West Bengal,SER,"Barakar, West Bengal",23.62663,86.869091,True,False,OTHER
PMPR,PAMPORE,UNKNOWN,UNKNOWN,,26.2451,80.483542,True,False,OTHER
MRJ,MIRAJ JN,Maharashtra,CR,"Maniknagar Bypass, Maharashtra",16.819946,74.638839,True,False,OTHER
BHA,BHANDAI,UNKNOWN,UNKNOWN,,27.069064,77.966807,True,False,OTHER
MNWL,MANWAL,Jammu and Kashmir,NR,"Jandrah, Jammu and Kashmir",32.769105,75.132225,True,False,Kolkata
AGC,AGRA CANTT,UNKNOWN,UNKNOWN,,27.157992,77.990153,True,False,OTHER
RKM,RAJA KI MANDI,UNKNOWN,UNKNOWN,,27.193811,77.996613,True,False,OTHER
KXM,KITHAM,UNKNOWN,UNKNOWN,,27.253709,77.817054,True,False,OTHER
FHT,FARAH TOWN,UNKNOWN,UNKNOWN,,27.318183,77.758086,True,False,OTHER
MDVL,MANDAVALLI,Andhra Pradesh,SCR,"Mandavalli, Andhra Pradesh",16.518809,81.160744,True,False,OTHER
FAR,FARAH,UNKNOWN,UNKNOWN,,27.334474,77.743659,True,False,OTHER
CPLE,CHINPAI,West Bengal,ER,"National Highway 60, West Bengal",23.839677,87.460637,True,False,OTHER
BAD,BAAD,UNKNOWN,UNKNOWN,,27.395941,77.689652,True,False,OTHER
VRBD,VRINDABAN ROAD,UNKNOWN,UNKNOWN,,27.555461,77.622835,True,False,OTHER
AJH,AJHAI,UNKNOWN,UNKNOWN,,27.63615,77.558423,True,False,OTHER
CHJ,CHATA,UNKNOWN,UNKNOWN,,27.711992,77.502978,True,False,OTHER
KSV,KOSI KALAN,UNKNOWN,UNKNOWN,,27.788551,77.445999,True,False,OTHER
BNCR,BANCHARI,UNKNOWN,UNKNOWN,,27.953085,77.362553,True,False,OTHER
MJNL,MAJRI NANGAL,Rajasthan,NWR,"State Highway 52, Rajasthan",28.011997,76.554869,True,False,OTHER
DSPT,DANISHPET,UNKNOWN,UNKNOWN,,11.858919,78.138256,True,False,OTHER
SHLK,SHOLAKA,UNKNOWN,UNKNOWN,,27.973644,77.360583,True,False,OTHER
PWL,PALWAL,UNKNOWN,UNKNOWN,,28.151841,77.342232,True,False,OTHER
AST,ASAOTI,UNKNOWN,UNKNOWN,,28.250878,77.323569,True,False,OTHER
PYLA,PIYALA BLOCK HUT,UNKNOWN,UNKNOWN,,28.288129,77.317824,True,False,OTHER
BVH,BALLABGARH,UNKNOWN,UNKNOWN,,28.340861,77.312776,True,False,OTHER
TNT,TINNAPPATTI,UNKNOWN,UNKNOWN,,11.812422,78.098803,True,False,OTHER
KPPR,KARUPPUR,UNKNOWN,UNKNOWN,,11.724176,78.090379,True,False,OTHER
FDN,FARIDABAD NEW TOWN,UNKNOWN,UNKNOWN,,28.376248,77.309368,True,False,OTHER
TKDC,TUGLAKABAD CABIN,UNKNOWN,UNKNOWN,,28.458853,77.303032,True,False,OTHER
TKD,TUGLAKABAD,UNKNOWN,UNKNOWN,,28.511963,77.294046,True,False,OTHER
MIN,Mihinpurwa,Uttar Pradesh,NER,"Mihinpurwa, Uttar Pradesh",28.027344,81.384467,True,False,OTHER
MME,Mul Marora,Maharashtra,SECR,"Mul, Maharashtra",20.053466,79.658279,True,False,OTHER
MDPB,MADHOPUR PUNJAB,Punjab,NR,"Madhopur, Punjab",32.359168,75.594728,True,False,OTHER
GILA,GHIALA,Punjab,NR,"MDR 42, Punjab",32.151615,75.643939,True,False,OTHER
MEX,MUKERIAN,Punjab,NR,"Mukerian, Punjab",31.941873,75.611838,True,False,OTHER
MLC,MALKISAR,Rajasthan,NWR,"Bikaner, Rajasthan",28.654232,73.862645,True,False,OTHER
KVJ,KESHAVGANJ,Rajasthan,NWR,"Jawai Bandh, Rajasthan",24.856164,73.071329,True,False,OTHER
NEMA,Nema Halt,Bihar,UNKNOWN,"National Highway 22, Bihar",25.409592,85.072249,True,False,OTHER
MV,MAYILADUTURAI JN,Tamil Nadu,SR,"Mayiladuthurai, Tamil Nadu",11.095237,79.62868,True,False,OTHER
NILE,NIMTITA,West Bengal,ER,"NH-34, West Bengal",24.625338,88.00764,True,False,OTHER
BLRD,BALA ROAD,Gujarat,WR,"State Highway 19, Gujarat",22.80462,71.703754,True,False,OTHER
MRTY,MURTI,Maharashtra,SCR,"State Highway 169, Maharashtra",18.681887,76.591573,True,False,OTHER
MCJ,MANJATTIDAL,Tamil Nadu,SR,"Mela Kalkandar Kottai Tiruchchirappalli 620011, Tamil Nadu",10.792057,78.731401,True,False,OTHER
VG,VIRAMGAM JN,UNKNOWN,UNKNOWN,,23.129098,72.052968,True,False,OTHER
RHNE,ROHINI,UNKNOWN,UNKNOWN,,20.362871,74.859801,True,False,OTHER
XSK,SOKALI,UNKNOWN,UNKNOWN,,23.103188,72.090339,True,False,OTHER
JKA,JAKHVADA,UNKNOWN,UNKNOWN,,23.087208,72.135381,True,False,OTHER
VCN,VIROCHANNAGAR,UNKNOWN,UNKNOWN,,23.078484,72.196184,True,False,OTHER
TGR2,BLOCK AND CATCH SIDING CABINE NO.2,UNKNOWN,UNKNOWN,,19.701406,73.499954,True,False,OTHER
MZH,MAUHARI,Madhya Pradesh,SECR,"Amarkantak Rd, Madhya Pradesh",23.118661,81.769465,True,False,OTHER
MVD,MULVAD,Karnataka,SWR,"Bijapur, Karnataka",16.620372,75.746926,True,False,OTHER
NDV,NIDVANDA,Karnataka,SWR,"NH 207, Karnataka",13.245142,77.273126,True,False,OTHER
CE,CHHARODI,UNKNOWN,UNKNOWN,,23.049124,72.250919,True,False,OTHER
MRHA,Murahara,Bihar,UNKNOWN,"Murahara, Bihar",24.91338,86.934526,True,False,OTHER
WSE,VASAN IYAWA,UNKNOWN,UNKNOWN,,23.026558,72.313125,True,False,OTHER
NANR,Naranpur,Orissa,ECoR,"Naranpur Railway Station, Orissa",21.617209,85.637868,True,False,OTHER
SPBK,SPBK,UNKNOWN,UNKNOWN,,0.0,0.0,False,False,OTHER
SAU,SANAND,UNKNOWN,UNKNOWN,,23.024216,72.384749,True,False,OTHER
GGM,GORA GHUMA,UNKNOWN,UNKNOWN,,23.038848,72.454405,True,False,OTHER
ABD,AMBLI ROAD,UNKNOWN,UNKNOWN,,23.05437,72.494044,True,False,OTHER
CLDY,CHANDLODIYA,UNKNOWN,UNKNOWN,,23.074516,72.543606,True,False,OTHER
NDH,Nindhar Benar,Rajasthan,NWR,"Benad Rd, Rajasthan",27.003882,75.729096,True,False,OTHER
KOTA,KOTA JN,UNKNOWN,UNKNOWN,,25.223553,75.8805,True,False,OTHER
SBTF,SABARMATI F CABIN,UNKNOWN,UNKNOWN,,23.085912,72.570106,True,False,OTHER
MTH,MATAUNDH,Uttar Pradesh,NCR,"National Highway 76, Uttar Pradesh",25.418978,80.148507,True,False,OTHER
NAD,NAGDA JN,UNKNOWN,UNKNOWN,,23.45592,75.412491,True,False,OTHER
KRSA,KHARSALIYA,UNKNOWN,UNKNOWN,,22.705088,73.554481,True,False,OTHER
DRL,DEROL,UNKNOWN,UNKNOWN,,22.630205,73.462158,True,False,OTHER
NDY,Nandi Halt,Karnataka,SWR,"Nandi, Karnataka",13.384142,77.712486,True,False,OTHER
BRC,VADODARA JN,UNKNOWN,UNKNOWN,,22.310756,73.181065,True,False,OTHER
BKRL,BAKROL,UNKNOWN,UNKNOWN,,22.588103,73.419204,True,False,OTHER
TNGR,THONGANUR,UNKNOWN,UNKNOWN,,12.08227,78.358665,True,False,OTHER
BDY,BUDDIREDDIPPATI,UNKNOWN,UNKNOWN,,12.044659,78.312752,True,False,OTHER
BQI,BOMMIDI,UNKNOWN,UNKNOWN,,11.984698,78.246281,True,False,OTHER
LCR,LOKUR,UNKNOWN,UNKNOWN,,11.927787,78.174049,True,False,OTHER
MZQ,MAJGAON ASSAM,Assam,NFR,"National HIghway 31, Assam",26.430697,90.574137,True,False,OTHER
CPN,CHAMPANER RD JN,UNKNOWN,UNKNOWN,,22.541916,73.393378,True,False,OTHER
LAN,LOTANA,UNKNOWN,UNKNOWN,,22.523268,73.363557,True,False,OTHER
SMLA,SAMLAYA JN,UNKNOWN,UNKNOWN,,22.483966,73.302104,True,False,OTHER
AIR,ALINDRA ROAD,UNKNOWN,UNKNOWN,,22.440575,73.239854,True,False,OTHER
PIO,PILOL,UNKNOWN,UNKNOWN,,22.39641,73.186675,True,False,OTHER
MQX,MERALGRAM,Jharkhand,ECR,"Garhwa, Jharkhand",24.19691,83.709634,True,False,OTHER
CYI,CHHAYAPURI,UNKNOWN,UNKNOWN,,22.388284,73.179698,True,False,OTHER
MYE,Mandhali,Punjab,NR,"Mandhali, Punjab",31.204703,75.831855,True,False,OTHER
SRWN,SARASWATINAGAR,UNKNOWN,UNKNOWN,,21.251382,81.603905,True,False,OTHER
MWF,MAGARDAHA,Uttar Pradesh,ECR,"Obra, Uttar Pradesh",24.388753,82.905844,True,False,OTHER
MFQ,MAHROI,Madhya Pradesh,WCR,"State Highway 10, Madhya Pradesh",23.951414,80.919501,True,False,OTHER
LEK,LAKHAKHERA,Madhya Pradesh,WCR,"Lakhakhera, Madhya Pradesh",23.7639,80.574139,True,False,OTHER
NDM,NIDAMANURU,Andhra Pradesh,SCR,"Vijayawada, Andhra Pradesh",16.507237,80.730551,True,False,OTHER
MTR,MOTIPUR,Bihar,ECR,"National Highway 28, Bihar",26.257039,85.168197,True,False,OTHER
MRLI,Murli Halt,Jharkhand,ER,"Pakur, Jharkhand",25.017163,87.773199,True,False,OTHER
MWRN,Madwarani,Chhattisgarh,SECR,"Janjgir-Champa, Chhattisgarh",22.165407,82.711553,True,False,OTHER
DDAC,DDAC,UNKNOWN,UNKNOWN,,0.0,0.0,False,False,OTHER
XX-ANK,XX-ANK,UNKNOWN,UNKNOWN,,0.0,0.0,False,True,OTHER
RXM,ROOMA,UNKNOWN,UNKNOWN,,26.35704,80.430357,True,False,OTHER
NIRA,NIRA,Maharashtra,CR,"Satara, Maharashtra",18.104965,74.209082,True,False,OTHER
HALT,HALT,UNKNOWN,UNKNOWN,,0.0,0.0,False,False,OTHER
ULT,KULTI,UNKNOWN,UNKNOWN,,23.737816,86.84887,True,False,OTHER
MTV,Matalkunta,Andhra Pradesh,SCR,"Telangana Region, Andhra Pradesh",17.768291,77.56294,True,False,OTHER
BRR,BARAKAR,UNKNOWN,UNKNOWN,,23.741683,86.818859,True,False,OTHER
KMME,KUMARDUBI,UNKNOWN,UNKNOWN,,23.747453,86.794065,True,False,OTHER
MMU,MUGMA,UNKNOWN,UNKNOWN,,23.751414,86.747614,True,False,OTHER
KAO,KALUBATHAN,UNKNOWN,UNKNOWN,,23.758149,86.661294,True,False,OTHER
PKA,PRADHANKHUNTA,UNKNOWN,UNKNOWN,,23.77259,86.515977,True,False,OTHER
MSTH,Misrikh Tirath,Uttar Pradesh,NR,"Sitapur, Uttar Pradesh",27.422484,80.530303,True,False,Chennai
MRIJ,Murliganj,Bihar,ECR,"Murliganj, Bihar",25.888506,87.000446,True,False,OTHER
DOKM,DOKRA HALT,UNKNOWN,UNKNOWN,,23.782884,86.480808,True,False,OTHER
DHN,DHANBAD JN,UNKNOWN,UNKNOWN,,23.790966,86.428956,True,False,OTHER
MGWN,MAHGAWAN HALT,Uttar Pradesh,NR,"Nawab Yousuf Rd, Uttar Pradesh",25.817256,82.696251,True,False,OTHER
DDD,DHONDHA DIH,Uttar Pradesh,NER,"MDR 94E, Uttar Pradesh",25.672848,83.79552,True,False,OTHER
KHED,KHED,Maharashtra,KR,"Khed, Maharashtra",17.712059,73.408815,True,False,OTHER
AT,ASNOTI,Karnataka,KR,"Uttara Kannada, Karnataka",14.876286,74.147683,True,False,OTHER
MTM,Machilipatnam,Andhra Pradesh,SCR,"Machilipatnam, Andhra Pradesh",16.171258,81.137763,True,False,OTHER
JN,JHUND,UNKNOWN,UNKNOWN,,23.160609,71.936147,True,False,OTHER
SADL,SADLA,UNKNOWN,UNKNOWN,,23.134597,71.850678,True,False,OTHER
BDI,BHADLI,UNKNOWN,UNKNOWN,,21.023663,75.672912,True,False,Delhi
TRW,TARSOD,UNKNOWN,UNKNOWN,,21.025557,75.633215,True,False,OTHER
OSA,AUSA ROAD,Maharashtra,CR,"State Highway 77, Maharashtra",18.37723,76.407992,True,False,OTHER
KJ,KAJGAON,UNKNOWN,UNKNOWN,,20.573753,75.140405,True,False,OTHER
NMD,NOMODA,Rajasthan,WCR,"MDR 111, Rajasthan",26.280074,76.57945,True,False,OTHER
HDGR,HADGAON ROAD,Maharashtra,SCR,"Nanded, Maharashtra",19.332339,77.722863,True,False,OTHER
PRJ,PRANTIJ,Gujarat,WR,"National Highway 8, Gujarat",23.439324,72.862688,True,False,OTHER
CSN,CHALISGAON JN,UNKNOWN,UNKNOWN,,20.464109,74.999049,True,False,OTHER
BRGZ,VADODARA E CABIN,UNKNOWN,UNKNOWN,,22.363671,73.159395,True,False,OTHER
NRV,NARIYAR,Bihar,ECR,"Nariyaar, Bihar",26.240376,85.217642,True,False,OTHER
NRY,Nyoriya Husenpur,Uttar Pradesh,NER,"Neoria Husainpur, Uttar Pradesh",28.734528,79.889661,True,False,OTHER
PPF,PIPLAJ,Rajasthan,NWR,"Beawar, Rajasthan",26.164809,74.377466,True,False,OTHER
APA,AMARPURA,Rajasthan,NWR,"Kharwa, Rajasthan",26.110973,74.249302,True,False,OTHER
NUQ,NAGAR UNTARI,Jharkhand,ECR,"Garhwa, Jharkhand",24.285735,83.514165,True,False,OTHER
KSE,KOSAD,UNKNOWN,UNKNOWN,,21.255892,72.86573,True,False,OTHER
SBC,BANGALORE CITY JN,Karnataka,SWR,"Bengaluru, Karnataka",12.977595,77.568083,True,False,Bangalore
TLD,TILDA,UNKNOWN,UNKNOWN,,21.550734,81.794586,True,False,OTHER
GED,GULEDAGUDDA RD,Karnataka,SWR,"SH 44, Karnataka",16.069516,75.695659,True,False,OTHER
NBL,NIMBAL,Karnataka,SWR,"Bijapur, Karnataka",17.118384,75.859907,True,False,OTHER
NVG,Nawagaon,Madhya Pradesh,CR,"Nayagaon, Madhya Pradesh",22.088704,78.436386,True,False,OTHER
NIL,Nilambur Road,Kerala,SR,"Nilambur, Kerala",11.278805,76.254779,True,False,OTHER
NOMD,Noamundi,Jharkhand,SER,"National Highway 215, Jharkhand",22.15311,85.513684,True,False,OTHER
ACH,Achalganj,Uttar Pradesh,NR,"Bithar, Uttar Pradesh",26.444642,80.545415,True,False,OTHER
OSRA,Osra,Madhya Pradesh,WR,"Madhya Pradesh, Madhya Pradesh",23.178262,75.779294,True,False,OTHER
PAGM,Pennada Agraharam,Andhra Pradesh,SCR,"West Godavari, Andhra Pradesh",16.541296,81.577652,True,False,OTHER
NLN,NAILALUNG,Assam,NFR,"TV Centre Road, Assam",25.774379,93.38881,True,False,OTHER
KDY,KETTANDAPATTI,UNKNOWN,UNKNOWN,,12.626458,78.571491,True,False,OTHER
XX-GTLB,XX-GTLB,UNKNOWN,UNKNOWN,,0.0,0.0,False,True,OTHER
UGD,UPPUGUNDURU,UNKNOWN,UNKNOWN,,15.650668,80.194463,True,False,OTHER
XX-TNGC,XX-TNGC,UNKNOWN,UNKNOWN,,0.0,0.0,False,True,OTHER
XX-HPTB,XX-HPTB,UNKNOWN,UNKNOWN,,0.0,0.0,False,True,OTHER
CJM,CHINNA GANJAM,UNKNOWN,UNKNOWN,,15.689502,80.236773,True,False,OTHER
KVDU,KADAVAKUDURU,UNKNOWN,UNKNOWN,,15.722541,80.257298,True,False,OTHER
OTN,OATING,Assam,NFR,"National Highway 39, Assam",26.429809,93.987274,True,False,OTHER
NZR,NAZIRA,Assam,NFR,"Nazira Ali, Assam",26.905961,94.72848,True,False,OTHER
NMN,Namanasamudram,Tamil Nadu,SR,"Namunasamudiran, Tamil Nadu",10.327487,78.777507,True,False,OTHER
NPU,Nadiapur,Tripura,NFR,"Nadiapur, Tripura",24.385641,92.204092,True,False,OTHER
NNX,NANAUTA,Uttar Pradesh,NR,"MDR 2W, Uttar Pradesh",29.712202,77.442397,True,False,OTHER
MTJ,MATHURA JN,UNKNOWN,UNKNOWN,,27.480145,77.673117,True,False,OTHER
ITRN,Itwari Jn (Ng),UNKNOWN,UNKNOWN,,21.156859,79.118302,True,False,OTHER
BTSR,BHUTESHWAR,UNKNOWN,UNKNOWN,,27.50137,77.66784,True,False,OTHER
HDL,HODAL,UNKNOWN,UNKNOWN,,27.886147,77.38869,True,False,OTHER
OKA,OKHLA,UNKNOWN,UNKNOWN,,28.559332,77.264825,True,False,OTHER
OEL,OEL,Uttar Pradesh,NER,"Oel, Uttar Pradesh",27.819798,80.74816,True,False,OTHER
PD,PHARADAHAN,Uttar Pradesh,NER,"SH 21, Uttar Pradesh",27.993457,80.631949,True,False,OTHER
MOLK,MOLAKARAMPATTI,UNKNOWN,UNKNOWN,,12.466956,78.541815,True,False,OTHER
KEY,KAGANKARAI,UNKNOWN,UNKNOWN,,12.412541,78.510114,True,False,OTHER
KNNT,KUNNATHUR,UNKNOWN,UNKNOWN,,12.360518,78.497376,True,False,OTHER
SLY,SAMALPATTI,UNKNOWN,UNKNOWN,,12.311594,78.484032,True,False,OTHER
DST,DASAMPATTI,UNKNOWN,UNKNOWN,,12.251026,78.438356,True,False,OTHER
MAP,MORAPPUR,UNKNOWN,UNKNOWN,,12.124073,78.393874,True,False,OTHER
NSA,Nishangara,Uttar Pradesh,NER,"Uttar Pradesh, Uttar Pradesh",28.112457,81.311271,True,False,OTHER
OGM,Oorgaum,Karnataka,SWR,"KGF, Karnataka",12.95409,78.259747,True,False,OTHER
NYG,Nayagarh,Orissa,UNKNOWN,"National Highway 215, Orissa",21.839609,85.433342,True,False,OTHER
MHUR,Mohanpur,Jharkhand,ER,"Mohanpur, Jharkhand",24.488461,86.785648,True,False,OTHER
ONR,Coonoor,Tamil Nadu,SR,"Coonoor, Tamil Nadu",11.343714,76.791337,True,False,OTHER
OBM,Obalapuram,Andhra Pradesh,SWR,"Bellary-Hiriyur Rd, Andhra Pradesh",15.009799,76.836422,True,False,OTHER
KPRR,KOTAPAR ROAD,Chhattisgarh,ECoR,"Bhansuli Kotpad PMGSY Rd, Chhattisgarh",19.041434,82.30895,True,False,OTHER
INDRG,INDRG,UNKNOWN,UNKNOWN,,0.0,0.0,False,False,OTHER
GNSYM,GNSYM,UNKNOWN,UNKNOWN,,0.0,0.0,False,False,OTHER
JTX,JATPIPLI,UNKNOWN,UNKNOWN,,23.076354,71.702216,True,False,OTHER
BAJN,BAJANA,UNKNOWN,UNKNOWN,,23.101735,71.772077,True,False,OTHER
VSV,VASADVA,UNKNOWN,UNKNOWN,,23.035163,71.595284,True,False,OTHER
DHG,DHRANGDHRA,UNKNOWN,UNKNOWN,,22.987165,71.479108,True,False,OTHER
SUK,SUKHPUR,UNKNOWN,UNKNOWN,,23.014848,71.243815,True,False,OTHER
HVD,HALVAD,UNKNOWN,UNKNOWN,,23.018516,71.182909,True,False,OTHER
DHNL,DHANALA,UNKNOWN,UNKNOWN,,23.009171,71.084085,True,False,OTHER
DVY,DEVALIYA,UNKNOWN,UNKNOWN,,23.027775,71.012482,True,False,OTHER
KHXB,KHAKHRECHI,UNKNOWN,UNKNOWN,,23.056445,70.90346,True,False,OTHER
WDHR,WADHARVA,UNKNOWN,UNKNOWN,,23.07645,70.828521,True,False,OTHER
MALB,MALIYA MIYANA,UNKNOWN,UNKNOWN,,23.103167,70.754885,True,False,OTHER
KATR,KATARIYA,UNKNOWN,UNKNOWN,,23.289037,70.604533,True,False,OTHER
VONB,VONDH,UNKNOWN,UNKNOWN,,23.303951,70.399876,True,False,OTHER
BCOB,BHACHAU BG,UNKNOWN,UNKNOWN,,23.301391,70.344972,True,False,OTHER
CHIB,CHIRAI BG,UNKNOWN,UNKNOWN,,23.208801,70.242149,True,False,OTHER
BMSB,BHIMASAR BG,UNKNOWN,UNKNOWN,,23.186504,70.174975,True,False,Chennai
GIMC,GANDHIDHAM CABIN,UNKNOWN,UNKNOWN,,23.095023,70.150716,True,False,OTHER
PIP,PIPLIA,Madhya Pradesh,WR,"Panth Pipalia, Madhya Pradesh",24.203693,75.007483,True,False,OTHER
PNF,PANGAON,Maharashtra,SCR,"Pangaon, Maharashtra",18.634293,76.635315,True,False,OTHER
PNRA,PANIARA,Uttar Pradesh,NER,"National Highway 29, Uttar Pradesh",25.902065,83.525851,True,False,OTHER
PRLI,PARLI VAIJNATH,Maharashtra,SCR,"Parli-Vaijnath, Maharashtra",18.853005,76.524424,True,False,OTHER
HRDR,HARSAR DEHRI,Himachal Pradesh,NR,"Harsar Dehri, Himachal Pradesh",32.104872,76.038491,True,False,OTHER
RKH,RAKHIYAL,Gujarat,WR,"Rakhiyal, Gujarat",23.260621,72.903803,True,False,OTHER
PLK,PALIA KALAN,Uttar Pradesh,NER,"Palia Kalan, Uttar Pradesh",28.426644,80.582392,True,False,OTHER
KVL,KIZHELUR,Tamil Nadu,SR,"THIRUKKANNANGUDI Rd, Tamil Nadu",10.754288,79.743134,True,False,OTHER
SHU,SHOLINGHUR,UNKNOWN,UNKNOWN,,13.013974,79.484589,True,False,OTHER
PPA,PIPRA,Bihar,ECR,"National Highway 28, Bihar",26.489784,84.985735,True,False,OTHER
SBT,SABARMATI JN,UNKNOWN,UNKNOWN,,23.077546,72.589282,True,False,OTHER
SBTA,SABARMATI A CABIN,UNKNOWN,UNKNOWN,,23.050805,72.592931,True,False,OTHER
ANND,ANAND JN,UNKNOWN,UNKNOWN,,22.561307,72.965733,True,False,OTHER
VXD,VADOD,UNKNOWN,UNKNOWN,,22.515278,73.00645,True,False,OTHER
VDA,VASAD JN,UNKNOWN,UNKNOWN,,22.452351,73.059991,True,False,OTHER
VS,VISHVAMITRI,UNKNOWN,UNKNOWN,,22.283933,73.178656,True,False,OTHER
MPR,MAKARPURA,UNKNOWN,UNKNOWN,,22.232706,73.175422,True,False,OTHER
BSCN,BHUSAWAL C CABIN,UNKNOWN,UNKNOWN,,21.046545,75.821624,True,False,Hyderabad
PDL,PENDEKALLU,Andhra Pradesh,SCR,"Kurnool, Andhra Pradesh",15.374513,77.647361,True,False,OTHER
OLR,THRISSUR OLLUR HALT,UNKNOWN,UNKNOWN,,10.473342,76.237184,True,False,OTHER
BDRL,BYADARAHALLI,Karnataka,SWR,"State Highway 17, Karnataka",12.501953,76.752083,True,False,OTHER
Y,YELIYUR,Karnataka,SWR,"Bangalore-Mysore Rd, Karnataka",12.510621,76.829575,True,False,Bangalore
ACG,ACHEGAON,UNKNOWN,UNKNOWN,,20.976217,75.934247,True,False,OTHER
CNBI,CHANDARI,UNKNOWN,UNKNOWN,,26.428098,80.360645,True,False,OTHER
RPRL,RAPARLA HALT,UNKNOWN,UNKNOWN,,15.619244,80.169121,True,False,OTHER
KPLL,KOTTA PANDILA PALLI,UNKNOWN,UNKNOWN,,15.761414,80.281949,True,False,OTHER
VTM,VETAPALEMU,UNKNOWN,UNKNOWN,,15.783376,80.30065,True,False,OTHER
IPPN,IPURUPALEM HALT,UNKNOWN,UNKNOWN,,15.852303,80.385512,True,False,OTHER
PUU,Punalur,Tamil Nadu,SR,"Punalur, Tamil Nadu",9.023336,76.916104,True,False,OTHER
HJI,HOJAI,Assam,NFR,"Hojai Rd. Ph:- 03674-252136., Assam",26.001794,92.851752,True,False,OTHER
RHI,Rakhi,Rajasthan,NWR,"MDR 13, Rajasthan",25.687148,72.554469,True,False,OTHER
MHBG,Mahadev Buzurg,Uttar Pradesh,NER,"Mahadeva Buzrug, Uttar Pradesh",27.451001,82.87452,True,False,OTHER
PGC,Panchgachia,Bihar,ECR,"Station Rd, Bihar",25.969294,86.598221,True,False,OTHER
GDPT,GUDAPARTI,UNKNOWN,UNKNOWN,,17.028175,82.131139,True,False,OTHER
SLO,SAMALKOT JN,UNKNOWN,UNKNOWN,,17.044827,82.168724,True,False,OTHER
PAP,PITHAPURAM,UNKNOWN,UNKNOWN,,17.11087,82.257512,True,False,OTHER
PGP,Panduranga Pura,Andhra Pradesh,SCR,"Manuguru, Andhra Pradesh",17.718238,80.76459,True,False,OTHER
GLP,GOLLAPROLU,UNKNOWN,UNKNOWN,,17.151664,82.290818,True,False,OTHER
MVRM,MALLAVARAM,UNKNOWN,UNKNOWN,,17.181025,82.315285,True,False,OTHER
DGDG,DURGADA GATE,UNKNOWN,UNKNOWN,,17.212477,82.348994,True,False,OTHER
RVD,RAVIKAMPADU,UNKNOWN,UNKNOWN,,17.230245,82.368151,True,False,OTHER
ANV,ANNAVARAM,UNKNOWN,UNKNOWN,,17.269633,82.419677,True,False,OTHER
PRTN,Pratapnagar,Gujarat,WR,"Vadodara, Gujarat",22.281143,73.210289,True,False,OTHER
TMPM,TIMMAPURAM,UNKNOWN,UNKNOWN,,17.288936,82.450413,True,False,OTHER
RGT,RAJGHAT HALT,UNKNOWN,UNKNOWN,,21.764462,87.155076,True,False,OTHER
RRJ,RAMARAJU PALLI,Andhra Pradesh,SCR,"Rayalaseema Region, Andhra Pradesh",15.041948,77.617367,True,False,OTHER
KVTA,KARUVATTA HALT,Kerala,SR,"Ashramam- Pulipra, Kerala",9.316791,76.431242,True,False,OTHER
SMYD,SMYD,UNKNOWN,UNKNOWN,,0.0,0.0,False,False,OTHER
PLM,PANELI MOTI,Gujarat,WR,"Paneli Moti, Gujarat",21.874341,70.152647,True,False,OTHER
RTGH,Ratangarh Junction,Rajasthan,NWR,"Ratangarh, Rajasthan",28.066587,74.623603,True,False,OTHER
SBI,SABARMATI JN,UNKNOWN,UNKNOWN,,23.072985,72.587162,True,False,OTHER
PMH,Parao Mahna,Punjab,NR,"Mehna, Punjab",30.811762,75.272772,True,False,OTHER
GI,GUDUVANCHERI,UNKNOWN,UNKNOWN,,12.844886,80.057147,True,False,OTHER
UPM,URAPPAKKAM,UNKNOWN,UNKNOWN,,12.867247,80.071751,True,False,OTHER
VDR,VANDALUR,UNKNOWN,UNKNOWN,,12.89128,80.084393,True,False,OTHER
PRGL,PERUNGULATTUR,UNKNOWN,UNKNOWN,,12.905451,80.095486,True,False,OTHER
PLSN,Palsana,Rajasthan,NWR,"Palsana, Rajasthan",27.484876,75.38008,True,False,OTHER
RNW,Renwal,Rajasthan,NWR,"Kishangarh Renwal, Rajasthan",27.149463,75.356234,True,False,OTHER
CTT,CHITRASANI,Gujarat,NWR,"Chitrasani, Gujarat",24.267558,72.488653,True,False,OTHER
IQG,IQBAL GADH,Gujarat,NWR,"Banaskantha, Gujarat",24.346033,72.533782,True,False,OTHER
SZA,SAROTRA ROAD,Gujarat,NWR,"Sarotra, Gujarat",24.377144,72.592045,True,False,OTHER
NANA,NANA,Rajasthan,NWR,"Nana, Rajasthan",24.925895,73.110095,True,False,OTHER
BBQ,BASIN BRIDGE JN,UNKNOWN,UNKNOWN,,13.102361,80.271221,True,False,OTHER
TMVL,TIRUMULLAIVAYIL,UNKNOWN,UNKNOWN,,13.115549,80.137042,True,False,OTHER
KBT,KADAMBATTUR,UNKNOWN,UNKNOWN,,13.099513,79.862172,True,False,OTHER
TO,TIRUVALANGADU,UNKNOWN,UNKNOWN,,13.090096,79.763145,True,False,OTHER
EL,ELAMANUR,Tamil Nadu,SR,"NH 67, Tamil Nadu",10.879069,78.57336,True,False,OTHER
SUBL,HUBLI SOUTH,UNKNOWN,UNKNOWN,,15.332581,75.17639,True,False,OTHER
RR,RICHHA ROAD,Uttar Pradesh,NER,"State Highway 37, Uttar Pradesh",28.717269,79.488904,True,False,OTHER
RGH,RAMGARHWA,Bihar,ECR,"NH 28A, Bihar",26.873843,84.797149,True,False,OTHER
SES,SEMARI,Rajasthan,NWR,"MDR 11, Rajasthan",24.07001,73.841822,True,False,OTHER
PUC,PUDUCHATIRAM,Tamil Nadu,SR,"NH 45A, Tamil Nadu",11.54053,79.730394,True,False,OTHER
RHA,Ranaghat Junction,West Bengal,ER,"Ranaghat, West Bengal",23.173344,88.568184,True,False,OTHER
PVL,PASUPATIKOVIL,Tamil Nadu,SR,"Ayyampet, Tamil Nadu",10.884228,79.19204,True,False,OTHER
RPZ,Ranapratapnagar,Rajasthan,NWR,"Udaipur, Rajasthan",24.582417,73.728056,True,False,OTHER
RAGM,RAJAGAMBIRAM,Tamil Nadu,SR,"Rajagambeeram, Tamil Nadu",9.725053,78.409255,True,False,OTHER
CVD,CHAVADIPALAIYAM,Tamil Nadu,SR,"SH 84, Tamil Nadu",11.255404,77.800933,True,False,OTHER
RCRA,Ramchaura,Uttar Pradesh,NER,"National Highway 29, Uttar Pradesh",26.997952,83.268406,True,False,OTHER
RJAK,RAJNAGAR,Madhya Pradesh,NCR,"Rajnagar, Madhya Pradesh",24.903476,79.8769,True,False,OTHER
DPL,DANAULI PHLWRIA,Bihar,ECR,"Danauli Phlwria, Bihar",25.420471,86.249406,True,False,OTHER
SFE,Sanodiya,Rajasthan,NWR,"Hingonia, Rajasthan",27.011244,75.279108,True,False,OTHER
BH,BHARUCH JN,UNKNOWN,UNKNOWN,,21.706907,72.997689,True,False,OTHER
BDWD,BODWAD,UNKNOWN,UNKNOWN,,20.903583,76.017046,True,False,OTHER
KLHD,KOLHADI,UNKNOWN,UNKNOWN,,20.900243,76.058938,True,False,OTHER
DMD,DHARMADAM,Kerala,SR,"Kannur District, Kerala",11.778949,75.46377,True,False,OTHER
QLD,QUILANDI,Kerala,SR,"Quilandi, Kerala",11.446139,75.693924,True,False,OTHER
SK,SAKHUN,Rajasthan,NWR,"Ajmer, Rajasthan",26.738079,75.091189,True,False,OTHER
HNHL,Harnahalli,Karnataka,SWR,"Harnahalli, Karnataka",14.04849,75.458286,True,False,OTHER
AJJ,ARAKKONAM,UNKNOWN,UNKNOWN,,13.081512,79.667991,True,False,OTHER
AVN,ANAVARDIKHANPET,UNKNOWN,UNKNOWN,,13.050504,79.56735,True,False,OTHER
RMV,RAMAVARAPPADU,Andhra Pradesh,SCR,"Vijayawada, Andhra Pradesh",16.526201,80.679714,True,False,OTHER
GOY,GOVINDPURI,UNKNOWN,UNKNOWN,,26.454423,80.313203,True,False,OTHER
JTJ,JOLARPETTAI,UNKNOWN,UNKNOWN,,12.560852,78.57782,True,False,OTHER
CPNL,KANPUR C PANEL,UNKNOWN,UNKNOWN,,26.453655,80.318069,True,False,OTHER
DEOR,DIYODAR,Gujarat,WR,"Banaskantha, Gujarat",24.113489,71.770888,True,False,OTHER
PFL,PIPRALA,Gujarat,WR,"National Highway 15, Gujarat",23.652484,71.097619,True,False,OTHER
GMC,KANPUR GOODS MARSHAL,UNKNOWN,UNKNOWN,,26.452292,80.33956,True,False,OTHER
RMP,RAHIMATPUR,Maharashtra,CR,"Satara, Maharashtra",17.612152,74.17217,True,False,OTHER
RRP,Rairangpur,Orissa,SER,"Mayurbhanj, Orissa",22.440956,86.164207,True,False,OTHER
RJY,RAJAMUNDRY,UNKNOWN,UNKNOWN,,16.984159,81.783901,True,False,OTHER
PTPR,Pratabpur,Uttar Pradesh,NER,"Pilibhit, Uttar Pradesh",28.476419,79.814546,True,False,OTHER
RSNR,Rai Singh Nagar,Rajasthan,NWR,"Raisinghnagar, Rajasthan",29.535956,73.450472,True,False,OTHER
RNB,Ranpura,Rajasthan,NCR,"Rajpura, Rajasthan",26.579427,77.44262,True,False,OTHER
RSA,Risama,Chhattisgarh,SECR,"Durg Rajhara Rd, Chhattisgarh",21.058881,81.324776,True,False,OTHER
TI,TIRUNINRAVUR,UNKNOWN,UNKNOWN,,13.123744,80.026949,True,False,OTHER
RLX,Ramanujampalli,Andhra Pradesh,SCR,"Ramanujampalli Station, Andhra Pradesh",14.440531,77.87191,True,False,OTHER
VEU,VEPPAMPATTU,UNKNOWN,UNKNOWN,,13.123937,79.998727,True,False,OTHER
PLMG,PULIYAMANGALAM,UNKNOWN,UNKNOWN,,13.083497,79.686238,True,False,OTHER
KSVM,KESAVARAM,UNKNOWN,UNKNOWN,,16.930994,81.879858,True,False,OTHER
DWP,DWARAPUDI,UNKNOWN,UNKNOWN,,16.927556,81.922661,True,False,OTHER
AWR,ALWAR,Rajasthan,NWR,"Alwar, Rajasthan",27.559273,76.621265,True,False,OTHER
APT,ANAPARTI,UNKNOWN,UNKNOWN,,16.935817,81.953181,True,False,OTHER
BVL,BIKKAVOLU,UNKNOWN,UNKNOWN,,16.969317,82.031148,True,False,OTHER
PBD,PEDABRAMADVAM,UNKNOWN,UNKNOWN,,16.990821,82.078986,True,False,OTHER
MPU,MEDAPADU,UNKNOWN,UNKNOWN,,17.005091,82.096133,True,False,OTHER
CRPM,CHANDRAMPALEM,UNKNOWN,UNKNOWN,,17.08541,82.22311,True,False,OTHER
HVM,HAMSAVARAM,UNKNOWN,UNKNOWN,,17.309947,82.484867,True,False,Chennai
TUNI,TUNI,UNKNOWN,UNKNOWN,,17.36108,82.542462,True,False,OTHER
GLU,GULLIPADU,UNKNOWN,UNKNOWN,,17.409805,82.63345,True,False,OTHER
NRP,NARSIPATNAM RD,UNKNOWN,UNKNOWN,,17.452852,82.724605,True,False,OTHER
REG,REGUPALEM,UNKNOWN,UNKNOWN,,17.505201,82.790267,True,False,OTHER
BVM,BAYYAVARAM,UNKNOWN,UNKNOWN,,17.660147,82.930592,True,False,OTHER
KSK,KASIMKOTA,UNKNOWN,UNKNOWN,,17.673315,82.963751,True,False,OTHER
AKP,ANAKAPALLE,UNKNOWN,UNKNOWN,,17.695503,83.008851,True,False,OTHER
THY,THADI,UNKNOWN,UNKNOWN,,17.686438,83.064292,True,False,OTHER
DVD,DUVVADA,UNKNOWN,UNKNOWN,,17.703843,83.152059,True,False,OTHER
ROL,Rajuli,Maharashtra,SECR,"Rajoli, Maharashtra",20.171116,79.703505,True,False,OTHER
MRB,MUNIRABAD,Karnataka,SWR,"Munirabad, Karnataka",15.308524,76.335537,True,False,OTHER
RTK,Ramtek,Maharashtra,SECR,"Ramtek, Maharashtra",21.400715,79.326499,True,False,OTHER
RIM,Rajim,Chhattisgarh,SECR,"Nawapara Nagar, Chhattisgarh",20.969475,81.867426,True,False,OTHER
SJNP,SUJANPUR,Punjab,NR,"Sujanpur, Punjab",32.31198,75.613465,True,False,OTHER
SGRA,SANGARIA,Rajasthan,NWR,"Sangariya, Rajasthan",29.792508,74.466053,True,False,OTHER
TBM,TAMBARAM,UNKNOWN,UNKNOWN,,12.926036,80.119157,True,False,Chennai
TBMS,TAMBARAM SANATORIUM,UNKNOWN,UNKNOWN,,12.937978,80.131614,True,False,Chennai
CMP,CHROMEPET,UNKNOWN,UNKNOWN,,12.951627,80.141157,True,False,OTHER
PV,PALLAVARAM,UNKNOWN,UNKNOWN,,12.968273,80.152451,True,False,OTHER
JSR,JASRA,Uttar Pradesh,NCR,"Jasra, Uttar Pradesh",25.280002,81.774617,True,False,OTHER
SBHR,Subrahmanya Road,Karnataka,SWR,"Nettana Railway Station, Karnataka",12.731272,75.557615,True,False,OTHER
SCL,SILCHAR,Assam,NFR,"03842-263094, Assam",24.830338,92.786795,True,False,Hyderabad
SHM,KOLKATA SHALIMAR,West Bengal,SER,"Howrah/Kolkata, West Bengal",22.555508,88.315615,True,False,Kolkata
SCO,SATUNA,Maharashtra,SCR,"Satona, Maharashtra",19.494861,76.348052,True,False,Hyderabad
SAPT,Sugapahari,Jharkhand,ER,"Madhupur, Jharkhand",24.27892,86.568736,True,False,OTHER
XX-TNAB,XX-TNAB,UNKNOWN,UNKNOWN,,0.0,0.0,False,True,OTHER
SAF,SALKHAPUR,Uttar Pradesh,NR,"Kathiravan Paramalpatti Rd, Uttar Pradesh",25.655084,82.680471,True,False,OTHER
NGP,NAGPUR,UNKNOWN,UNKNOWN,,21.153567,79.089004,True,False,OTHER
SKS,SALEKASA,UNKNOWN,UNKNOWN,,21.30163,80.493224,True,False,OTHER
SOD,SOJAT ROAD,Rajasthan,NWR,"Pali, Rajasthan",25.862203,73.755672,True,False,OTHER
SMV,Sumaoli,Madhya Pradesh,NCR,"State Highway 2, Madhya Pradesh",26.372989,77.915462,True,False,OTHER
SGRL,SINGRAULI,Madhya Pradesh,ECR,"Singrauli, Madhya Pradesh",24.204257,82.642735,True,False,OTHER
SKW,Sheikhupur,Uttar Pradesh,NER,"State Highway 33, Uttar Pradesh",28.003862,79.10473,True,False,OTHER
SAK,Sak Bahadurpur,Gujarat,WR,"Vadodara, Gujarat",22.178375,73.559848,True,False,OTHER
SAHI,SATHI,Bihar,ECR,"Paroraha, Bihar",27.015885,84.503862,True,False,OTHER
SFA,SANHERA HALT,Uttar Pradesh,NR,"Sunehra/Khekra, Uttar Pradesh",28.903375,77.282339,True,False,OTHER
SFDE,SAFIDON,Haryana,NR,"Safidon, Haryana",29.39793,76.661424,True,False,OTHER
SD,SIDHAULI,Uttar Pradesh,NER,"Sidhauli, Uttar Pradesh",27.281002,80.837587,True,False,OTHER
MDVE,MAHENDRA VADI,UNKNOWN,UNKNOWN,,13.022631,79.517851,True,False,OTHER
AMG,ALAMNAGAR,UNKNOWN,UNKNOWN,,26.84708,80.860312,True,False,OTHER
SDG,SAHADAI BUZURG,Bihar,ECR,"Buzurg, Bihar",25.661491,85.455088,True,False,OTHER
SGDP,Sagadapata,Orissa,ECoR,"Orissa, Orissa",21.244692,85.909396,True,False,OTHER
PNK,PANKI,UNKNOWN,UNKNOWN,,26.459172,80.236441,True,False,OTHER
SLGR,SIMALUGURI JN,Assam,NFR,"way to SLGR, Assam",26.917281,94.756816,True,False,OTHER
SG,SHAHGARH,Uttar Pradesh,NER,"Pilibhit, Uttar Pradesh",28.559235,80.043015,True,False,OTHER
MNI,MANGAON,Maharashtra,KR,"Lonere - Mangaon, Maharashtra",18.247286,73.275679,True,False,OTHER
KXJ,Karimganj Junction,Assam,NFR,"Karimganj Town, Assam",24.860717,92.373769,True,False,OTHER
HAA,HARWADA,Karnataka,KR,"Kochi - Panavel Rd, Karnataka",14.740762,74.259657,True,False,OTHER
ANKL,ANKOLA,Karnataka,KR,"Uttara Kannada, Karnataka",14.645347,74.332936,True,False,OTHER
SDC,SAIDABAD,Uttar Pradesh,NER,"Handia, Uttar Pradesh",25.379137,82.120195,True,False,OTHER
MS,CHENNAI EGMORE,UNKNOWN,UNKNOWN,,13.077678,80.260193,True,False,Chennai
KRV,KARAVADI,UNKNOWN,UNKNOWN,,15.553014,80.113156,True,False,OTHER
ANB,AMMANABROLU,UNKNOWN,UNKNOWN,,15.596402,80.148353,True,False,OTHER
KAQ,KOLANUKONDA,UNKNOWN,UNKNOWN,,16.448173,80.604782,True,False,OTHER
KCC,KRISHNA CANAL,UNKNOWN,UNKNOWN,,16.477152,80.604553,True,False,OTHER
SPRM,Sitapuram Halt,Orissa,ECoR,"Paralakhemundi, Orissa",18.814443,83.982854,True,False,OTHER
SLPM,Shivalingapuram,Andhra Pradesh,ECoR,"Coastal Andhra Region, Andhra Pradesh",18.196655,83.066187,True,False,OTHER
BZA,VIJAYAWADA JN,UNKNOWN,UNKNOWN,,16.518262,80.618648,True,False,OTHER
RYC,Rayakkottai,Tamil Nadu,SWR,"Hosur- Dharmapuri Highway, Tamil Nadu",12.514891,78.027508,True,False,OTHER
GALA,GUNADALA,UNKNOWN,UNKNOWN,,16.537426,80.667911,True,False,OTHER
SBW,Shewbabudih,Jharkhand,SER,"Sbewbabudi, Jharkhand",23.659482,86.390668,True,False,OTHER
MBD,MUSTABADA,UNKNOWN,UNKNOWN,,16.546882,80.731768,True,False,OTHER
GWM,GANNAVARAM,UNKNOWN,UNKNOWN,,16.555839,80.795715,True,False,OTHER
PAVP,PEDDA AVUTAPALE,UNKNOWN,UNKNOWN,,16.562545,80.839432,True,False,OTHER
SDI,Sagardighi,West Bengal,ER,"Murshidabad District, West Bengal",24.287789,88.105398,True,False,OTHER
SDNR,Seydunganallur,Tamil Nadu,SR,"Thoothukudi, Tamil Nadu",8.639358,77.834992,True,False,OTHER
RUT,RATNAL,Gujarat,WR,"SH 46, Gujarat",23.186898,69.897403,True,False,OTHER
ERS,ERNAKULAM JN,UNKNOWN,UNKNOWN,,9.969542,76.290672,True,False,OTHER
DK,Dakor,UNKNOWN,WR,,22.747203,73.158592,True,False,OTHER
MGLI,Mangli,UNKNOWN,UNKNOWN,,20.643536,79.666123,True,False,OTHER
SVH,Sonadanga,West Bengal,ER,"National Highway 34, West Bengal",23.636393,88.354092,True,False,OTHER
SMBX,SAMBA,Jammu and Kashmir,NR,"Ram Nagar, Jammu and Kashmir",32.528358,75.120256,True,False,Kolkata
SEX,Seroni Road,Madhya Pradesh,NCR,"State Highway 23, Madhya Pradesh",25.943966,76.884471,True,False,OTHER
SOS,SOMESAR,Rajasthan,NWR,"Somesar, Rajasthan",25.520226,73.450999,True,False,OTHER
SUKU,Suku,Orissa,ECoR,"State Highway 48, Orissa",18.714329,82.726061,True,False,OTHER
PWU,PARANUR,UNKNOWN,UNKNOWN,,12.7302,79.98366,True,False,OTHER
SKL,SINGAPERUMAL KOIL,UNKNOWN,UNKNOWN,,12.76246,80.001059,True,False,OTHER
MMNK,MARAIMALAM NAGAR,UNKNOWN,UNKNOWN,,12.79662,80.019875,True,False,OTHER
CTM,KATTANGULATTUR,UNKNOWN,UNKNOWN,,12.805715,80.026118,True,False,OTHER
POTI,POTHERI HALT,UNKNOWN,UNKNOWN,,12.820868,80.03693,True,False,OTHER
TLM,TRISULAM,UNKNOWN,UNKNOWN,,12.98064,80.166111,True,False,OTHER
MN,MINAMBAKKAM,UNKNOWN,UNKNOWN,,12.98432,80.174625,True,False,OTHER
PZA,PALAVANTHANGAL,UNKNOWN,UNKNOWN,,12.990115,80.186651,True,False,OTHER
STM,ST THOMAS MOUNT,UNKNOWN,UNKNOWN,,12.994906,80.199392,True,False,Chennai
GDY,GUINDY,UNKNOWN,UNKNOWN,,13.007672,80.211922,True,False,OTHER
SP,SAIDAPET,UNKNOWN,UNKNOWN,,13.02415,80.224183,True,False,OTHER
MBM,MAMBALAM,UNKNOWN,UNKNOWN,,13.038154,80.228164,True,False,OTHER
MKK,KODAMBAKAM,UNKNOWN,UNKNOWN,,13.052566,80.231305,True,False,OTHER
NBK,NUNGAMBAKKAM,UNKNOWN,UNKNOWN,,13.065363,80.232742,True,False,OTHER
MSC,CHENNAI CHETPAT,UNKNOWN,UNKNOWN,,13.074663,80.24337,True,False,Hyderabad
SQF,SUKRITIPUR,Assam,NFR,"K Rd, Assam",24.913078,92.582849,True,False,OTHER
SXR,SERNDANUR,Tamil Nadu,SR,"National Highway 45C, Tamil Nadu",11.869105,79.518251,True,False,OTHER
PRAR,PAROR,Himachal Pradesh,NR,"National Highway 20, Himachal Pradesh",32.08098,76.460155,True,False,OTHER
HNH,HANUMANAHALLI,Karnataka,SWR,"Hiretogaleri, Karnataka",14.358948,75.998781,True,False,OTHER
SPGR,SAMPIGE ROAD,Karnataka,SWR,"Tumkur, Karnataka",13.270203,76.760983,True,False,OTHER
SPX,SAPATGRAM,Assam,NFR,"Dhubri, Assam",26.334709,90.109558,True,False,OTHER
SSZ,SADDA SINGHWALA,Punjab,NR,"State Highway 12A, Punjab",30.028256,75.324796,True,False,OTHER
CWLE,CHOWRIGACHA,West Bengal,ER,"Chowrigacha Railway Station, West Bengal",23.942472,88.186451,True,False,OTHER
LRU,LALPUR UMRI,Rajasthan,WCR,"SH 1, Rajasthan",26.429998,76.680536,True,False,OTHER
MXL,MOKHOLI,Rajasthan,WCR,"MDR 111, Rajasthan",26.160967,76.460845,True,False,OTHER
TNGL,TORANAGALLU,Karnataka,SWR,"Toranagallu, Karnataka",15.203137,76.663924,True,False,OTHER
SVHE,SISVINHALLI,Karnataka,SWR,"Dharwad, Karnataka",15.430036,75.319362,True,False,OTHER
LKX,LAKSHMIPUR,West Bengal,ER,"Lakshmipur Railway Station, West Bengal",23.502512,88.302374,True,False,Kolkata
MYGL,MIYAGAM KARJAN JUNCTION NG,UNKNOWN,UNKNOWN,,22.050132,73.119763,True,False,OTHER
SWC,SHIVRAMPUR,Uttar Pradesh,NCR,"National Highway 76, Uttar Pradesh",25.219375,80.826783,True,False,OTHER
SPDM,SINGHPUR DUMRA,Madhya Pradesh,NCR,"Singhpurdumra, Madhya Pradesh",25.065781,79.896495,True,False,OTHER
DMLE,DUMURDAHA,West Bengal,ER,"Dumurdahadham, West Bengal",23.040053,88.432662,True,False,OTHER
SRZ,SARDARGARH,Rajasthan,NWR,"Sri Ganganagar, Rajasthan",29.364244,73.740791,True,False,OTHER
DL,DALADI,Gujarat,WR,"Daladi, Gujarat",22.585067,71.069304,True,False,OTHER
BRGY,VADODARA D CABIN,UNKNOWN,UNKNOWN,,22.344458,73.159087,True,False,OTHER
CSTM,MUMBAI CST,Maharashtra,CR,"Mumbai, Maharashtra",18.944481,72.836903,True,False,Mumbai
KNHN,KANTHAN JN,UNKNOWN,UNKNOWN,,21.225502,79.238908,True,False,OTHER
MLD,MALIHABAD,UNKNOWN,UNKNOWN,,26.930598,80.715032,True,False,OTHER
G,GONDIA JN,UNKNOWN,UNKNOWN,,21.462435,80.190842,True,False,OTHER
SYF,Semai,Madhya Pradesh,NCR,"State Highway 2, Madhya Pradesh",26.282698,77.516308,True,False,OTHER
SRTE,Soorothee,Rajasthan,NCR,"Bari, Rajasthan",26.657818,77.702774,True,False,OTHER
DBEC,DEVBALODA CHARODA,UNKNOWN,UNKNOWN,,21.21335,81.45049,True,False,OTHER
SRR,SHORANUR JN,UNKNOWN,UNKNOWN,,10.758855,76.272196,True,False,OTHER
LATI,LATIA CABIN,UNKNOWN,UNKNOWN,,22.027897,82.402106,True,False,OTHER
BPH,BELPAHAR,UNKNOWN,UNKNOWN,,21.827212,83.849076,True,False,OTHER
DNGD,Dungarda,Gujarat,WR,"Gujarat, Gujarat",0.0,0.0,False,False,OTHER
PHVP,PHVP,UNKNOWN,UNKNOWN,,0.0,0.0,False,False,OTHER
SSI,Shirsai,Maharashtra,CR,"Daund-Baramati Rd Daund, Maharashtra",18.314696,74.578044,True,False,OTHER
BSBP,BIR SHIBPUR,UNKNOWN,UNKNOWN,,22.473359,88.053112,True,False,OTHER
MRGM,MAURIGRAM,UNKNOWN,UNKNOWN,,22.580154,88.256078,True,False,OTHER
SPV,Sivapur,Karnataka,SWR,"Bangalore Honavar Rd, Karnataka",13.647065,75.939298,True,False,Bangalore
SRF,Sagar Jambagaru,Karnataka,SWR,"Sagar, Karnataka",14.142728,75.154712,True,False,OTHER
SMPA,Shampura,Rajasthan,WCR,"Bhilwara, Rajasthan",25.222941,75.233108,True,False,OTHER
DXK,DHANA KHERLI,Uttar Pradesh,NCR,"Fatehpur Sikri, Uttar Pradesh",26.950169,77.535779,True,False,OTHER
RBS,RUPBAS,Rajasthan,NCR,"Roopvas, Rajasthan",26.99038,77.590963,True,False,OTHER
FTS,FATEHPUR SIKRI,Uttar Pradesh,NCR,"Agra, Uttar Pradesh",27.093989,77.670597,True,False,OTHER
PTLI,PATHAULI,Uttar Pradesh,NCR,"Agra Fort, Uttar Pradesh",27.156843,77.924594,True,False,OTHER
TNR,TANGUTURU,UNKNOWN,UNKNOWN,,15.337535,80.033546,True,False,OTHER
OGL,ONGOLE,UNKNOWN,UNKNOWN,,15.498064,80.057404,True,False,OTHER
RMW,ROSHAN MAU,UNKNOWN,UNKNOWN,,26.479318,79.984729,True,False,OTHER
MTO,MAITHA,UNKNOWN,UNKNOWN,,26.476492,80.025181,True,False,OTHER
MAO,MADGAON,Goa,KR,"Madgaon. Ph:- 0832-2712790., Goa",15.267911,73.970724,True,False,OTHER
SXB,SAMBRE,Karnataka,SWR,"Belagavi, Karnataka",15.891068,74.593121,True,False,OTHER
SNE,SHENOLI,Maharashtra,CR,"Shenoli Station, Maharashtra",17.200729,74.252881,True,False,OTHER
SW,SEHRAMAU,Uttar Pradesh,NER,"State Highway 21, Uttar Pradesh",28.360763,80.296582,True,False,OTHER
NKB,NAGRAKOTA,West Bengal,NFR,"Nagrakata, West Bengal",26.885533,88.917581,True,False,OTHER
GRU,GAROPARA,West Bengal,NFR,"National Highway 31C, West Bengal",26.657438,89.485262,True,False,OTHER
SMLG,Shimiliaguda,Andhra Pradesh,ECoR,"Way to Araku, Andhra Pradesh",18.30364,82.957105,True,False,OTHER
THP,Taherpur,West Bengal,ER,"State Highway 11, West Bengal",23.259379,88.543119,True,False,OTHER
VJM,VYASARPADI JEEVA,UNKNOWN,UNKNOWN,,13.108338,80.256873,True,False,OTHER
PER,PERAMBUR,UNKNOWN,UNKNOWN,,13.10702,80.244533,True,False,Chennai
ADH,ANDHERI,Maharashtra,WR,"Mumbai, Maharashtra",19.117429,72.846853,True,False,Mumbai
SYE,Sindewahi,Maharashtra,SECR,"Bhendala, Maharashtra",20.2955,79.668805,True,False,OTHER
SSKL,Suskal,Gujarat,UNKNOWN,"State Highway 11, Gujarat",22.316377,73.806077,True,False,OTHER
SUP,Srungavarapukota,Andhra Pradesh,ECoR,"Srungavarapu kota, Andhra Pradesh",18.116239,83.132531,True,False,OTHER
CGL,CHENGALPATTU,UNKNOWN,UNKNOWN,,12.692864,79.981519,True,False,OTHER
CNP,CNP,UNKNOWN,UNKNOWN,,0.0,0.0,False,False,OTHER
GOT,GOT,Uttar Pradesh,NER,"MDR 65W, Uttar Pradesh",28.870965,78.823001,True,False,OTHER
TKHA,TAKHA,Uttar Pradesh,NCR,"Takha, Uttar Pradesh",27.135743,78.767259,True,False,OTHER
DMP,Dharampur Himachal,Himachal Pradesh,NR,"Dharampur, Himachal Pradesh",30.900491,77.023914,True,False,OTHER
TVL,TADWAL,Maharashtra,SWR,"Mundhewadi, Maharashtra",17.393191,75.975729,True,False,OTHER
UDZ,UDAIPUR CITY,Rajasthan,NWR,"Udaipur, Rajasthan",24.566862,73.699632,True,False,OTHER
UMRA,UMRA,Rajasthan,NWR,"State Highway 32, Rajasthan",24.522588,73.771734,True,False,OTHER
TT,TITTE,Tamil Nadu,SR,"Thanjavur, Tamil Nadu",10.844904,79.1834,True,False,OTHER
TGB,Tangarbasuli,Jharkhand,SER,"Ranchi, Jharkhand",23.374032,85.063805,True,False,OTHER
KGMR,KANGRA MANDIR,Himachal Pradesh,NR,"Kangra, Himachal Pradesh",32.09449,76.276521,True,False,OTHER
TOM,TONDAMANPATTI,Tamil Nadu,SR,"Tondaimanpatti, Tamil Nadu",10.786552,78.823761,True,False,OTHER
KTSH,KOTMI SONAN HLT,UNKNOWN,UNKNOWN,,22.024158,82.360215,True,False,OTHER
TRB,TIRUVERUMBUR,Tamil Nadu,SR,"Thiruverumbur, Tamil Nadu",10.787167,78.776419,True,False,OTHER
PPI,PIPARIYA,Madhya Pradesh,WCR,"Piparia, Madhya Pradesh",22.753941,78.354538,True,False,OTHER
XX-BSBC,XX-BSBC,UNKNOWN,UNKNOWN,,0.0,0.0,False,True,Bangalore
MWA,MANDWA,Madhya Pradesh,CR,"East Nimar, Madhya Pradesh",21.517291,76.389861,True,False,OTHER
NPNR,NEPANAGAR,Madhya Pradesh,CR,"East Nimar, Madhya Pradesh",21.463933,76.397032,True,False,OTHER
UA,UPLETA,Gujarat,WR,"Dist. Rajkot, Gujarat",21.746916,70.282434,True,False,OTHER
SAV,SAVDA,Maharashtra,CR,"Jalgaon, Maharashtra",21.111116,75.910659,True,False,OTHER
HSD,HOSDURGA ROAD,Karnataka,SWR,"Nilagiri Rd, Karnataka",13.863274,76.133233,True,False,OTHER
TKU,Tanakallu,Andhra Pradesh,SCR,"Tanakallu, Andhra Pradesh",13.922427,78.201224,True,False,OTHER
SKM,SINGARAYAKONDA,UNKNOWN,UNKNOWN,,15.253118,80.027126,True,False,OTHER
AAP,AMBIAPUR,UNKNOWN,UNKNOWN,,26.515364,79.826878,True,False,OTHER
TPT,TIRUPATTUR JN,UNKNOWN,UNKNOWN,,12.497951,78.561419,True,False,OTHER
VLD,Vayalpad,Andhra Pradesh,SCR,"Vayalpadu, Andhra Pradesh",13.634506,78.624967,True,False,OTHER
CAM,CHHOTA AMBANA,UNKNOWN,UNKNOWN,,23.762753,86.574613,True,False,OTHER
PKL,PAPINAYAKNAHALI,Karnataka,SWR,"Bellary, Karnataka",15.236109,76.490876,True,False,OTHER
LTI,LATTERI,UNKNOWN,UNKNOWN,,12.966994,79.065255,True,False,OTHER
TPQ,Topokal,Chhattisgarh,ECoR,"Raikot, Chhattisgarh",19.00708,81.878645,True,False,OTHER
KVN,KAVANUR,UNKNOWN,UNKNOWN,,12.948577,78.969273,True,False,OTHER
CLE,CHINTALPALLI,Andhra Pradesh,SCR,"Narsampet Rd, Andhra Pradesh",17.914856,79.701487,True,False,OTHER
GYM,GUDIYATTAM,UNKNOWN,UNKNOWN,,12.937471,78.916157,True,False,OTHER
JJK,JHINJHAK,UNKNOWN,UNKNOWN,,26.554994,79.734225,True,False,OTHER
VLT,VALATHOOR,UNKNOWN,UNKNOWN,,12.889517,78.839324,True,False,OTHER
UHP,UDHAMPUR,Jammu and Kashmir,NR,"Railway road, Jammu and Kashmir",32.92664,75.154881,True,False,Kolkata
MPI,MELPATTI,UNKNOWN,UNKNOWN,,12.859507,78.797049,True,False,OTHER
AB,AMBUR,UNKNOWN,UNKNOWN,,12.782934,78.721266,True,False,OTHER
VGM,VINNAMANGALAM,UNKNOWN,UNKNOWN,,12.728899,78.678716,True,False,OTHER
VN,VANIYAMBADI,UNKNOWN,UNKNOWN,,12.678487,78.621651,True,False,OTHER
TAZ,TARGAON,Maharashtra,CR,"Satara, Maharashtra",17.514242,74.155817,True,False,OTHER
TLR,Tulsipur,Uttar Pradesh,NER,"Tulasipur, Uttar Pradesh",27.53177,82.41141,True,False,OTHER
SAN,SANDILA,UNKNOWN,UNKNOWN,,27.059455,80.517354,True,False,OTHER
YY-DKJC,YY-DKJC,UNKNOWN,UNKNOWN,,0.0,0.0,False,True,OTHER
TLE,Talgaria,Jharkhand,SER,"National Highway 32, Jharkhand",23.681626,86.335511,True,False,OTHER
RBD,RAHIMABAD,UNKNOWN,UNKNOWN,,26.999343,80.600639,True,False,OTHER
KFD,KARANJADI,Maharashtra,KR,"Raigad, Maharashtra",17.998115,73.404252,True,False,OTHER
MEH,MELALATHUR,UNKNOWN,UNKNOWN,,12.917803,78.875384,True,False,OTHER
TII,Tingrai,Assam,NFR,"National Highway 38, Assam",27.464468,95.535143,True,False,OTHER
UM,UMARDASHI,Gujarat,WR,"Chitrasani, Gujarat",24.100321,72.420563,True,False,OTHER
VJ,VIRINCHIPURAM,UNKNOWN,UNKNOWN,,12.961297,79.024717,True,False,OTHER
GIMB,GANDHIDHAM BG,UNKNOWN,UNKNOWN,,23.069086,70.147754,True,False,OTHER
MAS,CHENNAI CENTRAL,UNKNOWN,UNKNOWN,,13.084761,80.274856,True,False,Chennai
PEW,PERAMBUR LOCOMOTIVE WORKS,UNKNOWN,UNKNOWN,,13.107826,80.225105,True,False,Chennai
SPAM,SENJI PANAMBAKKAM,UNKNOWN,UNKNOWN,,13.093945,79.83276,True,False,OTHER
THBN,THANA BHAWAN,Uttar Pradesh,NR,"Thana Bhawan, Uttar Pradesh",29.592663,77.410434,True,False,OTHER
TEP,Tempa,Maharashtra,SECR,"Tempa, Maharashtra",20.678242,79.605223,True,False,OTHER
MUQ,MARUDUR,Tamil Nadu,SR,"Nagappattinam - Trichy - Karur- Coimbatore - Mettupalayam - Ooty - Gundlupet Road(Vandikara Street), Tamil Nadu",10.914737,78.450293,True,False,OTHER
VMD,Vadlamannadu,Andhra Pradesh,SCR,"Krishna, Andhra Pradesh",16.300176,81.098875,True,False,OTHER
UNDI,UNDI,Andhra Pradesh,SCR,"West Godavari, Andhra Pradesh",16.580375,81.464187,True,False,OTHER
EKH,EKSARI HALT,Bihar,ECR,"Eksari, Bihar",25.134973,85.889325,True,False,OTHER
TLS,Bettahalsoor,Karnataka,SWR,"Bengaluru, Karnataka",13.166876,77.606186,True,False,Bangalore
TPY,Tadakalpudi,Andhra Pradesh,SCR,"Kothagudem To Bhadrachalam Rd, Andhra Pradesh",17.530163,80.532205,True,False,OTHER
UDGR,Udgir,Maharashtra,SCR,"Dist. Latur, Maharashtra",18.390602,77.109943,True,False,OTHER
KZT,KULITTHURAI,Tamil Nadu,SR,"Marthandam, Tamil Nadu",8.302348,77.218817,True,False,OTHER
PTM,PADALAM,UNKNOWN,UNKNOWN,,12.590197,79.950844,True,False,OTHER
OV,OTIVAKKAM,UNKNOWN,UNKNOWN,,12.623128,79.975653,True,False,OTHER
TRX,TIRUMANI,UNKNOWN,UNKNOWN,,12.670639,79.988514,True,False,OTHER
UKH,UKHALI,Maharashtra,SCR,"State Highway 169, Maharashtra",18.912675,76.605814,True,False,OTHER
VAA,Bhaga Junction,Jharkhand,SER,"Jamadoba, Jharkhand",23.723331,86.405555,True,False,OTHER
SAE,SIMARIA,UNKNOWN,UNKNOWN,,25.410723,86.013734,True,False,OTHER
KZJT,KAZIPET TOWN,UNKNOWN,UNKNOWN,,17.983151,79.517705,True,False,OTHER
KZJE,KAZIPET E CABIN,UNKNOWN,UNKNOWN,,17.975697,79.561183,True,False,OTHER
VLR,VELLORE CANT,Tamil Nadu,SR,"Vellore-632001, Tamil Nadu",12.910718,79.127493,True,False,OTHER
UGP,UGARPUR,Uttar Pradesh,NCR,"Ugarpur, Uttar Pradesh",27.351481,79.511652,True,False,OTHER
VAN,Vadhvana,Gujarat,WR,"Vadodara, Gujarat",22.152185,73.487264,True,False,OTHER
VDL,VITHISVARANKOL,Tamil Nadu,SR,"Pullirukkuvelur, Tamil Nadu",11.195825,79.703785,True,False,OTHER
AO,AONLA,Uttar Pradesh,NR,"Dist. Bareilly, Uttar Pradesh",28.296051,79.16915,True,False,OTHER
DBR,DABHAURA,Uttar Pradesh,NCR,"Dabhaura, Uttar Pradesh",25.11793,81.303125,True,False,OTHER
NU,NARSINGHPUR,Madhya Pradesh,WCR,"Narsimhapur, Madhya Pradesh",22.943112,79.214385,True,False,OTHER
GAR,GADARWARA,Madhya Pradesh,WCR,"Narsinghpur, Madhya Pradesh",22.899459,78.791734,True,False,OTHER
JUH,JUJHARPUR,UNKNOWN,UNKNOWN,,22.604977,77.75641,True,False,OTHER
KMNN,KHAMANON,UNKNOWN,UNKNOWN,,30.775754,76.488695,True,False,OTHER
AMLO,AMLO,UNKNOWN,ECR,,23.768893,85.980234,True,False,OTHER
AMSA,AMMASANDRA,Karnataka,SWR,"Tumkur, Karnataka",13.264571,76.711486,True,False,Chennai
GRJA,GORINJA,Gujarat,WR,"Khambhalia-Dwarka (SH 6), Gujarat",22.175991,69.041194,True,False,OTHER
GTW,GATORA,UNKNOWN,UNKNOWN,,22.053427,82.22767,True,False,OTHER
VEI,VELLIYANI,Tamil Nadu,SR,"Dindigul - Guziliamparai - Karur Rd, Tamil Nadu",10.841,78.114795,True,False,OTHER
DLQ,DALELNAGAR,UNKNOWN,UNKNOWN,,27.118537,80.419624,True,False,OTHER
VID,VILAVADE,Maharashtra,KR,"Ratnagiri, Maharashtra",16.785593,73.619321,True,False,OTHER
KT,KUMTA,Karnataka,KR,"Kumta, Karnataka",14.436871,74.420652,True,False,OTHER
PHD,PHAPHUND,UNKNOWN,UNKNOWN,,26.632118,79.554255,True,False,OTHER
KNS,KANCHAUSI,UNKNOWN,UNKNOWN,,26.597924,79.635426,True,False,OTHER
VTE,Venkatagiri Kote Halt,Karnataka,SWR,"National Highway 7, Karnataka",13.32831,77.73159,True,False,OTHER
AGI,AMGURI,Assam,NFR,"Amguri, Assam",26.812601,94.524011,True,False,OTHER
APB,ANUPPAMBATTU,UNKNOWN,UNKNOWN,,13.304293,80.230769,True,False,OTHER
PON,PONNERI,UNKNOWN,UNKNOWN,,13.332319,80.198799,True,False,OTHER
KVP,KAVARAIPPETTAI,UNKNOWN,UNKNOWN,,13.36347,80.146879,True,False,OTHER
GPD,GUMMIDIPUNDI,UNKNOWN,UNKNOWN,,13.409631,80.123431,True,False,OTHER
ELR,ELAVUR,UNKNOWN,UNKNOWN,,13.458351,80.116178,True,False,OTHER
AKM,ARAMBAKKAM,UNKNOWN,UNKNOWN,,13.532686,80.074371,True,False,OTHER
TADA,TADA,UNKNOWN,UNKNOWN,,13.587948,80.035435,True,False,OTHER
AP,ASHOKAPURAM,Karnataka,SWR,"Mysore, Karnataka",12.273762,76.635315,True,False,OTHER
AKAT,AKKAMPET,UNKNOWN,UNKNOWN,,13.649106,80.018863,True,False,OTHER
SPE,SULLURUPETA,UNKNOWN,UNKNOWN,,13.696463,80.018161,True,False,OTHER
PEL,POLIREDDIPALEM,UNKNOWN,UNKNOWN,,13.759491,79.980026,True,False,OTHER
ALY,ALLAHABAD CITY,Uttar Pradesh,NER,"Allahabad(0532-1072), Uttar Pradesh",25.44241,81.829736,True,False,OTHER
DVR,DORAVARI CHATRAM,UNKNOWN,UNKNOWN,,13.814297,79.951308,True,False,OTHER
VRB,VISHRAMBAG,Maharashtra,CR,"Sangli, Maharashtra",16.85057,74.602231,True,False,OTHER
NYP,NAYADUPETA,UNKNOWN,UNKNOWN,,13.908321,79.900898,True,False,OTHER
UWNR,Udwant Nagar Halt,Bihar,ECR,"State Highway 12, Bihar",25.496532,84.611313,True,False,OTHER
PYA,PEDAPARIYA,UNKNOWN,UNKNOWN,,14.021481,79.875372,True,False,OTHER
ODUR,ODUR,UNKNOWN,UNKNOWN,,14.072185,79.855368,True,False,OTHER
GDR,GUDUR JN,UNKNOWN,UNKNOWN,,14.148227,79.845121,True,False,OTHER
MBL,MANUBOLU,UNKNOWN,UNKNOWN,,14.226551,79.87707,True,False,OTHER
KMLP,KOMMARAPUDI,UNKNOWN,UNKNOWN,,14.257777,79.893501,True,False,OTHER
DIG,DUGGIRALA,UNKNOWN,UNKNOWN,,16.327559,80.62357,True,False,OTHER
URR,Umred,Maharashtra,SECR,"Umred, Maharashtra",20.850672,79.330741,True,False,OTHER
TYM,Tirumayam,Tamil Nadu,SR,"Pudukkottai, Tamil Nadu",10.246016,78.759423,True,False,OTHER
UCR,Unchahar Junction,Uttar Pradesh,NR,"Unchahar, Uttar Pradesh",25.902315,81.300143,True,False,OTHER
GBHA,GAROBIGHA HALT,UNKNOWN,UNKNOWN,,24.826792,85.467153,True,False,OTHER
AMX,Amlakhurd,Madhya Pradesh,SCR,"MSH 6, Madhya Pradesh",21.510235,76.650685,True,False,Chennai
TVNL,TIRVNLNLUR ROAD,UNKNOWN,UNKNOWN,,11.798583,79.380205,True,False,OTHER
KDMD,KANDAMBAKKAM,UNKNOWN,UNKNOWN,,11.811502,79.386975,True,False,OTHER
VM,VILLUPURAM JN,UNKNOWN,UNKNOWN,,11.942971,79.500101,True,False,OTHER
MYP,MUNDILYAMPAKKAM,UNKNOWN,UNKNOWN,,11.99568,79.511687,True,False,OTHER
VVN,VIKRAVANDI,UNKNOWN,UNKNOWN,,12.037928,79.538038,True,False,OTHER
PEI,PERANI,UNKNOWN,UNKNOWN,,12.104212,79.552577,True,False,OTHER
NMO,NEDI MOLLYANUR,UNKNOWN,UNKNOWN,,12.128075,79.56707,True,False,OTHER
MTL,MAILAM,UNKNOWN,UNKNOWN,,12.160501,79.6022,True,False,OTHER
TMV,TINDIVANAM,UNKNOWN,UNKNOWN,,12.229411,79.651335,True,False,OTHER
PCLM,PANCHALAM,UNKNOWN,UNKNOWN,,12.275612,79.691931,True,False,OTHER
OLA,OLAKUR,UNKNOWN,UNKNOWN,,12.306463,79.721919,True,False,OTHER
KSGL,KARASANGAL,UNKNOWN,UNKNOWN,,12.333838,79.749958,True,False,OTHER
TZD,TOZHUPPEDU,UNKNOWN,UNKNOWN,,12.367081,79.783575,True,False,OTHER
ACK,ACHARAPAKKAM,UNKNOWN,UNKNOWN,,12.406776,79.821722,True,False,OTHER
MLMR,MELMARUVATTUR,UNKNOWN,UNKNOWN,,12.429554,79.833801,True,False,OTHER
VPH,Vachaspati Nagar,Bihar,ECR,"National Highway 57, Bihar",26.400204,86.325158,True,False,OTHER
PQM,PAKKAM,UNKNOWN,UNKNOWN,,12.465125,79.850569,True,False,OTHER
VTL,Vadtal Swaminarayan,Gujarat,WR,"Vadtal, Gujarat",22.591636,72.876748,True,False,OTHER
MMK,MADURANTAKAM,UNKNOWN,UNKNOWN,,12.50442,79.893087,True,False,OTHER
GMN,GOREGAON,Maharashtra,WR,"Mumbai, Maharashtra",19.164447,72.849389,True,False,Mumbai
WDA,WADRENGDISA,Assam,NFR,"Diakkawn Rd, Assam",25.263973,93.177527,True,False,OTHER
BAF,Bap,Rajasthan,UNKNOWN,"Jodhpur, Rajasthan",27.288182,72.327408,True,False,OTHER
AHH,AHMADGARH,Punjab,NR,"Ahmedgarh, Punjab",30.683642,75.829518,True,False,OTHER
AGE,Angai,Rajasthan,NCR,"Angai, Rajasthan",26.606593,77.46692,True,False,OTHER
AHI,ASHTI,Maharashtra,CR,"State Highway 161, Maharashtra",17.844737,75.40307,True,False,OTHER
ALP,ALAPAKAM,Tamil Nadu,SR,"NH 45A, Tamil Nadu",11.617803,79.727227,True,False,OTHER
BANL,BHATANGLI,Maharashtra,UNKNOWN,"MSH3, Maharashtra",18.446007,76.678145,True,False,Chennai
AMW,AMAN VADI,Maharashtra,SCR,"Washim, Maharashtra",20.300507,77.065281,True,False,OTHER
AYM,ADIYAKKAMANGALAM,Tamil Nadu,SR,"Thiruvarur, Tamil Nadu",10.756748,79.68058,True,False,OTHER
ASV,ASARVA JN,Gujarat,WR,"Ahmedabad, Gujarat",23.043981,72.612937,True,False,OTHER
AMT,AMMAPET,Tamil Nadu,SR,"Ammapet, Tamil Nadu",10.779506,79.315738,True,False,OTHER
ATT,ATARI,Punjab,NR,"Atari, Punjab",31.594934,74.607241,True,False,OTHER
JJA,JAJAN PATTI,Rajasthan,WCR,"State Highway 33, Rajasthan",27.354894,77.573854,True,False,OTHER
ARS,ARASUR,Tamil Nadu,SR,"NH 45A, Tamil Nadu",11.270467,79.724704,True,False,OTHER
KNDP,KHANDIP,Rajasthan,WCR,"State Highway 1, Rajasthan",26.641031,76.911821,True,False,OTHER
YDM,Yedamangala,Karnataka,SWR,"Panja Kadaba Rd, Karnataka",12.714668,75.443085,True,False,OTHER
NNW,NARAYANPUR TATWAR,Rajasthan,WCR,"Sawai Madhopur, Rajasthan",26.344259,76.635578,True,False,OTHER
BA,BANDRA,Maharashtra,WR,"Mumbai, Maharashtra",19.054454,72.840454,True,False,Mumbai
AEJ,ARNEJ,Gujarat,WR,"Arnej, Gujarat",22.582088,72.268322,True,False,OTHER
NPKM,NANDIYAMPAKKAM,UNKNOWN,UNKNOWN,,13.268081,80.2758,True,False,OTHER
DDCE,DUNDI,Madhya Pradesh,WCR,"Dundi, Madhya Pradesh",23.557854,80.216657,True,False,OTHER
GRO,GURRA,Madhya Pradesh,WCR,"Itarsi, Madhya Pradesh",22.632067,77.86729,True,False,OTHER
KVZ,KAVALI,UNKNOWN,UNKNOWN,,14.915993,79.988271,True,False,OTHER
TTU,TETTU,UNKNOWN,UNKNOWN,,15.042824,80.005821,True,False,OTHER
UPD,ULAVAPADU,UNKNOWN,UNKNOWN,,15.167112,80.013364,True,False,OTHER
KTZ,KHUTWANSA,Madhya Pradesh,WCR,"Hoshangabad, Madhya Pradesh",22.545189,77.602425,True,False,OTHER
KKN,KHIRKIYA,Madhya Pradesh,WCR,"State Highway 15, Madhya Pradesh",22.166444,76.859447,True,False,OTHER
BALI,Bhaili,Gujarat,WR,"Vadodara, Gujarat",22.266245,73.131977,True,False,OTHER
ATQ,Arantangi,Tamil Nadu,SR,"Aranthangi, Tamil Nadu",10.164469,78.996848,True,False,OTHER
AGAE,AGRADWIP,West Bengal,ER,"Agradwip, West Bengal",23.58096,88.226117,True,False,OTHER
DSNR,DASHNAGAR,UNKNOWN,UNKNOWN,,22.598634,88.307803,True,False,OTHER
TPKR,TIKIAPARA,UNKNOWN,UNKNOWN,,22.599036,88.324322,True,False,OTHER
PFMA,PFMA,UNKNOWN,UNKNOWN,,0.0,0.0,False,False,OTHER
AMLP,Amalpur,Gujarat,WR,"Vadodara, Gujarat",22.161144,73.508313,True,False,OTHER
AUS,Anupshahr,Rajasthan,NWR,"Anupshaher Rd, Rajasthan",28.947951,75.21123,True,False,OTHER
ARVI,Arvi,Maharashtra,CR,"Dist. Wardha, Maharashtra",0.0,0.0,False,False,OTHER
ARX,Areli,Uttar Pradesh,NER,"Areli, Uttar Pradesh",0.0,0.0,False,False,OTHER
ASM,Asarma,Gujarat,WR,"SH 166, Gujarat",0.0,0.0,False,False,OTHER
ATB,Alattambadi,Tamil Nadu,SR,"Mazavarayanallu Rd, Tamil Nadu",0.0,0.0,False,False,OTHER
ATDA,Atladara,Gujarat,WR,"Gujarat, Gujarat",0.0,0.0,False,False,OTHER
ATX,Alinagar Tola,Bihar,ECR,"Purnea, Bihar",0.0,0.0,False,False,OTHER
ASLU,Aslu,Rajasthan,NWR,"National Highway 65, Rajasthan",28.368988,75.074842,True,False,OTHER
AYI,Ayingudi,Tamil Nadu,SR,"Peravurani - Aranthangi Rd, Tamil Nadu",0.0,0.0,False,False,OTHER
GHSR,GHASARA HALT,UNKNOWN,UNKNOWN,,26.72284,79.360808,True,False,OTHER
ULD,ACHALDA,UNKNOWN,UNKNOWN,,26.701949,79.404392,True,False,OTHER
AEL,Ateli,Haryana,NWR,"Dist. Mahendragarh, Haryana",28.100118,76.253105,True,False,OTHER
WTR,WATHAR,Maharashtra,CR,"Satara, Maharashtra",17.89054,74.135767,True,False,OTHER
WLH,VALHA,Maharashtra,CR,"Indraprastha Rd, Maharashtra",18.183635,74.160554,True,False,OTHER
BAAR,Bandar P.H.,West Bengal,UNKNOWN,"Haldia, West Bengal",22.052122,88.086816,True,False,OTHER
AE,Amreli,Gujarat,WR,"Amreli, Gujarat",21.607831,71.228012,True,False,OTHER
MST,MASIT,UNKNOWN,UNKNOWN,,27.269929,80.257914,True,False,Chennai
BGH,BAGHAULI,UNKNOWN,UNKNOWN,,27.228081,80.296314,True,False,OTHER
TPND,TALOJA PANCHAND,Maharashtra,CR,"Navi Mumbai, Maharashtra",19.078901,73.087316,True,False,Mumbai
ADVI,ADAVALI,Maharashtra,KR,"Ratnagiri, Maharashtra",16.921753,73.592514,True,False,OTHER
AGL,AMARGOL,Karnataka,SWR,"Hubli, Karnataka",15.411792,75.098208,True,False,OTHER
AS,ARJANSAR,Rajasthan,NWR,"Bikaner, Rajasthan",28.933796,73.871969,True,False,OTHER
BAKT,Barhara Kothi,Bihar,ECR,"Purnia, Bihar",25.776942,87.096319,True,False,OTHER
CM,Campierganj,Uttar Pradesh,NER,"National Highway 29, Uttar Pradesh",27.05777,83.267384,True,False,OTHER
DB,Dabhoi Junction,Gujarat,WR,"Dabhoi, Gujarat",22.137755,73.415466,True,False,OTHER
ULU,ULUNDURPET,UNKNOWN,UNKNOWN,,11.702177,79.317787,True,False,OTHER
AGZ,AMAGURA,Chhattisgarh,ECoR,"Markel, Chhattisgarh",19.068103,82.147342,True,False,OTHER
AGB,AMBAGAON,Chhattisgarh,ECoR,"Ambagaon, Chhattisgarh",19.062527,82.239507,True,False,OTHER
MYKR,MATYAKHERI HALT,UNKNOWN,UNKNOWN,,24.309449,74.951915,True,False,OTHER
BBLK,B L DASPURI,Uttar Pradesh,NCR,"B L Daspuri, Uttar Pradesh",27.316999,79.363519,True,False,OTHER
ARV,ARNI ROAD,Tamil Nadu,SR,"Kalambur, Tamil Nadu",12.630801,79.209033,True,False,OTHER
BARI,Bari,Rajasthan,NCR,"Bari, Rajasthan",26.650058,77.618175,True,False,OTHER
BAT,Batala Junction,Punjab,NR,"Batala, Punjab",31.821482,75.194432,True,False,OTHER
BBV,BABHULGOAN,Maharashtra,CR,"State Highway 161, Maharashtra",17.778326,75.383427,True,False,OTHER
ASI,Arseni,Uttar Pradesh,NR,"MORADABAD, Uttar Pradesh",27.243104,80.39386,True,False,OTHER
APE,ANDANAPPETTAI,Tamil Nadu,SR,"Pappakoil, Tamil Nadu",10.758823,79.844096,True,False,OTHER
BEHR,BEOHARI,Madhya Pradesh,WCR,"Beohari, Madhya Pradesh",24.000269,81.379715,True,False,OTHER
ARNH,Arjunahalli,Karnataka,SWR,"Arjunahalli, Karnataka",12.512857,76.391729,True,False,OTHER
BFG,Bagthar,Uttar Pradesh,NCR,"Bandh, Uttar Pradesh",26.796232,77.522189,True,False,OTHER
BBAR,BARA,Madhya Pradesh,WCR,"Mahroi, Madhya Pradesh",24.001215,81.211862,True,False,OTHER
BDYP,Bidyadharpur,West Bengal,ER,"Bidyadharpur, West Bengal",22.425122,88.452872,True,False,OTHER
AKL,Anakhol,Gujarat,WR,"State HIghway 133, Gujarat",0.0,0.0,False,False,OTHER
ASAN,ASAN,Haryana,NR,"Panipat, Haryana",29.40129,76.882594,True,False,OTHER
ATUL,ATUL,Gujarat,WR,"Valsad, Gujarat",20.544593,72.927134,True,False,OTHER
AONI,Amoni,Assam,NFR,"Amoni, Assam",26.448121,92.919609,True,False,OTHER
BASA,Banosa,Maharashtra,CR,"Daryapur, Maharashtra",0.0,0.0,False,False,OTHER
BATS,Bhatsar,Gujarat,WR,"Brahmanwada, Gujarat",0.0,0.0,False,False,OTHER
HRI,HARDOI,UNKNOWN,UNKNOWN,,27.399414,80.147877,True,False,OTHER
BBE,BAGHI BARDIHA,Bihar,ECR,"Baghi Bardiha, Bihar",24.953077,85.623332,True,False,OTHER
BFX,BAGHI GHAUSPUR,Bihar,ECR,"Baghi Ghauspur, Bihar",25.051952,85.684033,True,False,OTHER
BCF,Bankapasi,West Bengal,ER,"Bankapasi, West Bengal",0.0,0.0,False,False,OTHER
BDV,BADANAVALU,Karnataka,SWR,"Nanjungudu-Chamarajanagara Rd, Karnataka",12.075566,76.749044,True,False,OTHER
BCHR,Bachar,Gujarat,WR,"Palej, Gujarat",0.0,0.0,False,False,OTHER
BCM,Buranpudi,Bihar,ECR,"Supaul, Bihar",0.0,0.0,False,False,OTHER
BDKE,Bhadsivni,Maharashtra,CR,"Bhadsivni, Maharashtra",0.0,0.0,False,False,OTHER
PGU,PADUGUPADU,UNKNOWN,UNKNOWN,,14.496976,79.989954,True,False,OTHER
KJJ,KODAVALURU,UNKNOWN,UNKNOWN,,14.564331,79.994908,True,False,OTHER
TMC,TALAMANCHI,UNKNOWN,UNKNOWN,,14.607124,79.998171,True,False,OTHER
AXR,ALLURU ROAD,UNKNOWN,UNKNOWN,,14.710541,79.989036,True,False,OTHER
BTTR,BITRAGUNTA,UNKNOWN,UNKNOWN,,14.768585,79.983146,True,False,OTHER
SVPM,S VENKTESWRPALM,UNKNOWN,UNKNOWN,,14.806671,79.982262,True,False,OTHER
KPO,KARANPURA,UNKNOWN,UNKNOWN,,27.123047,76.778365,True,False,OTHER
BUDA,BHUDA,UNKNOWN,UNKNOWN,,27.128986,76.814538,True,False,OTHER
MURD,MANDAWAR MAHUA RD,UNKNOWN,UNKNOWN,,27.156098,76.850823,True,False,OTHER
ANDN,Anand Nagar,Uttar Pradesh,NER,"Pharenda, Uttar Pradesh",27.103714,83.270698,True,False,OTHER
GOS,GHOSRANA,UNKNOWN,UNKNOWN,,27.179904,76.90338,True,False,OTHER
DTF,DANTLA,UNKNOWN,UNKNOWN,,27.197151,76.96107,True,False,OTHER
BDRN,Bhadran,Gujarat,WR,"Borsad, Gujarat",0.0,0.0,False,False,OTHER
KL,KHERLI,UNKNOWN,UNKNOWN,,27.200257,77.036424,True,False,OTHER
ARK,Arakku,Andhra Pradesh,ECoR,"Araku, Andhra Pradesh",18.333991,82.86256,True,False,OTHER
TBL,TARCHERRA BRLRM,UNKNOWN,UNKNOWN,,27.205008,77.104134,True,False,OTHER
BF,Bagetar,Assam,NFR,"North Cachar Hills, Assam",0.0,0.0,False,False,OTHER
NBI,NADBAI,UNKNOWN,UNKNOWN,,27.213674,77.208088,True,False,OTHER
PPEA,PAPRERA,UNKNOWN,UNKNOWN,,27.226004,77.308829,True,False,OTHER
HK,HELAK,UNKNOWN,UNKNOWN,,27.234442,77.378757,True,False,OTHER
BTE,BHARATPUR JN,UNKNOWN,UNKNOWN,,27.237107,77.488613,True,False,OTHER
ATR,Attar,Madhya Pradesh,WR,"East Nimar, Madhya Pradesh",21.998734,76.204918,True,False,OTHER
NHB,NOH BACHHAMDI,UNKNOWN,UNKNOWN,,27.223369,77.546395,True,False,OTHER
IK,IKRAN,UNKNOWN,UNKNOWN,,27.211065,77.608741,True,False,OTHER
CIK,CHIKSANA,UNKNOWN,UNKNOWN,,27.199896,77.663925,True,False,OTHER
ANY,Arumuganeri,Tamil Nadu,SR,"Arumuganeri, Tamil Nadu",8.579144,78.091842,True,False,OTHER
BAKA,Banka,Bihar,UNKNOWN,"Banka, Bihar",24.865901,86.911693,True,False,OTHER
AH,ACHHNERA JN,UNKNOWN,UNKNOWN,,27.18176,77.757839,True,False,OTHER
TDL,TUNDLA JN,UNKNOWN,UNKNOWN,,27.207747,78.233285,True,False,OTHER
BAW,CHIK BANAVAR,Karnataka,SWR,"Bengaluru, Karnataka",13.073539,77.506341,True,False,Bangalore
PVN,PAVUNUR,UNKNOWN,UNKNOWN,,11.600544,79.315806,True,False,OTHER
BFN,Bugana,Haryana,NR,"National Highway 65, Haryana",29.258822,75.827815,True,False,OTHER
ANF,Anandapuram,Karnataka,SWR,"Anandapuram, Karnataka",14.073324,75.209164,True,False,OTHER
BBN,Barbil,Odisha,SER,"Kiriburu, Odisha",22.104577,85.369058,True,False,OTHER
HNG,HIRANGAON,UNKNOWN,UNKNOWN,,27.175703,78.314619,True,False,OTHER
FZD,FIROZABAD,UNKNOWN,UNKNOWN,,27.147415,78.386691,True,False,OTHER
MNR,MAKKHANPUR,UNKNOWN,UNKNOWN,,27.119485,78.4715,True,False,OTHER
SKB,SHIKOHABAD JN,UNKNOWN,UNKNOWN,,27.085686,78.574955,True,False,OTHER
KAA,KAURARA,UNKNOWN,UNKNOWN,,27.029,78.664813,True,False,OTHER
BDN,BHADAN,UNKNOWN,UNKNOWN,,26.979392,78.737495,True,False,OTHER
BBL,BALRAI,UNKNOWN,UNKNOWN,,26.920502,78.82371,True,False,OTHER
JGR,JASWANTNAGAR,UNKNOWN,UNKNOWN,,26.872978,78.893731,True,False,OTHER
SB,SARAI BHOPAT,UNKNOWN,UNKNOWN,,26.837847,78.944709,True,False,OTHER
ETW,ETAWAH,UNKNOWN,UNKNOWN,,26.78597,79.021502,True,False,OTHER
EKL,EKDIL,UNKNOWN,UNKNOWN,,26.76628,79.116455,True,False,OTHER
BNT,BHARTHANA,UNKNOWN,UNKNOWN,,26.750225,79.216361,True,False,OTHER
DBM,DABOLIM,Goa,SWR,"Mormugao, Goa",15.389334,73.849937,True,False,OTHER
AUWA,AUWA,Rajasthan,NWR,"Somesar, Rajasthan",25.665207,73.564613,True,False,OTHER
JP,JAIPUR,UNKNOWN,UNKNOWN,,26.920203,75.786923,True,False,OTHER
BEB,Beldanga,West Bengal,ER,"Beldanga, West Bengal",23.932059,88.242968,True,False,OTHER
BHLI,BOHALI,Maharashtra,CR,"State Highway 161, Maharashtra",17.588773,75.27417,True,False,OTHER
BASN,BHAINSWAN,Haryana,NR,"Gohana, Haryana",29.094392,76.680769,True,False,OTHER
BHNA,Bhayna,West Bengal,ER,"Mamjoan Rd, West Bengal",23.312261,88.641659,True,False,OTHER
BHME,BHANDARIDAH,UNKNOWN,ECR,,23.756673,86.055099,True,False,OTHER
BCU,BHUCHCHU,Punjab,NR,"Bhucho Mandi, Punjab",30.209882,75.095186,True,False,OTHER
BHL,BHILWARA,Rajasthan,NWR,"Bhilwara, Rajasthan",25.343551,74.630773,True,False,OTHER
KVA,KAVAS,Rajasthan,NWR,"NH-112 Barmer-Jodhpur Hwy, Rajasthan",25.867466,71.538716,True,False,OTHER
BDW,BANDANWARA,Rajasthan,NWR,"Bandanwara, Rajasthan",26.125301,74.691379,True,False,OTHER
BJV,Bijauria,Uttar Pradesh,NER,"Bareilly, Uttar Pradesh",28.574785,79.655274,True,False,OTHER
BHJ,Barhaj Bazar,Uttar Pradesh,NER,"Barhaj, Uttar Pradesh",26.283912,83.731497,True,False,OTHER
DRD,DAHANU ROAD,Maharashtra,WR,"Dahanu, Maharashtra",19.991217,72.743368,True,False,OTHER
BJRA,BHAJERA,UNKNOWN,UNKNOWN,,27.100775,76.656874,True,False,OTHER
BDXT,BASAI DHANKOT,Haryana,NR,"Gurgaon, Haryana",28.464735,76.983187,True,False,OTHER
BCHN,Bochasan Junction,Gujarat,WR,"Anand, Gujarat",22.402073,72.847673,True,False,OTHER
BHT,Bhattu,Haryana,NWR,"Bhattu Kalan, Haryana",29.387323,75.34013,True,False,OTHER
SHR,SIHORA ROAD,Madhya Pradesh,WCR,"Jabalpur, Madhya Pradesh",23.467136,80.110265,True,False,OTHER
SGBJ,SURGAON BANJARI,Madhya Pradesh,WCR,"Khandwa, Madhya Pradesh",21.946109,76.544215,True,False,OTHER
BADR,Bhader,Gujarat,WR,"Amreli, Gujarat",21.36507,70.928979,True,False,OTHER
TLA,TITVALA,UNKNOWN,UNKNOWN,,19.296504,73.202714,True,False,OTHER
BJUD,BAJUD,Gujarat,WR,"State Highway 31, Gujarat",21.736131,71.827925,True,False,OTHER
KON,KUDALNAGAR,UNKNOWN,UNKNOWN,,9.944876,78.108666,True,False,OTHER
BDSW,Budhsinghwala,Rajasthan,NWR,"Hanumangarh, Rajasthan",29.831708,74.222661,True,False,OTHER
BER,BEAWAR,Rajasthan,NWR,"Beawar, Rajasthan",26.108908,74.314971,True,False,OTHER
BGDA,Bogada,Orissa,UNKNOWN,"Bogada, Orissa",20.278714,86.588172,True,False,OTHER
AWG,Awa Garh,Uttar Pradesh,NCR,"Awagarh, Uttar Pradesh",27.464247,78.4734,True,False,OTHER
SBK,SHAHBAZ KULI,Uttar Pradesh,NER,"Shahbaz Quli, Uttar Pradesh",25.632101,83.674653,True,False,OTHER
ENR,ENNORE,UNKNOWN,UNKNOWN,,13.218196,80.322124,True,False,OTHER
NLS,NELLORE SOUTH,UNKNOWN,UNKNOWN,,14.444475,79.983464,True,False,OTHER
AVL,AMRITVEL,Gujarat,WR,"Amrutwel Rd, Gujarat",21.077372,71.679671,True,False,OTHER
NLR,NELLORE,UNKNOWN,UNKNOWN,,14.460592,79.989383,True,False,OTHER
BGR,Bhagdara,Maharashtra,CR,"Bhagdara, Maharashtra",0.0,0.0,False,False,OTHER
BGA,BAGALIA,West Bengal,SER,"Purulia, West Bengal",23.446936,86.519046,True,False,OTHER
BERO,BERO,West Bengal,SER,"Purulia, West Bengal",23.548271,86.726609,True,False,OTHER
XX-MEJB,XX-MEJB,UNKNOWN,UNKNOWN,,0.0,0.0,False,True,OTHER
BHHT,Barhara,Bihar,UNKNOWN,"Barhara, Bihar",0.0,0.0,False,False,OTHER
DVBH,MAKUDAN VIRAPANDI BLOCK HUT,UNKNOWN,UNKNOWN,,11.580796,78.037941,True,False,OTHER
AVT,Avati,Karnataka,SWR,"Avati, Karnataka",13.299092,77.726679,True,False,OTHER
XX-KJMB,XX-KJMB,UNKNOWN,UNKNOWN,,0.0,0.0,False,True,OTHER
BHOJ,Bhoj Padra,Gujarat,WR,"Vadodara Jambusar, Gujarat",0.0,0.0,False,False,OTHER
BIV,Bamhani Banjur,Madhya Pradesh,SECR,"Bamhani, Madhya Pradesh",22.438916,80.324566,True,False,OTHER
BGB,Budge Budge,West Bengal,ER,"Kolkata, West Bengal",22.493102,88.194692,True,False,Kolkata
BHRD,Baghara Road,UNKNOWN,SER,,0.0,0.0,False,False,OTHER
DDBC,DDBC,UNKNOWN,UNKNOWN,,0.0,0.0,False,False,OTHER
UMNR,UMESHNAGAR,Bihar,ECR,"National Highway 31, Bihar",25.461085,86.431195,True,False,OTHER
BHWR,Bhitiharwa Ashram,Bihar,ECR,"Pashchim Champaran, Bihar",0.0,0.0,False,False,OTHER
BDBP,BASUDEBPUR,Bihar,ER,"Basudebpur, Bihar",24.635527,87.982535,True,False,OTHER
MOL,MULI ROAD,Gujarat,WR,"Surendranagar, Gujarat",22.676562,71.43486,True,False,OTHER
AZA,AZARA,Assam,NFR,"Guwahati, Assam",26.09934,91.613927,True,False,OTHER
BAHI,Balenahalli,Karnataka,SWR,"State Highway 48, Karnataka",14.250321,76.566376,True,False,OTHER
BDHP,BHUDPUR,Uttar Pradesh,NR,"State Highway 57, Uttar Pradesh",29.218094,77.291168,True,False,OTHER
SHW,SAMHON,UNKNOWN,UNKNOWN,,26.734186,79.320694,True,False,OTHER
PATA,PATA,UNKNOWN,UNKNOWN,,26.666619,79.479418,True,False,OTHER
PJY,PARA JANI HALT,UNKNOWN,UNKNOWN,,26.596933,79.634896,True,False,OTHER
RURA,RURA,UNKNOWN,UNKNOWN,,26.485377,79.908216,True,False,OTHER
BPU,BHAUPUR,UNKNOWN,UNKNOWN,,26.468115,80.12429,True,False,OTHER
CNB,KANPUR CENTRAL,UNKNOWN,UNKNOWN,,26.45424,80.350966,True,False,OTHER
CHK,CHAKERI,UNKNOWN,UNKNOWN,,26.38116,80.406546,True,False,OTHER
SSL,SIRSAUL,UNKNOWN,UNKNOWN,,26.297301,80.462852,True,False,OTHER
RAMA,RAMVA,UNKNOWN,UNKNOWN,,25.891153,80.853299,True,False,OTHER
BKF,Bhikhna Thori,Bihar,ECR,"WestChamparan, Bihar",27.333596,84.61057,True,False,OTHER
BGJT,Bagha Jatin,West Bengal,ER,"Kolkata, West Bengal",22.482615,88.387421,True,False,Kolkata
BGPL,Baghuapal,Orissa,ECoR,"Orissa, Orissa",21.042219,86.013166,True,False,OTHER
BEHS,Bihar Sharif,Bihar,ECR,"06112-222306, Bihar",25.206116,85.539075,True,False,OTHER
BHRB,Bhairabi,Mizoram,UNKNOWN,"Kolasib, Mizoram",24.19546,92.54106,True,False,OTHER
BDWL,BIRADHWAL,Rajasthan,NWR,"National Highway 15, Rajasthan",29.174117,73.896516,True,False,OTHER
BANE,BASNI,Rajasthan,NWR,"Jodhpur, Rajasthan",26.222963,73.010639,True,False,OTHER
BHZ,BIHARA,Assam,NFR,"K Rd, Assam",24.962818,92.689054,True,False,OTHER
BHI,BAHERI,Uttar Pradesh,NER,"SH 37, Uttar Pradesh",28.777391,79.500322,True,False,OTHER
BHB,BADLA GHAT,Bihar,ECR,"Bihar, Bihar",25.553763,86.587144,True,False,OTHER
BJNR,BIJAINAGAR,Rajasthan,NWR,"Bijainagar, Rajasthan",25.931003,74.653059,True,False,OTHER
BGHI,BAGAHAI ROAD,Madhya Pradesh,WCR,"Baghai Road, Madhya Pradesh",24.555903,81.018663,True,False,OTHER
BDDR,BADODAR,Gujarat,WR,"National Highway 8D, Gujarat",21.361073,70.295846,True,False,OTHER
BIJ,Birnagar,West Bengal,ER,"Birnagar, West Bengal",23.235875,88.551252,True,False,OTHER
BJO,BIJNOR,Uttar Pradesh,NR,"Bijnor, Uttar Pradesh",29.38563,78.146805,True,False,OTHER
BHLA,BEHULA,West Bengal,ER,"Behula, West Bengal",23.181967,88.428792,True,False,OTHER
BLQR,BILASPUR ROAD,Uttar Pradesh,NER,"Rampur, Uttar Pradesh",28.865601,79.254263,True,False,OTHER
BHLE,Barahat,Bihar,ER,"State Highway 19, Bihar",24.9206,87.010084,True,False,OTHER
BGAE,BALAGARH,West Bengal,ER,"Balagarh, West Bengal",23.121545,88.452552,True,False,OTHER
BJRI,BIJURI,Madhya Pradesh,SECR,"Shahdol, Madhya Pradesh",23.250339,82.118946,True,False,OTHER
BHTA,BHATIYA,Gujarat,WR,"National Highway 8E, Gujarat",22.088154,69.280362,True,False,OTHER
BKRO,BOKARO THERMAL,UNKNOWN,ECR,,23.78515,85.875578,True,False,OTHER
CHCR,CHACHER,UNKNOWN,UNKNOWN,,21.241422,79.354918,True,False,OTHER
DNL,DHANOLI,UNKNOWN,UNKNOWN,,21.32211,80.427591,True,False,OTHER
LLP,Lalitgram,Bihar,ECR,"Lalitgram, Bihar",26.356665,87.012266,True,False,OTHER
NI,NAYDONGRI,UNKNOWN,UNKNOWN,,20.348431,74.836633,True,False,OTHER
HJN,HOWRAH JN. CABIN,UNKNOWN,UNKNOWN,,22.583533,88.342811,True,False,Kolkata
PKE,PIMPAR KHED,UNKNOWN,UNKNOWN,,20.307455,74.756,True,False,OTHER
PJN,PANJHAN,UNKNOWN,UNKNOWN,,20.275504,74.606561,True,False,OTHER
HSL,HISVAHAL,UNKNOWN,UNKNOWN,,20.283239,74.57099,True,False,OTHER
PNV,PANEVADI,UNKNOWN,UNKNOWN,,20.26527,74.494903,True,False,OTHER
MMR,MANMAD JN,UNKNOWN,UNKNOWN,,20.249887,74.438305,True,False,OTHER
TGR3,BLOCK AND CATCH SIDING CABINE NO.3,UNKNOWN,UNKNOWN,,19.674468,73.485951,True,False,OTHER
BDGP,BADANAGUPPE,Karnataka,SWR,"SH 57, Karnataka",11.990316,76.861228,True,False,OTHER
KYN,KALYAN JN,UNKNOWN,UNKNOWN,,19.234716,73.12974,True,False,OTHER
PMR,PITAMBARPUR,UNKNOWN,UNKNOWN,,28.200105,79.538072,True,False,OTHER
BIQ,BANSI PAHARPUR,Rajasthan,NCR,"Rupbas, Rajasthan",26.93277,77.457241,True,False,OTHER
CTTP,CHITRAPUR HALT,Karnataka,KR,"Uttara Kannada, Karnataka",14.036148,74.536566,True,False,OTHER
BMDI,Brahmanwada,Gujarat,WR,"State Highway 7, Gujarat",0.0,0.0,False,False,OTHER
BFD,BORHAT,Assam,NFR,"Nahar Rd, Assam",27.164263,95.277512,True,False,OTHER
BGM,BELGAUM,Karnataka,SWR,"Belgaum, Karnataka",15.849243,74.509564,True,False,OTHER
BGU,BAIRGANIA,Bihar,ECR,"Barahwa Pool Rd, Bihar",26.738282,85.273334,True,False,OTHER
BGRM,Biggabas Ramsara,Rajasthan,NWR,"National Highway 11, Rajasthan",28.047692,74.201547,True,False,Chennai
BEML,BEML Nagar,Karnataka,SWR,"KGF, Karnataka",12.978641,78.241978,True,False,OTHER
BKT,BAKSHI KA TALAB,Uttar Pradesh,NER,"Bakshi Ka Talab, Uttar Pradesh",26.983452,80.922331,True,False,OTHER
BFPA,Bhopatpur,Uttar Pradesh,NER,"Bhopatpur, Uttar Pradesh",28.375464,79.805138,True,False,OTHER
BJP,BIJAPUR,Karnataka,SWR,"Bijapur, Karnataka",16.83106,75.740001,True,False,OTHER
BILA,Bheslana,Rajasthan,NWR,"Jobner to Nawa Rd, Rajasthan",27.065209,75.304187,True,False,OTHER
VJA,VEJANDLA,Andhra Pradesh,SCR,"Guntur, Andhra Pradesh",16.237226,80.519729,True,False,OTHER
SJL,SANGAM JAGARLAMUDI,Andhra Pradesh,SCR,"High School Rd, Andhra Pradesh",16.246589,80.570521,True,False,Hyderabad
BDE,Bodeli,Gujarat,WR,"Vadodara, Gujarat",22.270191,73.71658,True,False,OTHER
GCAB,GCAB,UNKNOWN,UNKNOWN,,21.204608,81.431558,True,False,OTHER
BIA,BHILAI,UNKNOWN,UNKNOWN,,21.202598,81.421724,True,False,OTHER
BPHB,BHILAI POWER HOUSE,UNKNOWN,UNKNOWN,,21.208119,81.375901,True,False,OTHER
BQR,BHILAI NAGAR,UNKNOWN,UNKNOWN,,21.201338,81.334345,True,False,OTHER
BADK,BARKA,Uttar Pradesh,NR,"State Highway 57, Uttar Pradesh",29.072565,77.273302,True,False,OTHER
BDKT,Badakhandita,Orissa,ECoR,"State Highway 12, Orissa",20.365449,86.083836,True,False,OTHER
BELA,Bela,Bihar,ECR,"Gaya, Bihar",24.97843,84.981353,True,False,OTHER
VDE,VEDAYAPALEM,UNKNOWN,UNKNOWN,,14.404478,79.957106,True,False,OTHER
TRL,TIRUVALLUR,UNKNOWN,UNKNOWN,,13.115764,79.913105,True,False,OTHER
BIDR,Bidar,Karnataka,SCR,"Bidar, Karnataka",17.911684,77.513779,True,False,OTHER
WCN,WIMCO NAGAR,UNKNOWN,UNKNOWN,,13.180491,80.305807,True,False,OTHER
KAVM,KATHIVAKKAM,UNKNOWN,UNKNOWN,,13.204344,80.316742,True,False,OTHER
VKT,VENKATACHALAM,UNKNOWN,UNKNOWN,,14.327256,79.92732,True,False,OTHER
BHM,Bahram,Punjab,NR,"Behram, Punjab",31.197575,75.894193,True,False,OTHER
BGPA,Bageshapura,Karnataka,SWR,"Bageshapura, Karnataka",13.143803,76.229355,True,False,OTHER
BHRJ,Becharji,Gujarat,WR,"State Highway 7, Gujarat",23.516602,72.029413,True,False,OTHER
SDM,SURAREDDIPALEM,UNKNOWN,UNKNOWN,,15.407571,80.045682,True,False,OTHER
PRH,POWERPET,UNKNOWN,UNKNOWN,,16.713189,81.106602,True,False,OTHER
VGT,UNGUTURU,UNKNOWN,UNKNOWN,,16.824498,81.42356,True,False,OTHER
BMGM,BRAHMANAGUDEM,UNKNOWN,UNKNOWN,,16.930258,81.675277,True,False,OTHER
KYM,KADIYAN,UNKNOWN,UNKNOWN,,16.914338,81.832674,True,False,OTHER
BBPM,BALABHADRAPURAM,UNKNOWN,UNKNOWN,,16.965801,82.000376,True,False,OTHER
NASP,NARASINGAPALLI,UNKNOWN,UNKNOWN,,17.606751,82.891038,True,False,OTHER
GPT,GOPALAPATNAM,UNKNOWN,UNKNOWN,,17.748818,83.214877,True,False,OTHER
VKD,BAKHRABAD,UNKNOWN,UNKNOWN,,22.118541,87.36345,True,False,OTHER
NYA,NARAYANGARH,UNKNOWN,UNKNOWN,,22.174233,87.380456,True,False,OTHER
BPE,BENAPUR,UNKNOWN,UNKNOWN,,22.271352,87.376241,True,False,OTHER
HIJ,HIJILLI,UNKNOWN,UNKNOWN,,22.319921,87.320169,True,False,OTHER
BKL,BONA KALU,Andhra Pradesh,SCR,"Bonakalu, Andhra Pradesh",17.031591,80.261499,True,False,OTHER
BLO,BHULON,Rajasthan,WCR,"Kota, Rajasthan",24.635909,76.968812,True,False,OTHER
BMHR,BAMANHERI,Uttar Pradesh,NR,"Muzaffarnagar, Uttar Pradesh",29.514762,77.70639,True,False,OTHER
BME,BARMER,Rajasthan,NWR,"Barmer, Rajasthan",25.744522,71.397067,True,False,OTHER
BLC,BOLDA,Maharashtra,SCR,"Parbhani, Maharashtra",19.552032,77.273591,True,False,OTHER
BKWA,BAKAYANWALA,Rajasthan,NR,"Diwan Khera, Rajasthan",30.143292,73.985818,True,False,OTHER
BLDI,BHILDI,Gujarat,WR,"Bhildi, Gujarat",24.194251,72.008187,True,False,OTHER
BJ,BAHJOI,Uttar Pradesh,NR,"Bahjoi, Uttar Pradesh",28.4015,78.631506,True,False,OTHER
ADIJ,AHMEDABAD JN,UNKNOWN,UNKNOWN,,23.025715,72.601716,True,False,OTHER
BMSR,Bhimasar,Gujarat,WR,"Kutch, Gujarat",23.533661,70.886919,True,False,Chennai
BLWR,BILESHWAR,Gujarat,WR,"Rajkot, Gujarat",22.382129,70.830427,True,False,OTHER
BKDE,BUDHAKHERA,Haryana,NR,"SH 14, Haryana",29.378719,76.557193,True,False,OTHER
HCAB,BMY H CABIN,UNKNOWN,UNKNOWN,,21.220991,81.464891,True,False,OTHER
KOK,KORUKKUPET JN,UNKNOWN,UNKNOWN,,13.12049,80.278377,True,False,OTHER
BHY,BHAYAVADAR,Gujarat,WR,"Sahid Kharachia, Gujarat",21.847837,70.236145,True,False,OTHER
BL,VALSAD,Gujarat,WR,"Valsad, Gujarat",20.608559,72.933529,True,False,OTHER
TNP,TONDIARPETTAI,UNKNOWN,UNKNOWN,,13.12624,80.280921,True,False,OTHER
BNSP,BANSAPAHAR,Uttar Pradesh,WCR,"Uttar Pradesh, Uttar Pradesh",25.055505,81.050022,True,False,OTHER
ULB,ULUBARIA,UNKNOWN,UNKNOWN,,22.472428,88.093209,True,False,OTHER
BLP,Balrampur,Uttar Pradesh,NER,"Balrampur, Uttar Pradesh",27.415821,82.16067,True,False,OTHER
VOC,V.O.C. NAGAR,UNKNOWN,UNKNOWN,,13.140302,80.287457,True,False,OTHER
CTRE,CHITTERI,UNKNOWN,UNKNOWN,,13.068172,79.597909,True,False,OTHER
TUG,THALANGAI,UNKNOWN,UNKNOWN,,13.003678,79.426128,True,False,OTHER
APH,ANUPGARH,Rajasthan,NWR,"Sri Ganganagar, Rajasthan",29.196898,73.204564,True,False,OTHER
WJR,WALAJAH ROAD JN,UNKNOWN,UNKNOWN,,12.970676,79.360511,True,False,OTHER
BJMR,BAIJNATH MANDIR,Himachal Pradesh,NR,"Baijnath, Himachal Pradesh",32.052626,76.651529,True,False,OTHER
MCN,MUKUNDARAYAPURM,UNKNOWN,UNKNOWN,,12.977678,79.289067,True,False,OTHER
TVT,TIRUVOTTIYUR,UNKNOWN,UNKNOWN,,13.160025,80.296454,True,False,OTHER
BOTR,Bhavdhari,Haryana,NWR,"Bhiwani, Haryana",0.0,0.0,False,False,OTHER
BOX,Bhojasar,Rajasthan,NWR,"State Highway 8, Rajasthan",0.0,0.0,False,False,OTHER
BMR,BIKRAMPUR,Madhya Pradesh,WCR,"Balaghat, Madhya Pradesh",23.082226,79.586316,True,False,OTHER
BPAH,Benipur Halt,Bihar,ECR,"Darbhanga, Bihar",0.0,0.0,False,False,OTHER
BKH,BANKHEDI,Madhya Pradesh,WCR,"Bankheri, Madhya Pradesh",22.774882,78.537997,True,False,OTHER
AKRA,Akra,West Bengal,ER,"Kolkata, West Bengal",22.514668,88.249021,True,False,Kolkata
BPF,BANAPURA,Madhya Pradesh,WCR,"Seoni Malwa, Madhya Pradesh",22.470358,77.480732,True,False,OTHER
BLKR,BALLEKERE HALT,Karnataka,SWR,"National Highway 206, Karnataka",13.502322,76.023514,True,False,OTHER
SUCH,SUCHINDRAM,Tamil Nadu,SR,"Suchindram, Tamil Nadu",8.149479,77.466792,True,False,OTHER
BJWS,Bojawas,Haryana,NWR,"State Highway 24, Haryana",28.312786,76.252868,True,False,OTHER
BLGA,Belagula,Karnataka,SWR,"Belagula, Karnataka",12.385699,76.588703,True,False,OTHER
BLLI,BALLI,Goa,KR,"Bali, Goa",15.151726,74.020976,True,False,OTHER
BJMD,Bara Jamda,Jharkhand,SER,"Kiriburu, Jharkhand",22.166533,85.412392,True,False,OTHER
BMP,Bramhapuri,Maharashtra,SECR,"Brahmapuri, Maharashtra",20.603943,79.867537,True,False,OTHER
BIC,Bichia,Uttar Pradesh,NER,"Bichia, Uttar Pradesh",28.18307,81.272081,True,False,OTHER
BILK,Bilkha,Gujarat,WR,"Bilkha, Gujarat",21.443078,70.600402,True,False,OTHER
BMPR,Badampahar,Orissa,SER,"National Highway 6, Orissa",22.264023,86.180818,True,False,OTHER
BMGR,Bamangram,West Bengal,NFR,"Hemtabad, West Bengal",25.62214,88.191283,True,False,OTHER
BPN,Banpur,West Bengal,ER,"Banpur-Majhdia Rd, West Bengal",23.451869,88.761855,True,False,OTHER
BMLL,Bamla,Haryana,NWR,"State Highway 16A, Haryana",28.832464,76.244079,True,False,OTHER
BMW,Bamhni,Maharashtra,SECR,"Nagpur, Maharashtra",20.922361,79.364152,True,False,OTHER
KOTR,KORATTUR,UNKNOWN,UNKNOWN,,13.113345,80.184062,True,False,OTHER
PCW,PERAMBUR CARRIAGE WORKS,UNKNOWN,UNKNOWN,,13.10724,80.238659,True,False,Chennai
VLK,VILLIVAKKAM,UNKNOWN,UNKNOWN,,13.110062,80.209621,True,False,OTHER
BNHL,Bellenahalli,Karnataka,SWR,"Chitradurga, Karnataka",14.243859,76.554391,True,False,OTHER
PVM,PATTARAVKKAM,UNKNOWN,UNKNOWN,,13.114872,80.166656,True,False,OTHER
ABU,AMBATTUR,UNKNOWN,UNKNOWN,,13.114306,80.152525,True,False,OTHER
ANNR,ANNANUR,UNKNOWN,UNKNOWN,,13.116018,80.126743,True,False,OTHER
KMSI,Kumsi,UNKNOWN,UNKNOWN,,14.051954,75.402042,True,False,Chennai
AVD,AVADI,UNKNOWN,UNKNOWN,,13.118247,80.100518,True,False,OTHER
HC,HINDU COLLEGE,UNKNOWN,UNKNOWN,,13.118538,80.074903,True,False,OTHER
PAB,PATTABIRAM,UNKNOWN,UNKNOWN,,13.11926,80.065424,True,False,OTHER
NEC,NEMILICHERRY HALT,UNKNOWN,UNKNOWN,,13.121643,80.045378,True,False,OTHER
SVR,SEVVAPET ROAD,UNKNOWN,UNKNOWN,,13.124997,79.966688,True,False,OTHER
PTLR,PUTLUR HALT,UNKNOWN,UNKNOWN,,13.122922,79.9371,True,False,OTHER
EGT,EGATTUR HALT,UNKNOWN,UNKNOWN,,13.106198,79.88406,True,False,OTHER
BJE,Bhojudih Junction,Jharkhand,SER,"Jairampur More to Baliapur, Jharkhand",23.642175,86.446999,True,False,OTHER
MAF,MANUR,UNKNOWN,UNKNOWN,,13.096025,79.801508,True,False,OTHER
MSU,MOSUR,UNKNOWN,UNKNOWN,,13.085735,79.718841,True,False,Chennai
MLPM,MELPAKKAM,UNKNOWN,UNKNOWN,,13.080671,79.659245,True,False,OTHER
MRLM,MARUDALAM,UNKNOWN,UNKNOWN,,12.99726,79.399298,True,False,OTHER
BPZ,BAZPUR,Uttarakhand,NER,"Bazpur, Uttarakhand",29.1579,79.146383,True,False,OTHER
BRY,BAREILLY,Uttar Pradesh,NER,"Bareilly, Uttar Pradesh",28.337284,79.410974,True,False,OTHER
BQZ,BALLALPUR,West Bengal,ER,"Farakka, West Bengal",24.747459,87.912243,True,False,OTHER
BNN,BARNALA,Punjab,NR,"Barnala, Punjab",30.370397,75.549247,True,False,OTHER
BNJL,BINJHOL HALT,Haryana,NR,"Panipat, Haryana",29.344605,76.923781,True,False,OTHER
KAV,KALAMNA,UNKNOWN,UNKNOWN,,21.168195,79.140955,True,False,OTHER
BNH,BHIMNATH,Gujarat,WR,"Bhimnath, Gujarat",22.245963,71.92503,True,False,OTHER
BNVD,BHANVAD,Gujarat,WR,"Bhanvad, Gujarat",21.933044,69.798858,True,False,OTHER
BRGM,Baraigram Junction,Assam,NFR,"National Highway 44, Assam",24.684059,92.344106,True,False,OTHER
BSPR,BISHRAMPUR,Chhattisgarh,SECR,"District Sarguja, Chhattisgarh",23.179178,82.98289,True,False,OTHER
BRH,BAIKUNTHPUR RD,Chhattisgarh,SECR,"NH 78, Chhattisgarh",23.317286,82.529884,True,False,OTHER
SAL,SALWA,UNKNOWN,UNKNOWN,,21.236542,79.292976,True,False,OTHER
BTKL,Bhatkal,Karnataka,KR,"Bhatkal, Karnataka",13.987012,74.567302,True,False,OTHER
TAR,THARSA,UNKNOWN,UNKNOWN,,21.256602,79.41467,True,False,OTHER
TMR,TUMSAR ROAD,UNKNOWN,UNKNOWN,,21.342437,79.751419,True,False,Chennai
GJ,GANGAJHARI,UNKNOWN,UNKNOWN,,21.443153,80.058885,True,False,OTHER
BNSR,BHAGWANSAR,Rajasthan,NWR,"Bhagwan Sar, Rajasthan",29.343806,73.859791,True,False,OTHER
PJB,PANIAJOB,UNKNOWN,UNKNOWN,,21.183732,80.693768,True,False,OTHER
THL,TIRUVALAM,UNKNOWN,UNKNOWN,,12.974779,79.245745,True,False,OTHER
BQH,Bhanohad Punjab,Punjab,NR,"Bhanohad, Punjab",30.851738,75.709706,True,False,OTHER
SVUR,SEVUR,UNKNOWN,UNKNOWN,,12.971785,79.189821,True,False,OTHER
KPD,KATPADI JN,UNKNOWN,UNKNOWN,,12.972734,79.135341,True,False,OTHER
BPRA,BARIPURA,Uttar Pradesh,NCR,"National Highway 86, Uttar Pradesh",25.340728,79.943488,True,False,OTHER
PCKM,PACHACHAKUPAM,UNKNOWN,UNKNOWN,,12.822656,78.757365,True,False,OTHER
BRPM,Baripur Mandala,Gujarat,WR,"Mandala, Gujarat",0.0,0.0,False,False,OTHER
BRTL,Bharthali,Gujarat,WR,"National Highway 8, Gujarat",0.0,0.0,False,False,OTHER
DGG,DONGARGARH,UNKNOWN,UNKNOWN,,21.185492,80.759857,True,False,OTHER
BPO,Baripada,Orissa,SER,"Baripada, Orissa",21.922741,86.73709,True,False,OTHER
BO,Borsad,Gujarat,WR,"Borsad, Gujarat",22.401548,72.909158,True,False,OTHER
JTR,JATKANHAR,UNKNOWN,UNKNOWN,,21.1798,80.821965,True,False,OTHER
BS,Banisar,Rajasthan,NWR,"Benisar, Rajasthan",28.067563,73.895488,True,False,OTHER
ATH,ANTAH,Rajasthan,WCR,"Antah, Rajasthan",25.161177,76.307268,True,False,OTHER
BON,BHONRA,Rajasthan,WCR,"Kota, Rajasthan",25.171061,76.197674,True,False,OTHER
BOV,Bhatgaon,Chhattisgarh,SECR,"Bhatgaon, Chhattisgarh",21.171626,81.712724,True,False,OTHER
MUA,MUSRA,UNKNOWN,UNKNOWN,,21.152966,80.879372,True,False,OTHER
BNCE,BANGALORE EAST,Karnataka,SWR,"Bengaluru, Karnataka",13.00148,77.61847,True,False,Bangalore
KNDV,KNDV,UNKNOWN,UNKNOWN,,0.0,0.0,False,False,OTHER
BRP,Baruipur Junction,West Bengal,ER,"Baruipur, West Bengal",22.366658,88.431647,True,False,OTHER
AAH,ITEHAR,Madhya Pradesh,NCR,"State Highway 19, Madhya Pradesh",26.562635,78.683783,True,False,OTHER
RYT,RAYAT PURA,Madhya Pradesh,NCR,"National Highway 92, Madhya Pradesh",26.456937,78.381881,True,False,OTHER
BBY,BHADROLI,Madhya Pradesh,NCR,"Gwalior, Madhya Pradesh",26.30595,78.181356,True,False,OTHER
BAKL,BAKAL,UNKNOWN,UNKNOWN,,21.123637,80.940946,True,False,OTHER
BTKB,Bathna Krittibas Halt,West Bengal,ER,"Bathna Krittibas, West Bengal",23.236314,88.482669,True,False,OTHER
GD,GONDA JN,UNKNOWN,UNKNOWN,,27.154613,81.978152,True,False,OTHER
AKZ,Akashi,Jharkhand,SER,"Ranchi, Jharkhand",23.385124,84.887786,True,False,OTHER
BR,BANDH BARETA,Rajasthan,NCR,"Dumariya, Rajasthan",26.910367,77.364108,True,False,OTHER
DAN,DHANETA,UNKNOWN,UNKNOWN,,28.512294,79.264748,True,False,OTHER
CKYD,CHAKRA ROAD,Uttar Pradesh,NER,"Chakara Road Halt, Uttar Pradesh",26.001213,83.672178,True,False,OTHER
MUP,MURHIPAR,UNKNOWN,UNKNOWN,,21.183141,81.148154,True,False,OTHER
BOKE,BHOKE,Maharashtra,KR,"Maharashtra, Maharashtra",17.049055,73.381062,True,False,OTHER
RSM,RASMARA,UNKNOWN,UNKNOWN,,21.204118,81.2164,True,False,OTHER
PHQ,PARDHANDE,UNKNOWN,UNKNOWN,,20.729295,75.376941,True,False,OTHER
PC,PACHORA JN,UNKNOWN,UNKNOWN,,20.668385,75.34831,True,False,OTHER
BSKH,Basukinath,Jharkhand,ER,"Basukinath, Jharkhand",24.388941,87.045099,True,False,OTHER
BSKN,Bhesana Manknaj,Gujarat,WR,"State Highway 41, Gujarat",23.498757,72.331209,True,False,OTHER
GAA,GALAN,UNKNOWN,UNKNOWN,,20.6096,75.277,True,False,OTHER
NGD,NAGARDEVLA,UNKNOWN,UNKNOWN,,20.603002,75.198106,True,False,OTHER
AV,ASVALI,UNKNOWN,UNKNOWN,,19.817371,73.751085,True,False,OTHER
PI,PADLI,UNKNOWN,UNKNOWN,,19.783928,73.665733,True,False,Delhi
GO,GHOTI,UNKNOWN,UNKNOWN,,19.722911,73.635944,True,False,OTHER
IGP,IGATPURI,UNKNOWN,UNKNOWN,,19.694053,73.562379,True,False,OTHER
SHAD,SHAHAD,UNKNOWN,UNKNOWN,,19.244702,73.158611,True,False,OTHER
ASE,ASAUDAH,Haryana,NR,"Delhi-Rohtak Corridor, Haryana",28.736538,76.858773,True,False,Delhi
ABO,ASTHAL BOHAR,Haryana,NR,"Rohtak, Haryana",28.857765,76.629155,True,False,OTHER
KZH,KILA ZAFARGARH,Haryana,NR,"NH 71, Haryana",29.080581,76.428953,True,False,OTHER
BNQL,BHANKALA HALT,Uttar Pradesh,NR,"State Highway 57, Uttar Pradesh",29.845591,77.474349,True,False,OTHER
BQA,BANKURA,West Bengal,SER,"Bankura, West Bengal",23.224387,87.074688,True,False,OTHER
BRLI,Barauli,Uttar Pradesh,NCR,"National Highway 11B, Uttar Pradesh",26.552056,77.424988,True,False,OTHER
BPRH,Balpur Halt,Chhattisgarh,SECR,"Umreli, Chhattisgarh",22.115136,82.694138,True,False,OTHER
BNKI,Banmankhi Junction,Bihar,ECR,"Purnia, Bihar",25.885092,87.193664,True,False,OTHER
AIP,ATTIPPATTU,UNKNOWN,UNKNOWN,,13.261163,80.288946,True,False,OTHER
MJR,MINJUR,UNKNOWN,UNKNOWN,,13.281979,80.260192,True,False,OTHER
BRJ,Brace Bridge,West Bengal,ER,"Kolkata, West Bengal",22.517861,88.301496,True,False,Kolkata
BZGT,Bazurghat,Assam,NFR,"Bazurghat, Assam",24.607593,92.383418,True,False,OTHER
ALGP,Algapur,Assam,UNKNOWN,"Hailakandi, Assam",24.754753,92.595918,True,False,OTHER
TAN,TARANA ROAD,UNKNOWN,UNKNOWN,,23.264582,76.067017,True,False,OTHER
DWO,DOIWALA,Uttarakhand,NR,"Dehradun, Uttarakhand",30.175451,78.12218,True,False,OTHER
BRSQ,BRAR SQUARE,Delhi NCT,NR,"Delhi Cantonment, Delhi NCT",28.613526,77.14079,True,False,Delhi
KAT,KHATAULI,Uttar Pradesh,NR,"Khatauli, Uttar Pradesh",29.273712,77.736988,True,False,OTHER
BUB,Bissau,Rajasthan,NWR,"Bissau, Rajasthan",28.240101,75.061208,True,False,OTHER
PQY,PABLI KHAS,Uttar Pradesh,NR,"Meerut, Uttar Pradesh",29.05601,77.698335,True,False,OTHER
GUH,GULDHAR,Uttar Pradesh,NR,"Ghaziabad, Uttar Pradesh",28.703752,77.455792,True,False,OTHER
BRRD,BORDI ROAD,Gujarat,WR,"Bordi, Gujarat",20.122424,72.766138,True,False,OTHER
BRU,BHAIROGANJ,Bihar,ECR,"Bhairoganj, Bihar",27.151418,84.242397,True,False,OTHER
BTH,BETTIAH,Bihar,ECR,"Bettiah, Bihar",26.805885,84.522956,True,False,OTHER
MKU,MALKAPUR,UNKNOWN,UNKNOWN,,20.891974,76.202946,True,False,OTHER
BSDL,BHARSENDI,Madhya Pradesh,WCR,"Sidhi, Madhya Pradesh",24.036488,82.06039,True,False,OTHER
BSC,Bulandshahr,Uttar Pradesh,NR,"Bulandshahr, Uttar Pradesh",28.391919,77.848242,True,False,Hyderabad
BTPG,Betheria Ghola,West Bengal,ER,"Betheria Ghola, West Bengal",22.350122,88.573321,True,False,OTHER
BTPD,Bethampurdi,Andhra Pradesh,SCR,"Kothagudem To Bhadrachalam Rd, Andhra Pradesh",17.543986,80.573657,True,False,OTHER
BTG,BASHARATGANJ,Uttar Pradesh,NR,"Bareilly, Uttar Pradesh",28.288009,79.285196,True,False,OTHER
BTIC,BHATINDA CANTT,Punjab,NR,"State Highway 17, Punjab",30.19088,74.954044,True,False,OTHER
ALL,ALAL,Punjab,NR,"Mullowal, Punjab",30.377725,75.72075,True,False,OTHER
WADO,WADODA,UNKNOWN,UNKNOWN,,20.888545,76.279847,True,False,OTHER
KJL,KHUMGAON BURTI,UNKNOWN,UNKNOWN,,20.866943,76.401107,True,False,OTHER
NN,NANDURA,UNKNOWN,UNKNOWN,,20.838889,76.460158,True,False,OTHER
BTD,BOTAD JN,Gujarat,WR,"Botad, Gujarat",22.182871,71.665597,True,False,OTHER
BU,BASWA,Haryana,NWR,"Alwar, Haryana",27.149686,76.575644,True,False,OTHER
AK,AKOLA JN,UNKNOWN,UNKNOWN,,20.723084,77.005497,True,False,OTHER
DKS,DAREKASA,UNKNOWN,UNKNOWN,,21.271299,80.580751,True,False,OTHER
BUGL,Buglanwali,Rajasthan,NWR,"Hanumangarh, Rajasthan",29.791751,74.238973,True,False,OTHER
BSX,BASAR,Andhra Pradesh,SCR,"Basara, Andhra Pradesh",18.86512,77.938506,True,False,OTHER
BWZ,Baddowal,Punjab,NR,"Baddowa, Punjab",30.862117,75.742678,True,False,OTHER
BSQ,BARSI TAKLI,Maharashtra,SCR,"Dist. Akola, Maharashtra",20.576054,77.060902,True,False,OTHER
PARH,PARAKHEDA,Madhya Pradesh,WCR,"Shivpuri, Madhya Pradesh",25.705583,77.642772,True,False,OTHER
BLNR,BIRLANAGAR,UNKNOWN,UNKNOWN,,26.237555,78.195311,True,False,OTHER
BUQ,Bargi,Madhya Pradesh,SECR,"Bargi Nagar - Ghansore Rd, Madhya Pradesh",22.995933,79.875125,True,False,OTHER
SIKD,SIKRODA KWANRI,UNKNOWN,UNKNOWN,,26.569564,77.962853,True,False,OTHER
BSJ,Bhupalsagar,Rajasthan,NWR,"Rajsamand, Rajasthan",24.847762,74.211613,True,False,OTHER
BRPK,Bisharpara Kodaliya,West Bengal,ER,"Kolkata, West Bengal",22.676284,88.434731,True,False,Kolkata
TY,TULUKAPATI,Tamil Nadu,SR,"National Highway 7, Tamil Nadu",9.467439,77.936903,True,False,OTHER
BYSA,Basulyasutahata,West Bengal,SER,"Haldia, West Bengal",22.120301,88.130563,True,False,OTHER
BRG,BARGARH,Uttar Pradesh,NCR,"Kaushambi, Uttar Pradesh",25.16427,81.450058,True,False,OTHER
KSRA,KASARA,UNKNOWN,UNKNOWN,,19.647159,73.472003,True,False,OTHER
OMB,OOMBERMALI,UNKNOWN,UNKNOWN,,19.628026,73.422651,True,False,OTHER
MH,Marahra,UNKNOWN,CR,,25.100178,85.446664,True,False,OTHER
KE,KHARDI,UNKNOWN,UNKNOWN,,19.579952,73.393442,True,False,OTHER
THS,THANSIT,UNKNOWN,UNKNOWN,,19.549981,73.351813,True,False,OTHER
BSGR,Bhagsar,Punjab,NR,"Ramgarh Chungha, Punjab",30.452385,74.401977,True,False,OTHER
ATG,ATGAON,UNKNOWN,UNKNOWN,,19.503181,73.327691,True,False,OTHER
ASO,ASANGAON,UNKNOWN,UNKNOWN,,19.439278,73.307859,True,False,OTHER
VSD,VASIND,UNKNOWN,UNKNOWN,,19.406422,73.267689,True,False,OTHER
KDV,KHADAVLI,UNKNOWN,UNKNOWN,,19.356219,73.21871,True,False,OTHER
ABY,AMBIVLI,UNKNOWN,UNKNOWN,,19.267587,73.17171,True,False,OTHER
DIVA,DIVA,UNKNOWN,UNKNOWN,,19.188394,73.041905,True,False,OTHER
SNRD,MUMBAI SANDHURST ROAD,Maharashtra,CR,"Mumbai, Maharashtra",18.962311,72.839733,True,False,Mumbai
BXB,Banga,Punjab,NR,"Nawan Shahar, Punjab",31.177139,75.999562,True,False,OTHER
TNA,THANE,UNKNOWN,UNKNOWN,,19.185757,72.975417,True,False,OTHER
BVW,Bahminiwala,Punjab,NR,"State Highway 20, Punjab",30.54894,74.193132,True,False,OTHER
MLND,MULUND,UNKNOWN,UNKNOWN,,19.172355,72.956933,True,False,OTHER
KUF,KAURHA,UNKNOWN,UNKNOWN,,27.462683,80.102675,True,False,OTHER
KAR,KARNA,UNKNOWN,UNKNOWN,,27.32161,80.196235,True,False,OTHER
NHU,NAHUR,UNKNOWN,UNKNOWN,,19.154646,72.946683,True,False,OTHER
BTQ,Betnoti,Orissa,SER,"Betnoti, Orissa",21.74134,86.843519,True,False,OTHER
BSN,BANASANDRA,Karnataka,SWR,"SH19, Karnataka",13.265332,76.659317,True,False,OTHER
MOI,MORI BERA,Rajasthan,NWR,"Nana, Rajasthan",25.035575,73.136306,True,False,OTHER
BRLY,BIROLIYA,Rajasthan,NWR,"Biroliya Rd, Rajasthan",25.170546,73.192517,True,False,OTHER
RT,ROHAT,Rajasthan,NWR,"SH 64, Rajasthan",25.921476,73.095319,True,False,OTHER
BSRX,BAGEVADI RD,Karnataka,SWR,"Bagevadi, Karnataka",16.479869,75.828148,True,False,OTHER
AIPP,ATTIPPATTU PUDU NAGAR,UNKNOWN,UNKNOWN,,13.249326,80.299606,True,False,OTHER
BZG,Bilga,Punjab,NR,"Bilga, Punjab",31.058267,75.666841,True,False,OTHER
LMC,LAKHAMANCHI,Gujarat,WR,"State Highway 113, Gujarat",22.571812,71.148414,True,False,OTHER
BDME,Baidyanathdham Deoghar,Jharkhand,ER,"Deoghar, Jharkhand",24.489262,86.69207,True,False,OTHER
BTW,BARSI TOWN,Maharashtra,CR,"Barshi, Maharashtra",18.240993,75.718169,True,False,OTHER
BWW,Barwaha,Madhya Pradesh,WR,"Barwah, Madhya Pradesh",22.255446,76.030262,True,False,OTHER
JWLS,JAWAN WALA SHEHAR,Himachal Pradesh,NR,"Jawan Wala Shehar, Himachal Pradesh",32.14165,76.003772,True,False,OTHER
KIM,KIM,UNKNOWN,UNKNOWN,,21.399697,72.926702,True,False,OTHER
CDLD,Chandlodiya,Gujarat,WR,"Ahmadabad, Gujarat",0.0,0.0,False,False,OTHER
CDMA,Chandeshwarsthan,Bihar,ECR,"Chandeshwarsthan, Bihar",0.0,0.0,False,False,OTHER
SER,SAMAYANALLUR,UNKNOWN,UNKNOWN,,9.981546,78.035087,True,False,OTHER
CDD,Chandod,Gujarat,WR,"State Highway 160, Gujarat",21.991957,73.452182,True,False,OTHER
DPH,DADHAPARA,UNKNOWN,UNKNOWN,,22.028156,82.123182,True,False,OTHER
JRMG,JAIRAMNAGAR,UNKNOWN,UNKNOWN,,22.034344,82.296511,True,False,OTHER
UGN,UGAON,UNKNOWN,UNKNOWN,,20.122592,74.136829,True,False,OTHER
BXT,Bamanhat,West Bengal,NFR,"Kurigram Nageshwari Rd, West Bengal",26.076284,89.627978,True,False,OTHER
BXK,BANDARKHAL,Assam,NFR,"Diakkawn Rd, Assam",25.069785,92.800717,True,False,OTHER
BWX,BAHMAN DIWANA,Punjab,NR,"Behman Diwana, Punjab",30.225526,74.849153,True,False,OTHER
BYHA,BARYA RAM,Uttar Pradesh,NR,"THAKUR Rd, Uttar Pradesh",25.566931,82.226592,True,False,OTHER
CRK,CHARKHERA,Madhya Pradesh,WCR,"Harda, Madhya Pradesh",22.367273,77.171177,True,False,OTHER
BUTA,BHADUTALA,West Bengal,SER,"Lalgarh-Medinipur Road, West Bengal",22.485657,87.3208,True,False,OTHER
CDGR,CHANDRAKONA RD,West Bengal,SER,"Chandrakona Rd, West Bengal",22.739076,87.340588,True,False,OTHER
BZO,BARSOLA,Haryana,NR,"District Jind, Haryana",29.394379,76.231711,True,False,OTHER
DG,DINDIGUL JN,UNKNOWN,UNKNOWN,,10.35381,77.985472,True,False,OTHER
VO,VELLODU,UNKNOWN,UNKNOWN,,10.317776,77.951415,True,False,OTHER
ABI,AMBATURAI,UNKNOWN,UNKNOWN,,10.272226,77.924468,True,False,OTHER
KQN,KODAIKANAL ROAD,UNKNOWN,UNKNOWN,,10.179613,77.909593,True,False,OTHER
VDP,VADIPPATTI,UNKNOWN,UNKNOWN,,10.086114,77.945674,True,False,OTHER
CDQ,CHADOTAR,Gujarat,WR,"National Highway 14, Gujarat",24.183947,72.372511,True,False,OTHER
BWL,BAWAL,Haryana,NWR,"Bawal, Haryana",28.070281,76.572402,True,False,OTHER
BVRT,BHIMAVARAM TOWN,Andhra Pradesh,SCR,"Bhimavaram, Andhra Pradesh",16.547348,81.516853,True,False,OTHER
BQN,BAGRI NAGAR,Rajasthan,NWR,"Marwar, Rajasthan",25.895725,73.787801,True,False,OTHER
KYR,KARUPPATTI,UNKNOWN,UNKNOWN,,10.044465,77.948393,True,False,OTHER
SDN,SHOLAVANDAN,UNKNOWN,UNKNOWN,,10.02227,77.965082,True,False,OTHER
CIO,Chikhli Road,Gujarat,WR,"SH 179, Gujarat",0.0,0.0,False,False,OTHER
BUG,BAGAHA,Bihar,ECR,"Bagaha, Bihar",27.130045,84.066991,True,False,OTHER
CAI,CHANPATIA,Bihar,ECR,"Sikta-Mainatad Rd, Bihar",26.94163,84.530639,True,False,OTHER
CAA,CHAKIA,Bihar,ECR,"Chakia, Bihar",26.417182,85.04636,True,False,OTHER
CKNA,Chikna,UNKNOWN,ECR,,0.0,0.0,False,False,OTHER
BXM,BELRAYAN,Uttar Pradesh,NER,"Tikapur, Uttar Pradesh",28.379381,80.915268,True,False,OTHER
BVQ,BHILAVDI,Maharashtra,CR,"Sangli, Maharashtra",17.008048,74.516781,True,False,OTHER
ANR,ANARA,West Bengal,SER,"Purulia, West Bengal",23.481082,86.559763,True,False,OTHER
BWPL,Balwant Pura Chelasi,Rajasthan,NWR,"Jhunjhunu, Rajasthan",27.910471,75.443287,True,False,OTHER
CATD,Chataud,UNKNOWN,SECR,,21.015051,81.73716,True,False,OTHER
CID,Chiraidongri,Madhya Pradesh,SECR,"Chiraidongri, Madhya Pradesh",22.411418,80.287402,True,False,OTHER
KGFR,KATHGHAR RIGHT BANK,UNKNOWN,UNKNOWN,,28.832108,78.808227,True,False,OTHER
KGFE,KATHGHAR EAST,UNKNOWN,UNKNOWN,,28.832685,78.8095,True,False,OTHER
BHGJ,Bihariganj,Bihar,ECR,"Kishanganj, Bihar",25.732599,86.992655,True,False,OTHER
HTGR,HATHIGADH,Gujarat,WR,"SH 115, Gujarat",21.6201,71.444628,True,False,OTHER
CHBN,Chandkhira Bagn,Assam,NFR,"National Highway 44, Assam",24.515852,92.287381,True,False,OTHER
YY-MMRX,YY-MMRX,UNKNOWN,UNKNOWN,,0.0,0.0,False,True,OTHER
MKY,MEKKUDI,Tamil Nadu,SR,"Nagappattinam - Trichy - Karur- Coimbatore - Mettupalayam - Ooty - Gundlupet Road(Vandikara Street), Tamil Nadu",10.87109,78.628737,True,False,OTHER
MIL,MILAK,UNKNOWN,UNKNOWN,,28.612475,79.164117,True,False,OTHER
NRS,NAGARIA SADAT,UNKNOWN,UNKNOWN,,28.550179,79.205555,True,False,OTHER
BXC,Barwala,Haryana,NR,"Barwala, Haryana",29.367534,75.887031,True,False,OTHER
BLM,BALAMU JN,UNKNOWN,UNKNOWN,,27.167363,80.352497,True,False,OTHER
UTA,UMAR TALI,UNKNOWN,UNKNOWN,,27.086986,80.473465,True,False,OTHER
CBG,Charbhuja Road,Rajasthan,NWR,"Amet, Rajasthan",25.352228,73.946241,True,False,OTHER
HNA,HONNAVAR,Karnataka,KR,"Honavar, Karnataka",14.316931,74.433196,True,False,OTHER
SEN,SENAPURA,Karnataka,KR,"Udupi, Karnataka",13.71768,74.684012,True,False,OTHER
CGX,Chargola,Assam,NFR,"National Highway 44, Assam",24.845884,92.416794,True,False,OTHER
TMP,TAMARAIPADI,UNKNOWN,UNKNOWN,,10.402342,78.044592,True,False,OTHER
VDM,VADAMADURA,UNKNOWN,UNKNOWN,,10.436336,78.10216,True,False,OTHER
AYR,AYYALUR,UNKNOWN,UNKNOWN,,10.483391,78.157049,True,False,OTHER
KFC,KALPATTICHATRAM,UNKNOWN,UNKNOWN,,10.518066,78.234368,True,False,OTHER
VPJ,VALYAMPATTI,UNKNOWN,UNKNOWN,,10.544055,78.309814,True,False,OTHER
CII,CHETTIYAPATTI,UNKNOWN,UNKNOWN,,10.575645,78.366232,True,False,OTHER
BYR,BHAYANDAR,Maharashtra,WR,"Thane, Maharashtra",19.311766,72.853039,True,False,OTHER
BHU,BHANDU MOTIDAU,Gujarat,WR,"Mahesana, Gujarat",23.709061,72.389339,True,False,OTHER
CG,Canning,West Bengal,ER,"Canning, West Bengal",22.313264,88.667458,True,False,OTHER
CGLA,Changotola,UNKNOWN,UNKNOWN,,22.229946,80.118789,True,False,OTHER
CHKB,CHAKKI BANK,Punjab,NR,"Pathankot, Punjab",32.259653,75.636651,True,False,OTHER
JAR,Junair Halt,UNKNOWN,UNKNOWN,,25.273607,85.250696,True,False,OTHER
CH,CHANDAUSI JN,Uttar Pradesh,NR,"Chandausi, Uttar Pradesh",28.458626,78.780268,True,False,OTHER
BSLX,BSLX,UNKNOWN,UNKNOWN,,0.0,0.0,False,False,OTHER
DGI,DUNGRI,Gujarat,WR,"NH 8, Gujarat",20.687336,72.949119,True,False,OTHER
BIS,BISWA BRIDGE,UNKNOWN,UNKNOWN,,20.885157,76.339193,True,False,OTHER
YAD,YEULKHED,UNKNOWN,UNKNOWN,,20.724559,77.07497,True,False,OTHER
KKT,Kath Kuiyan,UNKNOWN,UNKNOWN,,26.856802,84.047871,True,False,OTHER
BGN,BORGAON,UNKNOWN,UNKNOWN,,20.729059,77.17965,True,False,OTHER
DDY,DUDWINDI,Punjab,NR,"Kapurthala, Punjab",31.237553,75.258143,True,False,OTHER
KTP,KATEPURNA,UNKNOWN,UNKNOWN,,20.723777,77.259381,True,False,OTHER
SUM,SUMMIT,UNKNOWN,UNKNOWN,,20.211751,74.34313,True,False,OTHER
LS,LASALGAON,UNKNOWN,UNKNOWN,,20.154848,74.225976,True,False,OTHER
DDN,DEHRADUN,Uttarakhand,NR,"Dehradun, Uttarakhand",30.314038,78.033601,True,False,OTHER
MZR,MURTAJAPUR,UNKNOWN,UNKNOWN,,20.736468,77.354825,True,False,OTHER
CDSL,CHANDRESAL,Rajasthan,WCR,"Kota, Rajasthan",25.212948,75.943986,True,False,OTHER
CDG,CHANDIGARH,Chandigarh,NR,"Darua, Chandigarh",30.701977,76.82208,True,False,OTHER
MANA,MANA,UNKNOWN,UNKNOWN,,20.761491,77.469063,True,False,OTHER
MNDA,MANDURA,UNKNOWN,UNKNOWN,,20.78015,77.522584,True,False,OTHER
CPJ,KAPTANGANJ JN,Uttar Pradesh,NER,"Captainganj, Uttar Pradesh",26.926388,83.699907,True,False,OTHER
AWS,ASWANI HALT,Bihar,ECR,"Bagaha, Bihar",27.15958,84.051843,True,False,OTHER
KUM,KURAM,UNKNOWN,UNKNOWN,,20.808396,77.58733,True,False,OTHER
TKI,TAKLI,UNKNOWN,UNKNOWN,,20.833253,77.65695,True,False,OTHER
KKJ,KAKORI,UNKNOWN,UNKNOWN,,26.885454,80.79835,True,False,OTHER
LNWT,LUCKNOW WEST (ALH),UNKNOWN,UNKNOWN,,26.829443,80.909614,True,False,OTHER
DES,DESARI,Bihar,ECR,"Vaishali, Bihar",25.668359,85.408766,True,False,OTHER
NR,NIPHAD,UNKNOWN,UNKNOWN,,20.096584,74.079481,True,False,OTHER
BD,BADNERA JN,UNKNOWN,UNKNOWN,,20.856793,77.73232,True,False,OTHER
BKJ,BARKUR,Karnataka,KR,"Udupi, Karnataka",13.477459,74.75968,True,False,OTHER
BFR,BEKAL FORT,Kerala,SR,"Pallikere, Kerala",12.385524,75.042786,True,False,OTHER
DMK,Dilmili,Chhattisgarh,ECoR,"National Highway 16, Chhattisgarh",18.987443,81.737851,True,False,OTHER
DGHR,Deoghar,Jharkhand,ER,"Deoghar, Jharkhand",24.511782,86.697121,True,False,OTHER
ALUR,Alur Halt,Karnataka,SWR,"Hassan - Alur Rd, Karnataka",12.982512,75.990493,True,False,OTHER
TMT,TIMTALA,UNKNOWN,UNKNOWN,,20.812496,77.79476,True,False,OTHER
MLR,MALKHED,UNKNOWN,UNKNOWN,,20.821793,77.862831,True,False,OTHER
CND,CHANDUR,UNKNOWN,UNKNOWN,,20.804519,77.982156,True,False,OTHER
DIP,DIPORE,UNKNOWN,UNKNOWN,,20.79317,78.040981,True,False,OTHER
DMN,DHAMANGAON,UNKNOWN,UNKNOWN,,20.784674,78.138054,True,False,OTHER
TLN,TALNI,UNKNOWN,UNKNOWN,,20.754248,78.230026,True,False,OTHER
PLO,PULGAON JN,UNKNOWN,UNKNOWN,,20.726734,78.318111,True,False,OTHER
KAOT,KAOTHA,UNKNOWN,UNKNOWN,,20.737041,78.376203,True,False,OTHER
DAE,DAHEGAON,UNKNOWN,UNKNOWN,,20.729315,78.463093,True,False,OTHER
WR,WARDHA JN,UNKNOWN,UNKNOWN,,20.732777,78.594157,True,False,OTHER
SEGM,SEVAGRAM,UNKNOWN,UNKNOWN,,20.739076,78.619225,True,False,OTHER
VADR,WARUD,UNKNOWN,UNKNOWN,,20.747166,78.650671,True,False,OTHER
TGP,TULJAPUR,UNKNOWN,UNKNOWN,,20.800701,78.808237,True,False,OTHER
BOK,BORKHEDI,UNKNOWN,UNKNOWN,,20.860176,78.974448,True,False,OTHER
BTBR,BUTI BORI,UNKNOWN,UNKNOWN,,20.918473,79.013629,True,False,OTHER
CBX,CHAND BHAN,Punjab,NR,"Jaitu, Punjab",30.445148,74.880021,True,False,OTHER
GMG,GUMGAON,UNKNOWN,UNKNOWN,,20.993596,79.030314,True,False,OTHER
DEV,DEVARAYI,Karnataka,SWR,"State Highway 34, Karnataka",15.449479,74.571364,True,False,OTHER
KRI,KHAPTI,UNKNOWN,UNKNOWN,,21.049338,79.048839,True,False,OTHER
AJNI,AJNI,UNKNOWN,UNKNOWN,,21.126859,79.08252,True,False,OTHER
KP,KAMPTEE,UNKNOWN,UNKNOWN,,21.21172,79.197947,True,False,OTHER
CGA,CHENGEL,UNKNOWN,UNKNOWN,,22.486845,88.13891,True,False,OTHER
DGBZ,Dongri Buzurg,Maharashtra,SECR,"State Highway 251, Maharashtra",21.573844,79.676645,True,False,OTHER
BVA,BAURIA JN,UNKNOWN,UNKNOWN,,22.503591,88.163522,True,False,OTHER
NALR,NALPUR,UNKNOWN,UNKNOWN,,22.529208,88.185699,True,False,OTHER
DEEG,Deeg,Rajasthan,NCR,"Bharatpur, Rajasthan",27.486551,77.324511,True,False,OTHER
ABB,ABADA,UNKNOWN,UNKNOWN,,22.547877,88.199392,True,False,OTHER
SEL,SANKRALL,UNKNOWN,UNKNOWN,,22.561309,88.209074,True,False,OTHER
ADL,ANDUL,UNKNOWN,UNKNOWN,,22.575169,88.239643,True,False,OTHER
SRC,SANTRAGACHI JN,UNKNOWN,UNKNOWN,,22.58393,88.284011,True,False,OTHER
RMJ,RAMRAJATALA,UNKNOWN,UNKNOWN,,22.587778,88.295438,True,False,OTHER
DGNR,Durganagar,West Bengal,ER,"Kolkata, West Bengal",22.650758,88.419,True,False,Kolkata
MPA,MANAPARAI,UNKNOWN,UNKNOWN,,10.607562,78.417765,True,False,OTHER
BHGN,BHILGAON,Assam,NFR,"National Highway 39, Assam",26.354394,93.926117,True,False,OTHER
SMDM,SAMUDRAM,UNKNOWN,UNKNOWN,,10.652687,78.493545,True,False,OTHER
KLS,KOLATUR,UNKNOWN,UNKNOWN,,10.700678,78.547696,True,False,OTHER
CHB,CHABUA,Assam,NFR,"Chabua, Assam",27.481421,95.172058,True,False,OTHER
DEO,DEOKALI,Uttar Pradesh,NER,"State Highway 90, Uttar Pradesh",27.977317,80.705156,True,False,OTHER
CHNR,CHHAN ARORIAN,Jammu and Kashmir,NR,"Chhan Arorian, Jammu and Kashmir",32.461311,75.359045,True,False,Kolkata
BDHY,BUDHI,Jammu and Kashmir,NR,"Kathua, Jammu and Kashmir",32.440429,75.432931,True,False,Kolkata
CKKN,CHAK KALAN,Punjab,NR,"National Highway 1A, Punjab",32.083103,75.623498,True,False,OTHER
BNGL,BHANGALA,Punjab,NR,"National Highway 1A, Punjab",32.019515,75.612313,True,False,OTHER
CDH,Chakdaha,West Bengal,ER,"Chakdaha, West Bengal",23.078406,88.529672,True,False,OTHER
CGH,CHOLANG,Punjab,NR,"Adda Cholang, Punjab",31.61726,75.639894,True,False,OTHER
DIC,DAHISAR,Maharashtra,WR,"Mumbai, Maharashtra",19.250166,72.859587,True,False,Mumbai
CHN,Chhina,Punjab,NR,"Ghuman Kalan Rd, Punjab",31.902255,75.271993,True,False,OTHER
MLYA,Maliya,West Bengal,ER,"Maliya, West Bengal",22.831668,88.136281,True,False,OTHER
DMU,Dhamua,West Bengal,ER,"Sherpur Dhamua Rd, West Bengal",22.290179,88.392178,True,False,OTHER
DON,DERAWAN HALT,Jharkhand,SER,"Derawan, Jharkhand",23.230257,76.104438,True,False,OTHER
BSP,BILASPUR JN,UNKNOWN,UNKNOWN,,22.057473,82.167585,True,False,OTHER
DMJ,Dharmaj,Gujarat,WR,"State Highway 6, Gujarat",0.0,0.0,False,False,OTHER
DLB,DAULATABAD,Maharashtra,SCR,"Maharashtra., Maharashtra",19.916367,75.210494,True,False,OTHER
DHT,DHAMARA GHAT,Bihar,ECR,"Bihar, Bihar",25.590821,86.599522,True,False,OTHER
DLGN,DHALGAON,Maharashtra,CR,"Jath Rd, Maharashtra",17.120967,74.988713,True,False,OTHER
DKY,DHOKI,Maharashtra,CR,"Dhoki Town, Maharashtra",18.353216,76.102989,True,False,OTHER
DLSR,DALHOGI ROAD,UNKNOWN,UNKNOWN,,32.289064,75.750843,True,False,OTHER
DRBR,Deoraha Baba Road,UNKNOWN,NER,,26.283979,83.871091,True,False,OTHER
DLR,DULLAHAPUR,Uttar Pradesh,NER,"SH 67, Uttar Pradesh",25.799898,83.423264,True,False,OTHER
DCAB,DCAB,UNKNOWN,UNKNOWN,,21.226612,81.477969,True,False,OTHER
DKE,DIHAKHO,Assam,NFR,"Diakkawn Rd, Assam",25.427907,93.126587,True,False,OTHER
CABN,BHILAI CABIN,UNKNOWN,UNKNOWN,,21.236052,81.499084,True,False,OTHER
DNEA,DANEA,UNKNOWN,ECR,,23.799131,85.658334,True,False,OTHER
DPLN,Diplana,Rajasthan,NWR,"State Highway 36, Rajasthan",29.182573,74.881123,True,False,OTHER
KMI,KUMHARI,UNKNOWN,UNKNOWN,,21.243782,81.516054,True,False,OTHER
DOW,Davol,UNKNOWN,WR,,22.39911,72.953112,True,False,OTHER
DHR,DHARNAODA,Rajasthan,WCR,"Dharnawada, Rajasthan",24.592205,77.099253,True,False,OTHER
SZB,SARONA CABIN,UNKNOWN,UNKNOWN,,21.253272,81.573616,True,False,OTHER
DHPR,DAPPAR,Punjab,NR,"National Highway 22, Punjab",30.517641,76.80751,True,False,OTHER
R,RAIPUR JN,UNKNOWN,UNKNOWN,,21.256462,81.629328,True,False,OTHER
WRC,W R S COLONY PH,UNKNOWN,UNKNOWN,,21.277968,81.639183,True,False,OTHER
URK,URKURA,UNKNOWN,UNKNOWN,,21.289034,81.644569,True,False,OTHER
DUMR,Dumra,Bihar,ECR,"NH 77, Bihar",26.576993,85.533639,True,False,OTHER
DISA,DISA,Gujarat,WR,"Disa, Gujarat",24.237125,72.1796,True,False,OTHER
CKV,CHERUKUVADA,Andhra Pradesh,SCR,"Cherukawada, Andhra Pradesh",16.589672,81.421563,True,False,OTHER
LKO,LUCKNOW,UNKNOWN,UNKNOWN,,26.830675,80.925291,True,False,OTHER
DLI,OLD DELHI,Delhi NCT,NR,"Shyama Prasad Mukherji Marg, Delhi NCT",28.661816,77.228356,True,False,Delhi
DOLK,Dholikua,Gujarat,WR,"Gujarat, Gujarat",0.0,0.0,False,False,OTHER
MDH,MANDHAR,UNKNOWN,UNKNOWN,,21.33807,81.704606,True,False,OTHER
SLH,SILIARI,UNKNOWN,UNKNOWN,,21.426336,81.755534,True,False,OTHER
BKTH,BAIKUNTH,UNKNOWN,UNKNOWN,,21.497672,81.780029,True,False,OTHER
CHV,CHARVATTUR,Kerala,SR,"Kasaragod district, Kerala",12.213321,75.15435,True,False,OTHER
CDRA,CHANDERA,Kerala,SR,"Kasaragod, Kerala",12.179818,75.168292,True,False,OTHER
BYL,BELHA,UNKNOWN,UNKNOWN,,21.961973,82.077189,True,False,OTHER
PUG,PUNGGUDI,UNKNOWN,UNKNOWN,,10.748083,78.620151,True,False,OTHER
TPJ,TIRUCHIRAPPALLI,UNKNOWN,UNKNOWN,,10.794067,78.685355,True,False,OTHER
CHBT,CHAKARBHATHA,UNKNOWN,UNKNOWN,,22.003082,82.112168,True,False,OTHER
DTRD,Diyatara Road,Rajasthan,UNKNOWN,"Diyatra, Rajasthan",27.733596,72.839919,True,False,OTHER
IB,IB,UNKNOWN,UNKNOWN,,21.815777,83.948781,True,False,OTHER
DSNB,Darsana Border,Bangladesh,UNKNOWN,"Chuadanga, Bangladesh",0.0,0.0,False,False,OTHER
KGP,KHARAGPUR JN,UNKNOWN,UNKNOWN,,22.341432,87.328456,True,False,OTHER
FLR,PHULESWAR,UNKNOWN,UNKNOWN,,22.477876,88.116049,True,False,OTHER
DHH,Dinhata,West Bengal,NFR,"Dinhata, West Bengal",26.070776,89.586875,True,False,OTHER
DKDP,Dakshin Durgapur,West Bengal,ER,"Dakshin Durgapur, West Bengal",22.308871,88.399338,True,False,OTHER
DJRZ,To Darjeeling,West Bengal,NFR,"Darjeeling, West Bengal",26.852135,88.33323,True,False,OTHER
DJG,DULIAJAN,Assam,NFR,"Duliajan, Assam",27.367712,95.306952,True,False,OTHER
DKM,DIKOM,Assam,NFR,"A T Rd, Assam",27.464227,95.080674,True,False,OTHER
DHNA,Dhachna,Bihar,NFR,"National Highway 34, Bihar",25.646473,87.986939,True,False,OTHER
JTIN,Jethian,UNKNOWN,UNKNOWN,,24.929548,85.314128,True,False,OTHER
DURP,Durgapuri,Madhya Pradesh,NCR,"Khojeepura, Madhya Pradesh",0.0,0.0,False,False,OTHER
DMR,Dharmanagar,Tripura,NFR,"Dharmanagar, Tripura",24.366946,92.168247,True,False,OTHER
DPDP,Dhapdhapi,West Bengal,ER,"Dhapdhapi, West Bengal",22.315994,88.459855,True,False,OTHER
ENB,Ellenabad,Rajasthan,NWR,"State Highway 23, Rajasthan",29.444104,74.657934,True,False,OTHER
DLCR,Dullabcherra,Assam,NFR,"Anipur Nivia Rd, Assam",24.505297,92.477671,True,False,OTHER
DVH,Devi Halt,Madhya Pradesh,SECR,"Devi, Madhya Pradesh",21.706411,78.86207,True,False,OTHER
DGX,Dagaon,Assam,NFR,"Mathaouri Rd, Assam",26.444446,92.613689,True,False,OTHER
DKWA,Dokwa,Rajasthan,NWR,"National Highway 65, Rajasthan",28.579787,75.323364,True,False,OTHER
DUH,Dudda,Karnataka,SWR,"Dudda, Karnataka",13.088422,76.204247,True,False,OTHER
DHI,Dhule,Maharashtra,CR,"Dhule, Maharashtra",20.887752,74.768847,True,False,OTHER
DHU,Dhubulia,West Bengal,ER,"Nadia, West Bengal",23.483546,88.441145,True,False,OTHER
DOGL,Donigal,Karnataka,SWR,"Mangalore - Bangalore Hwy, Karnataka",12.904048,75.734122,True,False,Bangalore
DSM,DARASURAM,Tamil Nadu,SR,"Kumbakonam, Tamil Nadu",10.944384,79.356384,True,False,OTHER
DWX,DEWAS,Madhya Pradesh,WR,"Dewas, Madhya Pradesh",22.977556,76.051191,True,False,OTHER
DOR,DUNDARA,Rajasthan,NWR,"Dhundhara, Rajasthan",25.895799,72.796892,True,False,OTHER
DMH,Dauram Madhepura,Bihar,ECR,"Madhepura, Bihar",25.908513,86.782638,True,False,OTHER
DPK,Dholipal,Rajasthan,NWR,"Dholipal, Rajasthan",29.760827,74.2516,True,False,OTHER
AHO,ADARSHNAGAR,Rajasthan,NWR,"Ajmer, Rajasthan",26.41158,74.653432,True,False,OTHER
DNN,Dina Nagar,Punjab,NR,"Dinanagar, Punjab",32.134789,75.467351,True,False,OTHER
DPC,Darliput,Orissa,ECoR,"Darliput, Orissa",18.365186,82.746519,True,False,OTHER
DWK,DWARKA,Gujarat,WR,"Dwarka, Gujarat",22.251023,68.980434,True,False,OTHER
RJN,RAJ NANDGAON,UNKNOWN,UNKNOWN,,21.101186,81.039019,True,False,OTHER
DWM,Darwha Moti Bagh Junction,Maharashtra,CR,"Darwha, Maharashtra",0.0,0.0,False,False,OTHER
DOZ,DAURAI,Rajasthan,NWR,"Madar, Rajasthan",26.395604,74.619546,True,False,OTHER
PMS,PARMALKASA,UNKNOWN,UNKNOWN,,21.140859,81.09869,True,False,Chennai
DOC,Daun Kalan,Punjab,NR,"National Highway 64, Punjab",30.379219,76.458569,True,False,OTHER
MXA,MARAUDA,Chhattisgarh,SECR,"Bhilai, Chhattisgarh",21.15958,81.35973,True,False,OTHER
ER08,Kalinagar,West Bengal,ER,"State Highway 6, West Bengal",0.0,0.0,False,False,OTHER
BQF,BARAHMUAFI,Uttar Pradesh,WCR,"Uttar Pradesh, Uttar Pradesh",25.039892,81.009932,True,False,OTHER
DOE,DEORI,Madhya Pradesh,WCR,"Jabalpur, Madhya Pradesh",23.298435,80.009808,True,False,OTHER
DRHI,DAGARHKERI,Madhya Pradesh,WCR,"State Highway 15, Madhya Pradesh",22.081273,76.826402,True,False,OTHER
DGN,DONGARGAON,Madhya Pradesh,CR,"Borgaon, Madhya Pradesh",21.641314,76.364067,True,False,OTHER
KBSN,KASBE-SUKENE,UNKNOWN,UNKNOWN,,20.072296,74.027149,True,False,OTHER
KW,KHERVADI,UNKNOWN,UNKNOWN,,20.046948,73.973978,True,False,OTHER
ODHA,ODHA,UNKNOWN,UNKNOWN,,20.01601,73.910456,True,False,OTHER
NK,NASIK ROAD,UNKNOWN,UNKNOWN,,19.947627,73.841897,True,False,OTHER
LT,LAHAVIT,UNKNOWN,UNKNOWN,,19.852905,73.815119,True,False,OTHER
KJMG,KANJUR MARG,UNKNOWN,UNKNOWN,,19.128181,72.928041,True,False,OTHER
GC,GHATKOPAR,UNKNOWN,UNKNOWN,,19.085985,72.908591,True,False,OTHER
LTT,LOKMANYA TILAK TERM,UNKNOWN,UNKNOWN,,19.07032,72.891739,True,False,Mumbai
DRB,Debari,Rajasthan,NWR,"Debari, Rajasthan",24.606987,73.805352,True,False,OTHER
FAP,FAKHARPUR HALT,Uttar Pradesh,NR,"Fakharpur, Uttar Pradesh",28.846965,77.293521,True,False,OTHER
DSA,DELHI SHAHDARA,Delhi NCT,NR,"Circular Rd, Delhi NCT",28.673098,77.293154,True,False,Delhi
GZT,GHAZIPUR GHAT,Uttar Pradesh,NER,"Ghazipur, Uttar Pradesh",25.60028,83.604802,True,False,OTHER
PGN,PERUGAMANI,Tamil Nadu,SR,"Nagappattinam - Trichy - Karur- Coimbatore - Mettupalayam - Ooty - Gundlupet Road(Vandikara Street), Tamil Nadu",10.889271,78.54751,True,False,OTHER
DMV,DIMAPUR,Nagaland,NFR,"Dimapur, Nagaland",25.905702,93.727816,True,False,OTHER
DWF,DUDH SAGAR WATER FALLS,Karnataka,SWR,"National Highway 4A, Karnataka",15.313337,74.314034,True,False,OTHER
FSG,PHURSUNGI,Maharashtra,CR,"Phursungi, Maharashtra",18.455829,74.026016,True,False,OTHER
FLU,Phulia,West Bengal,ER,"Fulia, West Bengal",23.229897,88.49634,True,False,OTHER
DPS,Dangoaposi,Jharkhand,SER,"Nurda, Jharkhand",22.167964,85.59273,True,False,OTHER
DZKT,Durga Chak Town,West Bengal,SER,"Haldia, West Bengal",22.066831,88.136032,True,False,OTHER
EPR,Mumbai Elphinstone Road,Maharashtra,WR,"Mumbai, Maharashtra",19.00694,72.835426,True,False,Mumbai
ELL,Eraligu,Assam,NFR,"Eraligu, Assam",24.665398,92.332631,True,False,OTHER
DLN,DILDARNAGAR JN,UNKNOWN,UNKNOWN,,25.419424,83.668324,True,False,OTHER
DNWH,Daniyawan Bazar Halt,Bihar,UNKNOWN,"Daniawan, Bihar",25.434504,85.290895,True,False,OTHER
AHM,AHIMANPUR,Uttar Pradesh,NER,"St Ravidas Nagar, Uttar Pradesh",25.252404,82.511544,True,False,OTHER
FA,FALNA,Rajasthan,NWR,"Falna, Rajasthan",25.235808,73.234953,True,False,OTHER
DODH,Dodh,Punjab,NR,"State Highway 20, Punjab",30.841607,74.521937,True,False,OTHER
DRGJ,DARAGANJ,Uttar Pradesh,NER,"Allahabad, Uttar Pradesh",25.44265,81.87999,True,False,OTHER
DQN,Dhanera,Gujarat,NWR,"Dhanera, Gujarat",24.506528,72.032364,True,False,OTHER
DUMK,Dumka,Jharkhand,ER,"Dumka, Jharkhand",24.289527,87.254975,True,False,OTHER
SRGM,SRIRANGAM,UNKNOWN,UNKNOWN,,10.857918,78.696348,True,False,OTHER
GOC,PONMALAI GOLDEN ROCK,UNKNOWN,UNKNOWN,,10.791837,78.709755,True,False,OTHER
DZK,Durgachak,West Bengal,SER,"Haldia, West Bengal",22.082011,88.155274,True,False,OTHER
TPTN,TIRUCHIRAPALI TOWN,UNKNOWN,UNKNOWN,,10.829084,78.702834,True,False,OTHER
UKV,UTTAMARKOVIL,UNKNOWN,UNKNOWN,,10.877948,78.702346,True,False,OTHER
BXS,PICHCHANDARKOVL,UNKNOWN,UNKNOWN,,10.881112,78.720236,True,False,OTHER
VLDE,VALADI,UNKNOWN,UNKNOWN,,10.872869,78.757917,True,False,OTHER
MAND,MANDURAI,UNKNOWN,UNKNOWN,,10.873068,78.786196,True,False,OTHER
LLI,LALGUDI,UNKNOWN,UNKNOWN,,10.875733,78.813672,True,False,OTHER
KTTR,KATTUR,UNKNOWN,UNKNOWN,,10.895834,78.855173,True,False,OTHER
PMB,PULLAMBADI,UNKNOWN,UNKNOWN,,10.940214,78.917573,True,False,OTHER
KKPM,KALLAKKUDI PLGH,UNKNOWN,UNKNOWN,,10.966119,78.948759,True,False,OTHER
KLGM,KALLAGAM,UNKNOWN,UNKNOWN,,11.025615,79.005426,True,False,OTHER
SLTH,SILLAKKUDI,UNKNOWN,UNKNOWN,,11.095633,79.036862,True,False,OTHER
ALU,ARIYALUR,UNKNOWN,UNKNOWN,,11.150035,79.068318,True,False,OTHER
OTK,OTTAKOVIL,UNKNOWN,UNKNOWN,,11.222726,79.109674,True,False,OTHER
VER,VELLUR HALT,UNKNOWN,UNKNOWN,,11.242453,79.13845,True,False,OTHER
SNDI,SENDURAI,UNKNOWN,UNKNOWN,,11.256462,79.168778,True,False,OTHER
MTUR,MATHUR,UNKNOWN,UNKNOWN,,11.318107,79.205803,True,False,OTHER
ICG,ICHCHANGADU,UNKNOWN,UNKNOWN,,11.371004,79.219755,True,False,OTHER
PNDM,PENNADAM,UNKNOWN,UNKNOWN,,11.397963,79.219978,True,False,OTHER
TLNR,TALANALLUR,UNKNOWN,UNKNOWN,,11.436374,79.24125,True,False,OTHER
VRT,VRIDDHACHALM TN,UNKNOWN,UNKNOWN,,11.482273,79.279462,True,False,OTHER
DPD,DOSAPADU,Andhra Pradesh,SCR,"Krishna, Andhra Pradesh",16.468807,80.938771,True,False,OTHER
GAMI,Gogameri,Rajasthan,NWR,"MDR 18, Rajasthan",29.160244,75.035076,True,False,OTHER
GANI,GHARNI,Maharashtra,UNKNOWN,"MSH3, Maharashtra",18.47697,76.758368,True,False,Chennai
DVN,DEVTHANA,Maharashtra,SCR,"Nanded, Maharashtra",19.274562,77.689981,True,False,OTHER
DXH,DUHAI,Uttar Pradesh,NR,"Uttar Pradesh, Uttar Pradesh",28.730283,77.480363,True,False,OTHER
DWLE,Dhauni,Bihar,ER,"Dhauni, Bihar",25.01033,86.993041,True,False,OTHER
DUI,DHURI JN,Punjab,NR,"Dhuri, Punjab",30.372741,75.866603,True,False,OTHER
FPS,Fatehpur Shekhawati,Rajasthan,NWR,"Fatehpur, Rajasthan",28.000728,74.971043,True,False,OTHER
DWJ,DWARKAGANJ,Uttar Pradesh,NR,"Sultanpur, Uttar Pradesh",26.316418,82.109076,True,False,OTHER
DI,DOMBIVILI,UNKNOWN,UNKNOWN,,19.218218,73.0869,True,False,OTHER
VK,VIKHROLI,UNKNOWN,UNKNOWN,,19.11196,72.928312,True,False,OTHER
VVH,VIDYAVIHAR,UNKNOWN,UNKNOWN,,19.079258,72.897181,True,False,OTHER
VGN,VANGAON,Maharashtra,WR,"Thane, Maharashtra",19.882845,72.763185,True,False,OTHER
GALG,GoldingGanj,Bihar,UNKNOWN,"GoldingGanj, Bihar",0.0,0.0,False,False,OTHER
EKR,Ekangarsarai,Bihar,ECR,"Ekangar Sarai, Bihar",25.222482,85.232264,True,False,OTHER
GGN,GURGAON,Haryana,NR,"Gurgaon, Haryana",28.489165,77.010739,True,False,OTHER
DTW,DATEWAS,Punjab,NR,"Bareta, Punjab",29.893255,75.616682,True,False,OTHER
NAI,Nangi,West Bengal,ER,"Kolkata, West Bengal",22.500256,88.223984,True,False,Kolkata
FN,Farukhnagar,Haryana,NR,"Gurgaon, Haryana",28.467066,76.828486,True,False,OTHER
GDL,GONDAL,Gujarat,WR,"Gondal, Gujarat",21.972471,70.795588,True,False,OTHER
GAH,Gawnaha,Bihar,ECR,"Pashchim Champaran, Bihar",27.269839,84.520176,True,False,OTHER
GAL,GHATLA,Rajasthan,NWR,"State Highway 14, Rajasthan",27.731813,76.628452,True,False,OTHER
AI,ADIPUR,Gujarat,WR,"Dist. Kachchh, Gujarat",23.077053,70.078659,True,False,OTHER
CHG,MUMBAI CHINCHPOKLI,Maharashtra,CR,"Mumbai, Maharashtra",18.986789,72.832659,True,False,Mumbai
DWZ,Dantewara,Chhattisgarh,ECoR,"Dantewada, Chhattisgarh",18.907733,81.354536,True,False,OTHER
DXR,DIGSAR,Gujarat,WR,"State Highway 17, Gujarat",22.712403,71.499375,True,False,OTHER
FTD,Fatehabad Chowk Junction,Madhya Pradesh,WR,"Indore, Madhya Pradesh",23.009106,75.673338,True,False,OTHER
DZB,Dahina Zainabad,Haryana,NWR,"Tumna Rd, Haryana",28.291079,76.391694,True,False,OTHER
TMLP,TIRUMALPUR,Tamil Nadu,SR,"Tirumalpur, Tamil Nadu",12.956333,79.673488,True,False,OTHER
CJE,KANCHIPURAM EAST,Tamil Nadu,SR,"Kanchipuram, Tamil Nadu",12.841137,79.712044,True,False,OTHER
DUJ,DUBRAJPUR,West Bengal,ER,"Dubrajpur, West Bengal",23.803358,87.378973,True,False,OTHER
DGU,DIGARU,Assam,NFR,"Digaru, Assam",26.173306,91.977861,True,False,OTHER
BRHU,BARAHU,Assam,NFR,"National Highway 37, Assam",26.120433,92.139512,True,False,OTHER
DML,DHARAMTUL,Assam,NFR,"Dharamtul, Assam",26.189127,92.36716,True,False,OTHER
BHGP,Bhagirathpur,Uttar Pradesh,NER,"National Highway 29, Uttar Pradesh",27.326628,83.38771,True,False,OTHER
DHRY,DHALPUKHURI,Assam,NFR,"Hojai Rd, Assam",25.981051,92.880626,True,False,OTHER
BRLF,BAR LANGFER S,Assam,NFR,"Lumding, Assam",25.755626,93.225136,True,False,OTHER
SLX,SELENG HAT,Assam,NFR,"National Highway 61, Assam",26.783438,94.482763,True,False,OTHER
DBRG,DIBRUGARH,Assam,NFR,"Dibrugarh, Assam",27.463607,94.935258,True,False,OTHER
DIL,DILAWARNAGAR,UNKNOWN,UNKNOWN,,26.960189,80.667474,True,False,OTHER
NDJ,NANDGANJ,Uttar Pradesh,NER,"National Highway 29, Uttar Pradesh",25.54457,83.396867,True,False,OTHER
DYU,DIYURI,Uttar Pradesh,NER,"Diyuri, Uttar Pradesh",28.603253,79.87601,True,False,OTHER
JAT,JAMMU TAWI,Jammu and Kashmir,NR,"Jammu Cantt, Jammu and Kashmir",32.706975,74.880117,True,False,Kolkata
KNDI,KANDRORI,Himachal Pradesh,NR,"District Kangra Pin- 176402, Himachal Pradesh",32.184403,75.668807,True,False,OTHER
DYP,Daryapur,Uttar Pradesh,NR,"National Highway 24B, Uttar Pradesh",26.182799,81.248588,True,False,OTHER
BMK,BIRANG KHERA,Punjab,NWR,"MDR 105, Punjab",29.91257,74.635864,True,False,OTHER
DHRR,DHIRERA,Rajasthan,NWR,"Bikaner, Rajasthan",28.363519,73.616355,True,False,OTHER
CBN,CHIT BARAGAON,Uttar Pradesh,NER,"Chitbaragaon, Uttar Pradesh",25.744109,84.00154,True,False,OTHER
CPR,CHHAPRA,UNKNOWN,UNKNOWN,,25.78832,84.725004,True,False,OTHER
DRI,DUMRI JUARA,UNKNOWN,UNKNOWN,,25.748425,84.869395,True,False,OTHER
SEE,SONPUR JN,UNKNOWN,UNKNOWN,,25.696849,85.166851,True,False,OTHER
FRDH,Faridaha Halt,Uttar Pradesh,NER,"Aunrihar, Uttar Pradesh",25.557959,83.126022,True,False,OTHER
KLL,KALOL JN,Gujarat,WR,"Kalol, Gujarat",23.244576,72.50363,True,False,OTHER
DNW,DANGARWA,Gujarat,WR,"Jagudan, Gujarat",23.401485,72.441253,True,False,OTHER
CHP,CHHAPI,Gujarat,WR,"Banaskantha, Gujarat",24.034518,72.400221,True,False,OTHER
SOH,SIROHI ROAD,Rajasthan,NWR,"Pindwara, Rajasthan",24.791042,73.039834,True,False,OTHER
TN,TUTICORIN,Tamil Nadu,SR,"Thoothukudi, Tamil Nadu",8.806109,78.155359,True,False,OTHER
GBA,GARHBETA,West Bengal,SER,"Medinipur, West Bengal",22.844562,87.320972,True,False,OTHER
ELM,ELIMALA,Kerala,SR,"Kannur District, Kerala",12.068687,75.230848,True,False,OTHER
GARA,Garha,Bihar,ECR,"NH 77, Bihar",26.426289,85.520966,True,False,OTHER
GJN,Gajner,Rajasthan,NWR,"National Highway 15, Rajasthan",27.935852,73.061554,True,False,OTHER
GIA,Garia,West Bengal,ER,"Kolkata, West Bengal",22.465959,88.404673,True,False,Kolkata
ERL,ERANIEL,Tamil Nadu,SR,"Kanyakumari, Tamil Nadu",8.212549,77.308161,True,False,OTHER
VRI,VRIDHACHALAM JN,UNKNOWN,UNKNOWN,,11.534965,79.316073,True,False,OTHER
MPLY,MEPPULIYUR,UNKNOWN,UNKNOWN,,11.676385,79.306638,True,False,OTHER
PRKL,PARIKKAL,UNKNOWN,UNKNOWN,,11.778527,79.370923,True,False,OTHER
KGZ,KARUNGUZHI,UNKNOWN,UNKNOWN,,12.531919,79.91149,True,False,OTHER
PNDP,PANDILLAPALLI,Andhra Pradesh,SCR,"Pandillapalli Railway Station, Andhra Pradesh",17.171933,80.170234,True,False,OTHER
GLV,GULVANCHI,Maharashtra,CR,"Jath Rd, Maharashtra",17.172707,75.05678,True,False,OTHER
GHH,GARHI HARSARU,Haryana,NR,"Gurgaon, Haryana",28.43755,76.929697,True,False,OTHER
GOP,GOP JAM,Gujarat,WR,"State Highway 27, Gujarat",22.05397,69.908091,True,False,OTHER
GDZ,Gundardehi,Chhattisgarh,SECR,"Gundardehi, Chhattisgarh",20.948836,81.302351,True,False,OTHER
GDB,GIDDARBAHA,Punjab,NR,"Giddarbaha, Punjab",30.201319,74.663342,True,False,OTHER
GJW,Gajuwala,Punjab,NR,"State Highway 2, Punjab",29.585509,75.871735,True,False,OTHER
GMIA,GUMIA,UNKNOWN,ECR,,23.802651,85.828922,True,False,OTHER
GDHA,GODHA,Uttar Pradesh,NR,"Godha, Uttar Pradesh",28.005897,78.141225,True,False,OTHER
GHUM,Ghoom,West Bengal,NFR,"Darjeeling, West Bengal",27.008643,88.254223,True,False,OTHER
GNPT,Ganpatpura,Gujarat,WR,"Gujarat, Gujarat",0.0,0.0,False,False,OTHER
LRJ,LAKSAR JN,UNKNOWN,UNKNOWN,,29.754038,78.019628,True,False,OTHER
GSDH,GARSANDA HALT,Jharkhand,ECR,"Garsanda, Jharkhand",25.142617,86.011307,True,False,OTHER
GELA,Ghadela Halt,Madhya Pradesh,SECR,"State Highway 19, Madhya Pradesh",21.714044,78.888017,True,False,OTHER
GHQ,GARHWA,Jharkhand,ECR,"Garhwa, Jharkhand",24.175195,83.813215,True,False,OTHER
GDV,GUDIVADA JN,Andhra Pradesh,SCR,"Krishna District, Andhra Pradesh",16.429888,80.987594,True,False,OTHER
GNDI,GONDWALI,Madhya Pradesh,WCR,"Bargawa, Madhya Pradesh",24.217438,82.519981,True,False,OTHER
KEI,KASHI,UNKNOWN,UNKNOWN,,25.326564,83.031939,True,False,OTHER
BBRM,BABA BHAGWAN RAM HALT,UNKNOWN,UNKNOWN,,25.315888,83.038406,True,False,OTHER
VYN,VYASNAGAR,UNKNOWN,UNKNOWN,,25.29701,83.071351,True,False,OTHER
GNK,Garhnokha,Bihar,ECR,"State Highway 12, Bihar",25.097244,84.122838,True,False,OTHER
BHBV,BLOCK HUT B,UNKNOWN,UNKNOWN,,25.274869,83.102203,True,False,OTHER
BSB,VARANASI JN,UNKNOWN,UNKNOWN,,25.327281,82.986468,True,False,OTHER
DKI,DHARMKUNDI,Madhya Pradesh,WCR,"Hoshangabad, Madhya Pradesh",22.512038,77.551014,True,False,OTHER
NGL,NANGAL,Uttar Pradesh,NR,"Saharanpur, Uttar Pradesh",29.832554,77.62227,True,False,OTHER
MOZ,MUZAFFARNAGAR,Uttar Pradesh,NR,"MuzaffarNagar, Uttar Pradesh",29.468689,77.707807,True,False,OTHER
DRLA,DAURALA,Uttar Pradesh,NR,"Meerut, Uttar Pradesh",29.114015,77.70616,True,False,OTHER
MDNR,MODINAGAR,Uttar Pradesh,NR,"Ghaziabad, Uttar Pradesh",28.827907,77.571716,True,False,OTHER
BRI,BHIRINGI,Madhya Pradesh,WCR,"Harda, Madhya Pradesh",22.227752,76.941024,True,False,OTHER
GEDE,Gede,West Bengal,ER,"R 748, West Bengal",23.491197,88.786737,True,False,OTHER
THK,THAKRULI,UNKNOWN,UNKNOWN,,19.225768,73.097678,True,False,OTHER
GHE,GHEVRA,Delhi NCT,NR,"Ghevra, Delhi NCT",28.691982,76.998536,True,False,Delhi
GHA,GOLEHWALA,Punjab,NR,"Golehwala, Punjab",30.789872,74.704406,True,False,OTHER
GAW,Gainjahwa,Uttar Pradesh,NER,"MDR 10E, Uttar Pradesh",27.454656,82.245065,True,False,OTHER
GNZ,Gahndran Halt,Punjab,NR,"Malsian Rd, Punjab",31.117935,75.424279,True,False,OTHER
MGSO,MGSO,UNKNOWN,UNKNOWN,,0.0,0.0,False,False,OTHER
GH,GHUGHULI,Uttar Pradesh,NER,"Ghughli Bazar, Uttar Pradesh",27.053952,83.713775,True,False,OTHER
DLWS,DLWS,UNKNOWN,UNKNOWN,,0.0,0.0,False,False,OTHER
SJGH,SARAI JAGDISH,Uttar Pradesh,NER,"National Highway 2, Uttar Pradesh",25.30009,82.365134,True,False,OTHER
KARD,KAMAN ROAD,Maharashtra,CR,"Section 2, Maharashtra",19.33655,72.919123,True,False,OTHER
GOV,Govindpuri,Uttar Pradesh,NCR,"Kanpur, Uttar Pradesh",0.0,0.0,False,False,OTHER
AML,AMALSAD,Gujarat,WR,"Amalsad, Gujarat",20.811373,72.956092,True,False,OTHER
GPLG,Gopalpurgram,West Bengal,ER,"Contai Nandakumar Rd, West Bengal",0.0,0.0,False,False,OTHER
GQD,Gourdaha Halt,West Bengal,ER,"Gourdaha, West Bengal",0.0,0.0,False,False,OTHER
GTQ,Gumtali Halt,Punjab,NR,"Gumtali, Punjab",31.065852,75.636453,True,False,OTHER
GLD,Ghelda,Gujarat,WR,"State Highway 133, Gujarat",23.361693,72.203102,True,False,OTHER
LRJC,LAKSAR NORTH CABIN,UNKNOWN,UNKNOWN,,29.767009,78.00176,True,False,OTHER
GCT,GHAZIPUR CITY,Uttar Pradesh,NER,"Ghazipur, Uttar Pradesh",25.583144,83.568045,True,False,OTHER
GIS,Garhi Sandra,Rajasthan,NCR,"Dholpur, Rajasthan",26.668256,77.76513,True,False,OTHER
GUV,GURUVAYUR,Kerala,SR,"Guruvayoor 0487-2556820, Kerala",10.596896,76.045457,True,False,OTHER
EOCM,EOCM,UNKNOWN,UNKNOWN,,25.315812,83.196038,True,False,OTHER
KCA,KUCHMAN,UNKNOWN,UNKNOWN,,25.318878,83.21503,True,False,OTHER
SLD,SAKALDIHA,UNKNOWN,UNKNOWN,,25.331472,83.289193,True,False,OTHER
TLAM,TULSI ASHRAM,UNKNOWN,UNKNOWN,,25.342274,83.351236,True,False,OTHER
DHA,DHEENA,UNKNOWN,UNKNOWN,,25.354392,83.423069,True,False,OTHER
DTVL,DATIVLI,Maharashtra,CR,"Kalyan Shilphata Rd, Maharashtra",19.187012,73.059049,True,False,OTHER
KLMG,KALAMBOLI GOODS,Maharashtra,CR,"Navi Mumbai, Maharashtra",19.035116,73.114949,True,False,Mumbai
BHCL,BAHORA CHANDIL,UNKNOWN,UNKNOWN,,25.364918,83.489726,True,False,OTHER
ZNA,ZAMANIA,UNKNOWN,UNKNOWN,,25.373856,83.54365,True,False,OTHER
DRV,DARAULI,UNKNOWN,UNKNOWN,,25.393753,83.601802,True,False,OTHER
USK,USIA KHAS,UNKNOWN,UNKNOWN,,25.434324,83.706967,True,False,OTHER
PEN,PEN,Maharashtra,CR,"Pen, Maharashtra",18.735604,73.086798,True,False,OTHER
GKA,Gokhula,Bihar,ECR,"Dhaminaha, Bihar",27.069813,84.539763,True,False,OTHER
CMC,CHEMANCHERI,Kerala,SR,"Dist. Kozhikode, Kerala",11.405279,75.720039,True,False,OTHER
ETR,ELATTUR,Kerala,SR,"Kozhikode district, Kerala",11.346337,75.741119,True,False,OTHER
GPBN,Gandhi Park Halt,UNKNOWN,UNKNOWN,,18.652066,77.893393,True,False,OTHER
CLT,KOZHIKODE,Kerala,SR,"Calicut, Kerala",11.246234,75.780407,True,False,OTHER
FK,FEROK,Kerala,SR,"Feroke, Kerala",11.174972,75.830285,True,False,OTHER
PGI,PARPANANGADI,Kerala,SR,"Parappanangadi, Kerala",11.04591,75.861006,True,False,OTHER
BPZA,BHARATHAPUZHA H,UNKNOWN,UNKNOWN,,10.758914,76.290829,True,False,OTHER
VTK,VALLATHOL NAGAR,UNKNOWN,UNKNOWN,,10.731563,76.280933,True,False,OTHER
BWH,BHADAURA,UNKNOWN,UNKNOWN,,25.450425,83.738354,True,False,OTHER
GIO,Goriyan,Rajasthan,NWR,"National Highway 11, Rajasthan",27.547928,75.26559,True,False,OTHER
GLA,GARLA,Andhra Pradesh,SCR,"Garla, Andhra Pradesh",17.487076,80.139236,True,False,OTHER
GOD,GIDARPINDI,Punjab,NR,"Jalandhar, Punjab",31.152633,75.124514,True,False,OTHER
GVH,Govind Garh,Rajasthan,NCR,"Govindgarh, Rajasthan",27.499556,76.988058,True,False,OTHER
GRB,GARHDHRUBESWAR,West Bengal,SER,"Purulia, West Bengal",23.509341,86.617006,True,False,OTHER
GNW,Gangiwara,Madhya Pradesh,CR,"Chhindwara, Madhya Pradesh",22.097988,78.846139,True,False,OTHER
PHLG,PHLG,UNKNOWN,UNKNOWN,,0.0,0.0,False,False,OTHER
GRI,GURIYA,Rajasthan,NWR,"Pali, Rajasthan",25.998261,73.955291,True,False,OTHER
HBE,Habibpur,West Bengal,ER,"National Highway 34, West Bengal",23.211967,88.538423,True,False,OTHER
GWV,GOWDAVALLI,Andhra Pradesh,SCR,"Rangareddy, Andhra Pradesh",17.609541,78.468191,True,False,OTHER
GLGT,Golaghat,Assam,NFR,"Golaghat, Assam",26.508626,93.96119,True,False,OTHER
MDRR,MADHAVNAGAR ROA,Madhya Pradesh,WCR,"Madhavnagar, Madhya Pradesh",23.78661,80.394824,True,False,OTHER
GMD,GURAMKHEDI,Madhya Pradesh,WCR,"Sohagpur, Madhya Pradesh",22.682206,78.077821,True,False,OTHER
HGA,Hogla,West Bengal,ER,"Hogla H, West Bengal",22.255044,88.452384,True,False,OTHER
BGTA,BAGRA TAWA,Madhya Pradesh,WCR,"Bagra Tawa, Madhya Pradesh",22.630711,77.993707,True,False,OTHER
AIA,AJARAKA,Rajasthan,NWR,"Ajaraka, Rajasthan",27.959391,76.564209,True,False,OTHER
GNJ,GUNJI,Karnataka,SWR,"Belagavi, Karnataka",15.543116,74.479367,True,False,OTHER
H,Venkatagiri Kote Halt,Karnataka,SWR,"Venkatagiri Kote, Karnataka",0.0,0.0,False,False,OTHER
GPB,GHATPRABHA,Karnataka,SWR,"Ghatprabha, Karnataka",16.240719,74.759823,True,False,OTHER
GTRA,GOTRA HALT,Uttar Pradesh,NR,"Gotra, Uttar Pradesh",28.807889,77.30096,True,False,OTHER
GLTA,GAHLOTA,Rajasthan,NWR,"Kishangarh, Rajasthan",26.672372,74.967557,True,False,OTHER
GNA,GONEANA,Punjab,NR,"Goniana, Punjab",30.318715,74.90948,True,False,OTHER
GJS,Gajsinghpur,Rajasthan,NWR,"State Highway 3, Rajasthan",29.658053,73.436739,True,False,OTHER
GJUT,GANGSAR JAITU,Punjab,NR,"Jaitu, Punjab",30.445082,74.879511,True,False,OTHER
GUS,GHUMASAN,Gujarat,WR,"State Highway 41, Gujarat",23.378699,72.449853,True,False,Chennai
GSD,Ghosunda,Rajasthan,NWR,"Chittaurgarh, Rajasthan",24.871222,74.534527,True,False,OTHER
HBP,HARPAR BOCHAHA,Bihar,ECR,"Pagra Rd, Bihar",25.603437,85.757161,True,False,OTHER
MRLA,MARIYAL GANGAVA,UNKNOWN,UNKNOWN,,0.0,0.0,False,False,OTHER
GLE,Gajulaguden,Andhra Pradesh,SCR,"Gajulaguden, Andhra Pradesh",17.609727,80.657904,True,False,OTHER
GOPG,Gopalganj,Bihar,NER,"Harkhua, Bihar",26.454202,84.435547,True,False,OTHER
GOK,GOKARNA ROAD,Karnataka,KR,"Uttara Kannada, Karnataka",14.582791,74.367197,True,False,OTHER
CS,KANNUR SOUTH,Kerala,SR,"Kannur, Kerala",11.866899,75.400253,True,False,OTHER
GNL,Gongle,Maharashtra,SECR,"Gondia, Maharashtra",21.222011,80.147349,True,False,OTHER
ETK,ETAKKOT,Kerala,SR,"NH 17, Kerala",11.806195,75.443797,True,False,OTHER
GQN,Garhani,Bihar,ECR,"Garhani, Bihar",25.411893,84.569616,True,False,OTHER
GNC,Gandhinagar Capital,Gujarat,WR,"Gandhinagar, Gujarat",23.233379,72.629162,True,False,OTHER
HJO,Harangajao,Assam,NFR,"North Cachar Hills, Assam",0.0,0.0,False,False,OTHER
GUA,Gua,Jharkhand,SER,"Kiriburu, Jharkhand",22.218519,85.381896,True,False,OTHER
HKH,Haranya Kheri,Madhya Pradesh,WR,"National Highway 3, Madhya Pradesh",22.583661,75.776745,True,False,OTHER
GVL,Gudlavalleru,Andhra Pradesh,SCR,"Gudlavalleru, Andhra Pradesh",16.348371,81.046037,True,False,OTHER
GWYR,Greenways Road,Tamil Nadu,SR,"Chennai, Tamil Nadu",13.020276,80.251715,True,False,Chennai
GSP,Gurdaspur,Punjab,NR,"Gurdaspur, Punjab",32.044111,75.420769,True,False,OTHER
HKD,Hailakandi,Assam,UNKNOWN,"Hailakandi, Assam",24.680276,92.56789,True,False,OTHER
GNPR,Gunupur,Orissa,ECoR,"Gunupur, Orissa",19.069059,83.80996,True,False,OTHER
GULR,GULER,Himachal Pradesh,NR,"State Highway 22, Himachal Pradesh",32.004278,76.151266,True,False,OTHER
GSW,GURSAR SHNEWALA,Punjab,NWR,"Bagwali, Punjab",30.138927,74.88612,True,False,OTHER
HRD,Harsud,Madhya Pradesh,WCR,"Harsud, Madhya Pradesh",0.0,0.0,False,False,OTHER
HAPA,HAPA,Gujarat,WR,"Jamnagar, Gujarat",22.468974,70.11814,True,False,OTHER
GZN,NEW GHAZIABAD,Uttar Pradesh,NR,"Ghaziabad, Uttar Pradesh",28.674404,77.438008,True,False,OTHER
HSWS,Hansiawas,Rajasthan,NWR,"Hansiawas, Rajasthan",0.0,0.0,False,False,OTHER
HPT,HOSPET JN,Karnataka,SWR,"Hospet, Karnataka",15.286807,76.38578,True,False,OTHER
HLZ,Haldia,West Bengal,SER,"Sutahata, West Bengal",22.045284,88.06589,True,False,OTHER
HEM,HIMAYATNAGAR,Maharashtra,SCR,"Nanded, Maharashtra",19.416709,77.868855,True,False,OTHER
HTD,HATUNDI,Rajasthan,NWR,"Ajmer, Rajasthan",26.354279,74.644566,True,False,OTHER
HLAR,HOLE ALUR,Karnataka,SWR,"Badami Rd, Karnataka",15.81959,75.646461,True,False,OTHER
HPP,HARPALPUR,Madhya Pradesh,NCR,"Dist - Chhatarpur, Madhya Pradesh",25.290501,79.335461,True,False,OTHER
GSL,GODAPIASAL,West Bengal,SER,"Godapiasal, West Bengal",22.530677,87.320806,True,False,OTHER
HLDR,HALDAUR,Uttar Pradesh,NR,"State Highway 76, Uttar Pradesh",29.290082,78.27506,True,False,OTHER
GVD,GHOLVAD,Maharashtra,WR,"Gholvad, Maharashtra",20.08688,72.737991,True,False,OTHER
HSA,HASIMARA,West Bengal,NFR,"Hasimara, West Bengal",26.72689,89.347661,True,False,OTHER
GTT,GOMTA,Gujarat,WR,"Gomta, Gujarat",21.873815,70.729702,True,False,OTHER
GTF,GUMTHAL,Uttar Pradesh,NR,"Raja Ka Sahaspur, Uttar Pradesh",28.484002,78.757645,True,False,OTHER
HSI,HARSAULI,Rajasthan,NWR,"Harsoli, Rajasthan",27.864848,76.615189,True,False,OTHER
HRSR,Harish Nagar Halt,West Bengal,ER,"BSF Rd, West Bengal",23.469777,88.777989,True,False,OTHER
GSO,GHASO,Haryana,NR,"District Jind, Haryana",29.531288,76.143369,True,False,OTHER
HNK,HANAKERE,Karnataka,SWR,"Mandya, Karnataka",12.565639,76.979837,True,False,OTHER
AII,AJMER JN,Rajasthan,NWR,"Ajmer, Rajasthan",26.456612,74.637464,True,False,OTHER
HIL,Hilsa,Bihar,ECR,"Hilsa, Bihar",25.317354,85.277079,True,False,OTHER
GXG,Geong,Haryana,NR,"Haryana, Haryana",29.822358,76.466397,True,False,OTHER
HBN,Haibargaon,Assam,NFR,"Nagaon, Assam",26.355638,92.672506,True,False,OTHER
HLW,Hirnawali,Rajasthan,NWR,"Hirnawali, Rajasthan",29.710121,74.272416,True,False,OTHER
HRT,Harnaut,Bihar,ECR,"Harnaut, Bihar",25.371763,85.540722,True,False,OTHER
HBF,Hadobhangi Halt,Orissa,ECoR,"Paralakhemundi, Orissa",18.821937,83.941761,True,False,OTHER
HRF,Hathras Kila,Uttar Pradesh,NCR,"Hathras(05722-242803), Uttar Pradesh",27.594876,78.058018,True,False,OTHER
GRPA,Garhpura,Bihar,ECR,"Begusarai, Bihar",25.65472,86.209037,True,False,OTHER
HSR,Hisar,Haryana,NWR,"Hisar, Haryana",29.152341,75.724305,True,False,OTHER
GTM,Ghatampur,Uttar Pradesh,NCR,"Ghatampur, Uttar Pradesh",26.151304,80.174712,True,False,OTHER
GRMA,Ghormara,Jharkhand,ER,"Deoghar, Jharkhand",24.442298,86.86392,True,False,OTHER
PCV,Palakkodu,Tamil Nadu,SWR,"Dharmapuri, Tamil Nadu",12.297418,78.072073,True,False,OTHER
HAH,Hosa Agrahara,Karnataka,SWR,"Hosa Agrahara, Karnataka",12.57046,76.361819,True,False,OTHER
HPI,Harapatti,Bihar,UNKNOWN,"State Highway 65, Bihar",25.881402,87.092628,True,False,OTHER
IDR,INDI ROAD,Karnataka,SWR,"Bijapur, Karnataka",17.211289,75.919616,True,False,OTHER
HLDD,HALDI ROAD,Uttarakhand,NER,"NH 87, Uttarakhand",29.039597,79.459679,True,False,OTHER
IZN,IZZATNAGAR,Uttar Pradesh,NER,"Bareilly, Uttar Pradesh",28.388266,79.421171,True,False,OTHER
HSQ,HUSAINPUR,Punjab,NR,"Kapurthala, Punjab",31.301125,75.320851,True,False,OTHER
HNM,HINAUTARAMBAN,Madhya Pradesh,WCR,"Satna, Madhya Pradesh",24.575192,80.943062,True,False,OTHER
HLX,HILARA,Assam,NFR,"Cachar, Assam",24.951767,92.620511,True,False,OTHER
INDR,Indira Nagar,Tamil Nadu,SR,"Chennai, Tamil Nadu",0.0,0.0,False,False,Chennai
HYB,HYDERABAD DECCAN,Andhra Pradesh,SCR,"Hyderabad, Andhra Pradesh",17.393363,78.467377,True,False,Hyderabad
JCU,JAICHOLI,Rajasthan,WCR,"SH 1, Rajasthan",27.131193,77.397778,True,False,OTHER
HTK,HATKANAGALE,Maharashtra,CR,"Hatkanangale, Maharashtra",16.748424,74.422067,True,False,OTHER
HMT,HIMMATNAGAR,Gujarat,WR,"Himatnagar, Gujarat",23.591655,72.960358,True,False,OTHER
JAM,JAMNAGAR,Gujarat,WR,"Jamnagar, Gujarat",22.493992,70.053879,True,False,OTHER
HGJ,HARDUAGANJ,Uttar Pradesh,NCR,"Aligarh, Uttar Pradesh",27.990476,78.128026,True,False,OTHER
HMI,HIMMATANA,Punjab,NR,"SH 11, Punjab",30.458736,75.867119,True,False,OTHER
HRNG,HARPUR NAG HALT,Bihar,ECR,"National Highway 28, Bihar",26.386419,85.077136,True,False,OTHER
HW,HARIDWAR JN,Uttarakhand,NR,"Haridwar, Uttarakhand",29.947787,78.154899,True,False,OTHER
INDM,Indore Junction MG,Madhya Pradesh,WR,"Indore, Madhya Pradesh",22.717139,75.868072,True,False,OTHER
IHP,INCHHAPURI,Haryana,NR,"Gurgaon, Haryana",28.319499,76.718981,True,False,OTHER
HWX,HABAIPUR,Assam,NFR,"Station Rd, Assam",25.871926,92.985863,True,False,OTHER
HMRR,HAMARAPUR,Maharashtra,CR,"Raigad, Maharashtra",18.81964,73.086161,True,False,OTHER
HIND,HIND,Uttar Pradesh,NR,"State Highway 57, Uttar Pradesh",29.530389,77.363474,True,False,OTHER
HTNL,HITNAL,Karnataka,SWR,"National Highway 63, Karnataka",15.335637,76.291469,True,False,OTHER
HJL,HEJJALA,Karnataka,SWR,"Bengaluru, Karnataka",12.848285,77.418417,True,False,Bangalore
JGNR,Jogendranagar,Tripura,NFR,"Agartala, Tripura",23.812162,91.310464,True,False,OTHER
HVR,HAVERI,Karnataka,SWR,"Haveri, Karnataka",14.7943,75.410686,True,False,OTHER
JDL,JAGDEVWALA,Rajasthan,NWR,"Bikaner, Rajasthan",28.310858,73.45575,True,False,OTHER
HEI,HEGGERE HALT,Karnataka,SWR,"Heggere, Karnataka",13.341342,77.048296,True,False,OTHER
HHL,HIREHALI,Karnataka,SWR,"NH 4, Karnataka",13.281576,77.188764,True,False,OTHER
JDP,Jadabpur,West Bengal,ER,"Kolkata, West Bengal",22.495442,88.374697,True,False,Kolkata
JHD,Jehanabad,Bihar,ECR,"Jahanabad, Bihar",25.224705,84.989964,True,False,OTHER
HRM,Hadmadiya,Gujarat,WR,"Junagadh, Gujarat",20.934947,70.841154,True,False,OTHER
HDM,Hirdamali,Maharashtra,SECR,"Gondia, Maharashtra",21.342807,80.197137,True,False,OTHER
JJPR,Jhanjharpur Bazar Halt,Bihar,UNKNOWN,"Jhanjharpur, Bihar",0.0,0.0,False,False,OTHER
JARI,Jari,Gujarat,NWR,"Dhanera, Gujarat",24.587316,72.061232,True,False,OTHER
HTW,Hathua,Bihar,NER,"Hathua, Bihar",26.368902,84.340253,True,False,OTHER
HLV,Haliyuru,Karnataka,SWR,"State Highway 48, Karnataka",14.222474,76.336804,True,False,OTHER
BETI,Bhetasi,UNKNOWN,WR,,22.421624,73.032237,True,False,OTHER
KMNR,Kamalnagar,Karnataka,SCR,"Kamal Nagar, Karnataka",18.240644,77.178835,True,False,OTHER
JKL,Jalal Khali,West Bengal,UNKNOWN,"State Highway 11, West Bengal",23.347508,88.513628,True,False,OTHER
HPLE,Hatpuraini,Bihar,ER,"Bhagalpur, Bihar",25.155826,86.98507,True,False,OTHER
JGN,Jagraon,Punjab,NR,"Jagraon, Punjab",30.801197,75.472759,True,False,OTHER
HPA,Hampapura,Karnataka,SWR,"Hampapura, Karnataka",12.479685,76.394664,True,False,OTHER
IAM,Mai Halt,UNKNOWN,UNKNOWN,,25.156632,84.987819,True,False,OTHER
JHDC,Jehanabad Court,Bihar,ECR,"National Highway 83, Bihar",25.201143,84.984156,True,False,OTHER
JOR,Jalor,Rajasthan,NWR,"Jalor, Rajasthan",25.35418,72.63429,True,False,OTHER
JBP,JABALPUR,Madhya Pradesh,WCR,"Jabalpur, Madhya Pradesh",23.164636,79.950919,True,False,OTHER
IRN,Irgaon,Jharkhand,SER,"Lohardaga, Jharkhand",23.421551,84.783251,True,False,OTHER
JHK,JETHUKE,Punjab,NR,"Jettuke, Punjab",30.288215,75.318381,True,False,OTHER
JNA,JULANA,Haryana,NR,"Julana, Haryana",29.120124,76.396508,True,False,OTHER
IDJ,IDALHOND,Karnataka,SWR,"Garlgunj - Idalhond Rd, Karnataka",15.707929,74.518145,True,False,OTHER
IDL,INDALVAI,Andhra Pradesh,SCR,"Indalvai, Andhra Pradesh",18.548665,78.244351,True,False,OTHER
JJR,JEJURI,Maharashtra,CR,"Pune, Maharashtra",18.286557,74.171451,True,False,OTHER
JRBM,JIRIBAM,Assam,NFR,"Rd, Assam",24.798849,93.124376,True,False,OTHER
JRNA,Jirania,Tripura,NFR,"Jirania Railway Station, Tripura",23.827373,91.431986,True,False,OTHER
JCY,JIND CITY,Haryana,NR,"Jind, Haryana",29.309693,76.317477,True,False,OTHER
JDNX,JOGINDER NAGAR,Himachal Pradesh,NR,"Joginder Nagar, Himachal Pradesh",31.988433,76.788887,True,False,OTHER
IGL,IRINGAL,Kerala,SR,"Kochi - Panavel Rd, Kerala",11.548117,75.608869,True,False,OTHER
AILM,AILAM,Uttar Pradesh,NR,"State Highway 57, Uttar Pradesh",29.271995,77.291535,True,False,OTHER
JONR,Jeonara Ph,Madhya Pradesh,SECR,"Nainpur, Madhya Pradesh",22.467657,80.073534,True,False,OTHER
JAK,Jakanur,Karnataka,SWR,"Badami Rd, Karnataka",15.845019,75.650291,True,False,OTHER
IBL,INDRABIL,West Bengal,SER,"Purulia District, West Bengal",23.445294,86.781647,True,False,OTHER
JOS,JOGESHWARI,Maharashtra,WR,"Mumbai, Maharashtra",19.136551,72.849066,True,False,Mumbai
JDN,JAGUDAN,Gujarat,WR,"Mehsana, Gujarat",23.521841,72.401649,True,False,OTHER
PBS,Purab Sarai,Bihar,ER,"Munger, Bihar",0.0,0.0,False,False,OTHER
JGG,JANGIGANJ,Uttar Pradesh,NER,"Allahabad, Uttar Pradesh",25.305317,82.350672,True,False,OTHER
JMNR,Jamner,Maharashtra,CR,"Jamner, Maharashtra",20.806428,75.774823,True,False,OTHER
JTG,Jatinga,Assam,NFR,"Jatinga, Assam",25.132585,93.007958,True,False,OTHER
JMB,Jambusar Junction,Gujarat,WR,"Bharuch Jambusar, Gujarat",0.0,0.0,False,False,OTHER
JMBC,Jambusar City,Gujarat,WR,"Jambusar, Gujarat",0.0,0.0,False,False,OTHER
JTP,Jetpur,Gujarat,WR,"Jetpur, Gujarat",21.735313,70.615184,True,False,OTHER
JMRA,Jamira,Assam,UNKNOWN,"Bairabi Rd, Assam",24.307199,92.527405,True,False,OTHER
JONA,Jonha,Jharkhand,SER,"State Highway 2, Jharkhand",0.0,0.0,False,False,OTHER
JPAH,Jagdishpur Halt,Bihar,ECR,"Darbhanga, Bihar",0.0,0.0,False,False,OTHER
JBB,Jambur,Gujarat,WR,"Jambur, Gujarat",21.032797,70.593046,True,False,OTHER
ITKY,Itky,Jharkhand,SER,"Ranchi, Jharkhand",23.352211,85.127096,True,False,OTHER
JJN,Jhunjhunun,Rajasthan,NWR,"Jhunjhunu, Rajasthan",28.106884,75.390179,True,False,OTHER
JBU,Jabugam,Gujarat,WR,"Vadodara, Gujarat",22.28593,73.7605,True,False,OTHER
JTTN,Jorhat Town,Assam,NFR,"Jorhat, Assam",26.750692,94.217106,True,False,OTHER
JBW,Jhabelwali,Punjab,NR,"State Highway 16, Punjab",30.510447,74.602033,True,False,OTHER
JSA,Jasai,Rajasthan,UNKNOWN,"State Highway 40, Rajasthan",25.716785,71.24586,True,False,OTHER
IDAR,Idar,Gujarat,WR,"Sabarkantha, Gujarat",23.835435,73.01088,True,False,OTHER
JLLO,Jhilo,Rajasthan,NWR,"State Highway 13, Rajasthan",27.850784,75.890113,True,False,OTHER
HZR,Hafizpur,Uttar Pradesh,NR,"Hafizpur, Uttar Pradesh",28.671653,77.785833,True,False,OTHER
JK,Jakolari,Punjab,NR,"National Highway 15, Punjab",32.218706,75.545676,True,False,OTHER
JPO,Jora Alapur,Madhya Pradesh,NCR,"Joura, Madhya Pradesh",26.344599,77.802358,True,False,OTHER
JPV,Jamtara Paraswara,Madhya Pradesh,SECR,"Howbadh Jabalpur, Madhya Pradesh",23.091964,79.960351,True,False,OTHER
JRJ,JARGAON,Uttar Pradesh,NR,"Chandausi, Uttar Pradesh",28.560472,78.768653,True,False,OTHER
JTRD,JATH ROAD,Maharashtra,CR,"State Highway 71, Maharashtra",17.2166,75.110555,True,False,OTHER
KCB,KUSLAMB,Maharashtra,CR,"State Highway 77, Maharashtra",18.274834,75.777193,True,False,OTHER
KCNR,KACHNARA ROAD,Madhya Pradesh,WR,"State Highway 31, Madhya Pradesh",23.829547,75.101751,True,False,OTHER
JWO,JAWAD ROAD,Rajasthan,WR,"National Highway 79, Rajasthan",24.557577,74.764389,True,False,OTHER
JYM,JAI SAMAND ROAD,Rajasthan,NWR,"Dengari, Rajasthan",24.22064,73.86827,True,False,OTHER
KEG,KARENGI,Uttar Pradesh,NR,"Karengi, Uttar Pradesh",28.346844,79.041353,True,False,OTHER
JSM,JAISALMER,Rajasthan,NWR,"Jaisalmer, Rajasthan",26.91655,70.928239,True,False,OTHER
JID,JAGI ROAD,Assam,NFR,"Jagiroad, Assam",26.126114,92.197461,True,False,OTHER
JKN,JAKHANIAN,Uttar Pradesh,NER,"State Highway 67, Uttar Pradesh",25.740942,83.369563,True,False,OTHER
KEQ,KACHHPURA,Madhya Pradesh,WCR,"Jabalpur, Madhya Pradesh",23.168783,79.903128,True,False,OTHER
JRS,JORAVASAN,Gujarat,WR,"Joravasan, Gujarat",20.729778,72.96576,True,False,OTHER
JLR,JETALSAR JN,Gujarat,WR,"Rajkot, Gujarat",21.729374,70.57391,True,False,OTHER
JHT,JUNEHTA,Madhya Pradesh,WCR,"State Highway 22, Madhya Pradesh",22.78247,78.596143,True,False,OTHER
KB,KHAIRATABAD,Uttar Pradesh,NER,"Sitapur National Highway 24, Uttar Pradesh",27.521338,80.740844,True,False,OTHER
JIR,JIRA ROAD,Gujarat,WR,"SH 236, Gujarat",21.450312,71.345267,True,False,OTHER
JJT,JAI JAI WANTI,Haryana,NR,"Jind, Haryana",29.16948,76.369265,True,False,OTHER
JKP,JHAREKAPUR,Uttar Pradesh,NER,"Sitapur, Uttar Pradesh",27.680642,80.728934,True,False,OTHER
JSB,Yamuna South Bank,Uttar Pradesh,NCR,"Uttar Pradesh, Uttar Pradesh",25.902334,80.226651,True,False,OTHER
JPH,JHANTIPAHARI,West Bengal,UNKNOWN,"Bankura District, West Bengal",23.353363,86.904491,True,False,OTHER
JNKR,Janakinagar,Bihar,ECR,"Chapra, Bihar",25.881604,87.116949,True,False,OTHER
KAGR,KAGANGARH,Punjab,NR,"MDR 102, Punjab",29.83946,75.739115,True,False,OTHER
KFP,Kukra Khapa,Madhya Pradesh,SECR,"State Highway 19, Madhya Pradesh",21.825569,78.897525,True,False,OTHER
KALD,Kalanad,Kerala,SR,"Kizur Rd, Kerala",0.0,0.0,False,False,OTHER
KALN,Kalana,Rajasthan,NWR,"MDR 18, Rajasthan",0.0,0.0,False,False,OTHER
KAPM,Kottapalem,Andhra Pradesh,ECoR,"Vishakhapatnam, Andhra Pradesh",0.0,0.0,False,False,OTHER
KBGN,Khubagaon,Maharashtra,CR,"Khubagaon, Maharashtra",0.0,0.0,False,False,OTHER
JYP,JEYPORE,Orissa,UNKNOWN,"Jeypore, Orissa",18.896375,82.554679,True,False,OTHER
JKHI,Jakhod Khera,Haryana,NWR,"Jakhodlkhera, Haryana",29.209394,75.57373,True,False,OTHER
KCO,Kachhia Bridge,Uttar Pradesh,NER,"State Highway 33, Uttar Pradesh",27.944171,78.863805,True,False,OTHER
KAVI,Kavi,Gujarat,WR,"Bharuch, Gujarat",22.472291,88.398084,True,False,OTHER
JNK,Jhinkpani,Jharkhand,SER,"Jorapokhar, Jharkhand",22.420011,85.770662,True,False,OTHER
KAI,KAIRLA,Rajasthan,NWR,"Pali, Rajasthan",25.847435,73.19551,True,False,OTHER
JPM,JIYAPURAM,Tamil Nadu,UNKNOWN,"NH 67, Tamil Nadu",10.873546,78.606343,True,False,OTHER
KCY,Kaichar,West Bengal,ER,"Kaichar, West Bengal",0.0,0.0,False,False,OTHER
KDRA,Kadampura,Bihar,ECR,"Kadampura, Bihar",0.0,0.0,False,False,OTHER
JRG,Jugpura,Orissa,UNKNOWN,"Mayurbhanj, Orissa",21.668795,86.912796,True,False,OTHER
JOH,Juharpura,Rajasthan,NWR,"State Highway 69, Rajasthan",28.199319,74.84733,True,False,OTHER
JOK,Jodhka,Haryana,UNKNOWN,"Sirsa, Haryana",29.493382,75.218369,True,False,OTHER
JTDM,Jatdumri Halt,UNKNOWN,UNKNOWN,,25.474493,85.095063,True,False,OTHER
VI,Villianur,Puducherry,SR,"NH 45A, Puducherry",11.919269,79.757506,True,False,OTHER
JKS,Jaksi,Gujarat,WR,"State HIghway 138, Gujarat",23.222303,72.107648,True,False,OTHER
KBGH,Karea Kadambagachhi,West Bengal,ER,"State Highway 2, West Bengal",22.705299,88.534887,True,False,OTHER
JRL,Jharili,Haryana,NWR,"Jhajjar, Haryana",28.50653,76.374648,True,False,OTHER
JHWR,Jhawar,Punjab,NR,"National Highway 15, Punjab",32.002349,75.377777,True,False,OTHER
KAJ,Kaliyaganj,West Bengal,NFR,"RaiGanj, West Bengal",25.6393,88.330404,True,False,OTHER
KBE,KUREBHAR,Uttar Pradesh,NR,"MDR 66E, Uttar Pradesh",26.409469,82.111598,True,False,OTHER
KGM,KATHGODAM,Uttarakhand,NER,"Kathgodam, Uttarakhand",29.266583,79.54633,True,False,OTHER
KDGI,KUDGI,Karnataka,SWR,"NH 13, Karnataka",16.530215,75.811482,True,False,OTHER
KHHJ,Khatkar Kalan,Punjab,NR,"Nawan Shahar, Punjab",31.166967,76.02555,True,False,OTHER
KDLG,KUNDALGARH,Rajasthan,NWR,"Dungarpur, Rajasthan",24.02828,73.81051,True,False,OTHER
KCF,KALCHINI,West Bengal,NFR,"NH 31C, West Bengal",26.687507,89.447487,True,False,OTHER
JVA,JAVALE,Maharashtra,CR,"State Highway 71, Maharashtra",17.298963,75.157805,True,False,OTHER
JUA,JARAUNA,Uttar Pradesh,NR,"Alamganj, Uttar Pradesh",25.55713,82.399136,True,False,OTHER
JSP,JAYASINGPUR,Maharashtra,CR,"Jaysingpur, Maharashtra",16.791339,74.551613,True,False,OTHER
KBI,KAMBRGANVI,Karnataka,SWR,"State Highway 34, Karnataka",15.459597,74.875061,True,False,OTHER
KDMR,KODIYAR MANDIR,Gujarat,WR,"SH 21, Gujarat",21.739201,72.004602,True,False,OTHER
KIQ,Khai Phemeki,Punjab,NR,"State Highway 20, Punjab",30.901617,74.551218,True,False,OTHER
JWP,JWALAPUR,Uttarakhand,NR,"Jwalapur, Uttarakhand",29.928457,78.120775,True,False,OTHER
KBR,KABRAI,Uttar Pradesh,NCR,"National Highway 76, Uttar Pradesh",25.385191,80.03824,True,False,OTHER
KCR,KHONKER,Madhya Pradesh,WCR,"Shivpuri, Madhya Pradesh",25.316453,77.578988,True,False,OTHER
KGW,KARIGANURU,Karnataka,SWR,"Bellary, Karnataka",15.251727,76.43343,True,False,OTHER
KBL,KOPPAL,Karnataka,SWR,"Koppal, Karnataka",15.353868,76.143959,True,False,OTHER
KGI,KENGERI,Karnataka,SWR,"Bengaluru, Karnataka",12.918047,77.48431,True,False,Bangalore
KBU,KASU BEGU,Punjab,NR,"Kasu Begu, Punjab",30.856795,74.671641,True,False,OTHER
KGX,KANGINHAL,Karnataka,SWR,"Gadag, Karnataka",15.447817,75.719041,True,False,OTHER
KHAR,KHAR,Maharashtra,WR,"Mumbai, Maharashtra",19.069166,72.840078,True,False,Mumbai
KILE,KANDIVLI,Maharashtra,WR,"Mumbai, Maharashtra",19.204551,72.852098,True,False,Mumbai
JTY,JETHI,Gujarat,NWR,"BANASKANTHA, Gujarat",24.291967,72.507154,True,False,OTHER
JSD,Jaisingder,Rajasthan,UNKNOWN,"Barmer, Rajasthan",25.755537,70.358859,True,False,OTHER
KIE,Khiria Khurd,Uttar Pradesh,NER,"Shahbaznagar, Uttar Pradesh",0.0,0.0,False,False,OTHER
KKGT,Kalkalighat,Assam,NFR,"National Highway 44, Assam",24.58042,92.295272,True,False,OTHER
BOMN,Bommagundanakere,Karnataka,SWR,"Bellary-Hiriyur Rd, Karnataka",14.59167,76.68023,True,False,OTHER
KAY,Karaimadai,Tamil Nadu,SR,"Karamadai, Tamil Nadu",11.238611,76.957617,True,False,OTHER
KKK,Khakharia,Gujarat,WR,"State Highway 110, Gujarat",21.653052,70.932064,True,False,OTHER
KALI,Kaili,Uttar Pradesh,NR,"State Highway 18, Uttar Pradesh",28.785394,77.75277,True,False,OTHER
KKAE,Kaikala,West Bengal,ER,"State Highway 2, West Bengal",22.839987,88.093379,True,False,OTHER
JTH,Jhoktahal Singh,Punjab,NR,"Jhoktahal Sing, Punjab",30.80909,74.495544,True,False,OTHER
JRX,Juriagaon,Assam,NFR,"Mathaouri Rd, Assam",26.441079,92.644475,True,False,OTHER
KGKD,Kang Khurd,Punjab,NR,"Kang Khurd, Punjab",31.126338,75.213236,True,False,OTHER
KARH,Kakraha Rest House,Uttar Pradesh,NER,"State Highway 26, Uttar Pradesh",27.998447,81.420529,True,False,OTHER
KLCR,Katlicherra,Assam,UNKNOWN,"Bairabi Rd, Assam",24.453018,92.547042,True,False,OTHER
KHGR,Kashinagar Halt,West Bengal,ER,"Kashinagar, West Bengal",21.905394,88.201323,True,False,OTHER
KCHV,Kachchanvilai,Tamil Nadu,SR,"Thoothukudi, Tamil Nadu",8.579344,78.022519,True,False,OTHER
KDBM,Khed Brahma,Gujarat,WR,"Khedbrahma, Gujarat",24.029406,73.041259,True,False,OTHER
JTS,Jatusana,Haryana,NWR,"Nanagal Pathani Rd, Haryana",28.331448,76.521104,True,False,OTHER
KHNM,Kunda Harnamganj,Uttar Pradesh,NR,"Kunda, Uttar Pradesh",25.714175,81.509547,True,False,OTHER
KI,KONDAPALLI,Andhra Pradesh,SCR,"Kondapalli, Andhra Pradesh",16.623242,80.546693,True,False,OTHER
KII,KILLE,Tamil Nadu,SR,"NH 45A, Tamil Nadu",11.43755,79.722552,True,False,OTHER
KLPG,KAMALPURGRAM,Chhattisgarh,SECR,"National Highway 78, Chhattisgarh",23.166227,83.080298,True,False,OTHER
KFA,KOPARIA,Bihar,ECR,"Bihar, Bihar",25.661041,86.59816,True,False,OTHER
KHDI,KHANDERI,Gujarat,WR,"Rajkot, Gujarat",22.361076,70.716676,True,False,OTHER
KHC,KHORANA,Gujarat,WR,"State Highway 113, Gujarat",22.39349,70.829991,True,False,OTHER
KDU,KADAMBUR,Tamil Nadu,SR,"Kadambur, Tamil Nadu",9.002019,77.863633,True,False,OTHER
KDN,KUDATINI,Karnataka,SWR,"Bellary, Karnataka",15.21516,76.763569,True,False,OTHER
KKB,KARAK BEL,Madhya Pradesh,WCR,"Karak Bel, Madhya Pradesh",22.992315,79.341259,True,False,OTHER
KJG,KARAJGI,Karnataka,SWR,"haveri, Karnataka",14.851426,75.407636,True,False,OTHER
KEB,KARAMBELI,Gujarat,WR,"National Highway 8, Gujarat",20.316435,72.901534,True,False,OTHER
KEZ,Kelzar,Maharashtra,SECR,"Chandrapur, Maharashtra",19.98294,79.56394,True,False,OTHER
KEP,Kelanpur,Gujarat,WR,"SH 11, Gujarat",22.233139,73.277017,True,False,OTHER
KDHL,Kundhela,Gujarat,WR,"Vadodara, Gujarat",22.227958,73.28142,True,False,OTHER
KESR,Kesri Singhpur,Rajasthan,NWR,"Kesrisinghpur, Rajasthan",29.950589,73.61854,True,False,OTHER
KLMC,KALAMBOLI,Maharashtra,CR,"Navi Mumbai., Maharashtra",19.035625,73.114809,True,False,Mumbai
KGQ,KASARAGOD,Kerala,SR,"Kasaragod, Kerala",12.491175,74.987652,True,False,OTHER
KLRD,KALI ROAD,Gujarat,WR,"Ahmedabad, Gujarat",23.097473,72.577873,True,False,OTHER
KNGT,KARNAWAS,Haryana,NWR,"Karnawas, Haryana",28.130539,76.590073,True,False,OTHER
PSL,PARISAL,Rajasthan,NWR,"Khairthal, Rajasthan",27.669476,76.615266,True,False,OTHER
AJE,ANJAR,Gujarat,WR,"Anjar, Gujarat",23.119472,70.036611,True,False,OTHER
KHA,Khaigaon,Madhya Pradesh,WCR,"East Nimar, Madhya Pradesh",22.011786,76.481257,True,False,OTHER
KHLL,KETOHALLI,Karnataka,SWR,"Bengaluru, Karnataka",12.758926,77.335544,True,False,Bangalore
KLNA,KOLHANA HALT,Bihar,UNKNOWN,"Kothana, Bihar",24.810754,85.188728,True,False,OTHER
KJP,Khojeepura,Madhya Pradesh,NCR,"Khojeepura, Madhya Pradesh",25.918097,76.851134,True,False,OTHER
KMB,Kalv Amba,Gujarat,WR,"Gujarat, Gujarat",0.0,0.0,False,False,OTHER
KLKR,Kalikapur,West Bengal,ER,"Kalikapur Staion Rd, West Bengal",22.412606,88.47503,True,False,OTHER
KNDR,Kandari,Gujarat,WR,"Gujarat, Gujarat",0.0,0.0,False,False,OTHER
KNGM,Kangam,Gujarat,WR,"Gujarat, Gujarat",0.0,0.0,False,False,OTHER
KLW,Kalwan Halt,West Bengal,ER,"Kalwan, West Bengal",22.076525,88.256019,True,False,OTHER
KDRI,Kendri,Chhattisgarh,SECR,"Kendri, Chhattisgarh",21.131542,81.729967,True,False,OTHER
KKNA,Khunkhuna,Rajasthan,NWR,"State Highway 60, Rajasthan",27.277761,74.49286,True,False,OTHER
KNBR,Kanaibazar,Assam,NFR,"National Highway 44, Assam",24.63874,92.326722,True,False,OTHER
KHRA,Khachera,Rajasthan,NWR,"State Highway 37, Rajasthan",27.53076,75.648912,True,False,OTHER
KLOD,Kelod,Maharashtra,SECR,"Kelod, Maharashtra",21.470222,78.891017,True,False,OTHER
KHTU,Khatu,Rajasthan,NWR,"Khatu Khurd, Rajasthan",27.116118,74.331631,True,False,OTHER
KFV,Kundara East,Kerala,SR,"Kollam-Tirumangalam Rd, Kerala",8.969608,76.691337,True,False,OTHER
KLZ,Keolari,Madhya Pradesh,SECR,"State Highway 11A, Madhya Pradesh",22.374838,79.90885,True,False,OTHER
KLE,Kaithal,Haryana,NR,"Haryana, Haryana",29.792735,76.397796,True,False,OTHER
KKNH,Karukhirharnagar Halt,UNKNOWN,ECR,,25.891166,86.616491,True,False,OTHER
SLHP,SULAH HIMACHAL PRADESH,Himachal Pradesh,NR,"Sulah, Himachal Pradesh",32.070953,76.475805,True,False,OTHER
KKZ,Kottarakara,Kerala,SR,"Kottarakkara, Kerala",9.000279,76.765986,True,False,OTHER
KIY,Kalayat,Haryana,NR,"Haryana, Haryana",29.679484,76.228181,True,False,OTHER
KIJ,Kuldiha,Orissa,SER,"Mayurbhanj, Orissa",22.333103,86.276641,True,False,OTHER
KMRD,KALAMB ROAD,Maharashtra,CR,"Tadwale, Maharashtra",18.371892,76.04934,True,False,OTHER
KMC,KAMAREDDI,Andhra Pradesh,SCR,"Kamareddi, Andhra Pradesh",18.32586,78.335858,True,False,OTHER
KLB,KIRAOLI,Uttar Pradesh,NCR,"Kiraoli, Uttar Pradesh",27.133898,77.785812,True,False,OTHER
KNVT,KINWAT,Maharashtra,SCR,"Kinwat, Maharashtra",19.618502,78.202435,True,False,OTHER
KJLU,KHARI JHALU,Uttar Pradesh,NR,"Jhalu, Uttar Pradesh",29.331864,78.218904,True,False,OTHER
KHV,KARAINTHI,Haryana,NR,"NH 71, Haryana",29.01382,76.481782,True,False,OTHER
KIU,KINANA,Haryana,NR,"Brarkhera, Haryana",29.227482,76.336659,True,False,OTHER
KLWN,KALWAN,Haryana,NR,"MDR 111, Haryana",29.701333,75.952638,True,False,OTHER
KKP,KOT KAPURA,Punjab,NR,"Kotkapura, Punjab",30.578496,74.818173,True,False,OTHER
KLT,KULITALAI,Tamil Nadu,SR,"Kulithalai, Tamil Nadu",10.932727,78.420893,True,False,OTHER
KKET,KAMRUP KHETRI,Assam,NFR,"Khetri, Assam",26.127178,92.081877,True,False,OTHER
KM,KALEEM,Goa,SWR,"Kalay Railway Station, Goa",15.293341,74.188843,True,False,OTHER
KNP,KHANAPUR,Karnataka,SWR,"Khanapur, Karnataka",15.637934,74.499757,True,False,OTHER
PRSR,Paharsar,Rajasthan,NWR,"Paharsar, Rajasthan",28.76443,75.410384,True,False,OTHER
KMLI,KAMLI,Gujarat,WR,"Chhapi, Gujarat",23.863182,72.375949,True,False,OTHER
SHIV,SHINDAWANE,Maharashtra,CR,"Walti Goan, Maharashtra",18.434555,74.163601,True,False,OTHER
KKW,KANKAVALI,Maharashtra,KR,"Kankavli, Maharashtra",16.258777,73.719871,True,False,OTHER
KMQ,KUMBLA,Kerala,SR,"Kumbla, Kerala",12.590263,74.943503,True,False,OTHER
KNPL,Kandanur Puduvayal,Tamil Nadu,SR,"State Highway 28, Tamil Nadu",0.0,0.0,False,False,OTHER
KORA,Kora,Gujarat,WR,"Gujarat, Gujarat",0.0,0.0,False,False,OTHER
KORL,Kural,Gujarat,WR,"Vadodara Jambusar, Gujarat",0.0,0.0,False,False,OTHER
KLQ,Kilikollur,Kerala,SR,"Kollam, Kerala",8.918295,76.632794,True,False,OTHER
KQV,Kinkhed,Maharashtra,CR,"State Highway 201, Maharashtra",0.0,0.0,False,False,OTHER
KR,Kevdi,Gujarat,WR,"SH 166, Gujarat",0.0,0.0,False,False,OTHER
KNDL,Khandel,Rajasthan,NWR,"MDR 59, Rajasthan",26.952947,75.279878,True,False,OTHER
KHRK,Kharak,Haryana,NWR,"kharak Village, Haryana",28.83755,76.308694,True,False,OTHER
KPKD,Khapri Kheda,Maharashtra,SECR,"State Highway 243, Maharashtra",21.279557,79.113667,True,False,OTHER
KOTI,Koti,Himachal Pradesh,NR,"National Highway 22, Himachal Pradesh",30.852821,76.994519,True,False,OTHER
KKTA,Kollikhutaha,Bihar,ER,"State Highway 19, Bihar",25.18966,86.987831,True,False,OTHER
KKRL,Kakrala,Punjab,NR,"Nabha, Punjab",30.367615,76.074534,True,False,OTHER
KJY,Khurja City,Uttar Pradesh,NR,"Sikri, Uttar Pradesh",28.252454,77.841161,True,False,OTHER
KQI,KALACHAND,Assam,NFR,"Diakkawn Rd, Assam",25.339051,93.13312,True,False,OTHER
KPV,KASHIPUR,Uttarakhand,NER,"Kashipur, Uttarakhand",29.204978,78.96071,True,False,OTHER
KNKT,KANAKOT,Gujarat,WR,"State Highway 113, Gujarat",22.488122,70.876238,True,False,OTHER
KODI,KODI,Maharashtra,SCR,"Ranjani, Maharashtra",19.710119,76.005253,True,False,OTHER
KNO,KUNDGOL,Karnataka,SWR,"Kundgol, Karnataka",15.258352,75.250168,True,False,OTHER
KTHU,KATHUA,Jammu and Kashmir,NR,"Kathua, Jammu and Kashmir",32.397897,75.551922,True,False,Kolkata
KTF,KOT FATTEH,Punjab,NR,"Bathinda, Punjab",30.120716,75.087931,True,False,OTHER
KRH,KHAIRTHAL,Rajasthan,NWR,"Khairthal, Rajasthan",27.797324,76.641704,True,False,OTHER
KODR,Kodinar,Gujarat,WR,"Kodinar, Gujarat",20.797371,70.695807,True,False,OTHER
KQS,Kailaras,Madhya Pradesh,NCR,"Kailaras, Madhya Pradesh",26.304661,77.620659,True,False,OTHER
KRJN,Karanjali Halt,West Bengal,ER,"Tengrabichi, West Bengal",0.0,0.0,False,False,OTHER
KRJT,Karanja Town,Maharashtra,CR,"Karanja, Maharashtra",0.0,0.0,False,False,OTHER
KUG,KUSUGALI,Karnataka,SWR,"National Highway 63, Karnataka",15.392095,75.233643,True,False,OTHER
KSG,KISHANGARH,Rajasthan,NWR,"Kishangarh, Rajasthan",26.588968,74.855553,True,False,OTHER
KRJR,KARJARA,Bihar,ECR,"State Highway 8, Bihar",24.808297,85.151844,True,False,OTHER
KRTR,KAROTA PATRI HALT,UNKNOWN,UNKNOWN,,25.152409,86.037737,True,False,OTHER
KOL,KOLAD,Maharashtra,KR,"Kolad, Maharashtra",18.392294,73.223871,True,False,OTHER
KRMI,KARMALI,Goa,KR,"Karmali North, Goa",15.490213,73.924664,True,False,OTHER
KRMG,Kumaramangalam,Tamil Nadu,SR,"Avur Rd, Tamil Nadu",10.696433,78.724107,True,False,OTHER
KSAI,Kosadi Halt,Gujarat,WR,"Mosali, Gujarat",0.0,0.0,False,False,OTHER
KSBG,Khusta Buzurg,Maharashtra,CR,"Amravati, Maharashtra",0.0,0.0,False,False,OTHER
KPQ,KANNAPURAM,Kerala,SR,"Kannur District, Kerala",11.984076,75.31381,True,False,OTHER
KRHR,Kharar,Punjab,NR,"Kharar, Punjab",30.726294,76.636042,True,False,OTHER
KRJA,Karanja,Maharashtra,CR,"Karanja, Maharashtra",20.491826,77.481522,True,False,OTHER
KRON,Karona Halt,UNKNOWN,UNKNOWN,,25.263397,85.005411,True,False,OTHER
KTGM,Kayasthagram,Assam,NFR,"National Highway 44, Assam",24.721172,92.353216,True,False,OTHER
KNGR,Kashinagar Halt,Orissa,ECoR,"State Highway 34, Orissa",18.856864,83.875696,True,False,OTHER
KRBO,Karaboh,Madhya Pradesh,SECR,"SH 26, Madhya Pradesh",22.05458,79.262358,True,False,OTHER
KPA,Kanchrapara,West Bengal,ER,"Kanchrapara, West Bengal",22.946024,88.451231,True,False,OTHER
KTNI,Kapustalni,Maharashtra,CR,"Amravati, Maharashtra",0.0,0.0,False,False,OTHER
KTNR,Kirtyanand Nagar,Bihar,ECR,"Purnea, Bihar",0.0,0.0,False,False,OTHER
KRXM,Krishnamohan Halt,West Bengal,ER,"Krishnamohan, West Bengal",22.330258,88.449759,True,False,OTHER
KRX,Kurud,UNKNOWN,SECR,,20.833165,81.696451,True,False,OTHER
KRDH,Koradih,Maharashtra,SECR,"Nagpur, Maharashtra",21.249152,79.101401,True,False,OTHER
KTPM,Kotturpuram,Tamil Nadu,SR,"Chennai, Tamil Nadu",13.013835,80.248209,True,False,Chennai
KRP,Krishnapur,West Bengal,ER,"Lalgola, West Bengal",24.406331,88.256132,True,False,OTHER
KUTL,Kuwanthal,Rajasthan,NWR,"Pali, Rajasthan",25.498041,73.918994,True,False,OTHER
KRKN,Karkend,West Bengal,SER,"Karkend, West Bengal",23.765615,86.369799,True,False,OTHER
KTBR,Kasturba Nagar,Tamil Nadu,SR,"Chennai, Tamil Nadu",13.005609,80.248086,True,False,Chennai
KNAD,Kanad,Gujarat,WR,"Bhavnagar, Gujarat",21.649251,71.92634,True,False,OTHER
KRC,Kiroda,Rajasthan,NWR,"Degana, Rajasthan",26.991165,74.311248,True,False,OTHER
KRO,KURAWAN,Madhya Pradesh,WCR,"Harda, Madhya Pradesh",22.191568,76.888706,True,False,OTHER
KSAE,KOSAI,Maharashtra,SCR,"Kinwat, Maharashtra",19.639502,78.334546,True,False,OTHER
KTLA,KATKOLA JN,Gujarat,WR,"Katkola Junction, Gujarat",21.85218,69.884136,True,False,OTHER
KRGA,KURANGA,Gujarat,WR,"Jamnagar, Gujarat",22.061244,69.171715,True,False,OTHER
KRCD,KHARWA CHANDA,Rajasthan,NWR,"Kharwa Chanda, Rajasthan",24.417763,73.794095,True,False,OTHER
VR,VIRAR,Maharashtra,WR,"Thane, Maharashtra",19.454407,72.811737,True,False,OTHER
KTI,KANTI,Bihar,ECR,"Kanti, Bihar",26.198944,85.285092,True,False,OTHER
KSU,KUSHTAUR,West Bengal,SER,"Purulia, West Bengal",23.430416,86.498336,True,False,OTHER
KTGD,KOTH GANGAD,Gujarat,WR,"Koth, Gujarat",22.628275,72.301689,True,False,OTHER
KTO,KATORA,Chhattisgarh,SECR,"Patna, Chhattisgarh",23.311593,82.711219,True,False,OTHER
KV,Kayavarohan,Gujarat,WR,"Kayavarohan, Gujarat",0.0,0.0,False,False,OTHER
KVO,Kevdi Road,Gujarat,WR,"Gujarat, Gujarat",0.0,0.0,False,False,OTHER
KSD,KESHOD,Gujarat,WR,"Keshod, Gujarat",21.297662,70.252274,True,False,OTHER
KSA,KHASA,Punjab,NR,"Khasa, Punjab",31.610411,74.714584,True,False,OTHER
KQY,KHARIKATIA,Assam,NFR,"Dhodar Ali, Assam",26.615923,94.248092,True,False,OTHER
KS,KHETA SARAI,Uttar Pradesh,NR,"Nawab Yousuf Rd, Uttar Pradesh",25.965775,82.688664,True,False,OTHER
KTR,KOTHAR,Rajasthan,NWR,"Pali, Rajasthan",24.980982,73.123647,True,False,OTHER
KWDP,Kakdwip,West Bengal,ER,"National Highway 117, West Bengal",21.8796,88.193879,True,False,OTHER
NMT,NAMTIALI,Assam,NFR,"National Highway 61, Assam",26.851588,94.619336,True,False,OTHER
KRKP,KYARKOP,Karnataka,SWR,"Dharwad, Karnataka",15.442249,74.967948,True,False,OTHER
KUD,KUDACHI,Karnataka,SWR,"Kudchi, Karnataka",16.62608,74.858687,True,False,OTHER
KRG,KOREGAON,Maharashtra,CR,"Koregaon, Maharashtra",17.690976,74.147622,True,False,OTHER
KQK,KOTIKULAM,Kerala,SR,"Bekal, Kerala",12.423507,75.024008,True,False,OTHER
KTKR,Kumtha Khurd,Maharashtra,SCR,"State Highway 217, Maharashtra",18.421839,77.009296,True,False,OTHER
KTU,KUTTIPPURAM,Kerala,SR,"Kuttippuram, Kerala",10.845724,76.033397,True,False,OTHER
KRNI,KRISHNAI,Assam,NFR,"NH 37, Assam",26.070884,90.682568,True,False,OTHER
KUHI,Kuhi,Maharashtra,SECR,"Nagpur, Maharashtra",21.007558,79.35072,True,False,OTHER
KXD,Kokalda,Maharashtra,CR,"Amravati, Maharashtra",0.0,0.0,False,False,OTHER
KZPB,Kazipara Barasat,West Bengal,ER,"Station Rd, West Bengal",0.0,0.0,False,False,OTHER
KTAL,Kathalal,Gujarat,WR,"Kathalal, Gujarat",22.899659,72.986389,True,False,OTHER
KUTR,Kulathur,Tamil Nadu,SR,"Keeranur, Tamil Nadu",10.572175,78.792077,True,False,OTHER
LAT,Lathi,Gujarat,WR,"Lathi, Gujarat",21.73935,71.386531,True,False,OTHER
KWF,Katwa,West Bengal,ER,"Katwa, West Bengal",23.639805,88.123575,True,False,OTHER
KYH,Khairah,Bihar,NER,"Saran, Bihar",25.861013,84.760114,True,False,OTHER
KYP,Kalyanpur,West Bengal,ER,"Baruipur, West Bengal",22.343456,88.414597,True,False,OTHER
KTNA,Kathana,Gujarat,WR,"Bhadran, Gujarat",22.235721,72.752631,True,False,OTHER
KRUR,Keeranur,Tamil Nadu,SR,"Keeranur, Tamil Nadu",10.576655,78.787292,True,False,OTHER
KTWS,Kathuwas,Haryana,NWR,"State Highway 26, Haryana",28.133107,76.343794,True,False,OTHER
KRY,Kadiri,Andhra Pradesh,SCR,"Kadiri, Andhra Pradesh",14.114788,78.165591,True,False,OTHER
KUMB,KUMARBAGH,Bihar,ECR,"Kumarbagh, Bihar",26.874522,84.51158,True,False,OTHER
LAK,LAKHO,Bihar,ECR,"Lakho, Bihar",25.41636,86.205004,True,False,OTHER
KVK,KAVATHE MAHANKL,Maharashtra,CR,"Jath Rd, Maharashtra",17.007517,74.944911,True,False,OTHER
KXO,KUDIKADU,Tamil Nadu,SR,"Poondi, Tamil Nadu",10.775636,79.241642,True,False,OTHER
LKPR,Lakshmikantpur,West Bengal,ER,"Lakshmikantapur, West Bengal",22.110055,88.321958,True,False,Kolkata
LAL,LUSHALA,Gujarat,WR,"State Highway 99, Gujarat",21.391824,70.32629,True,False,OTHER
KWJ,KHOJEWALA,Punjab,NR,"Kapurthala, Punjab",31.359247,75.474956,True,False,OTHER
KXH,KAPURTHALA,Punjab,NR,"Kapurthala, Punjab",31.366846,75.382724,True,False,OTHER
LING,Ling,Maharashtra,CR,"Ling, Maharashtra",25.290392,87.361583,True,False,OTHER
KZS,KUAKHERA HALT,Uttar Pradesh,NR,"Chandausi, Uttar Pradesh",28.546471,78.766517,True,False,OTHER
KVE,KAVALANDE,Karnataka,SWR,"SH 57, Karnataka",12.033304,76.799272,True,False,OTHER
KWM,KAMPUR,Assam,NFR,"Kampur, Assam",26.160601,92.657787,True,False,OTHER
KZW,KATAR SINGHWALA,Punjab,NR,"State Highway 17, Punjab",30.15413,75.010844,True,False,OTHER
KZTW,KULITTURAI WEST,Tamil Nadu,SR,"Kanyakumari, Tamil Nadu",8.323734,77.209792,True,False,OTHER
LNH,Lachhmangarh Sikar,Rajasthan,NWR,"Laxmangarh, Rajasthan",27.832586,75.034114,True,False,OTHER
KUTI,Khumtai,Assam,NFR,"Khumtai, Assam",26.626404,93.864273,True,False,OTHER
LDE,Lokdhikhera,Madhya Pradesh,SECR,"Sausar, Madhya Pradesh",21.582533,78.855877,True,False,OTHER
LDD,Ladkhed,Maharashtra,CR,"SH 212, Maharashtra",0.0,0.0,False,False,OTHER
KZC,Kulukkalur,Kerala,SR,"Kulukkallur, Kerala",10.868287,76.239443,True,False,OTHER
LDM,Ledarmer,Rajasthan,NWR,"Jalor, Rajasthan",25.055439,72.347019,True,False,OTHER
LFG,Lower Haflong,Assam,NFR,"Haflong, Assam",0.0,0.0,False,False,OTHER
LGN,Lehgaon,Maharashtra,CR,"Amravati, Maharashtra",0.0,0.0,False,False,OTHER
LKKA,Lal Kuan,Uttarakhand,NER,"Lalkuan, Uttarakhand",0.0,0.0,False,False,OTHER
LMB,Limbara,Gujarat,WR,"SH 166, Gujarat",0.0,0.0,False,False,OTHER
KYI,Kalyani,West Bengal,ER,"Kalyani, West Bengal",22.969219,88.467499,True,False,OTHER
KUDN,Kudni,Punjab,NR,"MDR 101, Punjab",29.777709,75.844701,True,False,OTHER
KXT,Ketti,Tamil Nadu,SR,"Granduff Rd, Tamil Nadu",11.381409,76.736915,True,False,OTHER
LIR,Lachmipur,UNKNOWN,NER,,27.25415,83.379037,True,False,OTHER
LIG,Linga,Madhya Pradesh,SECR,"Linga, Madhya Pradesh",21.963575,78.936403,True,False,OTHER
LDK,Ladhuka,Punjab,NR,"State Highway 20, Punjab",30.49849,74.119614,True,False,OTHER
KYBR,Khairatiya Bandh Road,Uttar Pradesh,NER,"Khairatiya, Uttar Pradesh",28.272292,81.081765,True,False,OTHER
LEDO,Ledo,Assam,NFR,"Ledo, Assam",27.288435,95.725374,True,False,OTHER
LBO,Latabor,Chhattisgarh,SECR,"Latabore, Chhattisgarh",20.789828,81.26577,True,False,OTHER
KYY,Kariha,Punjab,NR,"Kariha, Punjab",31.146278,76.068043,True,False,OTHER
KYS,Kusumkasa,Chhattisgarh,SECR,"Kusumkasa, Chhattisgarh",20.637273,81.087812,True,False,OTHER
KTYR,Kottaiyur,Tamil Nadu,SR,"Kottaiyur, Tamil Nadu",10.112077,78.786317,True,False,OTHER
LGL,Lalgola,West Bengal,ER,"Lalgola, West Bengal",24.421152,88.257513,True,False,OTHER
KVH,Khambhel,Gujarat,WR,"State Highway 7, Gujarat",23.610866,72.042973,True,False,OTHER
LKN,LAKHMINIA,Bihar,ECR,"Bihar, Bihar",25.426072,86.309269,True,False,OTHER
LNP,LANGARPETH,Maharashtra,CR,"Jath Rd, Maharashtra",17.084723,74.967125,True,False,OTHER
LMNR,LAKSHMIBAI NAGAR,Madhya Pradesh,WR,"Indore, Madhya Pradesh",22.742296,75.858526,True,False,Kolkata
LHBK,LOTHAL BHURKI,Gujarat,WR,"State Highway 1, Gujarat",22.55299,72.222393,True,False,OTHER
LPNR,LAJPAT NAGAR,Delhi NCT,NR,"Lajpat Nagar, Delhi NCT",28.57927,77.244136,True,False,Delhi
MCPK,Chepauk,Tamil Nadu,SR,"Chennai, Tamil Nadu",13.061372,80.28015,True,False,Chennai
LSR,LASUR,Maharashtra,SCR,"Aurangabad, Maharashtra",19.926081,75.011489,True,False,OTHER
LNA,LAMANA,Rajasthan,NWR,"Beawar, Rajasthan",26.244934,74.46563,True,False,OTHER
LOG,LOHGARA,Uttar Pradesh,NCR,"Lohgara, Uttar Pradesh",25.25045,81.73019,True,False,OTHER
DTRA,DANTRA,UNKNOWN,UNKNOWN,,26.772569,75.149207,True,False,OTHER
LBTL,Lebutala,West Bengal,ER,"Lebutala, West Bengal",22.666791,88.640107,True,False,OTHER
LTD,LATHIDAD,Gujarat,WR,"Tajpar Rd, Gujarat",22.090056,71.702802,True,False,OTHER
LLU,LALRU,Punjab,NR,"Lalru, Punjab",30.479756,76.7941,True,False,OTHER
LPJ,LALPUR JAM,Gujarat,WR,"Lalpur, Gujarat",22.194538,69.95242,True,False,OTHER
LPU,Lakhpuri,Maharashtra,CR,"Lakhpuri, Maharashtra",0.0,0.0,False,False,OTHER
LSN,Lasina,Maharashtra,CR,"Lasina, Maharashtra",0.0,0.0,False,False,OTHER
LTA,Lamta,Madhya Pradesh,SECR,"Lamta, Madhya Pradesh",22.139038,80.124429,True,False,OTHER
LHA,LEHRA GAGA,Punjab,NR,"Sangrur, Punjab",29.937832,75.810079,True,False,OTHER
RRME,RANCHI ROAD,UNKNOWN,ECR,,23.665992,85.511603,True,False,OTHER
LKSH,LAKSHMINARAYANAPURAM,Andhra Pradesh,SCR,"L Narayanapuram, Andhra Pradesh",16.600703,81.592567,True,False,Kolkata
MARD,Mavur Road,Tamil Nadu,SR,"State Highway 23, Tamil Nadu",0.0,0.0,False,False,OTHER
MAX,Mangudi,Tamil Nadu,SR,"State Highway 23, Tamil Nadu",0.0,0.0,False,False,OTHER
LWR,ALNAVAR JN,Karnataka,SWR,"Alnavar, Karnataka",15.424244,74.738116,True,False,OTHER
MBH,Mobha Road,Gujarat,WR,"Vadodara Jambusar, Gujarat",0.0,0.0,False,False,OTHER
LKZ,LAKADIYA,Gujarat,WR,"Lakadia, Gujarat",23.339664,70.586745,True,False,OTHER
LTR,LAKHTAR,Gujarat,WR,"Lakhtar, Gujarat",22.873403,71.776727,True,False,OTHER
LPR,LILAPUR ROAD,Gujarat,WR,"State Highway 17, Gujarat",22.954447,71.862567,True,False,OTHER
LMO,LILIYA MOTA,Gujarat,WR,"Liliya Mota, Gujarat",21.540317,71.372863,True,False,OTHER
LMN,Lachhmanpur,Uttar Pradesh,NR,"Unchahar, Uttar Pradesh",26.050472,81.257263,True,False,OTHER
LPN,LAOPANI,Assam,NFR,"National Highway 37, Assam",26.200308,92.595989,True,False,OTHER
LKA,LANKA,Assam,NFR,"Lanka, Assam",25.914426,92.958001,True,False,OTHER
MCPT,Chintadripet,Tamil Nadu,SR,"Chennai, Tamil Nadu",13.07406,80.274188,True,False,Chennai
LKG,LAMSAKHANG,Assam,NFR,"Lamsakhan Rd, Assam",25.796536,93.046846,True,False,Chennai
LCT,LANGCHOLIET,Assam,NFR,"TV Centre Road, Assam",25.759323,93.304636,True,False,OTHER
LPTA,LONGPATIA,Assam,NFR,"Nabhokotia Rd, Assam",27.079731,95.095336,True,False,OTHER
LHL,LAHOAL,Assam,NFR,"A T Rd, Assam",27.4525,94.999525,True,False,OTHER
MANU,Manu,Tripura,NFR,"Manu, Tripura",23.988193,91.998932,True,False,OTHER
MAK,Mallikpur,West Bengal,ER,"Kolkata, West Bengal",22.396985,88.433315,True,False,Kolkata
LKW,Lakhewali,Punjab,NR,"Court Rd, Punjab",30.447834,74.341781,True,False,OTHER
LNO,Lohna Road,Bihar,ECR,"Naruar, Bihar",26.220882,86.229057,True,False,OTHER
LHW,Loharwara,Rajasthan,NWR,"Sikar Rd, Rajasthan",27.19839,75.67687,True,False,OTHER
LTK,Lathikata,Orissa,SER,"Latkata, Orissa",22.131808,84.894961,True,False,OTHER
LRI,Lihuri Halt,Andhra Pradesh,ECoR,"Lihuri Rd, Andhra Pradesh",18.913242,83.849833,True,False,OTHER
LHLL,Lahli,Haryana,NWR,"State Highway 16, Haryana",28.854317,76.445338,True,False,OTHER
MAAR,Malhar,Rajasthan,UNKNOWN,"Jodhpur, Rajasthan",27.204116,72.375536,True,False,OTHER
LCH,Linch,Gujarat,WR,"State Highway 41, Gujarat",23.526718,72.355484,True,False,OTHER
MDR,MADHIRA,Andhra Pradesh,SCR,"K.Ponnavaram, Andhra Pradesh",16.921826,80.366849,True,False,OTHER
MDB,MANDOR,Rajasthan,NWR,"Jodhpur, Rajasthan",26.350708,73.042126,True,False,OTHER
TUY,THIRUTHURAIYUR,Tamil Nadu,SR,"Thiruthuraiyur Railway Station Rd, Tamil Nadu",11.823788,79.534813,True,False,OTHER
MDL,MANDAL,Rajasthan,NWR,"Mandal, Rajasthan",25.439632,74.593959,True,False,OTHER
MDPR,MODPUR,Gujarat,WR,"Khambhalia-Lalpur, Gujarat",22.262588,69.811704,True,False,OTHER
MDRA,MEDRA,Gujarat,WR,"National Highway 8, Gujarat",23.13609,72.712778,True,False,OTHER
MFR,Mandla Fort,Madhya Pradesh,SECR,"Mandla Fort, Madhya Pradesh",22.586017,80.355908,True,False,OTHER
MDHA,Madhada,Gujarat,WR,"Bhavnagar, Gujarat",21.608001,71.905398,True,False,OTHER
MDNP,Madanpur Halt,Jharkhand,ER,"Madanpur, Jharkhand",0.0,0.0,False,False,OTHER
MAUR,MAUR,Punjab,NR,"Maur Mandi, Punjab",30.062746,75.22772,True,False,OTHER
MDF,MURADI,West Bengal,SER,"Barakar, West Bengal",23.593092,86.80929,True,False,OTHER
MDLA,MUNDLANA,Haryana,NR,"Panipat, Haryana",29.212025,76.757452,True,False,OTHER
VU,VAGHPURA,UNKNOWN,UNKNOWN,,23.781878,71.349966,True,False,OTHER
MEM,MAU AIMMA,Uttar Pradesh,NR,"Allahabad, Uttar Pradesh",25.698324,81.91377,True,False,OTHER
MEQ,MALETHU KANAK,Uttar Pradesh,NR,"Bikapur, Uttar Pradesh",26.60377,82.124891,True,False,OTHER
MBS,MADHOSINGH,Uttar Pradesh,NER,"SH 5, Uttar Pradesh",25.249931,82.552278,True,False,OTHER
MDVB,Mandar Vidyapith Halt,Bihar,ER,"Mandar, Bihar",24.834403,87.020258,True,False,OTHER
MCF,Manik Chauree Halt,Chhattisgarh,SECR,"Manikchauri, Chhattisgarh",21.004164,81.783198,True,False,OTHER
MCU,Mulacalacheruvu,Andhra Pradesh,SCR,"Mulakalacheruvu, Andhra Pradesh",13.802188,78.264829,True,False,OTHER
MD,MADAR,Rajasthan,NWR,"Ajmer, Rajasthan",26.465014,74.687227,True,False,OTHER
MBNL,Marwar Bhinmal,Rajasthan,NWR,"Bhinmal, Rajasthan",25.000633,72.275398,True,False,OTHER
MADR,MADURE,Maharashtra,KR,"Sawantwadi Vengurla Rd, Maharashtra",15.812975,73.808967,True,False,OTHER
MANK,MANKI,Karnataka,KR,"Manki, Karnataka",14.174439,74.493236,True,False,OTHER
MGR,Munger,Bihar,ER,"Munger, Bihar",0.0,0.0,False,False,OTHER
MAJN,MANGALORE JN,Karnataka,SR,"Mangalore, Karnataka",12.866193,74.88006,True,False,OTHER
MBY,MANDI DABWALI,Haryana,NWR,"Mandi Dabwali, Haryana",29.966227,74.700155,True,False,OTHER
MGX,Mailongdisa,Assam,NFR,"Mailongdisa, Assam",0.0,0.0,False,False,OTHER
MAHE,MAHE,Puducherry,SR,"Mahe, Puducherry",11.699227,75.546967,True,False,OTHER
MDD,MALAD,Maharashtra,WR,"Mumbai, Maharashtra",19.187089,72.84917,True,False,Mumbai
MGKM,Mungiakami,Tripura,NFR,"Mungiyakami, Tripura",23.88383,91.710109,True,False,OTHER
MDLE,Mandar Hill,Bihar,ER,"Mandar, Bihar",24.806078,87.026158,True,False,OTHER
AJL,Ajitwal,Punjab,NR,"Ajitwal, Punjab",30.807611,75.339818,True,False,OTHER
MDBP,Madhabpur,West Bengal,ER,"State Highway 3, West Bengal",22.119207,88.347323,True,False,OTHER
AJN,Ajnod,Madhya Pradesh,WR,"Indore, Madhya Pradesh",22.931326,75.738947,True,False,OTHER
MDCR,Masaudhi Court Halt,Bihar,UNKNOWN,"National Highway 22, Bihar",25.366289,85.043906,True,False,Chennai
MDGR,Manendragarh,Madhya Pradesh,SECR,"Manendragarh, Madhya Pradesh",23.219747,82.197734,True,False,OTHER
MG,Modelgram,Punjab,NR,"Ludhiana, Punjab",30.891527,75.836183,True,False,OTHER
MEE,Methai,UNKNOWN,ECR,,25.907006,86.724589,True,False,OTHER
MEW,Marhaura,Bihar,NER,"National Highway 28B, Bihar",25.969081,84.850984,True,False,OTHER
LYD,Layabad,Jharkhand,SER,"Loyabad, Jharkhand",23.773417,86.351907,True,False,OTHER
MIJ,Majhdia,West Bengal,ER,"Banpur-Majhdia Rd, West Bengal",23.414562,88.719031,True,False,OTHER
MBW,Malwara,Rajasthan,NWR,"Marwara, Rajasthan",24.799469,72.267008,True,False,OTHER
MHC,Masrakh,Bihar,NER,"Mashrakh, Bihar",26.102229,84.808543,True,False,Chennai
MGVK,Malegaon Vyenku,Maharashtra,SECR,"National Highway 69, Maharashtra",21.37586,78.956134,True,False,OTHER
MFM,MAHALAM,Punjab,NR,"State Highway 20, Punjab",31.018428,74.706748,True,False,OTHER
MET,MALERKOTLA,Punjab,NR,"Maler Kotla, Punjab",30.529403,75.871692,True,False,OTHER
MHOW,Mhow,Madhya Pradesh,WR,"Mhow, Madhya Pradesh",22.55518,75.771097,True,False,OTHER
MINA,MIYANA,Madhya Pradesh,WCR,"Guna, Madhya Pradesh",24.85653,77.472164,True,False,OTHER
MIQ,MIRHAKUR,Uttar Pradesh,NCR,"Idgah Agra, Uttar Pradesh",27.151204,77.866012,True,False,OTHER
MLSR,Malsar,Gujarat,WR,"Sinor, Gujarat",21.889408,73.31641,True,False,OTHER
MKP,MANIKPUR JN,Uttar Pradesh,NCR,"Manikpur, Uttar Pradesh",25.063492,81.093657,True,False,OTHER
MES,MADURAI EAST,Tamil Nadu,SR,"Madurai, Tamil Nadu",9.908505,78.134188,True,False,OTHER
MHRL,Mahrail,Bihar,ECR,"Mahrail, Bihar",26.294081,86.284783,True,False,OTHER
MGLE,MANIGRAM,West Bengal,ER,"Lalgola, West Bengal",24.342855,88.107882,True,False,OTHER
MLH,MANAKLAO,Rajasthan,NWR,"State Highway 61, Rajasthan",26.485986,73.003204,True,False,OTHER
VV,VALIVADE,Maharashtra,CR,"Valivade, Maharashtra",16.703574,74.298965,True,False,OTHER
MKI,BAPUDHAM MOTIHARI,Bihar,ECR,"Motihari, Bihar",26.65552,84.90525,True,False,OTHER
MHL,MAHWAL,Bihar,ECR,"Muzaffarpur, Bihar",26.301858,85.126314,True,False,OTHER
MHMB,MAHIMBA,Maharashtra,SCR,"Nanded, Maharashtra",19.419885,78.076322,True,False,OTHER
AJP,AJJAMPUR,Karnataka,SWR,"Ajjampur, Karnataka",13.728333,76.009742,True,False,OTHER
MHDP,Mahadevpara,Gujarat,WR,"State Highway 9, Gujarat",23.677025,72.949202,True,False,OTHER
MIRA,MIRA ROAD,Maharashtra,WR,"Mira Bhayandar, Maharashtra",19.280299,72.856072,True,False,OTHER
MJO,MAJORDA,Goa,KR,"South Goa, Goa",15.314045,73.922408,True,False,OTHER
MGRR,MAGARPUR,Uttar Pradesh,NCR,"Mau Ranipur, Uttar Pradesh",25.322705,78.858785,True,False,OTHER
MJE,MUJNAL,West Bengal,NFR,"National Highway 31C, West Bengal",26.693328,89.191957,True,False,OTHER
MKRL,Moti Koral,Gujarat,WR,"Maninageshwar Rd, Gujarat",0.0,0.0,False,False,OTHER
MIH,MIHRAWAN,Uttar Pradesh,NR,"Nawab Yousuf Rd, Uttar Pradesh",25.871178,82.694333,True,False,OTHER
MM,MUMBAI MAHIM JN,Maharashtra,WR,"Mumbai, Maharashtra",19.040547,72.846876,True,False,Mumbai
MOAR,Manipur Bagan,Assam,UNKNOWN,"Bairabi Rd, Assam",24.400845,92.54072,True,False,OTHER
MJS,MANJESHWAR,Kerala,SR,"NH 17, Kerala",12.724197,74.887582,True,False,OTHER
MGAE,Morgram,West Bengal,ER,"Murshidabad Distt., West Bengal",24.304919,88.018413,True,False,OTHER
MNGT,MYSORE NEW GOOD,Karnataka,SWR,"Mysore, Karnataka",12.338554,76.642542,True,False,OTHER
MHU,Manheru,Haryana,NWR,"Bhiwani, Haryana",28.701227,76.203117,True,False,OTHER
MJN,Makum Junction,Assam,NFR,"Makum, Assam",27.485742,95.440958,True,False,OTHER
MLHS,Light House,Tamil Nadu,SR,"Chennai, Tamil Nadu",13.044646,80.276539,True,False,Chennai
MGM,Muragacha,West Bengal,ER,"Nadia, West Bengal",23.529636,88.421243,True,False,OTHER
MNGV,Mota Miya Mangrol,Gujarat,WR,"Mosali, Gujarat",0.0,0.0,False,False,OTHER
MNLI,Manali Halt,Tamil Nadu,SR,"State Highway 23, Tamil Nadu",0.0,0.0,False,False,OTHER
MNDY,Mandaveli,Tamil Nadu,SR,"Chennai, Tamil Nadu",13.027861,80.260507,True,False,Chennai
MHAD,Mohadi Pragane Laling,Maharashtra,CR,"Dhule, Maharashtra",20.863002,74.779784,True,False,OTHER
MIW,Mighauna,Uttar Pradesh,NER,"Mighauna, Uttar Pradesh",28.24322,79.826515,True,False,OTHER
MIO,Molisar,Rajasthan,NWR,"Churu, Rajasthan",28.13104,74.739025,True,False,OTHER
MHUA,Mahudha,Gujarat,WR,"Madhuda, Gujarat",22.817129,72.946947,True,False,OTHER
MLKH,Mulewal Khaihra,Punjab,NR,"Neewa Meianwal, Punjab",31.102966,75.299694,True,False,OTHER
MNME,Manamadurai East,Tamil Nadu,SR,"Manamadurai, Tamil Nadu",9.697777,78.45435,True,False,OTHER
MNCR,Monacherra,UNKNOWN,UNKNOWN,,24.611951,92.550058,True,False,OTHER
MJV,Manjhagarh,Bihar,NER,"National Highway 28, Bihar",26.417226,84.504257,True,False,OTHER
MOTC,MOTICHUR,Uttarakhand,NR,"Haridwar, Uttarakhand",29.98115,78.177678,True,False,OTHER
MLHA,MALIYA HATINA,Gujarat,WR,"Malia, Gujarat",21.15957,70.299701,True,False,OTHER
MLB,MODNIMB,Maharashtra,CR,"Shetfal, Maharashtra",17.916548,75.405544,True,False,OTHER
MNL,MINCHNAL,Karnataka,SWR,"Bijapur, Karnataka",16.971395,75.822432,True,False,OTHER
MKH,MALAKHERA,Rajasthan,NWR,"Mala Khera, Rajasthan",27.390236,76.618982,True,False,OTHER
MLG,MALHARGARH,Madhya Pradesh,WR,"Malhargarh, Madhya Pradesh",24.265618,74.972666,True,False,OTHER
MKD,MARKUNDI,Madhya Pradesh,WCR,"State Highway 11, Madhya Pradesh",25.017393,80.947114,True,False,OTHER
MUE,MUDKHED,Maharashtra,SCR,"Mudkhed, Maharashtra",19.148087,77.509661,True,False,OTHER
MNDR,MANDI DHANAURA,Uttar Pradesh,NR,"Jyotiba Phule Nagar, Uttar Pradesh",28.953119,78.261498,True,False,OTHER
MLGT,MALLAPPA GATE,Andhra Pradesh,SCR,"Guntakal, Andhra Pradesh",15.225027,77.387152,True,False,OTHER
MNQ,MAINPURI,Uttar Pradesh,NCR,"Mainpuri, Uttar Pradesh",27.216507,79.034774,True,False,OTHER
MLSA,MALLASANDRA,Karnataka,SWR,"NH 206, Karnataka",13.335173,77.015018,True,False,OTHER
MKS,Muktsar,Punjab,NR,"Muktsar, Punjab",30.47821,74.514271,True,False,OTHER
MQW,Mallannagar,Uttar Pradesh,NER,"State Highway 33, Uttar Pradesh",0.0,0.0,False,False,OTHER
MRD,Manund,Gujarat,WR,"State HIghway 55, Gujarat",0.0,0.0,False,False,OTHER
MPLR,MAHIPAL ROAD,West Bengal,ER,"Lalgola, West Bengal",24.287545,88.191171,True,False,OTHER
MKLI,MAKRAULI,Haryana,NR,"Rohtak, Haryana",28.946971,76.62755,True,False,OTHER
MNO,MEHNAR ROAD,Bihar,ECR,"Bihar, Bihar",25.654308,85.504478,True,False,OTHER
MRU,MUMBAI MATUNGA ROAD,Maharashtra,WR,"Mumbai, Maharashtra",19.028606,72.847143,True,False,Mumbai
MMC,MAHAMANDIR,Rajasthan,NWR,"Jodhpur, Rajasthan",26.308745,73.037935,True,False,OTHER
MMY,MARWAR MATHANYA,Rajasthan,NWR,"Mathania, Rajasthan",26.532173,72.978778,True,False,OTHER
MTHP,MITHAPUR,Gujarat,WR,"Jamnagar, Gujarat",22.411601,69.008695,True,False,OTHER
MON,Modran,Rajasthan,NWR,"Jalor, Rajasthan",25.187428,72.447631,True,False,OTHER
MNZ,MANANI,Uttar Pradesh,NR,"State Highway 57, Uttar Pradesh",29.884915,77.498609,True,False,OTHER
AJRE,AUJARI,Assam,NFR,"National Highway 37, Assam",26.144646,92.2668,True,False,OTHER
MLN,MAILANI,Uttar Pradesh,NER,"Lakhimpur Kheri, Uttar Pradesh",28.284349,80.347318,True,False,OTHER
MNS,Manshahi,Bihar,NFR,"National Highway 81, Bihar",25.475683,87.588123,True,False,OTHER
MRJD,Marajdwa,Bihar,ECR,"Sikta-Mainatad Rd, Bihar",27.043053,84.601916,True,False,OTHER
MLX,Mullanpur,Punjab,NR,"Mullanpur, Punjab",30.83811,75.665016,True,False,OTHER
MPUR,New Madanpur,UNKNOWN,UNKNOWN,,24.312218,87.226329,True,False,OTHER
MSQ,Marwar Ratanpur,Gujarat,NWR,"State Highway 128, Gujarat",24.67822,72.142853,True,False,Chennai
MMG,Madhyamgram,West Bengal,ER,"Kolkata, West Bengal",22.693938,88.452254,True,False,Kolkata
MPML,Mohapani Mal,Madhya Pradesh,SECR,"State Highway 19, Madhya Pradesh",21.812143,78.910005,True,False,OTHER
MLTR,Melattur,Kerala,SR,"Melattoor, Kerala",11.06543,76.272805,True,False,OTHER
MQQ,Markahandi U Halt,Madhya Pradesh,SECR,"State Highway 26, Madhya Pradesh",22.049857,79.191328,True,False,OTHER
MQS,Malsian Shahkot,Punjab,NR,"Shahkot-Moga Rd, Punjab",31.110293,75.354756,True,False,OTHER
MKDN,Morkadhana,Madhya Pradesh,CR,"Nayagaon, Madhya Pradesh",22.11073,78.501566,True,False,OTHER
MSZ,MANSA,Punjab,NR,"Mansa, Punjab",29.989695,75.402584,True,False,Chennai
MPLE,MAHIPAL,West Bengal,ER,"Lalgola, West Bengal",24.30631,88.162107,True,False,OTHER
MQL,MIRKHAL,Maharashtra,SCR,"Purna, Maharashtra",19.203641,76.915057,True,False,OTHER
MTJR,MOTERJHAR,Assam,NFR,"Dhubri Kochugaon Rd, Assam",26.133968,89.864509,True,False,OTHER
MSOD,MASODHA,UNKNOWN,NR,,26.709217,82.125339,True,False,Chennai
MTJL,Motijheel,Madhya Pradesh,NCR,"Gwalior, Madhya Pradesh",26.249743,78.142209,True,False,OTHER
MSDH,MASNADIH,UNKNOWN,ECR,,26.958112,84.832613,True,False,Chennai
MSP,MANSURPUR,Uttar Pradesh,NR,"Muzaffarnagar, Uttar Pradesh",29.355377,77.719182,True,False,Chennai
MVJ,MAVLI JN,Rajasthan,NWR,"Mavli, Rajasthan",24.794585,73.973721,True,False,OTHER
NBA,Nabha,Punjab,NR,"Nabha, Punjab",30.363819,76.146396,True,False,OTHER
MUT,MEERUT CANT,Uttar Pradesh,NR,"Meerut, Uttar Pradesh",29.015997,77.686937,True,False,OTHER
MWT,MARWAR LOHWAT,Rajasthan,NWR,"Jodhpur, Rajasthan",26.981256,72.58927,True,False,OTHER
MTC,MEERUT CITY,Uttar Pradesh,NR,"Meerut, Uttar Pradesh",28.97761,77.675106,True,False,OTHER
MUD,MURADNAGAR,Uttar Pradesh,NR,"Ghaziabad, Uttar Pradesh",28.759017,77.506774,True,False,OTHER
MSRP,MURHESI RAMPUR,Uttar Pradesh,WCR,"SH 33, Uttar Pradesh",27.412426,77.627418,True,False,Chennai
MTFA,MERTALA PHALEYA,West Bengal,ER,"Mertala Phaleya, West Bengal",23.479666,88.319686,True,False,OTHER
MRL,MAROLI,Gujarat,WR,"Maroli, Gujarat",21.019949,72.889998,True,False,OTHER
MQ,Mannargudi,Tamil Nadu,SR,"Mannargudi, Tamil Nadu",10.674541,79.455639,True,False,OTHER
MP,MELAPPALAIYAM,Tamil Nadu,SR,"Tirunelveli, Tamil Nadu",8.706718,77.701856,True,False,OTHER
MSD,BOMBAY MASJID,Maharashtra,CR,"Mumbai, Maharashtra",18.952385,72.838561,True,False,Mumbai
MTAP,Matania Anantpur,West Bengal,ER,"Matania Anantapur Railway Station, West Bengal",0.0,0.0,False,False,OTHER
MWW,MAHWA,Rajasthan,NWR,"Alwar, Rajasthan",27.48372,76.608871,True,False,OTHER
MX,Mumbai Mahalakshmi,Maharashtra,WR,"Mumbai, Maharashtra",18.982103,72.823908,True,False,Mumbai
MTT,Mutupet,Tamil Nadu,SR,"Muthupet, Tamil Nadu",0.0,0.0,False,False,OTHER
MYA,MANDYA,Karnataka,SWR,"Mandya, Karnataka",12.529176,76.897256,True,False,OTHER
MULK,MULKI,Karnataka,KR,"Mulki, Karnataka",13.068517,74.804962,True,False,OTHER
MTMY,Thirumayilai,Tamil Nadu,SR,"Chennai, Tamil Nadu",13.03497,80.267038,True,False,Chennai
MRTL,MIRTHAL,Punjab,NR,"Mirthal, Punjab",32.112895,75.608482,True,False,OTHER
MXO,MORTHALA,Rajasthan,NWR,"NH 14, Rajasthan",24.502605,72.803419,True,False,OTHER
MT,Matera,Uttar Pradesh,NER,"Bahraich, Uttar Pradesh",27.784934,81.553447,True,False,OTHER
MOBD,Moabund,Assam,NFR,"Mohbondha, Assam",26.66857,94.071748,True,False,OTHER
MSDL,Mahisadal,West Bengal,SER,"Haldia Mechada via Tamluk, West Bengal",22.176299,88.010799,True,False,Chennai
MRG,Margherita,Assam,NFR,"Ledo, Assam",27.289315,95.6726,True,False,OTHER
MOM,Maman,Uttar Pradesh,NR,"National Highway 91, Uttar Pradesh",28.330372,77.861087,True,False,OTHER
MTCN,Triplicane,Tamil Nadu,SR,"Chennai, Tamil Nadu",13.054862,80.280206,True,False,Chennai
MUPA,MUPA,Assam,NFR,"Diakkawn Rd, Assam",25.368686,93.122747,True,False,OTHER
NNKR,Nanaksar,Punjab,NR,"Nanaksar, Punjab",30.803353,75.419984,True,False,OTHER
MZRT,Murtajapur Town,Maharashtra,CR,"Murtajapur, Maharashtra",0.0,0.0,False,False,OTHER
MPUE,MAINPURI KACHRI,Uttar Pradesh,NCR,"Mainpuri Kachri, Uttar Pradesh",27.227142,79.065632,True,False,OTHER
MUZ,MOHIUDDINPUR,Uttar Pradesh,NR,"Meerut, Uttar Pradesh",28.885405,77.621531,True,False,OTHER
NADA,Nada,Gujarat,WR,"Mota Habipura Nada Rd, Gujarat",0.0,0.0,False,False,OTHER
NBGH,Nowbagh,Maharashtra,CR,"Nowbagh, Maharashtra",0.0,0.0,False,False,OTHER
NEI,NEOLI,Maharashtra,CR,"State Highway 77, Maharashtra",18.387703,76.303949,True,False,OTHER
NKRA,Nokhra,Rajasthan,UNKNOWN,"Nokhra, Rajasthan",27.607995,72.665402,True,False,OTHER
MWM,MALLESWARAM,Karnataka,SWR,"Bengaluru, Karnataka",13.001289,77.563207,True,False,Bangalore
NGLT,NAGLATULA,Rajasthan,NCR,"Bayana, Rajasthan",26.92382,77.421273,True,False,OTHER
NDLH,Nandlalee Halt,UNKNOWN,UNKNOWN,,0.0,0.0,False,False,OTHER
MVO,MANWATH ROAD,Maharashtra,SCR,"Parbhani, Maharashtra",19.358161,76.534516,True,False,OTHER
NGE,NAGAR,Chhattisgarh,SECR,"National Highway 78, Chhattisgarh",23.315091,82.459164,True,False,OTHER
MXH,MAKHU,Punjab,NR,"Makhnu, Punjab",31.105935,74.983505,True,False,OTHER
NCR,Nagore,Tamil Nadu,SR,"Nagore, Tamil Nadu",10.81843,79.846188,True,False,OTHER
MZL,MIRZAPALI,Andhra Pradesh,SCR,"Medak, Andhra Pradesh",18.017963,78.415299,True,False,OTHER
KKG,KEKATUMAR,Maharashtra,SCR,"Washim, Maharashtra",20.012339,77.100811,True,False,OTHER
MWX,MALLANWALA KHAS,Punjab,NR,"Mallanwala, Punjab",31.047005,74.813427,True,False,OTHER
MXY,MAHUARIYA,Uttar Pradesh,ECR,"Sonebhadra, Uttar Pradesh",24.22774,83.310519,True,False,OTHER
MZHL,MAJHAOLI,Madhya Pradesh,WCR,"Bargawa, Madhya Pradesh",24.136642,82.37058,True,False,OTHER
MYL,MALLIYALA,Andhra Pradesh,SCR,"Kurnool, Andhra Pradesh",15.397805,77.776755,True,False,OTHER
NGR,ANNIGERI,Karnataka,SWR,"Dist. Dharwad, Karnataka",15.432164,75.430851,True,False,OTHER
MWJ,MARWASGRAM,Madhya Pradesh,WCR,"Madhya Pradesh, Madhya Pradesh",24.098212,81.836685,True,False,OTHER
NDNI,Nidhani,Madhya Pradesh,SECR,"Ghonsor, Madhya Pradesh",22.576568,80.008415,True,False,OTHER
MZW,MANJHWE,Bihar,ECR,"Manjhwe, Bihar",24.814294,85.306631,True,False,OTHER
MYU,MAYANOOR,Tamil Nadu,SR,"NH 67, Tamil Nadu",10.954704,78.236511,True,False,OTHER
NGA,NINGALA JN,Gujarat,WR,"State Highway 117, Gujarat",22.0252,71.709352,True,False,OTHER
NIG,NAIGAON,Maharashtra,WR,"Naigaon West, Maharashtra",19.350875,72.845954,True,False,OTHER
NAN,NANDGAON ROAD,Maharashtra,KR,"Sindhudurg, Maharashtra",16.387454,73.73056,True,False,OTHER
MXN,MARIANI JN,Assam,NFR,"Mariani, Assam",26.652435,94.308203,True,False,OTHER
MUGN,MAHUTGAON,Assam,NFR,"B G Rd, Assam",26.962757,94.792882,True,False,OTHER
NAM,NAMRUP,Assam,NFR,"Borhat, Assam",27.19627,95.313642,True,False,OTHER
MVG,MALIGURA,Orissa,ECoR,"Maligura Station, Orissa",18.953175,82.638614,True,False,OTHER
NGX,Nigan,West Bengal,ER,"Nigan, West Bengal",0.0,0.0,False,False,OTHER
MUH,Murthiha,Uttar Pradesh,NER,"State Highway 26, Uttar Pradesh",28.030462,81.378147,True,False,OTHER
MTP,Mettupalayam,Tamil Nadu,SR,"Mettupalayam, Tamil Nadu",11.299729,76.934533,True,False,OTHER
NCP,Nishchindapur,West Bengal,ER,"Tengrabichi, West Bengal",21.973426,88.214325,True,False,OTHER
NERH,Ner Halt,UNKNOWN,UNKNOWN,,25.017219,84.975361,True,False,OTHER
MYHT,Mayurhat,West Bengal,ER,"Mayurhat-Taraknagar Rd, West Bengal",23.363017,88.661013,True,False,OTHER
NAL,Nal Halt,Rajasthan,UNKNOWN,"NH 15, Rajasthan",28.03859,73.217612,True,False,OTHER
NKL,Nalikul,West Bengal,ER,"State Highway 2, West Bengal",22.829713,88.166226,True,False,OTHER
MVC,Mavinkere,Karnataka,SWR,"Mavinkere, Karnataka",12.816193,76.201872,True,False,OTHER
NHY,NAGANAHALLI,Karnataka,SWR,"Mysore District, Karnataka",12.380243,76.651081,True,False,OTHER
NDAE,NABADWIP DHAM,West Bengal,ER,"Nabadwip, West Bengal",23.396593,88.356472,True,False,OTHER
NPRD,NAGPUR ROAD,Chhattisgarh,SECR,"Koria, Chhattisgarh",23.279379,82.349049,True,False,OTHER
NPM,NELLAIKUPPAM,Tamil Nadu,SR,"Nellikuppam, Tamil Nadu",11.775944,79.664768,True,False,OTHER
NGNT,NEW GUNTUR,Andhra Pradesh,SCR,"Guntur City, Andhra Pradesh",16.31004,80.458223,True,False,OTHER
NLRD,NECKLACE ROAD,Andhra Pradesh,SCR,"Hyderabad, Andhra Pradesh",17.423338,78.462871,True,False,Hyderabad
NBE,New Barrackpore,West Bengal,ER,"Kolkata, West Bengal",22.687235,88.444755,True,False,Kolkata
NAS,Nasrala,Punjab,NR,"Distt.Hoshiarpur, Punjab",31.497981,75.846408,True,False,OTHER
NGRT,NAGROTA,Himachal Pradesh,NR,"Nagrota Bagwan, Himachal Pradesh",32.108728,76.388794,True,False,OTHER
AJTM,AJITGILL MATTA,Punjab,NR,"Kotkapura Jaitu Rd, Punjab",30.483469,74.863795,True,False,OTHER
NID,NIDUR,Tamil Nadu,SR,"Neivasal, Tamil Nadu",11.127231,79.645074,True,False,OTHER
NED,HUZUR SAHIB NANDED,Maharashtra,SCR,"Nanded, Maharashtra",19.160522,77.310478,True,False,OTHER
NDE,NANDRE,Maharashtra,CR,"Sangli, Maharashtra",16.964029,74.55903,True,False,OTHER
NGT,NAGAPPATTINAM,Tamil Nadu,SR,"Nagapattinam, Tamil Nadu",10.759221,79.845998,True,False,OTHER
NPK,NORTH PANAKUDI,Tamil Nadu,SR,"Panakudi, Tamil Nadu",8.315971,77.582174,True,False,OTHER
AKE,AKANAPET,Andhra Pradesh,SCR,"Medak, Andhra Pradesh",18.110863,78.396309,True,False,OTHER
NPV,Narpatganj,Bihar,ECR,"National Highway 57, Bihar",0.0,0.0,False,False,OTHER
NRKE,Nari Khetri,Rajasthan,NWR,"Jhunjhunu, Rajasthan",0.0,0.0,False,False,OTHER
NDPR,NANDAPUR,Maharashtra,SCR,"Hingoli, Maharashtra",19.594882,77.237628,True,False,OTHER
NMZ,NEW MAL JN,West Bengal,NFR,"National Highway 31. 03562-255097, West Bengal",26.87368,88.724837,True,False,OTHER
NHM,NANDOL DEHEGAM,Gujarat,WR,"Dehegam, Gujarat",23.17417,72.815845,True,False,OTHER
NEM,NEMEM,Kerala,SR,"Thiruvananthapuram, Kerala",8.455233,77.009693,True,False,OTHER
NDU,Nadauj,Bihar,ECR,"Nadaul, Bihar",25.296539,85.017335,True,False,OTHER
RJU,Rajula City,Gujarat,WR,"Distt. Amreli, Gujarat",21.046575,71.455976,True,False,OTHER
NMKA,Namkhana,West Bengal,ER,"Namkhana, West Bengal",21.772235,88.239558,True,False,OTHER
NRM,Nurmahal,Punjab,NR,"Philur Nurmahal Rd, Punjab",31.081589,75.601431,True,False,OTHER
NBPH,New Balarampur Halt,West Bengal,ER,"New Balarampur, West Bengal",24.051233,88.247374,True,False,OTHER
PALI,Pali,Rajasthan,NWR,"Pali, Rajasthan",28.177004,76.450856,True,False,OTHER
NWA,Nagarwara,Madhya Pradesh,SECR,"Nainpur, Madhya Pradesh",22.21072,80.123401,True,False,OTHER
NYM,Neyamatpur,UNKNOWN,ECR,,24.937206,84.988344,True,False,OTHER
ARNG,Arunnagar,UNKNOWN,UNKNOWN,,20.708491,79.978972,True,False,OTHER
NNL,Narnaul,Haryana,NWR,"Narnaul, Haryana",28.044396,76.123133,True,False,OTHER
NGAN,Nagaon,Assam,NFR,"Nagaon, Assam",26.356212,92.672531,True,False,OTHER
NRPM,Narayanpur Murli Halt,Bihar,ECR,"Saraygarh, Bihar",0.0,0.0,False,False,OTHER
NVC,NAGALWANCHA,Andhra Pradesh,SCR,"Jagannadhapuram To Matkepalli Rd, Andhra Pradesh",17.07433,80.228517,True,False,OTHER
NRUR,Nareshwar Road,Gujarat,WR,"Nareshwar Rd, Gujarat",0.0,0.0,False,False,OTHER
NRWI,Narwasi,Rajasthan,NWR,"MDR 18, Rajasthan",0.0,0.0,False,False,OTHER
NRGR,NARANJIPUR,Madhya Pradesh,WR,"Dewas, Madhya Pradesh",23.047142,76.009159,True,False,OTHER
NSP,NALLA SOPARA,Maharashtra,WR,"Nallasopara station Rd, Maharashtra",19.418238,72.819464,True,False,OTHER
NUPR,NURPUR ROAD,Punjab,NR,"Nurpur, Punjab",32.281043,75.852903,True,False,OTHER
NUIH,Neuri Halt,Bihar,ECR,"Darbhanga, Bihar",0.0,0.0,False,False,OTHER
NXR,Nagsar,Uttar Pradesh,ECR,"Ghazipur, Uttar Pradesh",0.0,0.0,False,False,OTHER
PAPM,PALAT POTARAM,Andhra Pradesh,SCR,"National Highway 7, Andhra Pradesh",17.790092,78.454437,True,False,OTHER
NPT,NARASINGAMPET,Tamil Nadu,SR,"Thiruvavaduthurai, Tamil Nadu",11.034797,79.511398,True,False,OTHER
NSU,NISUI,Uttar Pradesh,NR,"Aonla- Bareilly Link Rd, Uttar Pradesh",28.290931,79.236446,True,False,OTHER
NZH,Nidaghatta,Karnataka,UNKNOWN,"Bangalore-Mysore Rd, Karnataka",0.0,0.0,False,False,Bangalore
P,,UNKNOWN,UNKNOWN,,0.0,0.0,False,False,OTHER
NKE,NARKATIAGANJ JN,Bihar,ECR,"Narkatiaganj, Bihar",27.105035,84.464045,True,False,OTHER
NMGT,NIMSHIRGAON TAMDALGE,Maharashtra,CR,"Miraj Rd, Maharashtra",16.769024,74.486113,True,False,Chennai
NNO,NANGLOI,Delhi NCT,NR,"JJ Colony No 1, Delhi NCT",28.686261,77.056966,True,False,Delhi
NSL,NAGARSOL,Maharashtra,SCR,"Nashik, Maharashtra",20.102455,74.541646,True,False,OTHER
NRW,NARWANA JN,Haryana,NR,"Way to Narwana, Haryana",29.588632,76.109286,True,False,OTHER
NMJ,NIDAMANGALAM,Tamil Nadu,SR,"Needamangalam, Tamil Nadu",10.773564,79.412736,True,False,OTHER
NLH,NAULTHA,Haryana,NR,"Brahman Majra, Haryana",29.318788,76.889707,True,False,OTHER
NWB,NIWAS ROAD,Madhya Pradesh,WCR,"Sidhi, Madhya Pradesh",24.053618,82.013256,True,False,OTHER
NPX,NARINDARPURA,Punjab,NR,"Mansa, Punjab",29.951767,75.476271,True,False,OTHER
NTG,NURSRATABAD KHARKHAR,Uttar Pradesh,NR,"State Highway 57, Uttar Pradesh",28.775277,77.307785,True,False,OTHER
PASG,Panisagar,Tripura,NFR,"Panisagar, Tripura",24.27276,92.149035,True,False,OTHER
NLSF,NIYALISH PARA,West Bengal,ER,"Berhampore, West Bengal",24.156525,88.246367,True,False,OTHER
PDE,Pindrai,Madhya Pradesh,SECR,"State Highway 11A, Madhya Pradesh",22.5118,80.046204,True,False,OTHER
NNN,NANGUNERI,Tamil Nadu,SR,"Nanguneri, Tamil Nadu",8.4891,77.662592,True,False,OTHER
ODM,ONDAGRAM,West Bengal,SER,"Onda, West Bengal",23.147974,87.202275,True,False,OTHER
NYH,NAYANDAHALLI,Karnataka,SWR,"Bengaluru, Karnataka",12.941162,77.520696,True,False,Bangalore
NNGE,NARANGI,Assam,NFR,"Panikhaiti, Assam",26.182961,91.835776,True,False,OTHER
NTSK,NEW TINSUKIA JN,Assam,NFR,"A T Rd, Assam",27.479748,95.334128,True,False,OTHER
AKI,ADARKI,Maharashtra,CR,"Pune, Maharashtra",17.918333,74.189651,True,False,OTHER
NMA,Nirmali,Bihar,ECR,"Supaul, Bihar",26.305325,86.574615,True,False,OTHER
NS,Narasapur,Andhra Pradesh,SCR,"Narsapur, Andhra Pradesh",16.445891,81.699909,True,False,OTHER
NLD,Nalanda,Bihar,ECR,"National Highway 82, Bihar",25.122359,85.462774,True,False,OTHER
SSC,Shahi,Uttar Pradesh,NER,"Shahi, Uttar Pradesh",28.588173,79.691003,True,False,Hyderabad
NKX,NAKTISEMRA,Chhattisgarh,ECoR,"Jagdalpur, Chhattisgarh",19.062273,82.07393,True,False,OTHER
OTD,Ootwar,Rajasthan,NCR,"Alwar, Rajasthan",27.626063,76.73256,True,False,OTHER
PDRA,Padra,Gujarat,WR,"Padra, Gujarat",22.237239,73.090179,True,False,OTHER
OD,Od,Gujarat,WR,"Od, Gujarat",22.65471,73.079463,True,False,OTHER
NUA,Nua,Rajasthan,NWR,"Jhunjhunu, Rajasthan",28.058126,75.285706,True,False,OTHER
TUV,Tuvvur,Kerala,SR,"Thuvvur, Kerala",11.120495,76.282913,True,False,OTHER
NSF,Nasibpur,West Bengal,ER,"State Highway 2, West Bengal",22.804835,88.262036,True,False,OTHER
NRPR,Narendrapur Halt,West Bengal,ER,"Kolkata, West Bengal",22.45342,88.41769,True,False,Kolkata
NJA,Nagjua,Jharkhand,SER,"Ranchi, Jharkhand",23.378294,84.966838,True,False,OTHER
NNU,Nangal Mundi,Haryana,NWR,"State Highway 24, Haryana",28.250468,76.499193,True,False,OTHER
BHJA,Bheja,Orissa,ECoR,"Bheja Station, Orissa",18.472649,82.685464,True,False,OTHER
NTA,Netra,West Bengal,ER,"National Highway 117, West Bengal",22.208105,88.254095,True,False,OTHER
NZP,Niyazipur Halt,UNKNOWN,UNKNOWN,,25.143791,84.988439,True,False,OTHER
PDPK,PADMAPUKAR,West Bengal,SER,"Howrah, West Bengal",22.568309,88.30622,True,False,Kolkata
PCP,PALSAP,Maharashtra,CR,"State Highway 77, Maharashtra",18.357557,76.191169,True,False,OTHER
PDNR,PADNUR,Karnataka,SWR,"Shegao to Alagi Rd, Karnataka",17.32237,75.984682,True,False,OTHER
PARD,PATHRAD,Maharashtra,SCR,"Huzur Sahib Nanded, Maharashtra",19.18427,77.39203,True,False,OTHER
PALR,PALUR,Tamil Nadu,SR,"SH 58, Tamil Nadu",12.766651,79.906997,True,False,OTHER
PKRD,PAKARA ROAD,Madhya Pradesh,WCR,"Pakara, Madhya Pradesh",24.0512,80.505599,True,False,OTHER
PGR,PUGALUR,Tamil Nadu,SR,"Karur, Tamil Nadu",11.051702,77.990709,True,False,OTHER
NWR,NIWAR,Madhya Pradesh,WCR,"Katni, Madhya Pradesh",23.720463,80.36959,True,False,OTHER
OKHA,OKHA,Gujarat,WR,"Okha, Gujarat",22.47096,69.073775,True,False,OTHER
OKD,OKHA MADHI,Gujarat,WR,"NH 8E, Gujarat",22.095642,69.103801,True,False,OTHER
NRO,Nakodar Junction,Punjab,NR,"Nakodar, Punjab",31.111697,75.475608,True,False,OTHER
NTR,NITTUR,Karnataka,SWR,"NH 206, Karnataka",13.301655,76.855872,True,False,OTHER
PGK,PILI BANGAN,Rajasthan,NWR,"Pilibanga, Rajasthan",29.483825,74.079282,True,False,OTHER
PEE,Paterhi,Bihar,NER,"Saran, Bihar",25.923565,84.805488,True,False,OTHER
NTZ,NATHWANA,Rajasthan,NWR,"Malkisar, Rajasthan",28.563319,73.813703,True,False,OTHER
NUD,NAVAGADH,Gujarat,WR,"Jetpur, Gujarat",21.764344,70.616721,True,False,OTHER
PKZ,PIPLI PAKHI KALAN,Punjab,NR,"Faridkot, Punjab",30.732663,74.732879,True,False,OTHER
PIH,Parhihara,Rajasthan,NWR,"Sujangarh, Rajasthan",27.926801,74.559809,True,False,OTHER
NVRD,NAVADE ROAD,Maharashtra,CR,"Ghotkamp Koyana vele, Maharashtra",19.052389,73.102716,True,False,OTHER
OND,Aunlajori Junction,Orissa,SER,"Mayurbhanj, Orissa",22.440956,86.164207,True,False,OTHER
NAND,NANDIKUR,UNKNOWN,UNKNOWN,,13.133125,74.806474,True,False,OTHER
NTW,NANJANGUD TOWN,Karnataka,SWR,"Nanjangudu, Karnataka",12.12211,76.68443,True,False,OTHER
PL,Mumbai Lower Parel,Maharashtra,WR,"Mumbai, Maharashtra",18.994919,72.82962,True,False,Mumbai
NVL,Neyveli,Tamil Nadu,SR,"SH 10, Tamil Nadu",11.538814,79.476223,True,False,OTHER
OBR,OBRA DAM,Uttar Pradesh,ECR,"Obra, Uttar Pradesh",24.438661,82.975949,True,False,OTHER
PCX,Pagla Chandi,West Bengal,ER,"National Highway 34, West Bengal",23.743195,88.303969,True,False,OTHER
PDKT,Pudukkottai,Tamil Nadu,SR,"Pudukkottai, Tamil Nadu",10.372457,78.801946,True,False,OTHER
PED,Pipardahi,Madhya Pradesh,SECR,"SH 26, Madhya Pradesh",22.052145,79.41266,True,False,OTHER
NZT,Nazareth,Tamil Nadu,SR,"Thoothukudi, Tamil Nadu",8.563997,77.976271,True,False,OTHER
PHU,Pahur,Maharashtra,CR,"Pahur, Maharashtra",0.0,0.0,False,False,OTHER
PIJ,Pij,Gujarat,WR,"State Highway 149, Gujarat",0.0,0.0,False,False,OTHER
PKP,Pallikkara,Kerala,SR,"Kasaragod, Kerala",0.0,0.0,False,False,OTHER
PCC,Prachi Road Junction,Gujarat,WR,"Jambur, Gujarat",20.988298,70.687018,True,False,OTHER
PKT,Pattukottai,Tamil Nadu,SR,"Pattukkottai, Tamil Nadu",0.0,0.0,False,False,OTHER
AKK,Akkihebbalu,Karnataka,SWR,"Mandya District, Karnataka",12.62489,76.377598,True,False,OTHER
PEC,Pencharthal,Tripura,NFR,"Pecharthal, Tripura",24.196225,92.10823,True,False,OTHER
NSS,Nawanshahr Doaba Junction,Punjab,NR,"Bhaddi, Punjab",31.1213,76.108571,True,False,OTHER
KRSW,Kohar Singhwala,Punjab,NR,"State Highway 20, Punjab",30.76024,74.445824,True,False,OTHER
PKGM,Phakhoagram,Assam,NFR,"Phakhoagram, Assam",24.641534,92.342438,True,False,OTHER
PJLE,Panjwara Road,Bihar,ER,"Mandar, Bihar",24.877046,87.013684,True,False,OTHER
PHS,Ferozeshah,Punjab,NR,"Firozpur Rd, Punjab",30.887454,74.78411,True,False,OTHER
PHX,PATHAKPUR,Uttar Pradesh,NR,"Chandausi, Uttar Pradesh",28.369685,78.580494,True,False,OTHER
PRDP,Paradip,Orissa,ECoR,"Paradip, Orissa",20.280364,86.620141,True,False,OTHER
PCR,PANCHRA,West Bengal,ER,"Birbhum, West Bengal",23.77199,87.330151,True,False,OTHER
PMYA,PARMINIYA HALT,Bihar,ECR,"Parminiya, Bihar",25.826563,86.595042,True,False,OTHER
PDH,PADADHARI,Gujarat,WR,"Paddhari, Gujarat",22.429596,70.605343,True,False,OTHER
PMI,PAIMAR,Bihar,ECR,"Paimar, Bihar",24.806929,85.112409,True,False,OTHER
PG,PERGAON,Maharashtra,SCR,"Parbhani, Maharashtra",19.294984,76.673464,True,False,OTHER
PIZ,PINGLI,Maharashtra,SCR,"Parbhani, Maharashtra",19.218401,76.857727,True,False,OTHER
KRSH,KARAMGARH SDRGH,UNKNOWN,UNKNOWN,,30.213009,74.748627,True,False,OTHER
PDQ,PADLA,Rajasthan,NWR,"Padla, Rajasthan",24.306135,73.778291,True,False,OTHER
PCT,PANCHTALAVDA ROAD,Gujarat,WR,"SH 115, Gujarat",21.662813,71.474264,True,False,OTHER
PGL,PAGDHAL,Madhya Pradesh,WCR,"Pagdhal, Madhya Pradesh",22.42054,77.351451,True,False,OTHER
PHI,PANIKHAITI,Assam,NFR,"Chandrapur Rd, Assam",26.211965,91.875701,True,False,OTHER
PIRO,Piro,Bihar,ECR,"Piro, Bihar",25.321358,84.420544,True,False,OTHER
PML,PAPANASAM,Tamil Nadu,SR,"Rajagiri, Tamil Nadu",10.922767,79.268542,True,False,OTHER
PMM,PARSEHRA MAL,Uttar Pradesh,NER,"Parsehra, Uttar Pradesh",27.729917,80.729179,True,False,OTHER
PNYA,PANIAHWA,UNKNOWN,NER,,27.167486,83.933839,True,False,OTHER
PMK,PARAMAKKUDI,Tamil Nadu,SR,"Paramagudi, Tamil Nadu",9.539071,78.591131,True,False,OTHER
PR,MUMBAI PAREL,Maharashtra,CR,"Mumbai, Maharashtra",19.009045,72.837504,True,False,Mumbai
PBA,PIARDOBA,West Bengal,SER,"Bankura, West Bengal",22.956881,87.322164,True,False,OTHER
PGTN,PALGHAT TOWN,Kerala,SR,"Palakkad, Kerala",10.775389,76.652167,True,False,OTHER
PNVL,PANVEL,Maharashtra,CR,"Panvel, Maharashtra",18.990919,73.121756,True,False,OTHER
PAZ,PAYANGADI,Kerala,SR,"Kannur District, Kerala",12.021508,75.2596,True,False,OTHER
PEU,PERSSANNUR,Kerala,SR,"Koodallur, Kerala",10.840824,76.065488,True,False,OTHER
PFT,Pothahi,Bihar,ECR,"Pothahi, Bihar",25.486605,85.098643,True,False,OTHER
PNUG,Punpun Ghat Halt,UNKNOWN,UNKNOWN,,25.525588,85.109912,True,False,OTHER
PMGN,Pimpalgaon,Maharashtra,CR,"Pimpalgaon, Maharashtra",0.0,0.0,False,False,OTHER
POHE,Pohe,Maharashtra,CR,"Pohe, Maharashtra",0.0,0.0,False,False,OTHER
PPV,Pratapganj,Bihar,ECR,"Pratapganj, Bihar",0.0,0.0,False,False,OTHER
PLF,Piali,West Bengal,ER,"Champahati To Peyali Rd, West Bengal",22.388254,88.517441,True,False,OTHER
PRGT,Pargothan,Maharashtra,CR,"Wardha, Maharashtra",0.0,0.0,False,False,OTHER
PRKA,Parikha,Gujarat,WR,"Gujarat, Gujarat",0.0,0.0,False,False,OTHER
PRNC,Purnia Court,Bihar,ECR,"Purnia, Bihar",0.0,0.0,False,False,OTHER
PIL,Piler,Andhra Pradesh,SCR,"Piler Station, Andhra Pradesh",13.662347,78.927499,True,False,OTHER
PIT,Palitana,Gujarat,WR,"Palitana, Gujarat",21.538301,71.823197,True,False,OTHER
PNCB,Pancheberia,West Bengal,ER,"Haranath Para Ln, West Bengal",23.221017,88.599435,True,False,OTHER
PLC,Phalodi Junction,Rajasthan,NWR,"Phalodi, Rajasthan",27.124794,72.366743,True,False,OTHER
PAVI,Pavi,Gujarat,WR,"Vadodara, Gujarat",22.342282,73.840166,True,False,OTHER
PHWR,Pehowa Road,Haryana,NR,"Haryana, Haryana",29.884778,76.620461,True,False,OTHER
PPB,Partabpura,Punjab,NR,"Partabpura, Punjab",31.052119,75.714384,True,False,OTHER
PLH,Parlakhemundi,Orissa,ECoR,"Paralakhemundi, Orissa",18.786579,84.080638,True,False,OTHER
PDX,Payradanga,West Bengal,ER,"Payradanga, West Bengal",23.128661,88.545481,True,False,OTHER
PDS,Pindarsi,Haryana,NR,"Haryana, Haryana",29.918983,76.704405,True,False,OTHER
PCO,Palayankottai,Tamil Nadu,SR,"Tirunelveli, Tamil Nadu",8.709862,77.738083,True,False,OTHER
PMO,Pandoli,Rajasthan,NWR,"State Highway 9, Rajasthan",24.866567,74.399397,True,False,OTHER
PQE,Pawapuri Road,Bihar,ECR,"Distt Nalanda, Bihar",25.15921,85.511715,True,False,OTHER
PNGM,PANCHGRAM,Assam,NFR,"Panchgram, Assam",24.864358,92.598318,True,False,OTHER
PLS,PIPALSANA,Uttar Pradesh,NER,"State Highway 49, Uttar Pradesh",28.952153,78.83533,True,False,OTHER
PJR,PANGRI,Maharashtra,CR,"State Highway 77, Maharashtra",18.283703,75.866773,True,False,OTHER
PLMX,PALAMPUR HIMACHAL,Himachal Pradesh,NR,"Palampur, Himachal Pradesh",32.069052,76.54001,True,False,OTHER
PRU,PARLU,Rajasthan,NWR,"Parlu, Rajasthan",25.823775,72.4319,True,False,OTHER
PJH,Pirjhalar,Madhya Pradesh,WR,"Ratlam, Madhya Pradesh",23.260398,75.531313,True,False,OTHER
PPLI,PIPLI,Gujarat,WR,"Jamnagar, Gujarat",22.345082,69.934426,True,False,OTHER
PRTP,PARTAPUR,Uttar Pradesh,NR,"Meerut, Uttar Pradesh",28.925112,77.648699,True,False,OTHER
PYM,PANDIYAPURAM,Tamil Nadu,SR,"State HIghway 75, Tamil Nadu",8.855091,77.971557,True,False,OTHER
PJA,PAJIAN,Punjab,NR,"Kapurthala, Punjab",31.264295,75.288498,True,False,OTHER
RAMP,Rampuri,Madhya Pradesh,SECR,"Bamhani, Madhya Pradesh",22.410159,80.259304,True,False,OTHER
PNGR,PINGORA,Rajasthan,WCR,"SH 1, Rajasthan",27.087306,77.371309,True,False,OTHER
PUE,Palari,Madhya Pradesh,SECR,"State Highway 11A, Madhya Pradesh",22.301904,79.815973,True,False,OTHER
PUF,Pauta,Uttar Pradesh,NER,"Pauta, Uttar Pradesh",28.451603,79.811873,True,False,OTHER
PKDE,PILU KHERA,Haryana,NR,"Jind, Haryana",29.354607,76.49388,True,False,OTHER
PLWR,Phulwaria,Uttar Pradesh,NER,"Phulwaria, Uttar Pradesh",26.468803,84.255615,True,False,OTHER
PNJ,Padriganj,Madhya Pradesh,SECR,"Nainpur, Madhya Pradesh",22.317209,80.113838,True,False,OTHER
RAU,Rau,Madhya Pradesh,WR,"Rau, Madhya Pradesh",22.633145,75.80495,True,False,OTHER
TIK,Tik,UNKNOWN,NR,,29.850801,76.527315,True,False,OTHER
PRDL,Paradol,Madhya Pradesh,SECR,"Manendragarh, Madhya Pradesh",23.25057,82.188481,True,False,OTHER
TUA,TIRUNNAVAYA,Kerala,SR,"Thirunavaya, Kerala",10.874721,75.985675,True,False,OTHER
PNPR,PUNNAPURA,Kerala,SR,"Alappuzha, Kerala",9.449651,76.333771,True,False,OTHER
PUPR,PUNNAPRA,Kerala,SR,"Alappuzha, Kerala",9.423187,76.342348,True,False,OTHER
PLP,PHULPUR,Uttar Pradesh,NR,"Phulpur, Uttar Pradesh",25.552534,82.091535,True,False,OTHER
PRG,PRAYAG,Uttar Pradesh,NR,"Allahabad, Uttar Pradesh",25.467939,81.867081,True,False,OTHER
PMY,PALI MARWAR,Rajasthan,NWR,"Pali, Rajasthan",25.790692,73.327309,True,False,OTHER
PRNG,Pritam Nagar,Madhya Pradesh,WR,"Ratlam, Madhya Pradesh",0.0,0.0,False,False,OTHER
PTG,Patna Ghat,Bihar,ECR,"Sabalpur, Bihar",0.0,0.0,False,False,OTHER
PTRT,Pathrot,Maharashtra,CR,"Amravati, Maharashtra",0.0,0.0,False,False,OTHER
PRTL,Pirtala,West Bengal,ER,"Pirtala, West Bengal",24.359325,88.280583,True,False,OTHER
PMQ,Parna Nand,Punjab,NR,"National Highway 15, Punjab",32.169809,75.495787,True,False,OTHER
PVI,Peravurani,Tamil Nadu,SR,"Peravurani, Tamil Nadu",0.0,0.0,False,False,OTHER
RAS,Ras,Gujarat,WR,"Bhadran, Gujarat",0.0,0.0,False,False,OTHER
PKO,Palakollu,Andhra Pradesh,SCR,"Palakollu, Andhra Pradesh",16.522244,81.717145,True,False,OTHER
POA,Palikona,Andhra Pradesh,SCR,"Bhattiprolu, Andhra Pradesh",16.061989,80.804351,True,False,OTHER
PSK,Paradsinga Halt,Madhya Pradesh,SECR,"Paradsinga, Madhya Pradesh",21.541244,78.854197,True,False,OTHER
PTKD,Patharkandi,Assam,NFR,"Patharkandi, Assam",24.604506,92.31911,True,False,OTHER
PKBS,Peeplee-ka-bas,Rajasthan,NWR,"MDR 59, Rajasthan",26.909189,75.268809,True,False,OTHER
PNSA,Punsia,Bihar,ER,"Punsia, Bihar",24.953167,87.003751,True,False,OTHER
KRSL,Krishnashilla,Uttar Pradesh,ECR,"Sonebhadra, Uttar Pradesh",24.155025,82.768496,True,False,OTHER
PTE,Patiala Cantt.,Punjab,NR,"Patiala, Punjab",30.341138,76.379064,True,False,OTHER
PLT,Pirthala Llauda,Haryana,NR,"Tohana, Haryana",29.628831,75.866432,True,False,OTHER
RHW,ROHIRA GHALUGHRA,Punjab,NR,"Sangrur, Punjab",30.636931,75.841666,True,False,OTHER
PRKH,PARKANHATTI,Karnataka,SWR,"Parakanhatti, Karnataka",16.140169,74.695447,True,False,OTHER
RAKL,RETHORAKALAN,Madhya Pradesh,NCR,"Malanpur, Madhya Pradesh",26.397857,78.240156,True,False,OTHER
RDI,KARDI,Karnataka,SWR,"Karadi Cross, Karnataka",13.267377,76.5737,True,False,OTHER
RKR,RANIKUND RARAH,Rajasthan,WCR,"Rarah, Rajasthan",27.324191,77.5555,True,False,OTHER
RMGJ,RAMGANJ,Uttar Pradesh,NR,"State Highway 9, Uttar Pradesh",26.049174,82.020731,True,False,OTHER
PT,PATLI,Haryana,NR,"Gurgaon, Haryana",28.399583,76.853472,True,False,OTHER
POR,PIPALDA ROAD,Rajasthan,WCR,"Baren, Rajasthan",24.956611,76.616541,True,False,OTHER
PTRD,PATAUDI ROAD,Haryana,NR,"Hailley Mandi, Haryana",28.350738,76.755565,True,False,OTHER
PSD,PARSODA,Maharashtra,SCR,"Rotegaon, Maharashtra",19.953697,74.875135,True,False,OTHER
POZ,POTUL,Maharashtra,SCR,"Lasur, Maharashtra",19.918567,75.121777,True,False,OTHER
PRKE,PURUA KHERA,Uttar Pradesh,NR,"Bijnour, Uttar Pradesh",28.38702,78.948591,True,False,OTHER
RBK,REOTI BAHORA KHERA,Uttar Pradesh,NR,"Reoti B Khera, Uttar Pradesh",28.318709,79.107047,True,False,OTHER
VMU,Vemuru,Andhra Pradesh,SCR,"Coastal Andhra Region, Andhra Pradesh",16.178119,80.743187,True,False,OTHER
RDY,REDIPALAYAM,Tamil Nadu,SR,"State Highway 58, Tamil Nadu",12.736973,79.94718,True,False,OTHER
PPKD,PAPRAKUND,Uttar Pradesh,ECR,"Obra, Uttar Pradesh",24.42109,82.931711,True,False,OTHER
RAJP,RAJAPUR ROAD,Maharashtra,KR,"Ratnagiri, Maharashtra",16.635175,73.626565,True,False,OTHER
RANI,RANI,Rajasthan,NWR,"Rania, Rajasthan",25.347582,73.31039,True,False,OTHER
PPNS,PAPPINISSERY,Kerala,SR,"Kannur District, Kerala",11.941779,75.347422,True,False,OTHER
PRZ,Parsa,Uttar Pradesh,NER,"Itwa Badhayan Rd, Uttar Pradesh",27.435148,82.908499,True,False,OTHER
PSLI,Parsoli,Rajasthan,WCR,"NH 76, Rajasthan",25.113462,74.875358,True,False,OTHER
RAL,Repalle,Andhra Pradesh,SCR,"Repalle, Andhra Pradesh",16.019794,80.828736,True,False,OTHER
RJQ,Rajendranagar,Madhya Pradesh,WR,"Indore, Madhya Pradesh",22.670031,75.829546,True,False,OTHER
RHU,Rahon,Punjab,NR,"Rahon, Punjab",31.059324,76.108924,True,False,OTHER
RAHA,Raha,Assam,NFR,"Roha, Assam",26.225359,92.522244,True,False,OTHER
PRES,Pattabiram East,Tamil Nadu,SR,"Pattabiram, Tamil Nadu",13.145848,80.068704,True,False,OTHER
RCTC,Raghunathpur,Orissa,ECoR,"Raghunathpur, Orissa",20.351679,86.149605,True,False,OTHER
PRBZ,Parsa Bazar,Bihar,ECR,"NH 83, Bihar",25.550023,85.118879,True,False,OTHER
RGV,Rathopur,Bihar,ECR,"Saraygarh, Bihar",0.0,0.0,False,False,OTHER
PRNR,Porjanpur,Orissa,UNKNOWN,"National Highway 215, Orissa",21.789139,85.521374,True,False,OTHER
PPCK,Pipalwali Chowk,Madhya Pradesh,NCR,"Pipalwali Chowk, Madhya Pradesh",26.266253,77.470826,True,False,OTHER
RNIR,Rajnarainpur,Uttar Pradesh,NER,"State Highway 90, Uttar Pradesh",28.313863,80.418359,True,False,OTHER
PPN,Punpun,Bihar,ECR,"Patna, Bihar",25.48823,85.098768,True,False,OTHER
RBN,Raghubans Nagar,Bihar,ECR,"Raghubans Nagar, Bihar",25.756709,87.060056,True,False,OTHER
RMO,Ramakona,Madhya Pradesh,SECR,"State Highway 19, Madhya Pradesh",21.684349,78.826509,True,False,OTHER
RAH,Ramgarh,Rajasthan,NCR,"Alwar, Rajasthan",27.576612,76.811256,True,False,OTHER
TNRI,Teneri Halt,UNKNOWN,UNKNOWN,,25.314606,85.025518,True,False,OTHER
PTRJ,PATTI RAJPURA HALT,Himachal Pradesh,NR,"Majhairan, Himachal Pradesh",32.068766,76.53987,True,False,OTHER
PTWA,PATWARA,Madhya Pradesh,WCR,"Katni, Madhya Pradesh",23.914307,80.413705,True,False,OTHER
PUY,Phulaguri,Assam,NFR,"National Highway 37, Assam",26.270537,92.592784,True,False,OTHER
RENH,RENHAT,Madhya Pradesh,WCR,"Shivpuri, Madhya Pradesh",25.979938,77.833685,True,False,OTHER
RE,REWARI,Haryana,NWR,"Rewari, Haryana",28.202779,76.609414,True,False,OTHER
RHG,RAJGARH,Rajasthan,NWR,"Rajgarh, Rajasthan",27.240827,76.607541,True,False,OTHER
RMH,RANGMAHAL,Rajasthan,NWR,"Sri Ganganagar, Rajasthan",29.405816,73.974734,True,False,OTHER
RA,RAMPARDA,Gujarat,WR,"Surendranagar, Gujarat",22.634966,71.352035,True,False,OTHER
RGLI,RANGAULI,Uttar Pradesh,NCR,"Mahoba, Uttar Pradesh",25.150233,79.887282,True,False,OTHER
RMR,RAMNAGAR,Uttarakhand,NER,"Ramnagar, Uttarakhand",29.390223,79.122239,True,False,OTHER
RKI,RAMKANALI JN,West Bengal,SER,"Purulia, West Bengal",23.579891,86.762336,True,False,OTHER
QLM,KULEM,Goa,SWR,"South Goa Distt., Goa",15.334036,74.24423,True,False,OTHER
RRE,Rahul Road,Bihar,ECR,"National Highway 31, Bihar",25.274193,85.530934,True,False,OTHER
RMSR,RAMSINGHPUR,Rajasthan,NWR,"Ramsinghpur, Rajasthan",29.185337,73.398866,True,False,Chennai
PYOL,PAYYOLI,Kerala,SR,"Payyoli, Kerala",11.516716,75.617595,True,False,OTHER
RPB,Rupasibari,Assam,NFR,"National Highway 44, Assam",24.855344,92.529502,True,False,OTHER
PUM,PALLIPPURAM,Kerala,SR,"Palakkad, Kerala",10.841374,76.11236,True,False,OTHER
RGD,Rajgir,Bihar,ECR,"Rajgir, Bihar",25.033069,85.414697,True,False,OTHER
RGS,Ringas Junction,Rajasthan,NWR,"Ringas, Rajasthan",27.373379,75.563604,True,False,OTHER
RTBR,Ratabari,Assam,NFR,"Ratabari, Assam",24.572086,92.416927,True,False,OTHER
RGJI,RANGJULI,Assam,NFR,"Rangjuli Railway Station, Assam",25.988405,90.955958,True,False,OTHER
RPLY,Rupauli,Bihar,ECR,"Murliganj, Bihar",25.879328,87.057937,True,False,OTHER
PW,Pirwa,Rajasthan,NWR,"Degana, Rajasthan",27.235415,74.467274,True,False,OTHER
RDG,Rayadurg,Andhra Pradesh,SWR,"Rayadurg, Andhra Pradesh",14.705815,76.856828,True,False,OTHER
RPP,Ranu Pipri,Gujarat,WR,"Gujarat, Gujarat",0.0,0.0,False,False,OTHER
RSMN,Ramgovindsingh Mahuli Halt,UNKNOWN,UNKNOWN,,25.531874,85.113231,True,False,OTHER
RJR,Rajaldesar,Rajasthan,NWR,"Rajaldesar, Rajasthan",28.033672,74.477712,True,False,OTHER
RPV,Rajapatti,Bihar,NER,"Musepur To Rajapatti Railway Statipn, Bihar",26.180815,84.808383,True,False,OTHER
PUQ,Puranigudam,Assam,NFR,"Puranigudam, Assam",26.36319,92.786769,True,False,OTHER
PTRE,Patara,Uttar Pradesh,NCR,"Kanpur Nagar, Uttar Pradesh",26.232168,80.203446,True,False,OTHER
RGJ,RaiGanj,West Bengal,NFR,"Raiganj, West Bengal",25.619125,88.127696,True,False,OTHER
TUD,Talodhi Road,Maharashtra,SECR,"Nagbhir, Maharashtra",20.454247,79.736073,True,False,OTHER
RM,Rajmane,Maharashtra,CR,"Kunzar Rd, Maharashtra",20.643085,74.941672,True,False,OTHER
RMN,Raman,Punjab,NWR,"Rama Mandi, Punjab",29.959834,74.962088,True,False,OTHER
RPHR,Raipur Hariyana Junction,Haryana,NR,"Hisar, Haryana",29.158401,75.772834,True,False,OTHER
QTP,Quatabpur,Haryana,NR,"Haryana, Haryana",29.763968,76.349742,True,False,OTHER
RBJ,Raibojha,Uttar Pradesh,NER,"State Highway 26, Uttar Pradesh",27.971209,81.471651,True,False,OTHER
RWH,Rowriah Sdg,Assam,NFR,"Jorhat, Assam",26.721887,94.172441,True,False,OTHER
RWL,RAIWALA,Uttarakhand,NR,"Rishikesh, Uttarakhand",30.032143,78.209877,True,False,OTHER
RPI,RUPAHELI,Rajasthan,NWR,"Bhilwara, Rajasthan",25.771723,74.635807,True,False,OTHER
RNA,ROHANA KALAN,Uttar Pradesh,NR,"Muzaffarnagar, Uttar Pradesh",29.575725,77.685758,True,False,OTHER
RKD,RUKADI,Maharashtra,CR,"Kolhapur, Maharashtra",16.724872,74.356715,True,False,OTHER
RNE,RANJANI,Maharashtra,SCR,"Jalna, Maharashtra",19.646129,76.107028,True,False,OTHER
RXRX,RANGAPAHAR CRS,Nagaland,NFR,"Diphu Rd, Nagaland",25.868228,93.715179,True,False,OTHER
SAG,SANGRUR,Punjab,NR,"Sangrur, Punjab",30.243791,75.830517,True,False,OTHER
SAH,SAPHALE,Maharashtra,WR,"Thane, Maharashtra",19.576592,72.821826,True,False,OTHER
RUJ,RANUJ,Gujarat,WR,"Patan, Gujarat",23.75937,72.21524,True,False,OTHER
RNR,RANIBENNUR,Karnataka,SWR,"Ranebennur, Karnataka",14.625461,75.635054,True,False,OTHER
RRB,BIRUR JN,Karnataka,SWR,"Birur, Karnataka",13.591101,75.974749,True,False,OTHER
RIGA,RIGA,Bihar,ECR,"Barahwa, Bihar",26.644544,85.425711,True,False,OTHER
VMP,VALLAMPADUGAI,Tamil Nadu,SR,"Vallampadugai, Tamil Nadu",11.350091,79.708219,True,False,OTHER
RMM,RAMESWARAM,Tamil Nadu,SR,"Rameshwaram, Tamil Nadu",9.280973,79.306787,True,False,OTHER
SAZ,Samni,Gujarat,WR,"Samni, Gujarat",21.852581,72.92457,True,False,OTHER
RPMN,RAMPURMANI HARA,Uttar Pradesh,NR,"Saharanpur, Uttar Pradesh",29.805598,77.459871,True,False,OTHER
SASN,SAS NAGAR MOHALI,Punjab,NR,"Mohali, Punjab",30.666125,76.739952,True,False,OTHER
RNBD,RANA BORDI,Gujarat,WR,"State Highway 27, Gujarat",21.714732,69.791914,True,False,OTHER
RKX,RUKHI,Haryana,NR,"Sonepat, Haryana",29.090127,76.679535,True,False,OTHER
RXW,Ratangarh West,Rajasthan,NWR,"Ratangarh, Rajasthan",28.072785,74.610204,True,False,OTHER
RNQ,RENUKUT,Uttar Pradesh,ECR,"Sonbhadra, Uttar Pradesh",24.203558,83.039896,True,False,OTHER
ROHA,ROHA,Maharashtra,CR,"Roha, Maharashtra",18.44649,73.123577,True,False,OTHER
ROK,ROHTAK JN,Haryana,NR,"Rohtak, Haryana",28.890904,76.57955,True,False,OTHER
RLS,ROMANA ALBEL SINGH,Punjab,NR,"Kotkapura Jaitu Rd, Punjab",30.510636,74.850048,True,False,OTHER
RRS,Raghuraj Singh,Uttar Pradesh,NR,"Raghuraj Singh Railway Station, Uttar Pradesh",26.255836,80.879669,True,False,OTHER
RUR,RANPUR,Gujarat,WR,"Ranpur, Gujarat",22.359871,71.717303,True,False,OTHER
RVT,Revelganj Ghat,Bihar,NER,"Ghaghra Bank, Bihar",0.0,0.0,False,False,OTHER
RW,Rankua,Gujarat,WR,"Gujarat, Gujarat",0.0,0.0,False,False,OTHER
SAHA,Sarahula,Uttar Pradesh,ECR,"Dildarnagar, Uttar Pradesh",0.0,0.0,False,False,OTHER
SAD,Sonada,West Bengal,NFR,"Sonada, West Bengal",26.960337,88.273323,True,False,OTHER
RJ,Rawat Ganj,Uttar Pradesh,NER,"National Highway 29, Uttar Pradesh",26.957831,83.285875,True,False,OTHER
RGX,Raghunathbari,West Bengal,SER,"Panskura - Tamluk Rd, West Bengal",22.353228,87.797247,True,False,OTHER
RNJ,Runija,Madhya Pradesh,WR,"Ujjain, Madhya Pradesh",23.06077,75.376833,True,False,OTHER
SAKA,Simariya Kajanwada,Madhya Pradesh,SECR,"Mandla Fort, Madhya Pradesh",22.439466,80.325116,True,False,OTHER
SBGR,Subhas Gram,West Bengal,ER,"Kolkata, West Bengal",22.413546,88.433753,True,False,Kolkata
RNV,Raniwara,Rajasthan,NWR,"Raniwara, Rajasthan",24.750455,72.204293,True,False,OTHER
RRW,Roranwala,Punjab,NR,"Jandwala Bhimeshah, Punjab",30.444112,74.256203,True,False,OTHER
RXN,Ramsan,Gujarat,NWR,"State Highway 27, Gujarat",24.405871,72.035777,True,False,Chennai
SCA,SALCHAPRA,Assam,NFR,"Salchapra, Assam",24.827278,92.671939,True,False,Hyderabad
RSJ,RAYSER,Madhya Pradesh,WCR,"Guna, Madhya Pradesh",24.915226,77.549884,True,False,OTHER
SDPR,SARDAR PATEL ROAD,Delhi NCT,NR,"Delhi Cantonment, Delhi NCT",28.595813,77.167107,True,False,Delhi
SBD,SLEEMANABAD RD,Madhya Pradesh,WCR,"Sleemanabad, Madhya Pradesh",23.614369,80.285208,True,False,OTHER
SBM,SONBARSA KACHERI,Bihar,ECR,"Bihar, Bihar",25.793808,86.595659,True,False,OTHER
RY,RAYAKA,Gujarat,WR,"SH 1 Dhandhuka to Fadara Rd, Gujarat",22.413053,72.023569,True,False,OTHER
SCN,SONDHA ROAD,Madhya Pradesh,NCR,"National Highway 92, Madhya Pradesh",26.498827,78.484558,True,False,Hyderabad
BMPL,BRAHMANPALLI,Andhra Pradesh,SCR,"National Highway 7, Andhra Pradesh",17.832928,78.450179,True,False,OTHER
RUPC,RUDRAPUR CITY,Uttarakhand,NER,"Udham Singh Nagar, Uttarakhand",28.969281,79.379212,True,False,OTHER
SALE,SALAR,West Bengal,ER,"Salar, West Bengal",23.774579,88.111097,True,False,OTHER
SELU,SELU,Maharashtra,SCR,"Parbhani, Maharashtra",19.44806,76.433264,True,False,OTHER
SDGM,SARDARGRAM,Gujarat,WR,"Ahmedabad, Gujarat",23.070758,72.641987,True,False,OTHER
SHBA,SAHEBTALA,West Bengal,ER,"Sahebtala, West Bengal",23.591585,88.200996,True,False,OTHER
SHRD,SAIJ SERTHA RD,Gujarat,WR,"Jhulasan, Gujarat",23.2126,72.520002,True,False,OTHER
SINR,Sinor,Gujarat,WR,"Sinor, Gujarat",21.911344,73.336129,True,False,OTHER
SAHR,SAHERI,Uttar Pradesh,NER,"National Highway 29, Uttar Pradesh",25.559103,83.449115,True,False,OTHER
SIU,Singur,West Bengal,ER,"Singur, West Bengal",22.814558,88.228712,True,False,OTHER
RSYI,RASAYANI,Maharashtra,CR,"Rasayani, Maharashtra",18.894002,73.151919,True,False,OTHER
SED,SHEDBAL,Karnataka,SWR,"Belagavi, Karnataka",16.720293,74.752769,True,False,OTHER
SDRN,Shendurni,Maharashtra,CR,"Shendurni, Maharashtra",0.0,0.0,False,False,OTHER
RSG,RAMSAGAR,West Bengal,SER,"Bankura, West Bengal",23.106248,87.277063,True,False,Chennai
RZJ,RAZAGANJ,Uttar Pradesh,NER,"Lakhimpur Kheri, Uttar Pradesh",27.994397,80.632889,True,False,OTHER
SGBA,Sir Gurudas Banerjee Halt,West Bengal,ER,"Kolkata, West Bengal",0.0,0.0,False,False,Kolkata
AHMP,ADARSH MANPUR,UNKNOWN,UNKNOWN,,25.134476,85.911063,True,False,OTHER
SHKY,Saharsa Kutchery Halt,Bihar,ECR,"Bihra Panchayat, Bihar",0.0,0.0,False,False,OTHER
SHRG,Sri Ramgarh Halt,Rajasthan,NWR,"Ramgarh Railway Station, Rajasthan",0.0,0.0,False,False,OTHER
SDMK,Sidmukh,Rajasthan,NWR,"Sidhmukh, Rajasthan",28.89389,75.290472,True,False,OTHER
SALI,SALI,Rajasthan,NWR,"Ajmer, Rajasthan",26.705767,75.031546,True,False,OTHER
SBNM,Subarnamrigi,West Bengal,ER,"Police Station Rd, West Bengal",24.27321,88.292124,True,False,OTHER
SHZ,Summer Hill,Himachal Pradesh,NR,"Shimla, Himachal Pradesh",31.107469,77.138165,True,False,OTHER
RTR,RAMNATHPUR,Uttar Pradesh,NER,"Handia, Uttar Pradesh",25.412362,82.017775,True,False,OTHER
SIPA,Singhookharia,Jharkhand,SER,"National Highway 75, Jharkhand",22.498243,85.795126,True,False,OTHER
RUSD,Runnisaidpur,Bihar,ECR,"Runni, Bihar",26.410576,85.519694,True,False,OTHER
SDZ,Sindhar,Punjab,NR,"Sindhar, Punjab",31.110308,75.241169,True,False,OTHER
SDF,Sudsar,Rajasthan,NWR,"Bikaner, Rajasthan",28.012356,73.785795,True,False,OTHER
SIRD,Sird,Rajasthan,UNKNOWN,"Jodhpur, Rajasthan",27.554421,72.596405,True,False,OTHER
SDLP,Sadulpur Junction,Rajasthan,NWR,"Rajgarh, Rajasthan",28.631138,75.386989,True,False,OTHER
SFNR,Saifinagar Halt,Madhya Pradesh,WR,"Indore, Madhya Pradesh",22.698715,75.853424,True,False,OTHER
SAWN,Sohansra,Haryana,NWR,"State Highway 24, Haryana",28.407609,75.860578,True,False,OTHER
SJM,Sajuma,Andhra Pradesh,NR,"High School Rd, Andhra Pradesh",29.726968,76.296444,True,False,Hyderabad
SEW,SEHAL,Uttar Pradesh,NER,"MDR 65W, Uttar Pradesh",28.918565,78.822659,True,False,OTHER
SGRE,SULGARE,Maharashtra,CR,"Jath Rd, Maharashtra",16.914611,74.909935,True,False,OTHER
SJS,SHAMLAJI ROAD,Gujarat,NWR,"State Highway 5, Gujarat",23.621619,73.335655,True,False,OTHER
SGP,SOHAGPUR,Madhya Pradesh,WCR,"Sohagpur, Madhya Pradesh",22.693813,78.194338,True,False,OTHER
SEQ,SEKHA,Punjab,NR,"Off Rd, Punjab",30.380452,75.643764,True,False,OTHER
SMC,Samnapur,Madhya Pradesh,SECR,"State Highway 11, Madhya Pradesh",21.94191,80.156413,True,False,OTHER
MNHL,MAJHAIRAN HIMACHAL,Himachal Pradesh,NR,"Majhairan, Himachal Pradesh",32.046378,76.602793,True,False,OTHER
SGLM,SENGULAM,Tamil Nadu,SR,"National Highway 7, Tamil Nadu",8.607001,77.682861,True,False,OTHER
DUB,DABTARA,Uttar Pradesh,NR,"Bisauli, Uttar Pradesh",28.368424,78.991164,True,False,OTHER
SHBL,SHIBLUN,West Bengal,ER,"State Highway 6, West Bengal",23.692561,88.082999,True,False,OTHER
SIZ,Shrikhanda,West Bengal,ER,"Shrikhanda, West Bengal",0.0,0.0,False,False,OTHER
SJTR,Sojitra,Gujarat,WR,"Anand, Gujarat",0.0,0.0,False,False,OTHER
SKHK,Sukhasan Kothi,Bihar,ECR,"Purnia, Bihar",25.841387,87.152101,True,False,OTHER
SEJ,SARKHEJ,Gujarat,WR,"Ahmedabad, Gujarat",22.981944,72.497486,True,False,OTHER
SHC,SAHARSA JN,Bihar,ECR,"Saharsa, Bihar",25.875208,86.594953,True,False,OTHER
SHTT,Silghat Town,Assam,NFR,"Silghat, Assam",26.608902,92.929931,True,False,OTHER
SGUT,SILIGURU TOWN,West Bengal,NFR,"Siligur, West Bengal",26.7073,88.429607,True,False,OTHER
SGUJ,SILIGURI JN,West Bengal,NFR,"Siligur, West Bengal",26.723204,88.413663,True,False,OTHER
SJSM,Salemgarhmasani,Rajasthan,NWR,"Salemgarhmasani, Rajasthan",29.550109,74.462386,True,False,Chennai
SCH,SACHIN,Gujarat,WR,"Sachin, Gujarat",21.077673,72.874083,True,False,Hyderabad
SCPD,SUCHIPIND,Punjab,NR,"Jalandhar, Punjab",31.343172,75.621561,True,False,Hyderabad
SEV,SITHALAVAI,Tamil Nadu,SR,"Krishnarayapuram, Tamil Nadu",10.958125,78.273891,True,False,OTHER
SGR,SANGMESHWAR,Maharashtra,KR,"NH 17, Maharashtra",17.201999,73.546234,True,False,OTHER
SGD,SONGADH,Gujarat,WR,"Bhavnagar, Gujarat",21.728936,71.886759,True,False,OTHER
SHK,SHEIKPURA,Bihar,ECR,"Sheikhpura, Bihar",25.132088,85.854024,True,False,OTHER
SMDR,Simodara,Gujarat,WR,"SH 166, Gujarat",0.0,0.0,False,False,OTHER
SMTN,Somthan,Maharashtra,CR,"Somthan, Maharashtra",0.0,0.0,False,False,OTHER
SMSR,Samaswara,Madhya Pradesh,SECR,"SH 26, Madhya Pradesh",22.048501,79.334804,True,False,Chennai
SIKR,Sikar Junction,Rajasthan,NWR,"Sikar, Rajasthan",27.616275,75.153378,True,False,OTHER
SHF,Shirud,Maharashtra,CR,"Shirud, Maharashtra",20.735376,74.876271,True,False,OTHER
SGS,Shoghi,Himachal Pradesh,NR,"Shoghi, Himachal Pradesh",31.038759,77.124237,True,False,OTHER
SHN,Suchan Kotli,Haryana,NWR,"Suchan, Haryana",29.515833,75.170322,True,False,OTHER
SJPR,Surjyapur,West Bengal,ER,"Surjyapur F, West Bengal",22.293128,88.466557,True,False,OTHER
SMKR,Sham Kauria,Bihar,NER,"National Highway 28B, Bihar",26.035816,84.833036,True,False,OTHER
SGA,Shergarh,Punjab,NWR,"Bathinda, Punjab",30.080231,74.947251,True,False,OTHER
SLGE,SULERJAVALGE,Karnataka,SWR,"NH 13, Karnataka",17.45892,75.974841,True,False,OTHER
AKVD,AKIVIDU,Andhra Pradesh,SCR,"Coast Andhra, Andhra Pradesh",16.582654,81.369055,True,False,OTHER
SQR,SULTANPUR LODI,Punjab,NR,"Kapurthala, Punjab",31.211713,75.203016,True,False,OTHER
SIF,SIRLI,Maharashtra,SCR,"Parbhani, Maharashtra",19.508782,77.212225,True,False,OTHER
SKF,SAKHOTI TANDA,Uttar Pradesh,NR,"Meerut, Uttar Pradesh",29.192626,77.718049,True,False,OTHER
SMQL,SHAMLI,Uttar Pradesh,NR,"Shamli, Uttar Pradesh",29.444597,77.316231,True,False,OTHER
SMBJ,SHRI MAHABIRJI,Rajasthan,WCR,"Karauli, Rajasthan",26.684155,76.967664,True,False,OTHER
SLU,SASALU,Karnataka,SWR,"State Highway 47, Karnataka",14.226683,76.108388,True,False,OTHER
SQK,Shankar,Punjab,NR,"Jalandhar, Punjab",28.560828,77.140254,True,False,OTHER
SMM,SALIYAMANGALAM,Tamil Nadu,SR,"NH 67, Tamil Nadu",10.77933,79.275262,True,False,OTHER
SKR,SAKHPUR,Gujarat,WR,"to railway station, Gujarat",21.748997,69.833241,True,False,OTHER
SONW,SONWARSA HALT,UNKNOWN,UNKNOWN,,25.0436,85.669157,True,False,OTHER
SLR,Salogra,Himachal Pradesh,NR,"NH 22, Himachal Pradesh",30.934311,77.130516,True,False,OTHER
SOQ,SOMPUR ROAD,Karnataka,SWR,"Sompur, Karnataka",15.421499,75.87207,True,False,OTHER
SJN,SANJAN,Gujarat,WR,"Sanjan, Gujarat",20.19165,72.820594,True,False,OTHER
SKND,Sukinda Road,Orissa,ECoR,"Duburi, Orissa",20.971268,86.05375,True,False,OTHER
SKVL,SANKVAL,Goa,SWR,"Sancoale, Goa",15.370791,73.867713,True,False,OTHER
SL,SURATHKAL,Karnataka,KR,"Surathkal, Karnataka",12.989191,74.806177,True,False,OTHER
SJDA,SANJUJE DA AREY,Goa,SWR,"CURTORIM, Goa",15.437494,75.596254,True,False,OTHER
SKNR,Shakar Nagar,Andhra Pradesh,SCR,"Bodhan, Andhra Pradesh",18.659388,77.905991,True,False,OTHER
SOF,Saota,West Bengal,ER,"Saota, West Bengal",0.0,0.0,False,False,OTHER
SLI,SANGLI,Maharashtra,CR,"Sangli, Maharashtra",16.858669,74.588939,True,False,OTHER
SIW,SHIRRAVDE,Maharashtra,CR,"Satara, Maharashtra",17.360683,74.157355,True,False,OTHER
SLP,SALPA,Maharashtra,CR,"SH 61, Maharashtra",17.963071,74.171788,True,False,OTHER
SOI,Sonaripur,Uttar Pradesh,NER,"MDR 6C, Uttar Pradesh",28.474641,80.727422,True,False,OTHER
SNBD,Sunderabad,Madhya Pradesh,WR,"Ratlam, Madhya Pradesh",0.0,0.0,False,False,OTHER
SPS,Shripat Shrikhand,West Bengal,ER,"Shripat Shrikhand, West Bengal",0.0,0.0,False,False,OTHER
SQW,Sidhwalia,Bihar,NER,"Saran, Bihar",26.333838,84.666995,True,False,OTHER
SNKX,Sankra,UNKNOWN,SECR,,20.747436,81.591856,True,False,OTHER
SME,Shimoga,Karnataka,SWR,"State Highway 57, Karnataka",13.927613,75.592671,True,False,OTHER
SONH,Seonan Halt,UNKNOWN,UNKNOWN,,25.285709,85.01186,True,False,OTHER
SNU,Sangrampur,West Bengal,ER,"State Highway 3, West Bengal",22.224929,88.32876,True,False,OTHER
SJJ,Sanjha,Bihar,ER,"Sanjha, Bihar",25.065832,87.000851,True,False,OTHER
SLON,Salona,Assam,NFR,"Salona, Assam",26.503913,92.990043,True,False,OTHER
SJPA,Sujalpur,West Bengal,UNKNOWN,"Digha Contai Rd, West Bengal",21.763167,87.657497,True,False,OTHER
SILO,Silao,Bihar,ECR,"Nalanda, Bihar",25.078599,85.434638,True,False,OTHER
SOW,Suhsarai,Bihar,ECR,"National Highway 31, Bihar",25.273946,85.530032,True,False,OTHER
BLND,Bolinna Doaba,Punjab,NR,"Patara Rd, Punjab",31.34286,75.656972,True,False,OTHER
SKTN,Shakti Nagar,Uttar Pradesh,ECR,"Dist. Sonebhadra, Uttar Pradesh",24.122899,82.704734,True,False,OTHER
SOY,Sukrimangela,Madhya Pradesh,SECR,"Shikara - Dhooma Rd, Madhya Pradesh",22.90699,79.834297,True,False,OTHER
SQJ,Saila Khurd,Punjab,NR,"Saila Khurd, Punjab",31.292874,76.077706,True,False,OTHER
SNB,Satnaur Badesron,Punjab,NR,"Satnaur Badesron, Punjab",31.257426,76.110741,True,False,OTHER
SONR,Saoner Junction,Maharashtra,SECR,"Saoner, Maharashtra",21.387489,78.925046,True,False,OTHER
SOJ,SAROJINI NAGAR,Delhi NCT,NR,"Sarojini Nagar, Delhi NCT",28.58121,77.196287,True,False,Delhi
SPD,SUPEDI,Gujarat,WR,"Supedi, Gujarat",21.758514,70.376396,True,False,OTHER
SNX,SANEH ROAD,Uttar Pradesh,NR,"Saneh Road, Uttar Pradesh",29.689652,78.449403,True,False,OTHER
SRA,SEMRA,Bihar,ECR,"National Highway 28A, Bihar",26.711947,84.813698,True,False,OTHER
SRSI,Sarsi,Bihar,ECR,"State Highway 77, Bihar",25.863316,87.285218,True,False,OTHER
SNPR,SINGARPUR,Rajasthan,NCR,"Rupbas, Rajasthan",27.116202,77.723707,True,False,OTHER
SNYN,SONIYANA,Rajasthan,NWR,"National Highway 79, Rajasthan",25.123246,74.62566,True,False,OTHER
SRJ,SHANKARGARH,Madhya Pradesh,NCR,"Shankargarh, Madhya Pradesh",25.181301,81.619032,True,False,OTHER
STF,Sikta,Bihar,ECR,"Sikta, Bihar",27.024365,84.680541,True,False,OTHER
SRGH,Surajgarh,Rajasthan,NWR,"Surajgarh, Rajasthan",28.301684,75.7343,True,False,OTHER
SQE,SAMRLA,Maharashtra,SCR,"Dharmabad, Maharashtra",18.921849,77.793105,True,False,OTHER
SRK,SAMRAU,Rajasthan,NWR,"State Highway 61, Rajasthan",26.8662,72.721146,True,False,OTHER
SOHL,Sohal,Punjab,NR,"National Highway 15, Punjab",31.974211,75.348341,True,False,OTHER
SRNK,Soron,Uttar Pradesh,NER,"Soron, Uttar Pradesh",27.883354,78.748458,True,False,OTHER
SNSN,SONASAN,Gujarat,WR,"Salal, Gujarat",23.491604,72.895784,True,False,OTHER
SRID,SHRIDHAM,Madhya Pradesh,WCR,"Shridham, Madhya Pradesh",23.033843,79.484397,True,False,OTHER
SQL,SONTALAI,Madhya Pradesh,WCR,"Itarsi, Madhya Pradesh",22.613018,77.949775,True,False,OTHER
SPZ,SAMPLA,Haryana,NR,"Sampla, Haryana",28.781933,76.773299,True,False,OTHER
SNHR,SANKHAI,Gujarat,WR,"Patan, Gujarat",23.796393,72.177296,True,False,OTHER
SPK,SAPEKHATI,Assam,NFR,"Moran to Naharkatiya Rd, Assam",27.110416,95.160918,True,False,OTHER
SPRA,Sillipur,Rajasthan,NCR,"State Highway 2, Rajasthan",26.081657,77.031581,True,False,OTHER
STC,SANTA CRUZ,Maharashtra,WR,"Mumbai, Maharashtra",19.082018,72.841339,True,False,Mumbai
SSV,SASVAD ROAD,Maharashtra,CR,"Sasvad, Maharashtra",18.473202,73.954646,True,False,OTHER
SOU,Supaul,Bihar,ECR,"Supaul, Bihar",26.117557,86.603023,True,False,OTHER
SOJN,SIHOR GUJARAT,Gujarat,WR,"Shihor, Gujarat",21.724798,71.957197,True,False,OTHER
KRNG,Kargaon Halt,UNKNOWN,UNKNOWN,,20.800933,79.41302,True,False,OTHER
SNDY,SANDAI,Uttar Pradesh,NER,"Sandai, Uttar Pradesh",28.572634,79.990982,True,False,OTHER
SNDD,SINDHUDURG,Maharashtra,KR,"Oros, Maharashtra",16.111322,73.67934,True,False,OTHER
SPGL,Sarai Gopal,Uttar Pradesh,NR,"Allahabad Bypass, Uttar Pradesh",25.548656,81.822277,True,False,OTHER
STH,Sethal,Uttar Pradesh,NER,"Bareilly, Uttar Pradesh",28.543189,79.567366,True,False,OTHER
SRMN,Semraon,Bihar,ECR,"State Highway 12, Bihar",25.395161,84.527042,True,False,OTHER
STPM,S NARAYANAPURAM,Andhra Pradesh,SCR,"Vijayawada, Andhra Pradesh",16.525488,80.647908,True,False,OTHER
SSP,Santoshpur,West Bengal,ER,"Kolkata, West Bengal",22.524414,88.272502,True,False,Kolkata
SNDT,Sindri Town,Jharkhand,UNKNOWN,"Sindri, Jharkhand",23.660992,86.479883,True,False,OTHER
SRN,Soron,Uttar Pradesh,NER,"Soron, Uttar Pradesh",27.883694,78.748798,True,False,OTHER
SNA,Sadanapura,Gujarat,WR,"Sadanapura, Gujarat",22.602488,73.012475,True,False,OTHER
WW,Wanabar,UNKNOWN,UNKNOWN,,25.006278,84.97751,True,False,OTHER
SSRD,Shasan Road,West Bengal,ER,"Baruipur, West Bengal",22.34654,88.434523,True,False,OTHER
SMTG,Saheed Matangini,West Bengal,SER,"Medinipur, West Bengal",22.301974,87.908115,True,False,OTHER
SOE,Sheopur Kalan,Madhya Pradesh,NCR,"Sheopur, Madhya Pradesh",25.675538,76.700386,True,False,OTHER
SMNN,Shri Makri Nath Nagar,Rajasthan,NWR,"Churu, Rajasthan",28.179884,74.824623,True,False,OTHER
AKU,ANGALAKUDURU,Andhra Pradesh,SCR,"Coastal Andhra Region, Andhra Pradesh",16.245325,80.609091,True,False,OTHER
GTI,GHUTAI,Uttar Pradesh,NCR,"National Highway 76, Uttar Pradesh",25.28943,79.441322,True,False,OTHER
SWAR,SEWAR,Rajasthan,WCR,"Bharatpur, Rajasthan",27.177901,77.425499,True,False,OTHER
STSN,SHAITAN SINGH NAGAR,Rajasthan,NWR,"State Highway 61, Rajasthan",27.052218,72.468139,True,False,OTHER
MHTR,MALIHATI TALIBPUR ROAD,West Bengal,ER,"Rd, West Bengal",23.79372,88.126194,True,False,OTHER
SRRG,SURERGOTH,Rajasthan,NWR,"State Highway 25, Rajasthan",27.18282,76.605353,True,False,OTHER
SVKD,SAVAR KUNDLA,Gujarat,WR,"Savar Kundla, Gujarat",21.335082,71.312667,True,False,OTHER
SSKA,SISARKA,Uttar Pradesh,NR,"State Highway 43, Uttar Pradesh",28.431279,78.846279,True,False,OTHER
SSR,SARERI,Rajasthan,NWR,"National Highway 79, Rajasthan",25.697556,74.624105,True,False,OTHER
SRNT,SARNATH,Uttar Pradesh,NER,"Varanasi, Uttar Pradesh",25.375998,83.032634,True,False,OTHER
SVW,SHIVNI SHIVAPUR,Maharashtra,SCR,"Akola, Maharashtra",20.674328,77.048971,True,False,OTHER
SRVX,SURAVALI,Goa,KR,"Margao, Goa",15.291947,73.939328,True,False,OTHER
SXS,SHOBHASAN,Gujarat,WR,"State Highway 41, Gujarat",23.542307,72.394212,True,False,OTHER
STBJ,Sitabanji,Orissa,ECoR,"National Highway 215, Orissa",21.500203,85.79053,True,False,OTHER
SVM,SANVERDAM CHUCH,Goa,SWR,"Curchorem, Goa",15.264064,74.10866,True,False,OTHER
SUL,SULADHAL,Karnataka,SWR,"Belagavi, Karnataka",16.001728,74.678143,True,False,OTHER
SURR,Surera,Rajasthan,NWR,"Surera, Rajasthan",0.0,0.0,False,False,OTHER
SVQ,SIVOK,West Bengal,NFR,"Sevoke, West Bengal",26.880144,88.468742,True,False,OTHER
VMLD,VEMULURIPADU,UNKNOWN,UNKNOWN,,16.309801,80.294121,True,False,OTHER
SWQ,Sangwi,Maharashtra,CR,"Sangwi, Maharashtra",0.0,0.0,False,False,OTHER
SWG,Sidhwan,Punjab,NR,"Sidhwan, Punjab",31.095558,75.54695,True,False,OTHER
SRY,SIRARI,Bihar,ECR,"State Highway 6, Bihar",25.132853,85.952587,True,False,OTHER
SWX,Saidanwala,Punjab,NR,"Saidanwala, Punjab",30.917223,74.679664,True,False,OTHER
SVGA,Sivaganga,Tamil Nadu,SR,"SH 33, Tamil Nadu",9.85297,78.499069,True,False,OTHER
SSA,Sirsa,Haryana,NWR,"Sirsa, Haryana",29.539153,75.034944,True,False,OTHER
MQA,Matoda,UNKNOWN,UNKNOWN,,24.11526,73.00915,True,False,OTHER
SVB,Savni,Gujarat,WR,"Maljinjava, Gujarat",20.994517,70.471495,True,False,OTHER
SVC,Siwan Kachari,Bihar,NER,"Siwan, Bihar",26.226705,84.348717,True,False,OTHER
SVV,Srivaikuntam,Tamil Nadu,SR,"Thoothukudi, Tamil Nadu",8.622476,77.906323,True,False,OTHER
SVDC,Sivadevunichkla,Andhra Pradesh,SCR,"P.P.Road, Andhra Pradesh",16.535629,81.658944,True,False,OTHER
STNL,Satnali,Haryana,NWR,"Satnali, Haryana",28.382338,75.966232,True,False,OTHER
AEP,Amreli Para,Gujarat,WR,"Amreli, Gujarat",21.607981,71.228168,True,False,OTHER
SSF,Sirsuphal,Maharashtra,CR,"Daund, Maharashtra",18.306268,74.572957,True,False,OTHER
SWD,Sanawad,Madhya Pradesh,WR,"Sanawad, Madhya Pradesh",22.17581,76.074567,True,False,OTHER
SXE,SILA KHERI HALT,Haryana,NR,"Jind, Haryana",29.389883,76.612939,True,False,OTHER
TAM,Tilaivilagam,Tamil Nadu,SR,"Pattukkotai-Thiruthuraipoondi Rd, Tamil Nadu",0.0,0.0,False,False,OTHER
TKF,Taki Road,West Bengal,ER,"Taki, West Bengal",22.587179,88.915553,True,False,OTHER
TNLR,Thondaimanallur,Tamil Nadu,SR,"Nallur, Tamil Nadu",10.623543,78.746072,True,False,OTHER
TER,THAIR,Maharashtra,CR,"State Highway 77, Maharashtra",18.352916,76.150037,True,False,OTHER
TCT,Tiruchitrambalam,Tamil Nadu,SR,"Musiri - Kulithalai - Manapparai - Pudukottai - Alangudi - Peravoorani - Sethubavachatram Rd, Tamil Nadu",0.0,0.0,False,False,OTHER
SY,SIRKAZHI,Tamil Nadu,SR,"Sirkazhi, Tamil Nadu",11.240305,79.726353,True,False,OTHER
TNX,Tarak Nagar,West Bengal,ER,"Shivniwas Rd, West Bengal",23.38018,88.680184,True,False,OTHER
TAPA,TAPA,Punjab,NR,"Tapa Mandi, Punjab",30.302839,75.366053,True,False,OTHER
SYC,SARAI CHANDI,Uttar Pradesh,NR,"Phulpur, Uttar Pradesh",25.539421,81.979585,True,False,OTHER
THZI,Takazhi,Kerala,SR,"Takazhi, Kerala",0.0,0.0,False,False,OTHER
TJNR,Taj Nagar,Haryana,NR,"Gurgaon, Haryana",0.0,0.0,False,False,OTHER
SXP,SANKOPARA,West Bengal,ER,"State Highway 5, West Bengal",24.717685,87.934452,True,False,OTHER
TBN,TIMARNI,Madhya Pradesh,WCR,"Timarni, Madhya Pradesh",22.37586,77.2294,True,False,OTHER
SYQ,SINHAN,Gujarat,WR,"SH 6, Gujarat",22.234625,69.729735,True,False,OTHER
TIBI,Tibi,Rajasthan,NWR,"Tibi, Rajasthan",29.542866,74.501606,True,False,OTHER
TAY,TALAIYUTHU,Tamil Nadu,SR,"Thalaiyuthu, Tamil Nadu",8.784194,77.729442,True,False,OTHER
TEN,TIRUNELVELI,Tamil Nadu,SR,"Tirunelveli, Tamil Nadu",8.73636,77.707979,True,False,OTHER
SYH,SAIYEDPUR BHTRI,Uttar Pradesh,NER,"Saidpur, Uttar Pradesh",25.539724,83.232974,True,False,OTHER
THN,TOLAHUNSE,Karnataka,SWR,"Tholahunase, Karnataka",14.399208,75.964562,True,False,OTHER
SZR,SARUPATHAR,Assam,NFR,"Sarupathar Road Thana Rd, Assam",26.195595,93.862021,True,False,OTHER
SYL,SALPURA,Rajasthan,WCR,"Kawari, Rajasthan",24.773701,76.733005,True,False,OTHER
TIW,TIVARI,Rajasthan,NWR,"Tinwari, Rajasthan",26.55473,72.889577,True,False,OTHER
TA,TANUR,Kerala,SR,"Malappuram, Kerala",10.97954,75.880597,True,False,OTHER
TLI,Tulwara Jhil,Rajasthan,NWR,"Tibi Railway Station, Rajasthan",0.0,0.0,False,False,OTHER
TABU,Talaburu,Jharkhand,SER,"National Highway 75, Jharkhand",22.358169,85.755942,True,False,OTHER
TNK,Tirunellikaval,Tamil Nadu,SR,"State Highway 23, Tamil Nadu",0.0,0.0,False,False,OTHER
KGBS,Kishangarh Balawas,Haryana,NWR,"Kishengarh, Haryana",28.262787,76.571554,True,False,OTHER
TBX,Tilbhum,Tripura,NFR,"National Highway 44, Tripura",24.465833,92.245466,True,False,OTHER
AL,ATTILI,Andhra Pradesh,SCR,"West Godavari, Andhra Pradesh",16.68015,81.61636,True,False,OTHER
TLX,Taldi,West Bengal,ER,"Taldi Station Rd, West Bengal",22.343647,88.608759,True,False,OTHER
TKO,TAKKOLAM,Tamil Nadu,SR,"Arakkonam, Tamil Nadu",13.023783,79.677055,True,False,OTHER
TEA,Taregna,Bihar,ECR,"Taregna, Bihar",25.35523,85.038113,True,False,OTHER
TLMR,Teliamura,Tripura,NFR,"Teliamura, Tripura",23.861247,91.617734,True,False,OTHER
TELY,Telia,Bihar,UNKNOWN,"Telia, Bihar",24.805888,87.026246,True,False,OTHER
SZ,SALAWAS,Rajasthan,NWR,"Luni, Rajasthan",26.139957,73.014524,True,False,OTHER
TB,Tharbitia,Bihar,ECR,"State Highway 76, Bihar",26.218533,86.657383,True,False,OTHER
TNGI,Tungi Halt,Bihar,UNKNOWN,"Bihar Sharif, Bihar",25.171993,85.527205,True,False,OTHER
TCN,Tiruchendur,Tamil Nadu,SR,"Tiruchchendur, Tamil Nadu",8.501774,78.117118,True,False,OTHER
TRG,Tarighat,Uttar Pradesh,ECR,"Ghazipur, Uttar Pradesh",25.571721,83.602105,True,False,OTHER
TKYR,TIKARIA,Madhya Pradesh,WCR,"MDR 11, Madhya Pradesh",24.99538,80.86436,True,False,OTHER
TLV,TALVADYA,Madhya Pradesh,WCR,"East Nimar, Madhya Pradesh",21.927299,76.443784,True,False,OTHER
TSD,Tahsil Bhadra,Rajasthan,NWR,"Bhadra, Rajasthan",29.101436,75.161454,True,False,OTHER
BLNK,BELANKI,Maharashtra,CR,"Jath Rd, Maharashtra",16.848908,74.869336,True,False,OTHER
TR,TARU,Maharashtra,SCR,"Rotegaon Railway Station, Maharashtra",20.06888,74.590775,True,False,OTHER
THJ,TALHERI BUZURG,Uttar Pradesh,NR,"SH 59, Uttar Pradesh",29.766916,77.644309,True,False,OTHER
TIA,TILAYA,Bihar,ECR,"State Highway 8, Bihar",24.821998,85.401101,True,False,OTHER
TTR,TIPTUR,Karnataka,SWR,"Tiptur, Karnataka",13.256152,76.475987,True,False,OTHER
TK,TUMKUR,Karnataka,SWR,"Tumkur, Karnataka",13.333033,77.102439,True,False,OTHER
TUN,TOHANA,Haryana,NR,"Tohana, Haryana",29.7266,75.904581,True,False,OTHER
TKC,THAKURKUCHI,Assam,NFR,"Hatisila, Assam",26.234006,91.922284,True,False,OTHER
TME,TUTI MELUR,Tamil Nadu,SR,"Thoothukudi, Tamil Nadu",8.808374,78.145808,True,False,OTHER
TTB,TITABAR,Assam,NFR,"Titabor, Assam",26.602048,94.199758,True,False,OTHER
TKR,TAKARI,Maharashtra,CR,"Sangli, Maharashtra",17.129756,74.363376,True,False,OTHER
TPE,TIRUCHIRAPPALLI PALAKKARAI,Tamil Nadu,SR,"Tiruchirapalli, Tamil Nadu",10.80726,78.693664,True,False,OTHER
TPN,Tapona,Maharashtra,CR,"Tapona, Maharashtra",0.0,0.0,False,False,OTHER
TKLE,Tikani,Bihar,ER,"Tikani, Bihar",25.108394,86.993246,True,False,OTHER
TTP,Tiruturaipudi Junction,Tamil Nadu,SR,"Thiruthuraipoondi, Tamil Nadu",0.0,0.0,False,False,OTHER
SRPR,SARUPSAR JN,Rajasthan,NWR,"MDR 103, Rajasthan",29.353194,73.694891,True,False,OTHER
AYRN,AKSHAYWAT RAI NAGAR,Bihar,ECR,"Vaishali, Bihar",25.688768,85.315411,True,False,OTHER
TLGP,Talguppa,Karnataka,SWR,"Talaguppa, Karnataka",14.214011,74.914093,True,False,OTHER
TWB,Talwandi,Punjab,NR,"Talwandi Bhai, Punjab",30.861364,74.923634,True,False,OTHER
TQL,Theh Qalandar,Punjab,NR,"State Highway 20, Punjab",30.463401,74.086947,True,False,OTHER
TGU,TARIGOPPULA,Andhra Pradesh,SCR,"Krishna, Andhra Pradesh",16.485676,80.836307,True,False,OTHER
THVM,THIVIM,Goa,KR,"North Goa, Goa",15.62955,73.876104,True,False,OTHER
TKE,Tarikere Junction,Karnataka,SWR,"Tarikere, Karnataka",13.710886,75.812209,True,False,OTHER
TOK,THOKUR,Karnataka,KR,"Mangalore, Karnataka",12.963579,74.829167,True,False,OTHER
TKOT,TOKKOTTU,Karnataka,SR,"Ullal, Karnataka",12.818211,74.858222,True,False,OTHER
TLY,THALASSERY,Kerala,SR,"Kannur, Kerala",11.75314,75.492987,True,False,OTHER
TIR,TIRUR,Kerala,SR,"Malappuram, Kerala",10.917757,75.921865,True,False,OTHER
TRMN,Taramani,Tamil Nadu,SR,"Chennai, Tamil Nadu",12.978438,80.240082,True,False,Chennai
TGRL,Tangiriapal,Orissa,ECoR,"Orissa, Orissa",21.164083,85.925812,True,False,OTHER
THE,Thawe Junction,Bihar,NER,"Gopalganj, Bihar",26.438991,84.394398,True,False,OTHER
TNDE,Thanesar City,Haryana,NR,"Haryana, Haryana",29.966374,76.824336,True,False,OTHER
TTW,Titwa,Madhya Pradesh,SECR,"Lamta, Madhya Pradesh",21.995906,80.138442,True,False,OTHER
TMZ,Tamluk,West Bengal,SER,"Tamluk, West Bengal",22.275813,87.919144,True,False,OTHER
TLC,Talchhapar,Rajasthan,NWR,"Sujangarh, Rajasthan",27.824805,74.487037,True,False,OTHER
THR,Thara,Madhya Pradesh,NCR,"State Highway 2, Madhya Pradesh",26.356888,77.85074,True,False,OTHER
THEA,Thalera,Rajasthan,WCR,"Talera, Rajasthan",25.315277,75.737744,True,False,OTHER
ALJ,ALAI,Uttarakhand,NER,"National Highway 74, Uttarakhand",29.143806,78.932709,True,False,OTHER
UDM,UNDASA MADHAWPU,Madhya Pradesh,WR,"State Highway 18, Madhya Pradesh",23.087044,75.979275,True,False,OTHER
TZR,TURKI ROAD,Madhya Pradesh,WCR,"Rewa, Madhya Pradesh",24.548879,81.117573,True,False,OTHER
UPI,UPLAI,Maharashtra,CR,"State Highway 77, Maharashtra",18.184369,75.642724,True,False,OTHER
TOD,TALOD,Gujarat,WR,"Talod, Gujarat",23.351348,72.947961,True,False,OTHER
BNWC,Bhiwani City,Haryana,NWR,"Bhiwani, Haryana",28.825698,76.144299,True,False,OTHER
TVR,THIRUVARUR JN,Tamil Nadu,SR,"Thiruvarur, Tamil Nadu",10.764347,79.633898,True,False,OTHER
TPZ,TAPRI JN,Uttar Pradesh,NR,"Saharanpur, Uttar Pradesh",29.915728,77.583272,True,False,OTHER
UBR,UMBARGAM ROAD,Gujarat,WR,"Umbergaon, Gujarat",20.153499,72.790821,True,False,OTHER
TZTB,Tezpore,Assam,NFR,"Tezpur, Assam",26.617781,92.787747,True,False,OTHER
UTL,UTARLAI,Rajasthan,NWR,"Barmer, Rajasthan",25.788344,71.443638,True,False,OTHER
TYMR,Tiruvanmiyur,Tamil Nadu,SR,"Chennai, Tamil Nadu",12.989302,80.25119,True,False,Chennai
TPK,TIPKAI,Assam,NFR,"Dhubri, Assam",26.295354,90.047264,True,False,OTHER
TNM,TIRUVANNAMALAI,Tamil Nadu,SR,"Thiruvannamalai, Tamil Nadu",12.238103,79.077782,True,False,OTHER
TVN,TIRUPPUVANAM,Tamil Nadu,SR,"Tiruppuvanam, Tamil Nadu",9.821457,78.258693,True,False,OTHER
TVI,Taradevi,Himachal Pradesh,NR,"Shimla, Himachal Pradesh",31.0758,77.139253,True,False,OTHER
TQN,TIKUNIA,Uttar Pradesh,NER,"Tikapur Municipality, Uttar Pradesh",28.378823,80.981217,True,False,OTHER
TYAE,TENYA,West Bengal,ER,"Tenya, West Bengal",23.822157,88.148864,True,False,OTHER
UMPD,Umarpada,Gujarat,WR,"Umarpada to Jumavadi, Gujarat",0.0,0.0,False,False,OTHER
UNI,Unai Vansada Road,Gujarat,WR,"Gujarat, Gujarat",0.0,0.0,False,False,OTHER
AJU,Arjuni,Maharashtra,SECR,"Gondia, Maharashtra",20.816588,80.022582,True,False,OTHER
TPC,TIRUPPACHETTI,Tamil Nadu,SR,"Thiruppachethi, Tamil Nadu",9.773154,78.344217,True,False,OTHER
TRN,TARAON,Uttar Pradesh,NER,"Tranav Railway Station, Uttar Pradesh",25.526193,83.311179,True,False,OTHER
TTZ,Tukaithad,Maharashtra,SCR,"Akot, Maharashtra",21.427444,76.670581,True,False,OTHER
VB,VILLIYAMBAKKAM,Tamil Nadu,SR,"State Highway 58, Tamil Nadu",12.754406,79.929175,True,False,OTHER
UCB,UNCHI BASSI,Punjab,NR,"National Highway 1A, Punjab",31.860857,75.643654,True,False,OTHER
UJ,UJALVAV,Gujarat,WR,"State Highway 31, Gujarat",21.905096,71.705115,True,False,OTHER
TNKU,TANUKU,Andhra Pradesh,SCR,"131, Andhra Pradesh",16.752035,81.674075,True,False,OTHER
TNRU,TENNERU,Andhra Pradesh,SCR,"Manthena, Andhra Pradesh",16.488886,80.813991,True,False,OTHER
TRBE,Tarabari,Assam,NFR,"Nagaon, Assam",26.436293,92.683367,True,False,OTHER
TTLA,TETELIA,Assam,NFR,"Tetelia-Maloibari Rd, Assam",26.135912,92.00541,True,False,OTHER
UIH,Umaria Ispa Halt,Madhya Pradesh,SECR,"Umaria Ispa, Madhya Pradesh",22.055305,79.084961,True,False,OTHER
ULA,Umra Nala,Madhya Pradesh,SECR,"Umranala Station, Madhya Pradesh",21.874783,78.879298,True,False,OTHER
TXM,TANDAVAPURA,Karnataka,SWR,"Thandavapura, Karnataka",12.168831,76.678489,True,False,OTHER
TSL,Taksal,Himachal Pradesh,NR,"Parwanoo, Himachal Pradesh",30.845271,76.954267,True,False,OTHER
TWV,Thuwavi,Gujarat,WR,"SH 11, Gujarat",22.153761,73.381517,True,False,OTHER
TSK,Tinsukia Junction,Assam,NFR,"Tinsukia, Assam",27.4864,95.356367,True,False,OTHER
KDRP,Kandarpur,Orissa,ECoR,"Jagatsinghpur Rd, Orissa",20.396528,86.017399,True,False,OTHER
UB,Uska Bazar,Uttar Pradesh,NER,"State Highway 1A, Uttar Pradesh",27.189993,83.12595,True,False,OTHER
UAM,Udagamandalam,Tamil Nadu,SR,"Ooty, Tamil Nadu",11.404585,76.694727,True,False,OTHER
TPP,Toppur,Tamil Nadu,SWR,"Dharmapuri, Tamil Nadu",11.931538,78.070201,True,False,OTHER
VDV,Vadiya Devli,Gujarat,WR,"Vadiya, Gujarat",21.689791,70.853196,True,False,OTHER
UKA,UKHRA,West Bengal,ER,"Ukhra, West Bengal",23.653692,87.232537,True,False,OTHER
UPR,USMANPUR,Maharashtra,SCR,"D1, Maharashtra",19.532217,76.27447,True,False,OTHER
UCP,UCHIPPULI,Tamil Nadu,SR,"Uchipuli, Tamil Nadu",9.30813,79.015093,True,False,OTHER
UHR,UNCHHERA,Madhya Pradesh,WCR,"Unchhera, Madhya Pradesh",24.38137,80.79457,True,False,OTHER
UMD,USMANABAD,Maharashtra,CR,"National Highway 211, Maharashtra",18.248154,76.022663,True,False,OTHER
WGA,WAGHODA,Madhya Pradesh,CR,"East Nimar, Madhya Pradesh",21.255952,76.088755,True,False,OTHER
UGR,UGAR KHURD,Karnataka,SWR,"Belgaum, Karnataka",16.669705,74.822126,True,False,OTHER
VAE,Vadali,Gujarat,WR,"Vadali, Gujarat",23.948406,73.043604,True,False,OTHER
VASO,Vaso,Gujarat,WR,"Rampur, Gujarat",0.0,0.0,False,False,OTHER
VDGN,VADGAON NILA,Maharashtra,SCR,"State Highway 169, Maharashtra",18.929473,76.641172,True,False,OTHER
VDNP,Baijnath Andoli,Bihar,ECR,"Baijnath Andoli, Bihar",0.0,0.0,False,False,OTHER
WHM,WASHIM,Maharashtra,SCR,"Washim, Maharashtra",20.103101,77.147986,True,False,OTHER
VEP,Velpuru Road,Andhra Pradesh,SCR,"Station Rd, Andhra Pradesh",0.0,0.0,False,False,OTHER
UOI,UMROLI,Maharashtra,WR,"Boisar, Maharashtra",19.754447,72.760337,True,False,OTHER
VLP,VILE PARLE,Maharashtra,WR,"Mumbai, Maharashtra",19.099274,72.84363,True,False,Mumbai
VLC,Velachha,Gujarat,WR,"SH 166, Gujarat",0.0,0.0,False,False,OTHER
VLN,Vilegaon,Maharashtra,CR,"Vilegaon, Maharashtra",0.0,0.0,False,False,OTHER
VMM,Valaramanikkam,Tamil Nadu,SR,"State Highway 28, Tamil Nadu",0.0,0.0,False,False,OTHER
VRX,VARAHI,Gujarat,WR,"Banaskantha, Gujarat",23.800674,71.431296,True,False,OTHER
VOL,Virol,Gujarat,WR,"Anand, Gujarat",0.0,0.0,False,False,OTHER
VAPI,VAPI,Gujarat,WR,"Valsad, Gujarat",20.374338,72.909127,True,False,OTHER
KRNH,Karanahalli,Karnataka,SWR,"Bangalore Honavar Rd, Karnataka",13.667161,75.934385,True,False,Bangalore
UVD,UDVADA,Gujarat,WR,"Udvada, Gujarat",20.461236,72.918698,True,False,OTHER
UD,UDUPI,Karnataka,KR,"Udupi, Karnataka",13.336341,74.771733,True,False,OTHER
VLCY,Velachery,Tamil Nadu,SR,"Chennai, Tamil Nadu",12.967092,80.219217,True,False,Chennai
VNN,BHANAUR,Uttar Pradesh,NR,"State Highway 36, Uttar Pradesh",25.57316,82.530022,True,False,OTHER
VDH,VEDCHHA,Gujarat,WR,"Navsari, Gujarat",20.874651,72.936415,True,False,OTHER
VAL,VADAL,Gujarat,WR,"Vadal, Gujarat",21.611243,70.492663,True,False,OTHER
VKA,Verka Junction,Punjab,NR,"Amritsar, Punjab",31.665699,74.931669,True,False,OTHER
UKN,Uklana,Haryana,NR,"State Highway 2, Haryana",29.49898,75.883133,True,False,OTHER
VPN,VIDYAPATINAGAR,Bihar,ECR,"Raod For VIDYAPATI DHAM, Bihar",25.601975,85.802343,True,False,OTHER
UPL,UPPALUR,Andhra Pradesh,SCR,"Krishna, Andhra Pradesh",16.492803,80.780125,True,False,OTHER
UNK,UNKAL,Karnataka,SWR,"Hubli, Karnataka",15.377159,75.124255,True,False,OTHER
ULL,ULLAL,Karnataka,SR,"Someshwar, Karnataka",12.79132,74.854779,True,False,OTHER
VTJ,VARTEJ,Gujarat,WR,"Bhavnagar, Gujarat",21.746198,72.055199,True,False,OTHER
UTN,Uttar Radhanagar Halt,West Bengal,ER,"Sherpur Dhamua Rd, West Bengal",22.269458,88.383365,True,False,OTHER
VDKS,Vadanam Kurussi Halt,Kerala,SR,"Shornur Perinthalmanna Hwy, Kerala",10.788139,76.252871,True,False,OTHER
UNA,Una,Gujarat,WR,"Una, Gujarat",20.819025,71.036053,True,False,OTHER
UHL,Una Himachal,Himachal Pradesh,NR,"Una, Himachal Pradesh",31.478782,76.27566,True,False,OTHER
UMH,Umreth,Gujarat,WR,"Umreth, Gujarat",22.693376,73.119782,True,False,OTHER
UGU,Ugu,Uttar Pradesh,NR,"Unnao, Uttar Pradesh",26.804338,80.299391,True,False,OTHER
VRH,VIRBHADRA,Uttarakhand,NR,"Rishikesh, Uttarakhand",30.074509,78.251864,True,False,OTHER
VSPR,BISHNUPRIYA,West Bengal,ER,"Nabadwip, West Bengal",23.413186,88.3552,True,False,OTHER
VRJ,Vadaj,Gujarat,WR,"State Highway 160, Gujarat",0.0,0.0,False,False,OTHER
VRKD,Varkhedi,Maharashtra,CR,"Jalgaon, Maharashtra",0.0,0.0,False,False,OTHER
VSI,Vishvamitri,Gujarat,WR,"Vadodara, Gujarat",0.0,0.0,False,False,OTHER
VEL,Vellanur,Tamil Nadu,SR,"Pudukkottai, Tamil Nadu",10.46709,78.796975,True,False,OTHER
YSI,YEDESHI,Maharashtra,CR,"National Highway 211, Maharashtra",18.317378,75.97657,True,False,OTHER
VUL,Virul,Maharashtra,CR,"Wardha, Maharashtra",0.0,0.0,False,False,OTHER
VLY,VALLIYUR,Tamil Nadu,SR,"Vallioor, Tamil Nadu",8.37616,77.61399,True,False,OTHER
VT,VELLORE TOWN,Tamil Nadu,SR,"Vellore - 632008, Tamil Nadu",12.923647,79.125213,True,False,OTHER
VKG,Vavadi Khurd,Gujarat,WR,"National Highway 59, Gujarat",22.79511,73.502962,True,False,OTHER
WDR,WADIARAM,Andhra Pradesh,SCR,"Telangana Region, Andhra Pradesh",17.972607,78.455417,True,False,OTHER
VKP,VARAKALPATTU,Tamil Nadu,SR,"State Highway 9, Tamil Nadu",11.765793,79.704026,True,False,OTHER
VTV,VALANTARAVAL,Tamil Nadu,SR,"National Highway 49, Tamil Nadu",9.337064,78.911814,True,False,OTHER
VQD,VIRAMDAD,Gujarat,WR,"Khambhalia-Dwarka (SH 6), Gujarat",22.197917,69.575526,True,False,OTHER
ABLE,AMBALE,Maharashtra,CR,"Malshiras Rd, Maharashtra",18.398719,74.171511,True,False,OTHER
WRD,Warudkhed,Maharashtra,CR,"Wardha, Maharashtra",0.0,0.0,False,False,OTHER
VTN,VAITARNA,Maharashtra,WR,"Thane, Maharashtra",19.517672,72.849578,True,False,OTHER
XBAC,Bachharpur Halt,Bihar,ECR,"Bachharpur, Bihar",0.0,0.0,False,False,OTHER
VNR,DEVANUR,Karnataka,SWR,"National Highway 206, Karnataka",13.439282,76.08846,True,False,OTHER
VKNR,VALMIKINAGAR RD,Bihar,ECR,"National Highway 28B, Bihar",27.195058,84.034555,True,False,OTHER
WH,WEST HILL,Kerala,SR,"Calicut, Kerala",11.28603,75.765232,True,False,OTHER
VVV,VAVERA,Gujarat,WR,"Rajula-Vijapadi Rd, Gujarat",21.062395,71.441677,True,False,OTHER
VLA,BAVLA,Gujarat,WR,"Bavla, Gujarat",22.833389,72.365123,True,False,OTHER
CAPE,KANYAKUMARI,Tamil Nadu,SR,"Kanyakumari, Tamil Nadu",8.088028,77.542504,True,False,OTHER
XSAD,SADIPUR HALT,UNKNOWN,UNKNOWN,,24.932654,85.596052,True,False,OTHER
VNB,Vaniyambalam,Kerala,SR,"Vaniyambalam, Kerala",11.188459,76.260513,True,False,OTHER
VSU,BISHNUPUR,West Bengal,SER,"Bishnupur, West Bengal",23.065499,87.301071,True,False,OTHER
VLL,VELLAYIL,Kerala,SR,"Calicut, Kerala",11.264509,75.77461,True,False,OTHER
VJK,VEJALKA,Gujarat,WR,"State Highway 38, Gujarat",22.416769,71.719118,True,False,OTHER
VRQ,VIRARAKKIYAM,Tamil Nadu,SR,"Verarakiyam, Tamil Nadu",10.939107,78.165859,True,False,OTHER
ABR,ABU ROAD,Rajasthan,NWR,"Sirohi Dist, Rajasthan",24.470775,72.775695,True,False,OTHER
ZKV,Zankhvav,Gujarat,WR,"SH 166, Gujarat",21.451485,73.317839,True,False,OTHER
YTL,Yavatmal,Maharashtra,CR,"Yavatmal, Maharashtra",20.387302,78.119733,True,False,OTHER
VPZ,Vailapuzha,Kerala,SR,"Vallapuzha, Kerala",10.842076,76.252495,True,False,OTHER
VLDR,Valadar,Gujarat,WR,"Junagadh, Gujarat",20.967861,70.724646,True,False,OTHER
BXA,Balod,Chhattisgarh,SECR,"Balod, Chhattisgarh",20.740984,81.205261,True,False,OTHER
YDK,Yedekumeri,Karnataka,SWR,"Yedukumeri Station, Karnataka",12.823403,75.622206,True,False,OTHER
VVM,Viravasaram,Andhra Pradesh,SCR,"Palakollu, Andhra Pradesh",16.542124,81.63254,True,False,OTHER
VVD,Vavdi,Gujarat,WR,"State Highway 31, Gujarat",21.714204,70.793468,True,False,OTHER
YP,ERRUPALEM,Andhra Pradesh,SCR,"Yerrupalem, Andhra Pradesh",16.825374,80.471049,True,False,OTHER
AHD,AHERWADI,Karnataka,SWR,"Sholapur, Karnataka",17.504915,75.99559,True,False,OTHER
YGL,YELGUR,Andhra Pradesh,SCR,"Yelgur Station, Andhra Pradesh",17.860901,79.747031,True,False,OTHER
ALMR,ALAMPUR,Gujarat,WR,"State Highway 31, Gujarat",21.944013,71.699156,True,False,OTHER
WNG,WANEGAON,Maharashtra,SCR,"Chudawa, Maharashtra",19.166808,77.25011,True,False,OTHER
WANI,WANI,Maharashtra,CR,"Wani, Maharashtra",20.06638,78.962635,True,False,OTHER
BDM,BADAMI,Karnataka,SWR,"Bagalkot, Karnataka",15.958918,75.6767,True,False,OTHER
BGK,BAGALKOT,Karnataka,SWR,"Bagalkot, Karnataka",16.178793,75.700238,True,False,OTHER
AFR,ASAFPUR,Uttar Pradesh,NR,"Bijnor, Uttar Pradesh",28.405553,78.905957,True,False,OTHER
WJ,WALAJABAD,Tamil Nadu,SR,"Walajabad, Tamil Nadu",12.797321,79.81837,True,False,OTHER
WSA,Wadsa,Maharashtra,SECR,"Chandrapur, Maharashtra",20.624198,79.963513,True,False,OTHER
BHTN,BHITONI,Madhya Pradesh,WCR,"Jabalpur, Madhya Pradesh",23.142728,79.674011,True,False,OTHER
AMA,ATAMANDA,Uttar Pradesh,NER,"State Highway 37, Uttar Pradesh",28.58606,79.468143,True,False,OTHER
ZPI,Zampini,Andhra Pradesh,SCR,"Zampani, Andhra Pradesh",16.199033,80.714008,True,False,OTHER
AMVA,AMARAVILA HALT,Kerala,SR,"Thiruvananthapuram, Kerala",8.397109,77.100362,True,False,OTHER
ACLE,AZIMGANJ CITY,West Bengal,ER,"Police Station Rd, West Bengal",24.237941,88.258871,True,False,OTHER
WSJ,WANSJALIYA,Gujarat,WR,"Tarsai - Vansjaliya, Gujarat",21.799383,69.873569,True,False,OTHER
AHU,Ahirauli,Uttar Pradesh,NER,"State Highway 1A, Uttar Pradesh",27.30686,83.034225,True,False,OTHER
BAY,BELLARY JN,Karnataka,SWR,"Bellary, Karnataka",15.145135,76.921995,True,False,OTHER
ALB,ALIA BADA,Gujarat,WR,"Jamnagar, Gujarat",22.44677,70.210367,True,False,OTHER
ATRU,ATRU,Rajasthan,WCR,"Atru, Rajasthan",24.882135,76.670219,True,False,OTHER
WZJ,WAZERGANJ,Bihar,ECR,"Gaya, Bihar",24.813122,85.225637,True,False,OTHER
BIX,BHIND,Madhya Pradesh,NCR,"Bhind, Madhya Pradesh",26.588905,78.777435,True,False,OTHER
WKRC,WANKANER CITY,Gujarat,WR,"Wankaner, Gujarat",22.61181,70.956182,True,False,OTHER
BBMN,BARI BRAHMAN,Jammu and Kashmir,NR,"Bari Brahmana, Jammu and Kashmir",32.63896,74.916171,True,False,Kolkata
WENA,Wena,Bihar,ECR,"Wena, Bihar",25.326624,85.531956,True,False,OTHER
WAB,BALWA,Gujarat,WR,"SH 126, Gujarat",21.895867,69.961069,True,False,OTHER
BLCA,BLOCK HUT BEAS,UNKNOWN,UNKNOWN,,32.101414,75.614477,True,False,OTHER
ZB,Zahirabad,Andhra Pradesh,SCR,"Dist. Medak, Andhra Pradesh",17.674958,77.610213,True,False,OTHER
ZP,Zarpur Pali,Haryana,NWR,"Road to Nangal Mala, Haryana",28.281073,76.14827,True,False,OTHER
BJN,Bejnal,Rajasthan,NWR,"Rajsamand, Rajasthan",24.983198,73.914959,True,False,OTHER
BGKT,BHAGAT KI KOTHI,Rajasthan,NWR,"Jodhpur, Rajasthan",26.248497,73.013337,True,False,OTHER
KRNN,Karnauti Halt,UNKNOWN,UNKNOWN,,25.396292,85.547049,True,False,OTHER
VXM,Vellipalayam,Tamil Nadu,SR,"Nagapattinam, Tamil Nadu",10.775837,79.843856,True,False,OTHER
AMDI,Amdi Halt,Maharashtra,SECR,"Amadi, Maharashtra",21.35241,79.318756,True,False,OTHER
BISH,Bishengarh,Rajasthan,NWR,"Jalor, Rajasthan",25.448874,72.575216,True,False,OTHER
YDV,Yadvendranagar,Uttar Pradesh,NER,"Yadvendranagar, Uttar Pradesh",25.756558,82.75141,True,False,OTHER
YDP,Yedapalli,Andhra Pradesh,SCR,"Telangana Region, Andhra Pradesh",18.678662,77.952866,True,False,OTHER
YEAM,Yogendra Dham Halt,Uttar Pradesh,NER,"Yogendra Dham, Uttar Pradesh",27.454598,81.728543,True,False,OTHER
AKW,Akora,Uttar Pradesh,NCR,"National Highway 86, Uttar Pradesh",25.613687,80.139995,True,False,OTHER
ALV,Anklav,Gujarat,WR,"Anklav, Gujarat",22.392856,72.999264,True,False,OTHER
BSS,BAHADUR SINGH WALA,Punjab,NR,"SH 11, Punjab",30.319025,75.858906,True,False,OTHER
AZ,AZIMGANJ JN,West Bengal,ER,"Police Station Rd, West Bengal",24.219053,88.256764,True,False,OTHER
ARAG,ARAG,Maharashtra,CR,"Jath Rd, Maharashtra",16.823628,74.791164,True,False,OTHER
BEU,Bisheshwarganj,Uttar Pradesh,NER,"Bisheshwarganj, Uttar Pradesh",27.341282,81.833817,True,False,OTHER
BSI,BASBARI,Assam,NFR,"Dhubri Kochugaon Rd, Assam",26.184354,89.900353,True,False,OTHER
BPR,BHOJIPURA JN,Uttar Pradesh,NER,"SH 37, Uttar Pradesh",28.493983,79.44724,True,False,OTHER
APD,Alipur Duar,West Bengal,NFR,"Alipurduar, West Bengal",26.479307,89.520667,True,False,OTHER
BHX,BULLUANA,Punjab,NR,"Balluana, Punjab",30.217553,74.78304,True,False,OTHER
BIM,BILIMORA JN,Gujarat,WR,"Bilimora, Gujarat",20.763319,72.970474,True,False,OTHER
BKC,BHIKAMKOR,Rajasthan,NWR,"Jodhpur, Rajasthan",26.80763,72.787203,True,False,OTHER
BMO,BOLARUM,Andhra Pradesh,SCR,"Secunderabad, Andhra Pradesh",17.533549,78.515417,True,False,Hyderabad
BLZ,BUDHLADA,Punjab,NR,"Budhlada, Punjab",29.921742,75.549687,True,False,OTHER
BHLK,Bhalki,Karnataka,SCR,"Bhalki, Karnataka",18.047011,77.228081,True,False,OTHER
BDU,BADNAPUR,Maharashtra,SCR,"Jalna, Maharashtra",19.873979,75.722483,True,False,OTHER
BMQ,BHIMARLAI,Rajasthan,NWR,"National Highway 112, Rajasthan",25.892931,71.881736,True,False,OTHER
BNP,BHANAPUR,Karnataka,SWR,"National Highway 63, Karnataka",15.386948,76.036416,True,False,OTHER
BLT,BALOTRA JN,Rajasthan,NWR,"Balotra, Rajasthan",25.830071,72.248683,True,False,OTHER
BFV,BAHELIA BUZURG,Uttar Pradesh,NER,"Bahelia Buzurg, Uttar Pradesh",28.046924,80.512537,True,False,OTHER
BHBR,Bathua Bazar,Uttar Pradesh,NER,"Phulwaria, Uttar Pradesh",26.49683,84.232179,True,False,OTHER
BTKP,BHARAT KUP,Uttar Pradesh,NCR,"Chitrakoot, Uttar Pradesh",25.217166,80.767679,True,False,OTHER
BIK,BHIRA KHERI,Uttar Pradesh,NER,"Lakhimpur Kheri, Uttar Pradesh",28.334799,80.486132,True,False,OTHER
BAOL,BAOLI,Uttar Pradesh,NR,"Bagpat, Uttar Pradesh",29.140457,77.278015,True,False,OTHER
BTX,BELA TAL,Uttar Pradesh,NCR,"Chhatarpur, Uttar Pradesh",25.276786,79.554482,True,False,OTHER
BOM,BOMADRA,Rajasthan,NWR,"Pali Marwar, Rajasthan",25.780294,73.439425,True,False,OTHER
BSPX,Banspani,Orissa,SER,"National Highway 215, Orissa",22.000243,85.423412,True,False,OTHER
BIB,Birpur,Rajasthan,NCR,"State Highway 2, Rajasthan",26.155568,77.174223,True,False,OTHER
ARU,Arasalu,Karnataka,SWR,"Arasalu, Karnataka",13.999309,75.314466,True,False,OTHER
MPC,Muttampatti,Tamil Nadu,SWR,"Dharmapuri, Tamil Nadu",11.984107,78.152895,True,False,OTHER
BAJ,Bhalej,Gujarat,WR,"Bhalej, Gujarat",22.63303,73.034499,True,False,OTHER
AWM,Aswapuram,Andhra Pradesh,SCR,"Sarapaka, Andhra Pradesh",17.821267,80.80126,True,False,OTHER
AVP,Abhanpur Junction,Chhattisgarh,SECR,"Raipur, Chhattisgarh",21.052203,81.744899,True,False,OTHER
BDXX,Bade Arapur,Chhattisgarh,ECoR,"Bade Arapur, Chhattisgarh",19.011494,81.837917,True,False,OTHER
BGRD,Beliaghata Road,West Bengal,ER,"State Highway 2, West Bengal",22.674548,88.607005,True,False,OTHER
ANI,Ajanti,Madhya Pradesh,WR,"East Nimar, Madhya Pradesh",21.893954,76.285956,True,False,OTHER
BUT,BAYTU,Rajasthan,NWR,"State Highway 40, Rajasthan",25.897538,71.76868,True,False,OTHER
BMGA,BHIMGARA,West Bengal,ER,"Birbhum, West Bengal",23.738048,87.284279,True,False,OTHER
BLTR,BELTHARA ROAD,Uttar Pradesh,NER,"Belthara, Uttar Pradesh",26.121418,83.841719,True,False,OTHER
BKNG,BHAKTI NAGAR,Gujarat,WR,"Rajkot, Gujarat",22.282963,70.792278,True,False,OTHER
DEP,Depalsar,Rajasthan,NWR,"Churu, Rajasthan",28.236857,74.920337,True,False,OTHER
BKD,Bhankoda,Gujarat,WR,"State Highway 138, Gujarat",23.270811,72.127777,True,False,OTHER
DHJ,DHINOJ,Gujarat,WR,"Dhinoj, Gujarat",23.671002,72.28188,True,False,OTHER
BCY,VARANASI CITY,Uttar Pradesh,NER,"Varanasi, Uttar Pradesh",25.334118,83.014114,True,False,OTHER
BNE,BOHANI,Madhya Pradesh,WCR,"Narsinghpur, Madhya Pradesh",22.913748,78.915977,True,False,OTHER
DDR,MUMBAI DADAR WEST,Maharashtra,WR,"Mumbai, Maharashtra",19.019731,72.843465,True,False,Mumbai
BNC,BANGALORE CANT,Karnataka,SWR,"Bengaluru, Karnataka",12.993673,77.599327,True,False,Bangalore
BSPH,BISHANPUR HARYANA,Haryana,NR,"Bishanpur, Haryana",29.274012,76.323906,True,False,OTHER
BQY,BELERHAT,West Bengal,ER,"State Highway 6, West Bengal",23.519307,88.282917,True,False,OTHER
DGW,DHIGAWARA,Rajasthan,NWR,"Baswa, Rajasthan",27.296265,76.613599,True,False,OTHER
BXJ,BOKAJAN,Assam,NFR,"Bokajan, Assam",26.018426,93.779466,True,False,OTHER
BOJ,BHOJO,Assam,NFR,"Bhojo Railway Station, Assam",27.063598,95.032406,True,False,OTHER
BDTS,MUMBAI BANDRA TERMINUS,Maharashtra,WR,"Mumbai, Maharashtra",19.061911,72.840535,True,False,Mumbai
BLPR,Badulipar,Assam,NFR,"Badulipar, Assam",26.646825,93.879129,True,False,OTHER
BBC,Bhachhbar,Rajasthan,NWR,"State Highway 40, Rajasthan",25.73181,71.044404,True,False,OTHER
BNKJ,BANKE GANJ,Uttar Pradesh,NER,"Lakhimpur Kheri, Uttar Pradesh",28.158478,80.416286,True,False,OTHER
DIA,Didwana,Rajasthan,NWR,"Didwana, Rajasthan",27.406108,74.557656,True,False,OTHER
BNV,BINNAGURI,West Bengal,NFR,"National Highway 31C, West Bengal",26.747088,89.052391,True,False,OTHER
DLO,DALGAON,West Bengal,NFR,"Birpara, West Bengal",26.715384,89.136244,True,False,OTHER
BOKO,BOKO,Assam,NFR,"National Highway 37, Assam",25.999791,91.219674,True,False,OTHER
DKX,Dudhwakhara,Rajasthan,NWR,"National Highway 65, Rajasthan",28.4587,75.165315,True,False,OTHER
BRW,Bariwala,Punjab,NR,"Mandi Bariwala, Punjab",30.53258,74.658953,True,False,OTHER
BRAM,BALARAMAPURAM,Kerala,SR,"Balaramapuram, Kerala",8.430107,77.051321,True,False,OTHER
CBU,Chinna Babu Samudram,Tamil Nadu,SR,"Villupuram, Tamil Nadu",11.919465,79.686417,True,False,OTHER
DKBJ,Dahar Ka Balaji,Rajasthan,NWR,"Jaipur, Rajasthan",26.944321,75.765669,True,False,OTHER
CAF,Chanda Fort,Maharashtra,SECR,"Chandrapur, Maharashtra",19.940061,79.312258,True,False,OTHER
BRMP,Biramitrapur,Orissa,SER,"Birmitrapur, Orissa",22.397131,84.736958,True,False,OTHER
BJY,Bangalbaree,West Bengal,NFR,"State Highway 10A, West Bengal",25.626454,88.229425,True,False,OTHER
DMW,Dalmau Junction,Uttar Pradesh,NR,"Dalmau, Uttar Pradesh",26.07525,81.05365,True,False,OTHER
BRDT,BERIA DAULAT,Uttarakhand,NER,"National Highway 74, Uttarakhand",29.13221,79.210042,True,False,OTHER
DUM,DHAURMUI JAGHNA,Rajasthan,WCR,"State Highway 33, Rajasthan",27.292281,77.536538,True,False,OTHER
ALK,ALAKKUDI,Tamil Nadu,SR,"Alakudi, Tamil Nadu",10.777663,79.053709,True,False,OTHER
BHNS,Bhansi,Chhattisgarh,ECoR,"Dhurli-Basenpur Rd, Chhattisgarh",18.776902,81.265358,True,False,OTHER
DY,DUMARIYA,Rajasthan,WCR,"State Highway 1, Rajasthan",26.864673,77.234121,True,False,OTHER
GLNA,GULANA,Rajasthan,NWR,"State Highway 25, Rajasthan",27.10333,76.564974,True,False,OTHER
BWR,BARWA SAGAR,Uttar Pradesh,NCR,"Jhansi(0510-2440441), Uttar Pradesh",25.351848,78.731628,True,False,OTHER
CDI,CHANDNI,Madhya Pradesh,CR,"East Nimar, Madhya Pradesh",21.427164,76.350657,True,False,OTHER
BUBT,BURAHA BHARTHA,Uttar Pradesh,NCR,"Buraha Bharthara, Uttar Pradesh",27.108219,78.670329,True,False,OTHER
GHG,GHAGGHAR,Punjab,NR,"National Highway 22, Punjab",30.611145,76.848048,True,False,OTHER
GGR,GANGRAR,Rajasthan,NWR,"Gangrar, Rajasthan",25.061279,74.624757,True,False,OTHER
DJA,DAOTUHAJA,Assam,NFR,"National Highway 54, Assam",25.227501,93.162162,True,False,OTHER
DHP,DICHPALLI,Andhra Pradesh,SCR,"Dichpalli, Andhra Pradesh",18.613288,78.194667,True,False,OTHER
DMA,DAMODAR JUNCTION,West Bengal,SER,"Bardhaman, West Bengal",23.651021,86.908517,True,False,OTHER
BYD,BYADGI,Karnataka,SWR,"National Highway 4, Karnataka",14.699723,75.490095,True,False,OTHER
ARCL,ARUNACHAL,Assam,NFR,"Cachar, Assam",24.855593,92.742995,True,False,OTHER
BZ,BHARUR,Punjab,NR,"Sunam, Punjab",30.165007,75.81561,True,False,OTHER
GIN,GINIGERA,Karnataka,SWR,"Ginigera, Karnataka",15.348226,76.247613,True,False,OTHER
BVR,BANAVAR,Karnataka,SWR,"National Highway 234, Karnataka",13.395699,76.140054,True,False,OTHER
DPRA,DHUP DHARA,Assam,NFR,"National Highway 37, Assam",25.979779,91.066009,True,False,OTHER
DWR,DHARWAR,Karnataka,SWR,"Dharwad, Karnataka",15.440386,75.004552,True,False,OTHER
DNPR,Dhanpura,Gujarat,WR,"State Highway 133, Gujarat",23.453415,72.212366,True,False,OTHER
FKG,FURKATING JN,Assam,NFR,"K B Rd, Assam",26.465652,94.002692,True,False,OTHER
BWB,BAGWALI,Punjab,NWR,"National Highway 64, Punjab",30.033152,74.772519,True,False,OTHER
BVP,BHAVANAGAR PARA,Gujarat,WR,"Bhavnagar, Gujarat",21.77089,72.118682,True,False,OTHER
BVC,BHAVNAGAR TERMINUS,Gujarat,WR,"Bhavnagar, Gujarat",21.781668,72.141059,True,False,OTHER
DOY,Dornahalli,Karnataka,SWR,"Dornahalli, Karnataka",12.433086,76.42625,True,False,OTHER
BXY,Bordhal,Madhya Pradesh,CR,"Amla, Madhya Pradesh",21.997011,78.348164,True,False,OTHER
DGHA,Digha Flag Station,West Bengal,UNKNOWN,"State Highway 57, West Bengal",21.622377,87.507655,True,False,OTHER
KRNR,Krishnarajanagara,Karnataka,SWR,"Krishnarajanagara, Karnataka",12.44541,76.388627,True,False,OTHER
GTP,Ghatpuri,Uttar Pradesh,NER,"State Highway 33, Uttar Pradesh",28.125246,79.205936,True,False,OTHER
DLX,Dalimgaon,West Bengal,NFR,"Dhankoil to Dalimgaoun, West Bengal",25.640548,88.3863,True,False,OTHER
BSLA,Bhasila,West Bengal,ER,"Bhasila Railway Station, West Bengal",22.665494,88.658545,True,False,OTHER
DJKR,Dolaji Ka Khera,Rajasthan,NWR,"Pali, Rajasthan",25.537166,73.882498,True,False,OTHER
GUU,GUNDRATIMADUGU,Andhra Pradesh,SCR,"Mahbuababad-Badrachalam Rd, Andhra Pradesh",17.532281,80.079953,True,False,OTHER
FSP,FATEH SINGHPURA,Rajasthan,WCR,"State Highway 1, Rajasthan",26.82161,77.146961,True,False,OTHER
DRA,DULARIA,Madhya Pradesh,WCR,"Itarsi, Madhya Pradesh",22.575661,77.654362,True,False,OTHER
SKDM,SIKRODA MINA,UNKNOWN,UNKNOWN,,26.722854,77.002212,True,False,OTHER
GNR,GADIGANURU,Karnataka,SWR,"Bellary, Karnataka",15.219036,76.599178,True,False,OTHER
DRSN,DHURWASIN,Madhya Pradesh,SECR,"Parasi, Madhya Pradesh",23.129052,81.845641,True,False,OTHER
GUP,GAURIPUR,Assam,NFR,"Gauripur, Assam",26.078321,89.952056,True,False,OTHER
GALE,GANKAR,West Bengal,ER,"Gankar, West Bengal",24.404804,88.072894,True,False,OTHER
HKL,HARKIA KHAL,Rajasthan,WR,"State Highway 31, Rajasthan",24.363234,74.919665,True,False,OTHER
GDPL,GUNDLA POCHAMPALLI,Andhra Pradesh,SCR,"Rangareddy, Andhra Pradesh",17.568097,78.488371,True,False,OTHER
FLM,Falimari,West Bengal,NFR,"Falimari, West Bengal",26.070776,89.586875,True,False,OTHER
J,JALNA,Maharashtra,SCR,"Jalna, Maharashtra",19.830781,75.893142,True,False,OTHER
JGD,Jagadishpur,Jharkhand,ER,"Jagadishpur, Jharkhand",24.273027,86.525172,True,False,OTHER
GTWD,Ghatwad,Gujarat,WR,"Junagadh, Gujarat",20.92654,70.749611,True,False,OTHER
GNB,JNANA BHARTI HALT,Karnataka,SWR,"Mysore Road Bengaluru, Karnataka",12.935329,77.511242,True,False,Bangalore
GHNA,GOHANA,Haryana,NR,"Gohana, Haryana",29.140297,76.689378,True,False,OTHER
DWI,DINGWAHI,Uttar Pradesh,NCR,"National Highway 76, Uttar Pradesh",25.416805,80.414159,True,False,OTHER
GLBN,GUJRAN BALWA,Uttar Pradesh,NR,"State Highway 57, Uttar Pradesh",29.406801,77.301365,True,False,OTHER
DSR,DHANSIRI,Nagaland,NFR,"Bridge, Nagaland",25.810836,93.613598,True,False,OTHER
GK,GOLA GOKARANATH,Uttar Pradesh,NER,"Gola, Uttar Pradesh",28.084651,80.475468,True,False,OTHER
DZA,DASUYA,Punjab,NR,"Dasuya, Punjab",31.80853,75.657932,True,False,OTHER
SRPJ,SWARUPGANJ,Rajasthan,NWR,"Sirohi Road, Rajasthan",24.65817,72.931926,True,False,OTHER
HNS,Hansi,Haryana,NWR,"Hissar, Haryana",29.088277,75.947241,True,False,OTHER
HYL,Hadyal,Rajasthan,NWR,"MDR 97, Rajasthan",28.526883,75.265041,True,False,OTHER
GDO,Goverdhan,Uttar Pradesh,NCR,"Mathura District, Uttar Pradesh",27.520546,77.461643,True,False,OTHER
JBS,Jadoli Ka Bas,Rajasthan,NCR,"Alwar, Rajasthan",27.539231,76.880759,True,False,OTHER
FZP,Firozpur City,Punjab,NR,"Firozpur, Punjab",30.962007,74.600792,True,False,OTHER
EKN,Ezhukone,Kerala,SR,"Kollam-Tirumangalam Rd, Kerala",8.979143,76.715068,True,False,OTHER
GSR,Garhshankar,Punjab,NR,"Garhshankar, Punjab",31.21799,76.142417,True,False,OTHER
GOPA,Ghosipura,Madhya Pradesh,NCR,"Gwalior, Madhya Pradesh",26.215133,78.150553,True,False,OTHER
URGA,Urga,Chhattisgarh,SECR,"Korba, Chhattisgarh",22.265792,82.736062,True,False,OTHER
GGV,Ghovarash Ghona,West Bengal,ER,"Ghoraras Ghona, West Bengal",22.651678,88.782892,True,False,OTHER
GRMR,Garhi Manikpur,Uttar Pradesh,NR,"Garhi Manikpur, Uttar Pradesh",25.786329,81.403153,True,False,OTHER
DTQ,Dantarda Kalan,Madhya Pradesh,NCR,"State Highway 6, Madhya Pradesh",25.7633,76.714031,True,False,OTHER
JLQ,JALPUR,Uttar Pradesh,UNKNOWN,"MDR 65W, Uttar Pradesh",29.012364,78.870355,True,False,OTHER
HRV,HARRAD,Madhya Pradesh,SECR,"Shahdol, Madhya Pradesh",23.161136,81.90404,True,False,OTHER
HRNR,HIRA NAGAR,Jammu and Kashmir,NR,"Hiranagar, Jammu and Kashmir",32.487007,75.268733,True,False,Kolkata
JKM,JANKAMPET JN,Andhra Pradesh,SCR,"Nizamabad, Andhra Pradesh",18.70264,78.05386,True,False,OTHER
JOC,JOYCHANDI PAHAR,West Bengal,SER,"Purulia, West Bengal",23.516393,86.680339,True,False,OTHER
HIR,HARINAGAR,Bihar,ECR,"Ramnagar, Bihar",27.156647,84.324507,True,False,OTHER
JCNR,JUCHANDRA,Maharashtra,CR,"NH 8, Maharashtra",19.359862,72.872451,True,False,OTHER
JKNI,Jharkhandi,Uttar Pradesh,NER,"MDR 10E, Uttar Pradesh",27.433051,82.179756,True,False,OTHER
HAD,HARIPPAD,Kerala,SR,"Haripad 0479-2412714, Kerala",9.279602,76.462229,True,False,OTHER
HMPR,HURMUJPUR HALT,Maharashtra,CR,"Maharashtra, Maharashtra",25.721525,83.352275,True,False,OTHER
JIL,JALILA ROAD,Gujarat,WR,"Botad, Gujarat",22.23946,71.820315,True,False,OTHER
ITE,Intiyathok,Uttar Pradesh,NER,"MDR 10E, Uttar Pradesh",27.275553,82.025442,True,False,OTHER
JALD,JALIYA DEVANI,Gujarat,WR,"Ranuja Village Rd, Gujarat",22.420183,70.399597,True,False,OTHER
KDQ,KADIPUR,Uttar Pradesh,NER,"National Highway 29, Uttar Pradesh",25.44872,83.091303,True,False,OTHER
IDGJ,IRADATGANJ,Uttar Pradesh,NCR,"Allahabad, Uttar Pradesh",25.317889,81.819281,True,False,OTHER
HM,HADMATIYA JN,Gujarat,WR,"State Highway 98, Gujarat",22.427905,70.470438,True,False,OTHER
JGE,JAGANNATH TEMPLE GATE,Kerala,SR,"Mahe, Kerala",11.737975,75.507837,True,False,OTHER
HATI,HATI,Madhya Pradesh,WCR,"MDR 11, Madhya Pradesh",24.68924,80.843299,True,False,OTHER
HLK,HOLALKERE,Karnataka,SWR,"National Highway 13, Karnataka",14.038158,76.130054,True,False,OTHER
JSV,JARANDESHWAR,Maharashtra,CR,"SH 61, Maharashtra",17.750767,74.07732,True,False,OTHER
KCI,Kallkiri,Andhra Pradesh,SCR,"Punganur Rd, Andhra Pradesh",13.643625,78.801131,True,False,OTHER
KRNU,KONANUR,Karnataka,SWR,"Nanjungudu-Chamarajanagara Rd, Karnataka",12.025334,76.809835,True,False,OTHER
KEX,KHEKRA,Uttar Pradesh,NR,"Tronica City, Uttar Pradesh",28.8715,77.288916,True,False,OTHER
SWNI,Siwani,Rajasthan,NWR,"National Highway 65, Rajasthan",28.914835,75.604067,True,False,OTHER
JRT,JARTI,Orissa,UNKNOWN,"Jarti Station, Orissa",18.890456,82.665101,True,False,OTHER
HDK,HANDIA KHAS,Uttar Pradesh,NER,"Handia, Uttar Pradesh",25.357472,82.18941,True,False,OTHER
JJP,Jhanjharpur,Bihar,UNKNOWN,"Madhubani, Bihar",26.228493,86.267833,True,False,OTHER
JRKN,Jorkian,Rajasthan,NWR,"Hanumangarh, Rajasthan",29.832524,74.222151,True,False,OTHER
KCV,Krishnachandrapur,Orissa,SER,"Mayurbhanj, Orissa",21.824613,86.82005,True,False,OTHER
JSC,Jalesar City,Uttar Pradesh,NCR,"Jalesar, Uttar Pradesh",27.459871,78.30634,True,False,Hyderabad
HRO,Harua Road,West Bengal,ER,"Harua Road Railway Station, West Bengal",22.661628,88.689994,True,False,OTHER
ASTG,Astegaon,UNKNOWN,UNKNOWN,,21.296402,77.927221,True,False,OTHER
IKR,Iklehra,Madhya Pradesh,CR,"Dongar Parasia, Madhya Pradesh",22.207929,78.711385,True,False,OTHER
JKZ,Jitakheri,Haryana,UNKNOWN,"Bhiwani, Haryana",29.011779,75.987371,True,False,OTHER
HHT,Habanghata,Karnataka,SWR,"Habanghata, Karnataka",13.226849,76.249522,True,False,OTHER
KLM,KADLIMATTI,Karnataka,SWR,"State Highway 20, Karnataka",16.236489,75.796092,True,False,Delhi
KDHA,KARCHHA,Madhya Pradesh,WR,"State Highway 18, Madhya Pradesh",23.104819,75.909843,True,False,OTHER
KDF,KHUNDAUR,Uttar Pradesh,NR,"Ramapur Railway Station, Uttar Pradesh",26.020077,82.015054,True,False,OTHER
KJU,KUNTIGHAT,West Bengal,ER,"Kuntighat Railway Station, West Bengal",23.016799,88.413149,True,False,OTHER
KTPK,KOTHA PAKKI,Rajasthan,NR,"National Highway 15, Rajasthan",30.143767,73.966186,True,False,OTHER
KLWL,KILANWALI PUNJAB,Punjab,NR,"National Highway 15, Punjab",30.137221,74.11242,True,False,OTHER
KHRS,KHARESHWAR ROAD,Gujarat,WR,"State Highway 7, Gujarat",23.062785,71.980472,True,False,OTHER
KCP,Kalgupur,Karnataka,SCR,"Hulsoor, Karnataka",18.163878,77.19175,True,False,OTHER
KJTW,KAJGAON TERHWAN,Uttar Pradesh,NR,"Kajgaon, Uttar Pradesh",25.685669,82.70545,True,False,OTHER
KIP,KHALILPUR,Haryana,NR,"State Highway 26, Haryana",28.274856,76.678362,True,False,OTHER
KHU,KHURHAND,Uttar Pradesh,NCR,"Atarra, Uttar Pradesh",25.352584,80.49498,True,False,OTHER
KAW,KHAJRI,Madhya Pradesh,WCR,"Shivpuri, Madhya Pradesh",25.563234,77.617075,True,False,OTHER
KOV,KIRLOSKARVADI,Maharashtra,CR,"Sangli, Maharashtra",17.084152,74.416358,True,False,OTHER
KDJR,Kendujhargarh,Orissa,ECoR,"Kendujhar, Orissa",21.66029,85.626905,True,False,OTHER
TKRA,Tikra Ph,West Bengal,UNKNOWN,"State Highway 4, West Bengal",21.66408,87.531081,True,False,OTHER
KHMA,Khatima,Uttarakhand,NER,"Khatima, Uttarakhand",28.915441,79.969431,True,False,OTHER
KRW,KHARWA,Rajasthan,NWR,"Ajmer, Rajasthan",26.204384,74.42653,True,False,OTHER
KMDR,KARIMUDDIN PUR,Uttar Pradesh,NER,"Karimdinpur, Uttar Pradesh",25.700369,83.860581,True,False,OTHER
KRD,KARAD,Maharashtra,CR,"Satara, Maharashtra",17.310011,74.215686,True,False,OTHER
KMAH,KAMATHE,Maharashtra,KR,"Maharashtra, Maharashtra",17.477292,73.515552,True,False,OTHER
KLDI,KALDHARI,Andhra Pradesh,SCR,"Kaldhari Main Rd, Andhra Pradesh",16.837853,81.678046,True,False,OTHER
KMP,KAMLAPUR,Uttar Pradesh,NER,"Kamalpur, Uttar Pradesh",27.378437,80.822278,True,False,OTHER
KN,KADALUNDI,Kerala,SR,"Kozhikode district, Kerala",11.133481,75.828033,True,False,OTHER
KFK,KATKA,Uttar Pradesh,NER,"Mirzapur, Uttar Pradesh",25.250251,82.634249,True,False,OTHER
KKLU,Kaklur,Chhattisgarh,ECoR,"Kaklur, Chhattisgarh",18.883305,81.619792,True,False,OTHER
JVL,Jamwala,Gujarat,WR,"Junagadh, Gujarat",20.971057,70.772358,True,False,OTHER
KOF,Marwar Kori,Rajasthan,NWR,"Jalor, Rajasthan",24.911941,72.27384,True,False,OTHER
JTV,Jetalvad,Gujarat,WR,"Junagadh, Gujarat",21.35276,70.824718,True,False,OTHER
KLSX,Kaulseri,Punjab,NR,"Sherpur Sodhian, Punjab",30.369503,75.941435,True,False,OTHER
KNJ,Krishnanagar City Junction,West Bengal,ER,"Krishnanagar, West Bengal",23.388714,88.493636,True,False,OTHER
KTK,KYATANEAKERI RD,Karnataka,SWR,"Bijapur, Karnataka",17.05336,75.821206,True,False,OTHER
LNK,LOHIAN KHAS JN,Punjab,NR,"Malsian Rd, Punjab",31.165462,75.196445,True,False,OTHER
LSD,LUSADIYA,Gujarat,NWR,"Lusadiya, Gujarat",23.68541,73.421111,True,False,OTHER
SPPR,SHUDNIPUR,Uttar Pradesh,NR,"State Highway 5, Uttar Pradesh",25.626255,82.640498,True,False,OTHER
LGT,LANGTING,Assam,NFR,"Langting, Assam",25.49759,93.110265,True,False,OTHER
KRR,KARUR,Tamil Nadu,SR,"Karur, Tamil Nadu",10.965642,78.085087,True,False,OTHER
KWMD,KUMBHAWAS MUNDA,Haryana,NR,"Kumbhawas, Haryana",28.255391,76.660871,True,False,OTHER
KU,KULIKARAI,Tamil Nadu,SR,"Thiruvarur - Mannargudi Rd, Tamil Nadu",10.766395,79.579324,True,False,OTHER
KRTL,Kartauli,Uttar Pradesh,NER,"State Highway 33, Uttar Pradesh",28.311044,79.427618,True,False,OTHER
KUND,Kund,Haryana,NWR,"State Highway 26, Haryana",28.145184,76.398481,True,False,OTHER
MCQ,MIRCHADHORI,Madhya Pradesh,ECR,"National Highway 75, Madhya Pradesh",24.291847,82.793413,True,False,OTHER
BDO,Bahalda Road,Orissa,SER,"Mayurbhanj, Orissa",0.0,0.0,False,False,OTHER
KSNR,KHUSHAL NAGAR,Uttar Pradesh,NER,"Ghughli Bazar, Uttar Pradesh",26.987775,83.698393,True,False,OTHER
KYNT,KALYANKOT,Rajasthan,NWR,"Kalyankot, Rajasthan",29.298805,73.637024,True,False,OTHER
LXR,LUNSERIYA,Gujarat,WR,"State Highway 113, Gujarat",22.585491,71.036258,True,False,OTHER
LP,LALAPET,Tamil Nadu,SR,"NH 67, Tamil Nadu",10.95132,78.339233,True,False,OTHER
KQL,KANDHLA,Uttar Pradesh,NR,"MDR 22W, Uttar Pradesh",29.324701,77.293239,True,False,OTHER
KZI,KHANDRAWALI,Uttar Pradesh,NR,"State Highway 57, Uttar Pradesh",29.382585,77.293885,True,False,OTHER
KXL,KAMARBANDHA ALI,Assam,NFR,"K B Rd, Assam",26.529561,94.056352,True,False,OTHER
LGH,LALGARH JN,Rajasthan,NWR,"Bikaner, Rajasthan",28.043638,73.313909,True,False,OTHER
LH,LAHING,Assam,NFR,"Mudoijan, Assam",26.741201,94.437149,True,False,OTHER
KRKD,KARAKKAD,Kerala,SR,"Kondayur Rd, Kerala",10.782804,76.227856,True,False,OTHER
LMP,LAKHIMPUR,Uttar Pradesh,NER,"Lakhimpur, Uttar Pradesh",27.947414,80.777625,True,False,OTHER
MBB,Murshidabad,West Bengal,ER,"Berhampore, West Bengal",24.176964,88.281598,True,False,OTHER
KUX,Khirsadoh Junction,Madhya Pradesh,CR,"Chhindwara, Madhya Pradesh",22.14045,78.798394,True,False,OTHER
KWGN,Kawargaon,Chhattisgarh,ECoR,"Kawargaon, Chhattisgarh",18.896086,81.533522,True,False,OTHER
LBW,Laiburwa Halt,Uttar Pradesh,NER,"Laiburwa, Uttar Pradesh",27.526042,82.468345,True,False,OTHER
MLGH,Mandalgarh,Rajasthan,WCR,"Mandalgarh, Rajasthan",25.194176,75.08094,True,False,OTHER
LAU,Ladnun,Rajasthan,NWR,"Ladnun, Rajasthan",27.64255,74.4056,True,False,OTHER
MLKA,Maluka,Jharkhand,SER,"Jaipur, Jharkhand",22.202912,85.672936,True,False,OTHER
MLZ,MALARNA,Rajasthan,WCR,"Sawai Madhopur, Rajasthan",26.231078,76.534634,True,False,OTHER
MPJ,Madanpur,West Bengal,ER,"Madanpur, West Bengal",23.005928,88.489717,True,False,OTHER
MPT,Mangalampeta,Andhra Pradesh,SCR,"Naravari Palle Rd, Andhra Pradesh",13.568344,79.074022,True,False,OTHER
MCV,MACHARYA,Uttar Pradesh,NR,"Kundarkhi, Uttar Pradesh",28.772575,78.803702,True,False,OTHER
MDSA,Modasa,Gujarat,WR,"way to railwaystation, Gujarat",23.451923,73.304944,True,False,OTHER
MFJ,Muftiganj,Uttar Pradesh,NER,"Jaunpur, Uttar Pradesh",25.700913,82.827774,True,False,OTHER
MOMU,Molakalmuru,Karnataka,SWR,"State Highway 19, Karnataka",14.709669,76.745727,True,False,OTHER
MOT,MALOUT,Punjab,NR,"Malaut, Punjab",30.184671,74.495508,True,False,OTHER
MMP,MAMBALAPPATTU JN,Tamil Nadu,SR,"Mambalapattu, Tamil Nadu",11.952233,79.373905,True,False,OTHER
MFX,MADARAHA,Uttar Pradesh,NCR,"National Highway 76, Uttar Pradesh",25.273637,81.764284,True,False,OTHER
MJHR,MAJHIARI,Uttar Pradesh,NCR,"National Highway 76, Uttar Pradesh",25.178984,81.518833,True,False,OTHER
MJG,MAJHAGAWAN,Madhya Pradesh,WCR,"Majhgawa, Madhya Pradesh",24.913389,80.811656,True,False,OTHER
MQZ,MOTA JADRA,Gujarat,WR,"Mota Jadra Rd, Gujarat",21.082538,71.704462,True,False,OTHER
MNKN,MANIKALAN HALT,Uttar Pradesh,NR,"Nawab Yousuf Rd, Uttar Pradesh",25.917549,82.691157,True,False,OTHER
MOG,MOHIUDDINNAGAR,Bihar,ECR,"Samastipur, Bihar",25.606296,85.703323,True,False,Chennai
MGC,MUGAT,Maharashtra,SCR,"Nanded, Maharashtra",19.17485,77.427262,True,False,OTHER
MVI,MORBI,Gujarat,WR,"Morbi, Gujarat",22.825342,70.829277,True,False,OTHER
MOB,MANOHARABAD,Andhra Pradesh,SCR,"Medak, Andhra Pradesh",17.75573,78.454396,True,False,OTHER
MLW,Mallanwan,Uttar Pradesh,NR,"Mallawan, Uttar Pradesh",27.036238,80.158335,True,False,OTHER
MPN,Madhyampur,West Bengal,ER,"Madhyampur Railway Station, West Bengal",22.619981,88.896007,True,False,OTHER
MDLL,MUDDALINGAHALLI,Karnataka,SWR,"NH 207, Karnataka",13.239144,77.30474,True,False,OTHER
MAQ,MANGALORE CNTL,Karnataka,SR,"Mangalore, Karnataka",12.862325,74.844068,True,False,OTHER
MBP,MOHIBULLAPUR,Uttar Pradesh,NER,"Aliganj, Uttar Pradesh",26.909235,80.938923,True,False,OTHER
MANW,MANWA,Uttar Pradesh,NER,"Manwa, Uttar Pradesh",27.218852,80.849604,True,False,OTHER
MGLP,MANGOLPURI,Delhi NCT,NR,"Outter Ring Rd, Delhi NCT",28.683246,77.090574,True,False,Delhi
MLAR,MALANPUR,Madhya Pradesh,NCR,"National Highway 3, Madhya Pradesh",26.413118,78.272811,True,False,OTHER
MHF,Mohari Junction,Rajasthan,NCR,"State Highway 43, Rajasthan",26.700553,77.553785,True,False,OTHER
MEJ,VANCHIMANIYACHI,Tamil Nadu,SR,"Thoothukudi, Tamil Nadu",8.882103,77.890651,True,False,OTHER
MTPR,Raimehatpur,Himachal Pradesh,NR,"Mehatpur, Himachal Pradesh",31.405747,76.324311,True,False,OTHER
MNSR,MANAKSAR,Rajasthan,NWR,"Hanumangarh, Rajasthan",29.680074,74.383621,True,False,OTHER
MRZA,MIRZA,Assam,NFR,"National Highway 37, Assam",26.072751,91.517401,True,False,OTHER
MJ,MARWAR JN,Rajasthan,NWR,"Marwar Junction, Rajasthan",25.720479,73.609301,True,False,OTHER
MRDD,Mordar,Madhya Pradesh,SCR,"Khandwa, Madhya Pradesh",21.74264,76.449244,True,False,OTHER
MWK,Mordad Tanda,Maharashtra,CR,"State Highway 22, Maharashtra",20.68819,74.904782,True,False,OTHER
MHRG,Mahendragarh,Haryana,NWR,"Mahendragarh, Haryana",28.281433,76.14863,True,False,OTHER
MUV,MANDUADIH,Uttar Pradesh,NER,"Varanasi, Uttar Pradesh",25.300001,82.972079,True,False,OTHER
MKT,Mukhtiar Balwar,Madhya Pradesh,WR,"SH 27, Madhya Pradesh",22.398362,75.973751,True,False,OTHER
MEKM,Melakkonnakkulam,Tamil Nadu,SR,"National Highway 226, Tamil Nadu",9.724593,78.466557,True,False,OTHER
MJZ,Majhola Pakarya,Uttarakhand,NER,"State Hiughway 29, Uttarakhand",28.831681,79.899341,True,False,OTHER
MGWD,Mahngarwal Doaba,Punjab,NR,"Mahngarwal Doaba, Punjab",31.325405,76.088969,True,False,OTHER
MKM,Marikuppam,Karnataka,SWR,"Kolar Gold Fields, Karnataka",12.918968,78.263789,True,False,OTHER
MVW,Mallividu,Andhra Pradesh,ECoR,"Coastal Andhra Region, Andhra Pradesh",17.971931,83.172858,True,False,OTHER
MYD,MANDERDISA,Assam,NFR,"Diakkawn Rd, Assam",25.707319,93.123109,True,False,OTHER
NKD,NEKONDA,Andhra Pradesh,SCR,"Nekkonda, Andhra Pradesh",17.794878,79.804593,True,False,OTHER
NRNR,Nurnagar,Uttar Pradesh,NR,"Meerut, Uttar Pradesh",28.915414,77.712989,True,False,OTHER
PBW,PANTNAGAR,Uttarakhand,NER,"Pantnagar, Uttarakhand",29.017708,79.51778,True,False,OTHER
NDBT,NANDPUR BHATAULI,Himachal Pradesh,NR,"Nandpur Bhatauli, Himachal Pradesh",32.013177,76.115499,True,False,OTHER
NRVR,NARAINA VIHAR,Delhi NCT,NR,"Inderpuri, Delhi NCT",28.637679,77.141597,True,False,Delhi
MXR,MAHUR,Assam,NFR,"North Cachar Hills, Assam",25.187996,93.126299,True,False,OTHER
MZGI,MANZURGARHI,Uttar Pradesh,NCR,"Aligarh, Uttar Pradesh",27.96429,78.10663,True,False,OTHER
SURI,SIURI,West Bengal,ER,"Siuri, West Bengal",23.890185,87.5327,True,False,OTHER
MTA,MATHELA,Madhya Pradesh,WCR,"East Nimar, Madhya Pradesh",21.880256,76.389971,True,False,OTHER
NLI,NAMLI,Madhya Pradesh,WR,"Namli, Madhya Pradesh",23.455521,75.067161,True,False,OTHER
NBH,NIMBAHERA,Rajasthan,WR,"Nimbahera, Rajasthan",24.623252,74.694312,True,False,OTHER
NNE,NONERA,Madhya Pradesh,NCR,"National Highway 92, Madhya Pradesh",26.437569,78.333363,True,False,OTHER
NCJ,NAGERCOIL JN,Tamil Nadu,SR,"Nagercoil, Tamil Nadu",8.17385,77.44347,True,False,OTHER
NB,NIMBHORA,Maharashtra,CR,"Jalgaon, Maharashtra",21.160781,75.975186,True,False,OTHER
NEW,NIVARI,Uttar Pradesh,NCR,"Jhansi, Uttar Pradesh",25.328061,78.82007,True,False,OTHER
RSWN,RAMESHWAR NAGAR,UNKNOWN,UNKNOWN,,26.980403,84.520106,True,False,OTHER
NVF,NAGAVANGALA,Karnataka,SWR,"Melanahalli Rd, Karnataka",13.661093,75.987163,True,False,OTHER
MZA,MEZENGA S,Assam,NFR,"Nazira Ali, Assam",26.884475,94.679344,True,False,OTHER
NWH,Nawalgarh,Rajasthan,NWR,"Jhunjhunu, Rajasthan",27.844017,75.246083,True,False,OTHER
NHK,NAHARKATIYA,Assam,NFR,"Naharkatiya, Assam",27.289403,95.329775,True,False,OTHER
NDW,Nadwan,Bihar,ECR,"National Highway 83, Bihar",25.396687,85.065674,True,False,OTHER
MUGR,Manuguru,Andhra Pradesh,SCR,"Telangana Region, Andhra Pradesh",17.925272,80.799034,True,False,OTHER
NNNL,NANDANI LAGUNIA,Bihar,ECR,"Mahnar Bhartendunagar Rd, Bihar",25.625408,85.631375,True,False,OTHER
MTNL,MUTTARASANALLUR,Tamil Nadu,SR,"Nagappattinam - Gundlupet Road(Vandikara Street), Tamil Nadu",10.86586,78.648401,True,False,OTHER
NRI,NARAINA,Rajasthan,NWR,"Ajmer, Rajasthan",26.796464,75.193029,True,False,OTHER
NIDI,NIDI,Maharashtra,CR,"Roha, Maharashtra",18.472247,73.106567,True,False,OTHER
NTU,NIGATPUR,Uttar Pradesh,NER,"Mirzapur, Uttar Pradesh",25.251216,82.758511,True,False,OTHER
NIV,NIVASAR,Maharashtra,KR,"Ratnagiri, Maharashtra",16.946588,73.454552,True,False,OTHER
PDD,PADUBIDRI,Karnataka,KR,"Muloor, Karnataka",13.197027,74.768165,True,False,OTHER
NBU,NARASAMBUDHI,Karnataka,SWR,"Nanjangud Taluk, Karnataka",12.104692,76.701805,True,False,OTHER
NAG,NAGARGALI,Karnataka,SWR,"State Highway 34, Karnataka",15.424554,74.621353,True,False,OTHER
NGW,Nauganwan,Madhya Pradesh,WR,"Ratlam, Madhya Pradesh",23.414388,75.189265,True,False,OTHER
NUH,Naugarh,Uttar Pradesh,NER,"Naugarh, Uttar Pradesh",27.27503,83.088299,True,False,OTHER
PDPH,Padapahar Junction,Jharkhand,SER,"National Highway 215, Jharkhand",22.156555,85.545961,True,False,OTHER
NIP,Nizampur,Rajasthan,NWR,"Nizampur, Rajasthan",27.966768,76.010787,True,False,OTHER
PPY,PAPATAPALLI,Andhra Pradesh,SCR,"GUDURU PADU, Andhra Pradesh",17.373688,80.175744,True,False,OTHER
PHRH,PANCH RUKHI,Himachal Pradesh,NR,"National Highway 20, Himachal Pradesh",32.056252,76.564492,True,False,OTHER
PUL,RAMPURA PHUL,Punjab,NR,"Rampura Phul, Punjab",30.269357,75.23738,True,False,OTHER
RBGJ,ROBERTS GANJ,Uttar Pradesh,NCR,"Robertsganj, Uttar Pradesh",24.683136,83.077822,True,False,OTHER
POKL,PEOKOL,Uttar Pradesh,NER,"Deoria, Uttar Pradesh",26.340803,83.930204,True,False,OTHER
RDD,RIKHABDEV ROAD,Rajasthan,NWR,"Kalyanpur, Rajasthan",23.997173,73.748055,True,False,OTHER
PPC,PIPRAICH,Uttar Pradesh,NER,"Gorakhpur Bypass, Uttar Pradesh",26.828307,83.535848,True,False,OTHER
RGO,ROTEGAON,Maharashtra,SCR,"Aurangabad, Maharashtra",19.956132,74.75787,True,False,OTHER
RMJK,RAM NAGAR J K,Jammu and Kashmir,NR,"Jandrah, Jammu and Kashmir",32.863528,75.145426,True,False,Kolkata
PRL,POLUR,Tamil Nadu,SR,"Polur, Tamil Nadu",12.511327,79.130558,True,False,OTHER
PMKT,PIMPALKHUTI,Maharashtra,CR,"Pimpalkhuti, Maharashtra",19.829473,78.581025,True,False,OTHER
PRT,PANRUTI,Tamil Nadu,SR,"Panruti, Tamil Nadu",11.773239,79.555153,True,False,OTHER
PAD,PARDI,Gujarat,WR,"Valsad, Gujarat",20.513153,72.924311,True,False,OTHER
PFM,PHAPHAMAU JN,Uttar Pradesh,NR,"Phaphamau, Uttar Pradesh",25.524256,81.866406,True,False,OTHER
PDV,PANDARAVADAI,Tamil Nadu,SR,"Rajagiri, Tamil Nadu",10.913696,79.242126,True,False,OTHER
PNHI,PANHAI,Uttar Pradesh,NCR,"Manikpur, Uttar Pradesh",25.081679,81.189495,True,False,OTHER
NWMS,NOAPARA MAHISHA,West Bengal,ER,"Sagardighi Railway Station, West Bengal",24.323279,88.137274,True,False,Chennai
PNB,PANBARI,Assam,NFR,"Chandrapur, Assam",26.226727,91.951417,True,False,OTHER
ODB,OODLABARI,West Bengal,NFR,"Udlabari, West Bengal",26.866793,88.624639,True,False,OTHER
PNU,PALANPUR JN,Gujarat,WR,"Palanpur, Gujarat",24.174433,72.430172,True,False,OTHER
PLSG,Palasingi,Andhra Pradesh,ECoR,"Palasingi, Andhra Pradesh",19.014074,83.805056,True,False,OTHER
PUX,Parasia,Madhya Pradesh,CR,"Dongar Parasia, Madhya Pradesh",22.193186,78.76432,True,False,OTHER
PKQ,Pattikkad,Kerala,SR,"Pattikad, Kerala",11.020627,76.231795,True,False,OTHER
PDSN,Peddasana,Andhra Pradesh,ECoR,"National Highway 5, Andhra Pradesh",18.593147,84.184485,True,False,OTHER
PTD,Petlad Junction,Gujarat,WR,"Petlad, Gujarat",22.545291,72.929473,True,False,OTHER
PCLI,Palachauri,Madhya Pradesh,CR,"Dongar Parasia, Madhya Pradesh",22.201012,78.659087,True,False,OTHER
PLA,Palia,Madhya Pradesh,WR,"Indore, Madhya Pradesh",22.829589,75.79985,True,False,OTHER
SB04,Mana,Chhattisgarh,UNKNOWN,"Mana, Chhattisgarh",21.21457,81.689931,True,False,OTHER
RHN,ROSHANPUR,Uttar Pradesh,NER,"Tanda, Uttar Pradesh",29.046556,78.887727,True,False,OTHER
RNT,RANTHAMBHORE,Rajasthan,WCR,"MDR 111, Rajasthan",26.093063,76.410001,True,False,OTHER
SAGM,SAGMA,Madhya Pradesh,WCR,"Satna, Madhya Pradesh",24.622107,80.828347,True,False,OTHER
RUI,Rukni,West Bengal,SER,"Purulia, West Bengal",23.551806,86.548025,True,False,OTHER
RV,RAVER,Maharashtra,CR,"Jalgaon, Maharashtra",21.222201,76.044594,True,False,OTHER
SBV,SIMRI BHAKHTIYARPUR,Bihar,ECR,"Simri Bakhtiarpur, Bihar",25.72086,86.597384,True,False,OTHER
RJW,RAJEVADI,Maharashtra,CR,"Malshiras Rd, Maharashtra",18.384143,74.155129,True,False,OTHER
KMM,KANNAMANGALAM,UNKNOWN,UNKNOWN,,12.753547,79.161135,True,False,OTHER
SDHR,Sandhanidhar,Gujarat,WR,"Junagadh, Gujarat",20.942193,70.713698,True,False,OTHER
SAHP,SAHIJPUR,Gujarat,WR,"National Highway 8, Gujarat",23.061366,72.631634,True,False,OTHER
RMRB,Ramnagar Bengal,West Bengal,UNKNOWN,"Egra Ramnagar Rd, West Bengal",21.677451,87.55405,True,False,OTHER
SGF,SANGAT,Punjab,NWR,"National Highway 64, Punjab",30.088059,74.83253,True,False,OTHER
SAC,SANICHARA,Madhya Pradesh,NCR,"National Highway 3, Madhya Pradesh",26.363371,78.198369,True,False,OTHER
RORA,RORA,Uttar Pradesh,NCR,"Jhansi, Uttar Pradesh",25.293896,79.236769,True,False,OTHER
SAPE,SAPE WAMNE,Maharashtra,KR,"SH 70, Maharashtra",18.085549,73.356471,True,False,OTHER
RJS,RAJIYASAR,Rajasthan,NWR,"Biradhwal, Rajasthan",29.067493,73.842164,True,False,OTHER
SET,SETTIHALLY,Karnataka,SWR,"Bangalore-Mysore Rd, Karnataka",12.644228,77.141918,True,False,Bangalore
RMF,RAMNA,Jharkhand,ECR,"Dist. Garhwa, Jharkhand",24.239748,83.605713,True,False,OTHER
SGKM,Srungavruksham,Andhra Pradesh,SCR,"Srungavruksham, Andhra Pradesh",16.543756,81.601906,True,False,OTHER
RGA,Rajgoda,West Bengal,SER,"Rajgoda /RGA Railway Station, West Bengal",22.324313,87.866472,True,False,OTHER
RVK,RAJA BHAT KHAWA,West Bengal,NFR,"Rajabhat Khawa, West Bengal",26.620144,89.528605,True,False,OTHER
RTB,RAJA TALAB,Uttar Pradesh,NER,"Mirzapur, Uttar Pradesh",25.263907,82.850729,True,False,OTHER
PYD,PALLIYADI,Tamil Nadu,SR,"Kanyakumari, Tamil Nadu",8.26515,77.259683,True,False,OTHER
SASG,Sasan Gir,Gujarat,WR,"SH 111, Gujarat",21.168995,70.602443,True,False,OTHER
SGV,Sargachhi,West Bengal,ER,"Sargachhi, West Bengal",24.01772,88.244037,True,False,OTHER
RJL,Rajmahal,Jharkhand,ER,"State Highway 10, Jharkhand",25.052535,87.831451,True,False,OTHER
RS,Risia,Uttar Pradesh,NER,"Risia Railway Station, Uttar Pradesh",27.688822,81.605514,True,False,OTHER
RCA,Rentachintala,Andhra Pradesh,SCR,"Guntur, Andhra Pradesh",16.545259,79.549492,True,False,OTHER
RAK,Ramkot,Uttar Pradesh,NR,"Ramkot, Uttar Pradesh",27.534312,80.597408,True,False,OTHER
PXR,Palpara,West Bengal,ER,"National Highway 34, West Bengal",23.059458,88.520722,True,False,OTHER
SDGH,Sri Dungargarh,Rajasthan,NWR,"Churu, Rajasthan",28.070311,74.008011,True,False,OTHER
SCE,Senchoa Junction,Assam,NFR,"Senchoa, Assam",26.311613,92.642482,True,False,Hyderabad
SBL,Sabalgarh,Madhya Pradesh,NCR,"Sabalgarh, Madhya Pradesh",26.251275,77.408742,True,False,OTHER
SKJ,SAHIBPUR KAMAL JN,Bihar,ECR,"National Highway 31, Bihar",25.427037,86.400129,True,False,OTHER
SRM,Sarna,Punjab,NR,"National Highway 15, Punjab",32.252678,75.578528,True,False,OTHER
SRW,Shri Karanpur,Rajasthan,NWR,"State Highway 7B, Rajasthan",29.844419,73.458716,True,False,OTHER
SKX,SARKARA,Uttarakhand,NER,"National Highway 74, Uttarakhand",29.166922,79.083308,True,False,OTHER
SMP,SHAMBHUPURA,Rajasthan,WR,"Shambhupura, Rajasthan",24.771439,74.641918,True,False,OTHER
SUX,SUDIYUR,Tamil Nadu,SR,"Madurai-Rameshwaram Rd, Tamil Nadu",9.602939,78.482345,True,False,OTHER
SNRR,SANSARPUR,Madhya Pradesh,WCR,"National Highway 7, Madhya Pradesh",23.67897,80.347307,True,False,OTHER
SVD,SARWARI,Maharashtra,SCR,"Ranjani, Maharashtra",19.764637,75.939699,True,False,OTHER
SZK,SUR KHAND KA KHEDA,Rajasthan,NWR,"Kejed, Rajasthan",24.118095,73.879823,True,False,OTHER
STZ,Satraon,Uttar Pradesh,NER,"Deoria, Uttar Pradesh",26.283587,83.821379,True,False,OTHER
SPLE,SUJNIPARA,West Bengal,ER,"National Highway 34, West Bengal",24.571584,88.036797,True,False,OTHER
CHOK,Chowk,UNKNOWN,UNKNOWN,,18.902861,73.239613,True,False,OTHER
SRT,SATUR,Tamil Nadu,SR,"Sattur, Tamil Nadu",9.357545,77.92157,True,False,OTHER
APRH,Alehpur Halt,UNKNOWN,UNKNOWN,,26.209465,84.788986,True,False,OTHER
SOAE,SOMRA BAZAR,West Bengal,ER,"State Highway 6, West Bengal",23.13916,88.433032,True,False,OTHER
SJQ,SURAJPUR ROAD,Chhattisgarh,SECR,"Surajpur, Chhattisgarh",23.289233,82.880146,True,False,OTHER
SR,SABLI ROAD,Gujarat,WR,"State Highway 17, Gujarat",23.034807,71.952643,True,False,OTHER
SOL,Solan,Himachal Pradesh,NR,"Solan, Himachal Pradesh",30.907937,77.097531,True,False,OTHER
SGRR,SANGAR,Jammu and Kashmir,NR,"Jammu Cantt, Jammu and Kashmir",32.80617,75.044078,True,False,Kolkata
SMF,SAMAR GOPALPUR,Haryana,NR,"NH 71, Haryana",28.960889,76.518645,True,False,OTHER
STP,SITAPUR,Uttar Pradesh,NER,"Sitapur, Uttar Pradesh",27.558728,80.697762,True,False,OTHER
STDR,Satadhar,Gujarat,WR,"Junagadh, Gujarat",21.283916,70.721182,True,False,OTHER
SJF,SAJANVAR ROAD,Gujarat,WR,"MDR, Gujarat",21.07527,71.608408,True,False,OTHER
SHH,SHAPUR JN,Gujarat,WR,"Vanthali-Shapur(Sorath) Rd, Gujarat",21.478281,70.371057,True,False,OTHER
SMX,Simurali,West Bengal,ER,"Chakdaha, West Bengal",23.041337,88.510164,True,False,OTHER
SNAR,Srinagar Rajasthan,Rajasthan,WCR,"Rd, Rajasthan",25.364047,75.569091,True,False,OTHER
SMNE,SOMTANE,Maharashtra,CR,"Kolkhe Village, Maharashtra",18.952233,73.145524,True,False,OTHER
SRGT,SURENDRANAGAR GATE,Gujarat,WR,"Surendranagar, Gujarat",22.734565,71.636053,True,False,OTHER
SWV,SAWANTWADI ROAD,Maharashtra,KR,"SH123, Maharashtra",15.866512,73.785308,True,False,OTHER
SIM,SHRI AMIRGADH,Rajasthan,NWR,"Amirgadh, Rajasthan",24.405948,72.643675,True,False,OTHER
SLHA,SALHANA,Madhya Pradesh,WCR,"State Highway 10, Madhya Pradesh",23.820462,80.656721,True,False,OTHER
SRMT,Sirmuttra,Rajasthan,NCR,"Sir Mathura, Rajasthan",26.518904,77.375168,True,False,OTHER
SLM,Somalapuram,Andhra Pradesh,SWR,"Anantapur Rd, Andhra Pradesh",14.914015,76.868856,True,False,OTHER
SNMY,Sindri Marshalling Yard,Jharkhand,ECR,"Pathardih, Jharkhand",23.667035,86.466176,True,False,OTHER
SRSL,Sirsala,Rajasthan,NWR,"National Highway 65, Rajasthan",28.426675,75.129488,True,False,OTHER
SGPA,Sugapahari,Jharkhand,ER,"Madhupur, Jharkhand",24.279024,86.578049,True,False,OTHER
SVO,Sanvrad,Rajasthan,NWR,"Didwana, Rajasthan",27.521887,74.518574,True,False,OTHER
SJV,Sanjhauli Halt,Bihar,ECR,"State Highway 12, Bihar",25.143892,84.191034,True,False,OTHER
SNZ,Sherganj,Uttar Pradesh,NER,"Sherganj, Uttar Pradesh",28.380489,79.804862,True,False,OTHER
SMET,Shimoga Town,Karnataka,SWR,"Shimoga, Karnataka",13.943037,75.583174,True,False,OTHER
SSNR,Satsang Nagar Halt,Jharkhand,ER,"Deoghar, Jharkhand",24.490307,86.681681,True,False,OTHER
SKSO,Sikosa,Chhattisgarh,SECR,"Sikosa, Chhattisgarh",20.868216,81.285568,True,False,OTHER
TIL,TILRATH,Bihar,ECR,"NH 31, Bihar",25.441179,86.068531,True,False,OTHER
UMM,UMRAM,Andhra Pradesh,SCR,"Sitagondi, Andhra Pradesh",19.661586,78.437342,True,False,OTHER
TDR,TIRUVIDAIMARUTHUR,Tamil Nadu,SR,"Thiruvidaimaruthur, Tamil Nadu",10.990634,79.453706,True,False,OTHER
TKH,Thakurtola,Orissa,SER,"Mayurbhanj, Orissa",21.651992,86.970717,True,False,OTHER
TRPL,TRIPAL HALT,Himachal Pradesh,NR,"Tripal, Himachal Pradesh",32.00601,76.204696,True,False,OTHER
TLRA,TALARA,Himachal Pradesh,NR,"Raja-ka-Talab, Himachal Pradesh",32.239023,75.903937,True,False,OTHER
TMD,TALMADLA,Andhra Pradesh,SCR,"Telangana Region, Andhra Pradesh",18.239215,78.356638,True,False,OTHER
BHKL,BHAKRAULI,Uttar Pradesh,NR,"State Highway 39, Uttar Pradesh",28.308471,78.474665,True,False,OTHER
TRWT,TARAVATA,Madhya Pradesh,WCR,"Guna, Madhya Pradesh",24.74613,77.381391,True,False,OTHER
WKR,WANKANER JN,Gujarat,WR,"Wankaner, Gujarat",22.622552,70.965617,True,False,OTHER
SWE,SIWAITH,Uttar Pradesh,NR,"Prayag, Uttar Pradesh",25.577038,81.869261,True,False,OTHER
TGE,THEKERAGURI,Assam,NFR,"Ahotguri, Assam",26.199171,92.403859,True,False,OTHER
TSAH,Tata Sijua Halt,Jharkhand,SER,"Sijua, Jharkhand",23.774511,86.33167,True,False,OTHER
TGL,TUGGALI,Andhra Pradesh,SCR,"Kurnool, Andhra Pradesh",15.310975,77.530146,True,False,OTHER
UBL,HUBLI JN,Karnataka,SWR,"Hubli, Karnataka",15.350302,75.148104,True,False,OTHER
TID,TAGDI,Gujarat,WR,"Tagadi, Gujarat",22.296445,71.948621,True,False,OTHER
ARGP,ARALAGUPPE,Karnataka,SWR,"State Highway 74, Karnataka",13.253132,76.615439,True,False,OTHER
UCA,UCHANA,Haryana,NR,"District Jind, Haryana",29.466064,76.178544,True,False,OTHER
TAK,Tarakeswar,West Bengal,ER,"Tarkeshwar, West Bengal",22.882582,88.013437,True,False,OTHER
UMN,AMBLIYASAN,Gujarat,WR,"Mehsana, Gujarat",23.447386,72.423181,True,False,OTHER
SZP,Shahjahanpur,Uttar Pradesh,NER,"Shahjahanpur, Uttar Pradesh",27.893402,79.904536,True,False,OTHER
TTQ,Thathankulam,Tamil Nadu,SR,"Thoothukudi, Tamil Nadu",8.627298,77.875152,True,False,OTHER
TJH,Tajgadh,Gujarat,WR,"Vadodara, Gujarat",22.350958,73.904788,True,False,OTHER
UKC,UKSHI,Maharashtra,KR,"Maharashtra, Maharashtra",17.12976,73.455942,True,False,OTHER
UAA,UPPALA,Kerala,SR,"Kasaragod, Kerala",12.6698,74.906488,True,False,OTHER
TKQ,TRIKARPUR,Kerala,SR,"Kannur District, Kerala",12.142185,75.176143,True,False,OTHER
VAPM,VALAPATTANAM,Kerala,SR,"Kannur District, Kerala",11.927728,75.346365,True,False,OTHER
TUNG,Tung,West Bengal,NFR,"NH 55, West Bengal",26.921803,88.294811,True,False,OTHER
TKT,TIKKOTTI,Kerala,SR,"Thikkodi, Kerala",11.490426,75.626246,True,False,OTHER
UGWE,Ugwe,Maharashtra,SCR,"State Highway 204, Maharashtra",20.806249,77.009265,True,False,OTHER
TRDI,Tirodi,Madhya Pradesh,SECR,"Balaghat, Madhya Pradesh",21.688066,79.724564,True,False,OTHER
TQA,Takia,Uttar Pradesh,NR,"State Highway 38, Uttar Pradesh",26.311679,80.782017,True,False,OTHER
TPU,Tanakpur,Uttarakhand,NER,"Tanakpur, Uttarakhand",29.067103,80.109045,True,False,OTHER
DHL,Devanhalli,Karnataka,SWR,"Near Bellary Road Bangalore Rural Dt., Karnataka",13.246834,77.704631,True,False,Bangalore
TAV,Talala Junction,Gujarat,WR,"Junagadh, Gujarat",21.04184,70.522164,True,False,OTHER
TPO,Tantpur,Rajasthan,NCR,"Tantpur, Rajasthan",26.831935,77.47803,True,False,OTHER
THKU,Thallak,Karnataka,SWR,"Bellary-Hiriyur Rd, Karnataka",14.450854,76.675366,True,False,OTHER
VD,VAGDIYA,Gujarat,WR,"State Highway 113, Gujarat",22.614176,71.29169,True,False,OTHER
YGA,Yerra Goppa Halt,Karnataka,SWR,"Yerra Goppa, Karnataka",15.905354,75.648078,True,False,OTHER
AGQ,ASIRGARH ROAD,Madhya Pradesh,CR,"State Highway 27, Madhya Pradesh",21.378418,76.268065,True,False,OTHER
AA,ATARIA,Uttar Pradesh,NER,"Sitapur National Highway 24, Uttar Pradesh",27.172457,80.861033,True,False,OTHER
WSD,WASUD,Maharashtra,CR,"solapur, Maharashtra",17.377406,75.147653,True,False,OTHER
AED,AULENDA,Uttar Pradesh,NCR,"Kiraoli, Uttar Pradesh",27.029152,77.612583,True,False,OTHER
ARH,AMHERA,Uttar Pradesh,NR,"Amhera, Uttar Pradesh",29.262238,78.285802,True,False,OTHER
SWDE,SIWAHA,Haryana,NR,"Jind, Haryana",29.340294,76.456292,True,False,OTHER
BHWA,BECHHIWARA,Rajasthan,NWR,"Bichhiwara, Rajasthan",23.787792,73.535256,True,False,OTHER
VRV,VIRAVADA,Gujarat,NWR,"National Highway 8, Gujarat",23.612331,73.07903,True,False,OTHER
YLG,YALVIGI,Karnataka,SWR,"Yalvigi, Karnataka",15.034254,75.409401,True,False,OTHER
ADHL,ADIHALLI,Karnataka,SWR,"National Highway 206, Karnataka",13.28342,76.347284,True,False,OTHER
WRGN,WARIGAON NEWADA,Uttar Pradesh,NR,"Warigaon, Uttar Pradesh",25.586146,82.568316,True,False,OTHER
APTA,APTA,Maharashtra,CR,"Raigad, Maharashtra",18.863471,73.152629,True,False,OTHER
WC,WADHWAN CITY,Gujarat,WR,"Surendranagar, Gujarat",22.702931,71.67236,True,False,OTHER
ADRA,ADRA JN,West Bengal,SER,"Purulia.Div HQ SER, West Bengal",23.495992,86.674665,True,False,OTHER
AKOT,Akot,Maharashtra,SCR,"Akola, Maharashtra",21.095661,77.047217,True,False,OTHER
BHUJ,BHUJ,Gujarat,WR,"Bhuj, Gujarat",23.266022,69.677828,True,False,OTHER
VLI,VALLIKUNNU,Kerala,SR,"Vallikkunnu, Kerala",11.09046,75.851651,True,False,OTHER
ATRR,ATRAURA,Uttar Pradesh,NER,"Handia, Uttar Pradesh",25.316112,82.314016,True,False,OTHER
VPU,VELPURU,Andhra Pradesh,SCR,"Velupuru, Andhra Pradesh",16.725964,81.662635,True,False,OTHER
VJPJ,VIJAYPUR JAMMU,Jammu and Kashmir,NR,"Gadwal, Jammu and Kashmir",32.57197,75.020996,True,False,Kolkata
ZNP,Zindpura,Uttar Pradesh,NER,"State Highway 29, Uttar Pradesh",28.191347,79.849699,True,False,OTHER
BHRL,BHAROLI JUNCTION,Punjab,NR,"Bharoli, Punjab",32.271048,75.616373,True,False,OTHER
PQT,Puniyavant,Gujarat,WR,"Vadodara, Gujarat",22.332118,73.957331,True,False,OTHER
VRA,Valavanur,Tamil Nadu,SR,"Vallavanur, Tamil Nadu",11.917402,79.573803,True,False,OTHER
XBKJ,Bikramganj,Bihar,ECR,"Bikramganj, Bihar",25.218914,84.273731,True,False,OTHER
VTG,Bhetaguri,West Bengal,NFR,"Bhetaguri, West Bengal",26.302968,89.66531,True,False,OTHER
ATKS,Atwa Kursath,Uttar Pradesh,NR,"Atwa Kursath, Uttar Pradesh",27.13457,80.26721,True,False,OTHER
WDJ,Wanderjatana,Punjab,NR,"State Highway 16, Punjab",30.564802,74.740729,True,False,OTHER
AMI,Amravati,Maharashtra,CR,"Amravati, Maharashtra",20.930083,77.757786,True,False,OTHER
BIPR,Bheempura,Rajasthan,NWR,"Jalor, Rajasthan",25.129644,72.392249,True,False,OTHER
ARP,Atrampur,Uttar Pradesh,NR,"Atrampur Railway Station, Uttar Pradesh",25.572021,81.745663,True,False,OTHER
WEL,Wellington,Tamil Nadu,SR,"Wellington, Tamil Nadu",11.3559,76.786078,True,False,OTHER
ARKA,Arkha,Uttar Pradesh,NR,"Lucknow Allahabad Rd, Uttar Pradesh",25.867316,81.331277,True,False,OTHER
BAMA,BIRAMBAD,Rajasthan,NCR,"Dumariya, Rajasthan",26.922783,77.32494,True,False,OTHER
AUR,ATRAULI ROAD,Uttar Pradesh,NR,"Dibai, Uttar Pradesh",28.097188,78.220108,True,False,OTHER
BCB,Bhowra Junction,Jharkhand,SER,"KUSTORE, Jharkhand",23.67077,86.417009,True,False,OTHER
BHBK,BODHADI BUJRUG,Maharashtra,SCR,"Kinwat, Maharashtra",19.496276,78.195249,True,False,OTHER
BDHA,BADHADA,Gujarat,WR,"Badhada, Gujarat",21.2703,71.337414,True,False,OTHER
BHET,BHESTAN,Gujarat,WR,"Surat, Gujarat",21.127883,72.861313,True,False,OTHER
BFZ,BHANDARTIKURI,West Bengal,ER,"State Highway 6, West Bengal",23.433192,88.329817,True,False,OTHER
BATL,BAIHATOLA,Madhya Pradesh,SECR,"Boridand, Madhya Pradesh",23.231204,82.05862,True,False,OTHER
BGQ,BHONGAON,Uttar Pradesh,NCR,"Mainpuri, Uttar Pradesh",27.259042,79.165723,True,False,OTHER
BGHU,Borraguhallu,Andhra Pradesh,ECoR,"Way to Rly Station, Andhra Pradesh",18.275624,83.040289,True,False,OTHER
BELD,BELKHERA,Madhya Pradesh,WCR,"State Highway 22, Madhya Pradesh",22.981891,79.299879,True,False,OTHER
BIF,BHAIRONPUR,Madhya Pradesh,WCR,"State Highway 15, Madhya Pradesh",22.432086,77.420409,True,False,OTHER
BAU,BURHANPUR,Madhya Pradesh,CR,"Burhanpur, Madhya Pradesh",21.334398,76.198679,True,False,OTHER
BJK,BIJORA,Rajasthan,WCR,"Antah, Rajasthan",25.145112,76.395699,True,False,OTHER
BDT,BORDUBI ROAD,Assam,NFR,"Madhubon to Naoholia Rd, Assam",27.399181,95.314595,True,False,OTHER
BPRS,BHOGPUR SIRWAL,Punjab,NR,"Bhogpur, Punjab",31.556594,75.645223,True,False,OTHER
BIP,BAHILPURWA,Uttar Pradesh,NCR,"National Highway 76, Uttar Pradesh",25.137088,80.998599,True,False,OTHER
BGWD,BAGEWADI,Karnataka,SWR,"Gokak TQ, Karnataka",16.307771,74.7536,True,False,OTHER
BGAN,Bangain,Uttar Pradesh,NER,"Bangain, Uttar Pradesh",27.238993,81.905924,True,False,OTHER
BID,BIDADI,Karnataka,SWR,"Bengaluru District, Karnataka",12.800425,77.390298,True,False,Bangalore
BNDI,Barundini,Rajasthan,WCR,"National Highway 76, Rajasthan",25.173406,74.930101,True,False,OTHER
BDCR,Bhadrachalam Road,Andhra Pradesh,SCR,"Kottagudem, Andhra Pradesh",17.550365,80.616024,True,False,OTHER
KISN,KALISEN,UNKNOWN,UNKNOWN,,23.1816,87.162499,True,False,OTHER
AYU,ABHAYAPURI ASSAM,Assam,NFR,"Abhayapuri, Assam",26.356599,90.641696,True,False,OTHER
BFT,Bhabta,West Bengal,ER,"Bhabta, West Bengal",23.986968,88.241584,True,False,OTHER
BHLP,BHULANPUR,Uttar Pradesh,NER,"Varanasi, Uttar Pradesh",25.287875,82.957519,True,False,OTHER
BAHP,Band Hamirpur,Uttar Pradesh,NR,"State Highway 38, Uttar Pradesh",26.32975,80.744382,True,False,OTHER
BLSD,Balsamand,Rajasthan,NWR,"Didwana, Rajasthan",27.581307,74.473873,True,False,OTHER
BEE,Bebejia,Assam,NFR,"National Highway 37, Assam",26.310185,92.640956,True,False,OTHER
BAA,Barala,West Bengal,ER,"Murshidabad District, West Bengal",24.300532,88.039851,True,False,OTHER
BDZ,Badkulla,West Bengal,ER,"State Highway 11, West Bengal",23.304666,88.526557,True,False,OTHER
BIGA,Bigga,Rajasthan,NWR,"National Highway 11, Rajasthan",28.047453,74.20137,True,False,OTHER
BAYD,Beyad,Gujarat,WR,"Sabarkantha, Gujarat",23.216364,73.207326,True,False,OTHER
BBLA,Bhyabla Halt,West Bengal,ER,"Basirhat, West Bengal",22.65426,88.854932,True,False,OTHER
BHAN,Bhoyani,Gujarat,WR,"State Highway 133, Gujarat",23.358779,72.234682,True,False,OTHER
BK,Bakra Road,Rajasthan,NWR,"Jalor, Rajasthan",25.213052,72.487603,True,False,OTHER
BBJ,Babaganj,Uttar Pradesh,NER,"Babaganj, Uttar Pradesh",27.96429,81.568611,True,False,OTHER
BBT,Birati,West Bengal,ER,"Kolkata, West Bengal",22.66472,88.427613,True,False,Kolkata
AWH,Alewahi,Maharashtra,SECR,"Palasgaon, Maharashtra",20.38793,79.710147,True,False,OTHER
BDMA,Budhma,Bihar,ECR,"National Highway 107, Bihar",25.902768,86.857009,True,False,OTHER
BGLI,Bargolai,Assam,NFR,"Ledo, Assam",27.287486,95.703548,True,False,OTHER
BLAX,BARLAI,Madhya Pradesh,WR,"Indore, Madhya Pradesh",22.894163,75.962109,True,False,OTHER
BSAE,BANSH BARIA,West Bengal,ER,"Bansberia, West Bengal",22.957288,88.395641,True,False,OTHER
BRHL,BARYAL HIMACHAL,Himachal Pradesh,NR,"Baryal, Himachal Pradesh",32.025465,76.100072,True,False,OTHER
CHKE,Challakere,Karnataka,SWR,"Chitradurga, Karnataka",14.315154,76.660017,True,False,OTHER
BRND,BORIDAND,Madhya Pradesh,SECR,"Shahdol, Madhya Pradesh",23.267799,82.178765,True,False,OTHER
CHRM,Chirmiri,Chhattisgarh,SECR,"Chirimiri, Chhattisgarh",23.189485,82.349551,True,False,OTHER
BPKA,BHOPALKA,Gujarat,WR,"Jamnagar, Gujarat",22.12278,69.368741,True,False,OTHER
BNKH,BHAIRANAYAKANAH,Karnataka,SWR,"State Highway 74, Karnataka",13.194258,77.383393,True,False,OTHER
ALN,ALANDI,Maharashtra,CR,"Ramdara Rd, Maharashtra",18.451229,74.093095,True,False,OTHER
BRLA,BRAYLA CHAURASI,Madhya Pradesh,WR,"Badayla Chorasi Rd, Madhya Pradesh",23.555683,75.092761,True,False,OTHER
BQG,Bhagwangola,West Bengal,ER,"Station Rd, West Bengal",24.333178,88.309816,True,False,OTHER
BQM,Barelipur,Madhya Pradesh,CR,"Nayagaon, Madhya Pradesh",22.051583,78.407732,True,False,OTHER
BNA,BANNI KOPPA,Karnataka,SWR,"National Highway 63, Karnataka",15.406627,75.941809,True,False,OTHER
BKU,BHIKNUR,Andhra Pradesh,SCR,"Nizamabad, Andhra Pradesh",18.164491,78.399151,True,False,OTHER
BLSA,BOLSA,Maharashtra,SCR,"Dharmabad, Maharashtra",19.001291,77.702921,True,False,OTHER
BMBE,BIMBARI,Maharashtra,SCR,"Bhokar, Maharashtra",19.164065,77.631226,True,False,OTHER
BOKR,BHOKAR,Maharashtra,SCR,"Bhokar, Maharashtra",19.213965,77.666535,True,False,OTHER
CAG,CHHABRA GUGOR,Rajasthan,WCR,"Baran, Rajasthan",24.680339,76.850989,True,False,OTHER
CJW,CHAJAWA,Rajasthan,WCR,"Baren, Rajasthan",25.008594,76.580569,True,False,OTHER
BKTW,Baikunth,UNKNOWN,UNKNOWN,,21.489691,81.777975,True,False,OTHER
ADB,ADILABAD,Andhra Pradesh,SCR,"Adilabad, Andhra Pradesh",19.680104,78.535285,True,False,OTHER
BPM,BAGPAT ROAD,Uttar Pradesh,NR,"Bagpat, Uttar Pradesh",28.957503,77.272589,True,False,OTHER
CIV,Chinnaravuru,Andhra Pradesh,SCR,"Tenali, Andhra Pradesh",16.224011,80.655843,True,False,OTHER
CHI,CHIPLUN,Maharashtra,KR,"Chiplun, Maharashtra",17.542507,73.522429,True,False,OTHER
CAN,KANNUR,Kerala,SR,"Kannur, Kerala",11.870694,75.368327,True,False,OTHER
BNG,Barnagar,Madhya Pradesh,WR,"Barnagar, Madhya Pradesh",23.030412,75.611121,True,False,OTHER
MPL,Madanapalle Road,Andhra Pradesh,SCR,"Madanapalle Road Station, Andhra Pradesh",13.644442,78.554424,True,False,OTHER
BRQ,BAGRAKOT,West Bengal,NFR,"National Highway 31, West Bengal",26.870632,88.585962,True,False,OTHER
BNQ,BANARHAT,West Bengal,NFR,"National Highway 31C, West Bengal",26.797885,89.025682,True,False,OTHER
BMJ,Bridgemanganj,Uttar Pradesh,NER,"Bridgmanganj, Uttar Pradesh",27.195537,83.197098,True,False,OTHER
BRK,Bahraich,Uttar Pradesh,NER,"Bahraich, Uttar Pradesh",27.581536,81.607518,True,False,OTHER
BRMX,Barmi,Uttar Pradesh,NR,"Barmi, Uttar Pradesh",27.489413,80.560821,True,False,OTHER
BNW,Bhiwani,Haryana,NWR,"Bhiwani, Haryana",28.798426,76.12558,True,False,OTHER
BNSA,Banbasa,Uttarakhand,NER,"H01, Uttarakhand",28.991685,80.07321,True,False,OTHER
BSHT,Basirhat,West Bengal,ER,"Basirhat, West Bengal",22.650516,88.86896,True,False,OTHER
CHRU,CHAMRUA,Uttarakhand,NER,"Chamrua, Uttarakhand",28.796206,79.138988,True,False,OTHER
ANP,ANANDTANDAVPUR,Tamil Nadu,SR,"Uluthakuppai, Tamil Nadu",11.143966,79.657675,True,False,OTHER
ANGR,ANGADGERI HALT,Karnataka,SWR,"Angadgeri, Karnataka",16.451874,75.845891,True,False,OTHER
AAY,ARALVAYMOZHI,Tamil Nadu,SR,"Dist. Kanniyakumari, Tamil Nadu",8.249451,77.529265,True,False,OTHER
ALNP,Akelahanspur Halt,Uttar Pradesh,NER,"Akelahanspur, Uttar Pradesh",28.34054,80.315571,True,False,OTHER
BAH,BHABHAR,Gujarat,WR,"SH 72, Gujarat",24.06528,71.615774,True,False,OTHER
AON,ARAON,Uttar Pradesh,NCR,"Araon, Uttar Pradesh",27.114343,78.692248,True,False,OTHER
BZLE,BAZARSAU,West Bengal,ER,"Bazarsau, West Bengal",23.875793,88.182879,True,False,OTHER
CHPD,CHEPPAD HALT,Kerala,SR,"Cheppad Railway Station Rd, Kerala",9.232679,76.476742,True,False,OTHER
CGO,CHHIDGAON,Madhya Pradesh,WCR,"Harda, Madhya Pradesh",22.406953,77.314105,True,False,OTHER
AJM,Adraj Moti,Gujarat,WR,"Adraj Moti, Gujarat",23.258801,72.565608,True,False,OTHER
CKR,CHIKODI ROAD,Karnataka,SWR,"Belagavi, Karnataka",16.369048,74.769494,True,False,OTHER
BSR,VASAI ROAD,Maharashtra,WR,"Thane Dist., Maharashtra",19.382449,72.832222,True,False,OTHER
ABGT,ARBAGATTA HALT,Karnataka,SWR,"State Highway 47, Karnataka",13.907468,76.134971,True,False,OTHER
BTJ,BISHNATHGANJ,Uttar Pradesh,NR,"Pratapgarh, Uttar Pradesh",25.801897,81.935379,True,False,OTHER
BUS,BADAUSA,Uttar Pradesh,NCR,"National Highway 76, Uttar Pradesh",25.248423,80.651011,True,False,OTHER
ANCR,ANCHURI,West Bengal,SER,"National Highway 60A, West Bengal",23.283904,86.993174,True,False,OTHER
BSZ,Bharwa Sumerpur,Uttar Pradesh,NCR,"Hamirpur, Uttar Pradesh",25.825413,80.167419,True,False,OTHER
BSW,Baneswar,West Bengal,NFR,"Baneswar, West Bengal",26.388205,89.494466,True,False,OTHER
PTN,PATAN,Gujarat,WR,"Patan, Gujarat",23.853292,72.131672,True,False,OTHER
ABZ,Adgaon Buzurg,Maharashtra,SCR,"Akola, Maharashtra",21.123876,76.955924,True,False,OTHER
ADE,ADARI ROAD,Gujarat,WR,"kadukada to railway fatak, Gujarat",20.986795,70.330818,True,False,OTHER
AMC,Amritapura,Karnataka,SWR,"State Highway 48, Karnataka",14.139549,76.245563,True,False,OTHER
CDA,CHUDA,Gujarat,WR,"State Highway 38, Gujarat",22.495211,71.750098,True,False,OTHER
AKS,ANKUSPUR,Uttar Pradesh,NER,"National Highway 29, Uttar Pradesh",25.571319,83.494012,True,False,OTHER
ANO,ANJANI,Maharashtra,KR,"Anjani, Maharashtra",17.620605,73.399308,True,False,OTHER
APDC,Alipur Duar Court,West Bengal,NFR,"Alipur Duar, West Bengal",26.499255,89.526808,True,False,OTHER
CDK,CHANDKHERA ROAD,Gujarat,WR,"Ahmedabad, Gujarat",23.111868,72.563224,True,False,OTHER
CGHD,CHINNADAGUDI,Karnataka,SWR,"Nanjungudu-Chamarajanagara Rd, Karnataka",12.084594,76.732445,True,False,OTHER
CJS,CHARAMULA KUSUM,Chhattisgarh,ECoR,"Bhansuli Kotpad PMGSY Rd, Chhattisgarh",19.020403,82.401044,True,False,OTHER
BTGH,Bettadnagenhali,Karnataka,SWR,"Amritapura, Karnataka",14.17383,76.259335,True,False,OTHER
ADR,Mandi Adampur,Haryana,NWR,"Hisar, Haryana",29.283136,75.468851,True,False,OTHER
BSUR,Bisalpur,Uttar Pradesh,NER,"Bisalpur, Uttar Pradesh",28.290516,79.812599,True,False,OTHER
ANC,Annechakanahali,Karnataka,SWR,"Annechakanahali, Karnataka",12.7379,76.282814,True,False,OTHER
CCI,Chinnekuntapali,Andhra Pradesh,SCR,"Chennai - Anantpur Rd, Andhra Pradesh",14.442788,77.842056,True,False,Chennai
BTRI,Bitrol,Uttar Pradesh,NER,"State Highway 33, Uttar Pradesh",27.984069,78.92398,True,False,OTHER
AGCI,Angadi,Gujarat,WR,"National Highway 59, Gujarat",22.806751,73.282558,True,False,OTHER
ALS,Amlori Sarsar,Bihar,NER,"Siwan, Bihar",26.294714,84.345578,True,False,OTHER
BFE,BAHAWAL BASI,Punjab,NR,"National Highway 15, Punjab",30.147265,74.279311,True,False,OTHER
AXK,ASOKHAR,Madhya Pradesh,NCR,"State Highway 19, Madhya Pradesh",26.525539,78.555854,True,False,OTHER
AXA,AMARSAR,Gujarat,WR,"Rajkot, Gujarat",22.585991,70.91711,True,False,OTHER
BENL,BENL,Karnataka,SWR,"Dam Inspection Rd, Karnataka",16.384407,75.882249,True,False,OTHER
BBW,BODARWAR,Uttar Pradesh,NER,"State Highway 64, Uttar Pradesh",26.878,83.638191,True,False,OTHER
BAJE,Bajakare Halt,Karnataka,SWR,"Panja Kadaba Rd, Karnataka",12.720476,75.508955,True,False,OTHER
AMQ,AMMUGUDA,Andhra Pradesh,SCR,"Secunderabad, Andhra Pradesh",17.487039,78.527215,True,False,Hyderabad
BBA,BABRALA,Uttar Pradesh,NR,"Babrala, Uttar Pradesh",28.266493,78.403414,True,False,OTHER
ALW,ALWAL,Andhra Pradesh,SCR,"Secunderabad, Andhra Pradesh",17.505779,78.515006,True,False,Hyderabad
ATE,ATARRA,Uttar Pradesh,NCR,"Dist. Banda(05192-224813), Uttar Pradesh",25.291367,80.576491,True,False,OTHER
AWL,ALAWALPUR,Punjab,NR,"Jalandhar, Punjab",31.425164,75.642236,True,False,OTHER
AZP,AYYAMPET,Tamil Nadu,SR,"Ayyampet, Tamil Nadu",10.896267,79.206701,True,False,OTHER
ASK,ARSIKERE JN,Karnataka,SWR,"Arasikere, Karnataka",13.314425,76.252085,True,False,OTHER
BAL,BUDALUR,Tamil Nadu,SR,"SH 99, Tamil Nadu",10.782843,78.981443,True,False,OTHER
BAZ,BARAN,Rajasthan,WCR,"Baran, Rajasthan",25.09677,76.505128,True,False,OTHER
AVRD,ARAVALI ROAD,Maharashtra,KR,"Kochi - Panavel Rd, Maharashtra",17.316531,73.53816,True,False,OTHER
BBGN,Barua Bamungaon,Assam,NFR,"Barua Bamungaon, Assam",26.662157,93.944693,True,False,OTHER
ANT,Anantnag,Jammu and Kashmir,NR,"Anantnag, Jammu and Kashmir",33.738534,75.107131,True,False,Kolkata
BDPA,Badalpur Ph,West Bengal,UNKNOWN,"State Highway 4, West Bengal",21.710487,87.616227,True,False,OTHER
AVS,Auvaneeswaram,Kerala,SR,"Avaneeswaram Pathanapuram Rd, Kerala",9.036513,76.852807,True,False,OTHER
BDHN,Bodhan,Andhra Pradesh,SCR,"Bodhan, Andhra Pradesh",18.645933,77.888166,True,False,OTHER
BED,Baseri,Uttar Pradesh,NCR,"Baseri, Uttar Pradesh",26.746992,77.543015,True,False,OTHER
BDBG,Badhai Balamgarh Halt,Punjab,NR,"Badhai Balamgarh, Punjab",30.459894,74.460168,True,False,OTHER
AVK,Aravankadu,Tamil Nadu,SR,"Dist. Nilgiris, Tamil Nadu",11.359124,76.769203,True,False,OTHER
ATW,Atwa Muthia Halt,Uttar Pradesh,NR,"Atwa Muthia, Uttar Pradesh",27.27399,80.415479,True,False,OTHER
BGMU,Bangarmau,Uttar Pradesh,NR,"Bangarmau, Uttar Pradesh",26.891816,80.22206,True,False,OTHER
BCHL,Bacheli,Chhattisgarh,ECoR,"Dhurli-Basenpur Rd, Chhattisgarh",18.703461,81.238534,True,False,OTHER
BBHT,Barabar Halt,Bihar,UNKNOWN,"Vanavar Halt, Bihar",25.05586,84.974368,True,False,OTHER
BFJ,Bhoras Budrukh,Maharashtra,CR,"Kargaon Tanda-Chalisgaon Rd, Maharashtra",20.538301,75.014292,True,False,OTHER
BARL,Baral,Uttar Pradesh,NR,"State Highway 18, Uttar Pradesh",28.494092,77.809975,True,False,OTHER
BDBA,Badabandha Road,Orissa,ECoR,"Badabandha, Orissa",20.276721,86.519951,True,False,OTHER
BGD,Bara Gudah,Haryana,NWR,"Bara Gudha, Haryana",29.697657,75.001641,True,False,OTHER
BLA,BAJALTA,Jammu and Kashmir,NR,"Khana Chorgol, Jammu and Kashmir",32.762368,74.953339,True,False,Kolkata
BHTL,BHATEL,Gujarat,WR,"Jamnagar, Gujarat",22.164096,69.493629,True,False,OTHER
TSS,TALLI SAIDASAHU,Punjab,NR,"Talhi Saidasahu, Punjab",31.03264,74.748404,True,False,OTHER
BDWS,BADARWAS,Madhya Pradesh,WCR,"Badarwas, Madhya Pradesh",24.98334,77.561828,True,False,OTHER
BJPL,BAIJNATH PAPROLA,Himachal Pradesh,NR,"Paprola, Himachal Pradesh",32.050369,76.632508,True,False,OTHER
BLL,BANTANAHAL,Andhra Pradesh,SCR,"Rayalaseema Region, Andhra Pradesh",15.1629,77.275724,True,False,OTHER
BMA,BAGMAR,Madhya Pradesh,CR,"East Nimar, Madhya Pradesh",21.737129,76.361602,True,False,OTHER
BLWD,BOLWAD,Maharashtra,CR,"Bolwad, Maharashtra",16.823851,74.719998,True,False,OTHER
BMNI,BAMANI,Maharashtra,CR,"State Highway 161, Maharashtra",17.512801,75.237643,True,False,OTHER
BNY,Barhni,Uttar Pradesh,NER,"Semari - Bisokhar Rd, Uttar Pradesh",27.495795,82.791834,True,False,OTHER
BDVT,Bhadravati,Karnataka,SWR,"Bhadravati, Karnataka",13.842429,75.702832,True,False,OTHER
BMKI,BAPUDHAM MOTIHARI,Bihar,ECR,"Motihari, Bihar",26.655733,84.90529,True,False,OTHER
BIRD,BHIWANDI ROAD,Maharashtra,CR,"Bhiwandi, Maharashtra",19.268544,73.045654,True,False,OTHER
BI,BARI SADRI,Rajasthan,NWR,"Bari Sadri, Rajasthan",24.411465,74.468715,True,False,OTHER
BLD,BHILAD,Gujarat,WR,"Bhilad, Gujarat",20.275323,72.887446,True,False,OTHER
ALMW,ALMAW,Uttar Pradesh,NER,"Allahabad, Uttar Pradesh",25.259915,82.489941,True,False,OTHER
BGX,BAGRI SAJJANPUR,Rajasthan,NWR,"Haripur, Rajasthan",25.916759,73.821842,True,False,OTHER
VTP,VASTRAPUR,Gujarat,WR,"Ahmedabad, Gujarat",23.00802,72.517982,True,False,OTHER
BNTH,BANDHNATH,Gujarat,WR,"Shapur, Gujarat",21.434145,70.356879,True,False,OTHER
BIJR,BIJOOR,Karnataka,KR,"Udupi, Karnataka",13.822196,74.642054,True,False,OTHER
BNS,BANAS,Rajasthan,NWR,"Sirohi Road, Rajasthan",24.713164,72.988726,True,False,OTHER
BILP,Bhilpur,Gujarat,WR,"Vadodara, Gujarat",22.196155,73.323477,True,False,OTHER
BGPR,BHAGWANPURA,Rajasthan,NWR,"Somesar, Rajasthan",25.419012,73.363312,True,False,OTHER
BGG,BANTA RAGHUNATHGARH,Rajasthan,NWR,"Somesar, Rajasthan",25.601807,73.527382,True,False,OTHER
BJPR,Bijaipur Road,Madhya Pradesh,NCR,"Bijaipur Road, Madhya Pradesh",26.196877,77.305586,True,False,OTHER
BMY,Bamiana,Uttar Pradesh,NER,"To Vishartganj, Uttar Pradesh",28.263124,79.329106,True,False,OTHER
BNHR,Banbihari Gwalipur,Orissa,ECoR,"State Highway 12, Orissa",20.339027,86.205033,True,False,OTHER
BHAT,Bhatpura,Madhya Pradesh,NCR,"State Highway 2, Madhya Pradesh",26.327284,77.674711,True,False,OTHER
BINR,Brij Nagar,Rajasthan,NCR,"Bharatpur, Rajasthan",27.439639,77.089708,True,False,OTHER
BKS,Balikotia,Assam,NFR,"Mathaouri Rd, Assam",26.468309,92.570443,True,False,OTHER
BIR,Bir,Madhya Pradesh,WCR,"East Nimar, Madhya Pradesh",22.05264,76.547232,True,False,OTHER
BHDR,Bhadri,Uttar Pradesh,NR,"National Highway 24B, Uttar Pradesh",25.676658,81.567755,True,False,OTHER
BEDM,Bedham,Rajasthan,NCR,"State Highway 14, Rajasthan",27.453929,77.209461,True,False,OTHER
BPB,BADARPUR JN,Assam,NFR,"03845-269546., Assam",24.865177,92.556323,True,False,OTHER
GTU,GHAT NANDUR,Maharashtra,SCR,"Ghat Nadur, Maharashtra",18.722978,76.563483,True,False,OTHER
BNTL,Bantawala,Karnataka,SWR,"Bantwal, Karnataka",12.878545,75.034456,True,False,OTHER
BRBL,Birahalli,Karnataka,SWR,"Birahalli, Karnataka",12.667132,76.385196,True,False,OTHER
BSCK,BASUCHAK,Uttar Pradesh,NER,"Basuchak-Rampur Mangha Rd, Uttar Pradesh",25.531408,83.348223,True,False,Hyderabad
AND,ANDAMPALIAM,Tamil Nadu,SR,"Maniyam St, Tamil Nadu",12.088426,79.168985,True,False,OTHER
BRZ,BARETA,Punjab,NR,"Bareta, Punjab",29.859334,75.692403,True,False,OTHER
BRGW,BARGAWAN,Madhya Pradesh,WCR,"Bargawa, Madhya Pradesh",24.197002,82.455989,True,False,OTHER
BSY,BARSATHI,Uttar Pradesh,NR,"State Highway 36, Uttar Pradesh",25.564133,82.473946,True,False,OTHER
BUF,Bimlagarh Junction,Orissa,SER,"Sundargarh, Orissa",21.964332,85.017326,True,False,OTHER
BSKR,BASI KIRATPUR,Uttar Pradesh,NR,"Kiratpur, Uttar Pradesh",29.497228,78.213283,True,False,OTHER
CDS,CHANDISAR,Gujarat,WR,"Banaskantha, Gujarat",24.206491,72.312816,True,False,OTHER
BTI,BHATINDA JN,Punjab,NR,"Bathinda, Punjab",30.209488,74.932083,True,False,OTHER
BTZ,BALIMARA,Assam,NFR,"Naharkatiya to Nigam Rd, Assam",27.236868,95.333576,True,False,OTHER
PTK,PATHANKOT,Punjab,NR,"NH 20, Punjab",32.271804,75.644427,True,False,OTHER
BVNR,BHAVANI NAGAR,Maharashtra,CR,"Tasgaon Rd, Maharashtra",17.156895,74.312946,True,False,OTHER
BQP,Bighapur,Uttar Pradesh,NR,"State Highway 38, Uttar Pradesh",26.355147,80.693454,True,False,OTHER
AMLR,AMALA NAGAR,Kerala,SR,"Thrissur, Kerala",10.561834,76.171838,True,False,OTHER
BTC,Balaghat Junction,Madhya Pradesh,SECR,"Balaghat, Madhya Pradesh",21.811629,80.199885,True,False,OTHER
BOTI,Baori Thikria,Rajasthan,NWR,"National Highway 11, Rajasthan",27.414549,75.511335,True,False,OTHER
BOF,Barog,Himachal Pradesh,NR,"Barog, Himachal Pradesh",30.890853,77.08297,True,False,OTHER
BSTP,Basantapur,Orissa,ECoR,"National Highway 215, Orissa",21.548768,85.67659,True,False,OTHER
BTM,Battulapuram,Andhra Pradesh,SCR,"Battulapuram Station, Andhra Pradesh",13.747595,78.305802,True,False,OTHER
BSWA,Baiswara,Uttar Pradesh,NR,"State Highway 38, Uttar Pradesh",26.284843,80.834712,True,False,OTHER
AMJ,Amin Gaon,Assam,NFR,"Guwahati, Assam",0.0,0.0,False,False,OTHER
AMNR,Ammanur,Tamil Nadu,SR,"Mazavarayanallu Rd, Tamil Nadu",0.0,0.0,False,False,OTHER
BPC,Berhampore Court,West Bengal,ER,"Berhampore, West Bengal",24.089084,88.263642,True,False,OTHER
AMM,Atirampattinam,Tamil Nadu,SR,"Muthupet, Tamil Nadu",10.332285,79.385808,True,False,OTHER
CRWA,Chirawa,Rajasthan,NWR,"SH 13, Rajasthan",28.223341,75.650685,True,False,OTHER
ANKI,Anakhi,Gujarat,WR,"Bharuch, Gujarat",0.0,0.0,False,False,OTHER
ANW,Anawal,Gujarat,WR,"Anawal, Gujarat",0.0,0.0,False,False,OTHER
BWC,Banwali,Rajasthan,NWR,"Sri Ganganagar, Rajasthan",29.919979,74.029894,True,False,OTHER
BT,Barasat,West Bengal,ER,"Kolkata, West Bengal",22.72388,88.483483,True,False,Kolkata
BYP,Baijnathpur,Bihar,ECR,"State Highway 59, Bihar",25.901014,86.653766,True,False,OTHER
BPD,Bahadurpur,West Bengal,ER,"Bahadurpur, West Bengal",23.438519,88.463379,True,False,OTHER
BXF,Barsuan,Odisha,SER,"Sundargarh, Odisha",21.847398,85.119799,True,False,OTHER
AMO,Amolwa,Bihar,ECR,"Pashchim Champaran, Bihar",27.211161,84.478487,True,False,OTHER
BXN,BAYANA JN,Rajasthan,WCR,"Bayana, Rajasthan",26.916354,77.297131,True,False,OTHER
SKEN,Sukhshena,UNKNOWN,UNKNOWN,,25.790577,87.111962,True,False,OTHER
DNRP,DUNGARPUR,Rajasthan,NWR,"State Highway 10, Rajasthan",23.867175,73.695462,True,False,OTHER
CHBR,CHAURE BAZAR,Uttar Pradesh,NR,"State Highway 9, Uttar Pradesh",26.469531,82.118735,True,False,OTHER
DDW,DUDWA,Uttar Pradesh,NER,"Dudwa, Uttar Pradesh",28.50831,80.672161,True,False,OTHER
CKE,CHOKI SORATH,Gujarat,WR,"National Highway 8D, Gujarat",21.659142,70.525813,True,False,OTHER
CIH,Chilhia,Uttar Pradesh,NER,"State Highway 1A, Uttar Pradesh",27.35207,82.990864,True,False,OTHER
DGLE,DHULIAN GANGA,West Bengal,ER,"National Highway 34, West Bengal",24.672086,87.937644,True,False,OTHER
CDM,CHIDAMBARAM,Tamil Nadu,SR,"Chidambaram, Tamil Nadu",11.391471,79.703341,True,False,OTHER
COO,CHHOTI ODAI,Rajasthan,WCR,"SH 25, Rajasthan",26.558703,76.805294,True,False,OTHER
CAMU,CHAMUA,Bihar,ECR,"National Highway 28B, Bihar",27.137702,84.400834,True,False,OTHER
DHLI,Dethli,Gujarat,WR,"State Highway 19, Gujarat",23.486172,72.103051,True,False,OTHER
DHAE,DAINHAT,West Bengal,ER,"Daihaat Rd, West Bengal",23.60191,88.170269,True,False,OTHER
DAD,DEVARGUDDA,Karnataka,SWR,"Hanumanamatti, Karnataka",14.66779,75.576141,True,False,OTHER
DEW,Dewalgaon,Maharashtra,SECR,"Warsa Rd, Maharashtra",20.89116,80.079267,True,False,OTHER
BWSN,BIJWASAN,Delhi NCT,NR,"Bijwasan, Delhi NCT",28.5367,77.051292,True,False,Delhi
DBS,DOBBSPET,Karnataka,SWR,"Dobbasapete, Karnataka",13.23318,77.249155,True,False,OTHER
DCK,DHANDHUKA,Gujarat,WR,"Dhandhuka, Gujarat",22.384024,71.975613,True,False,OTHER
COB,Cooch Behar,West Bengal,NFR,"Cooch Behar, West Bengal",26.302968,89.66531,True,False,OTHER
CQA,Cherukara,Kerala,SR,"Cherukara, Kerala",10.929228,76.228119,True,False,OTHER
DEE,DELHI SARAI ROHILLA,Delhi NCT,NR,"New Rohtak road, Delhi NCT",28.662992,77.187106,True,False,Delhi
DBSI,DAYA BASTI,Delhi NCT,NR,"Zakhira, Delhi NCT",28.667329,77.17139,True,False,Delhi
CWN,Charawan,Punjab,NR,"State Highway 16, Punjab",30.501187,74.578082,True,False,OTHER
DOB,Dundlodh Mukundgarh,Rajasthan,NWR,"Mukandgarh, Rajasthan",27.938799,75.237354,True,False,OTHER
BWK,Bawani Khera,Haryana,NWR,"Bawani Khera, Haryana",28.939509,76.032707,True,False,OTHER
BARU,Baharu,West Bengal,ER,"Baharu, West Bengal",22.205278,88.44446,True,False,OTHER
DOX,DOHNA,Uttar Pradesh,NER,"State Highway 37, Uttar Pradesh",28.434064,79.432729,True,False,OTHER
DKJ,DORNAKAL JN,Andhra Pradesh,SCR,"Garla, Andhra Pradesh",17.445987,80.153157,True,False,OTHER
GGC,GANGAPUR CITY,Rajasthan,WCR,"Gangapur, Rajasthan",26.468979,76.727708,True,False,OTHER
DMPR,DHARAMPUR,Uttar Pradesh,NR,"National Highway 93, Uttar Pradesh",28.150306,78.265728,True,False,OTHER
DJI,DHORAJI,Gujarat,WR,"Dhoraji, Gujarat",21.72217,70.44478,True,False,OTHER
DLD,DALAUDA,Madhya Pradesh,WR,"Dalauda, Madhya Pradesh",23.948637,75.105361,True,False,OTHER
TKRU,TAKHRAU,Uttar Pradesh,NCR,"Takhrau, Uttar Pradesh",27.274196,79.212452,True,False,OTHER
DSK,DUSKHEDA,Maharashtra,CR,"Jalgaon, Maharashtra",21.073708,75.839083,True,False,OTHER
DING,Ding,Haryana,NWR,"Sirsa, Haryana",29.461054,75.260605,True,False,OTHER
DHPD,DHAPARA DHAM,West Bengal,ER,"National Highway 34, West Bengal",24.195866,88.246087,True,False,OTHER
DNE,DHAMNI,Maharashtra,SCR,"Hingoli, Maharashtra",19.647058,77.177888,True,False,OTHER
DHRJ,DHIRGANJ,Uttar Pradesh,NR,"State Highway 9, Uttar Pradesh",25.745642,81.924339,True,False,OTHER
GDG,GADAG JN,Karnataka,SWR,"Gadag, Karnataka",15.437048,75.642481,True,False,OTHER
DNJ,DAUNDAJ,Maharashtra,CR,"Indraprastha Rd, Maharashtra",18.230007,74.176781,True,False,OTHER
DVG,DAVANGERE,Karnataka,SWR,"Davanagere, Karnataka",14.467834,75.92229,True,False,OTHER
DRGM,DEORAGRAM,Madhya Pradesh,WCR,"Gajarbahara, Madhya Pradesh",24.096925,82.352464,True,False,OTHER
DMYA,DAMOY,Madhya Pradesh,WCR,"State Highway 11, Madhya Pradesh",23.971208,80.996787,True,False,OTHER
DRU,KADUR,Karnataka,SWR,"Kadur, Karnataka",13.552501,76.008846,True,False,OTHER
DTN,DHAMTAN SAHIB,Haryana,NR,"Jind District, Haryana",29.688827,76.004006,True,False,OTHER
FDK,FARIDKOT,Punjab,NR,"Faridkot, Punjab",30.682857,74.76138,True,False,OTHER
DULP,Daulatpur Haryana,Haryana,NR,"National Highway 65, Haryana",29.452123,75.88859,True,False,OTHER
DPSR,Dapsaura,Uttar Pradesh,NCR,"National Highway 86, Uttar Pradesh",25.983503,80.202954,True,False,OTHER
DMF,Dumerta,Orissa,SER,"Rourkela, Orissa",22.185683,84.914683,True,False,OTHER
DPJ,Dharmapuri,Tamil Nadu,SWR,"Dharmapuri, Tamil Nadu",12.126595,78.154742,True,False,OTHER
DVA,Delvada,Gujarat,WR,"Delvada, Gujarat",20.773429,71.041529,True,False,OTHER
DKU,Dumri Khurd,Maharashtra,SECR,"Dumri Khurd, Maharashtra",21.310416,79.312269,True,False,OTHER
DNX,Dhansu,Haryana,NR,"National Highway 65, Haryana",29.211731,75.801658,True,False,OTHER
DIBL,Dholi Bhal,Gujarat,WR,"Rayaka, Gujarat",22.44572,72.0826,True,False,OTHER
DSPN,Deshpran Ph,West Bengal,UNKNOWN,"Bajkul, West Bengal",22.029347,87.817047,True,False,OTHER
DTJ,Detroj,Gujarat,WR,"State Highway 133, Gujarat",23.332028,72.176546,True,False,OTHER
GRN,GURNAY,Punjab,NR,"MDR 102, Punjab",29.874367,75.804677,True,False,OTHER
GILL,GILL,Punjab,NR,"Ludhiana, Punjab",30.840521,75.848169,True,False,OTHER
DTL,DARRITOLA,Chhattisgarh,SECR,"National Highway 78, Chhattisgarh",23.289638,82.395751,True,False,OTHER
DWT,Dewan Hat,West Bengal,NFR,"Dewan, West Bengal",26.302968,89.66531,True,False,OTHER
FNO,FUNGO HALT,Bihar,ECR,"Fungo, Bihar",25.61873,86.604476,True,False,OTHER
FRD,FARHEDI,Uttar Pradesh,NR,"Moradabad- Chandausi Rd, Uttar Pradesh",28.711717,78.793716,True,False,OTHER
GKJ,GOLAKGANJ,Assam,NFR,"Golokganj, Assam",26.108359,89.83065,True,False,OTHER
FTC,Fatehpur Chursi,Uttar Pradesh,NR,"State Highway 38, Uttar Pradesh",26.843511,80.26179,True,False,OTHER
GNGL,Gangauli,Uttar Pradesh,NER,"Jaunpur, Uttar Pradesh",25.668107,82.863093,True,False,OTHER
GKK,GOKAK ROAD,Karnataka,SWR,"Belagavi, Karnataka",16.205164,74.738839,True,False,OTHER
GRRG,GURLI RAMGARHWA,Uttar Pradesh,NER,"Ghughli Bazar, Uttar Pradesh",27.185739,83.771432,True,False,OTHER
FKB,FAKHRABAD,Andhra Pradesh,SCR,"Basara, Andhra Pradesh",18.824644,77.974481,True,False,OTHER
GPR,GHORPURI,Maharashtra,CR,"Pune, Maharashtra",18.527821,73.893448,True,False,OTHER
GHL,GOLHALLI,Karnataka,SWR,"State Highway 74, Karnataka",13.148289,77.413983,True,False,OTHER
FSW,Fateh Singhwala,Rajasthan,NWR,"Sri Ganganagar, Rajasthan",29.919979,74.029894,True,False,OTHER
DYK,DUDHIA KHURD,Uttar Pradesh,NER,"State Highway 21, Uttar Pradesh",28.46474,80.197805,True,False,OTHER
GND,Govindgarh Malikpur,Rajasthan,NWR,"Govindgarh, Rajasthan",27.240582,75.645001,True,False,OTHER
GNO,GOREGAON ROAD,Maharashtra,KR,"Raigad, Maharashtra",18.162498,73.30253,True,False,OTHER
DWV,DIWANKHAVATI,Maharashtra,KR,"Maharashtra, Maharashtra",17.855413,73.418174,True,False,OTHER
GMDN,GIRIMAIDAN,West Bengal,SER,"Kharagpur, West Bengal",22.340478,87.306151,True,False,OTHER
GSB,GARNA SAHIB,Punjab,NR,"National Highway 1A, Punjab",31.780562,75.653492,True,False,OTHER
GKL,GOKULPUR,West Bengal,SER,"Midnapore, West Bengal",22.375923,87.293716,True,False,OTHER
GLMA,GULMA,West Bengal,NFR,"National Highway 31, West Bengal",26.802802,88.403784,True,False,OTHER
EN,ISAND,Gujarat,WR,"Khodiyar, Gujarat",23.294039,72.484975,True,False,OTHER
DXN,DUDDHINAGAR,Uttar Pradesh,ECR,"Sonebhadra, Uttar Pradesh",24.209032,83.216792,True,False,OTHER
GAJB,GAJARA BAHARA,Madhya Pradesh,WCR,"Gajarbahara, Madhya Pradesh",24.05344,82.311761,True,False,OTHER
GMM,Gumman,Himachal Pradesh,NR,"Parwanoo, Himachal Pradesh",30.842438,76.97194,True,False,OTHER
GBRI,Gobarwahi,Maharashtra,SECR,"State Highway 251, Maharashtra",21.514747,79.723237,True,False,OTHER
DRZ,Dalli Rajhara,Chhattisgarh,SECR,"Dalli Rajhara, Chhattisgarh",20.586729,81.067973,True,False,OTHER
GRHM,Gir Hadmatiya,Gujarat,WR,"Jambur, Gujarat",20.988488,70.687208,True,False,OTHER
GRKN,Gorakhnath,Orissa,ECoR,"Jagatsinghpur, Orissa",20.308158,86.260098,True,False,OTHER
BGL,Bagula,West Bengal,ER,"Bagula, West Bengal",23.335465,88.646404,True,False,OTHER
GHS,Guru Harsahai,Punjab,NR,"Panjeke, Punjab",30.715001,74.399987,True,False,OTHER
GEB,Garh Baruari,Bihar,ECR,"Garh Baruari, Bihar",26.019349,86.605596,True,False,OTHER
GAD,Gevra Road,Chhattisgarh,SECR,"Korba, Chhattisgarh",22.348524,82.64566,True,False,OTHER
GHRI,Ghori Halt,Uttar Pradesh,NR,"sharda nehar, Uttar Pradesh",27.373959,80.503293,True,False,OTHER
GJMB,Ganjmuradabad,Uttar Pradesh,NR,"Sharda Nehar, Uttar Pradesh",26.987889,80.177008,True,False,OTHER
GAJU,Gaju Halt,Uttar Pradesh,NR,"State Highway 25, Uttar Pradesh",27.204231,80.372973,True,False,OTHER
GNN,GANGINENI,Andhra Pradesh,SCR,"Yerrupalem, Andhra Pradesh",16.781754,80.498954,True,False,OTHER
HRW,HARRAWALA,Uttarakhand,NR,"Dehradun, Uttarakhand",30.260892,78.097705,True,False,OTHER
NGRS,NAGROTA SURIYAM,Himachal Pradesh,NR,"State Highway 22, Himachal Pradesh",32.051899,76.09101,True,False,OTHER
HLN,Hole Narsipur,Karnataka,SWR,"Hassan District, Karnataka",12.786495,76.24646,True,False,OTHER
HGL,HARANGUL,Maharashtra,CR,"State Highway 77, Maharashtra",18.385198,76.480912,True,False,OTHER
HBL,HOMBAL,Karnataka,SWR,"Belavaniki, Karnataka",15.520136,75.576122,True,False,OTHER
HD,HARDA,Madhya Pradesh,WCR,"Harda, Madhya Pradesh",22.338414,77.10084,True,False,OTHER
HTL,HATIKHALI,Assam,NFR,"North Cachar Hills, Assam",25.61107,93.090848,True,False,OTHER
JAO,JAORA,Madhya Pradesh,WR,"Jaora, Madhya Pradesh",23.627773,75.115632,True,False,OTHER
HMK,HINDUMALKOTE,Rajasthan,NR,"National Highway 15, Rajasthan",30.147103,73.925834,True,False,OTHER
GUNS,GHUNAS,Punjab,NR,"Ghunas Railway Station, Punjab",30.320113,75.420592,True,False,OTHER
HA,HARGAON,Uttar Pradesh,NER,"Hargaon, Uttar Pradesh",27.769192,80.728229,True,False,OTHER
HMG,HAMIRGARH,Rajasthan,NWR,"Hamirgarh, Rajasthan",25.187264,74.616939,True,False,OTHER
HGI,HAGARI,Karnataka,SCR,"National Highway 63, Karnataka",15.151239,77.051747,True,False,OTHER
HPRD,HAPA ROAD,Gujarat,WR,"National Highway 8, Gujarat",23.540458,72.938107,True,False,OTHER
PTB,PATTAMBI,Kerala,SR,"Pattambi, Kerala",10.801933,76.181337,True,False,OTHER
PBJM,Pabnawa Jasmahinder Halt,Haryana,NR,"Haryana, Haryana",29.895696,76.652718,True,False,OTHER
HDD,HADDINAGUNDU,Karnataka,SCR,"National Highway 63, Karnataka",15.153264,76.979148,True,False,OTHER
JMS,JAMSAR,Rajasthan,UNKNOWN,"Bikaner, Rajasthan",28.24751,73.398985,True,False,Chennai
GLPT,GOALPARA TOWN,Assam,NFR,"Goalpara Town Rail Station, Assam",26.126535,90.620659,True,False,OTHER
HBS,HEBSUR,Karnataka,SWR,"Hebsur, Karnataka",15.42206,75.283878,True,False,OTHER
GUK,GUNTAKONDURU,Andhra Pradesh,SCR,"P.P.Road, Andhra Pradesh",16.45715,81.077533,True,False,OTHER
JAL,JAWALI,Rajasthan,NWR,"Rania, Rajasthan",25.462722,73.396871,True,False,OTHER
HZN,Hazrat Nagar Halt,Uttar Pradesh,NR,"Hazrat Nagar, Uttar Pradesh",28.633331,78.665909,True,False,OTHER
HLD,Haludpukur,Jharkhand,SER,"State Highway 50, Jharkhand",22.742821,86.260765,True,False,OTHER
GSGJ,Ghausganj,Uttar Pradesh,NR,"Ghausganj, Uttar Pradesh",27.135127,80.291827,True,False,OTHER
JMV,Jambara,Madhya Pradesh,CR,"Amla, Madhya Pradesh",21.943048,78.251975,True,False,OTHER
HAS,Hassan Junction,Karnataka,SWR,"Hassan, Karnataka",13.003182,76.117359,True,False,OTHER
HHR,Hridaypur,West Bengal,ER,"Madhyamgram, West Bengal",22.711098,88.470282,True,False,OTHER
HER,Her,Maharashtra,SCR,"Latur, Maharashtra",18.426903,76.971306,True,False,OTHER
JRKT,JADARAMA KUNTE,Karnataka,SWR,"National Highway 13, Karnataka",16.284267,75.838661,True,False,OTHER
JGW,JOGIWALA,Punjab,NR,"State Highway 19, Punjab",31.093842,75.067432,True,False,OTHER
IKK,IKKAR,Uttarakhand,NR,"Haridwar, Uttarakhand",29.891989,78.099997,True,False,OTHER
JCH,JETHA CHANDAN,Rajasthan,NWR,"Chandan, Rajasthan",26.999949,71.308307,True,False,OTHER
QSR,KANSRAO,Uttarakhand,NR,"Dehradun, Uttarakhand",30.07857,78.141795,True,False,OTHER
JSKA,JATAULA SAMPHKA,Haryana,NR,"Hailley Mandi, Haryana",28.372602,76.799492,True,False,OTHER
JWS,JHARWASAA,Rajasthan,NWR,"Jharwasa, Rajasthan",26.210097,74.7074,True,False,OTHER
JMKR,JAWLMUKHI ROAD,Himachal Pradesh,NR,"Jwalamukhi, Himachal Pradesh",32.015744,76.226427,True,False,OTHER
KAWL,KANDWAL HALT,Himachal Pradesh,NR,"Pathankot, Himachal Pradesh",32.282959,75.769823,True,False,OTHER
KAYR,KAYAR,Maharashtra,UNKNOWN,"State Highway 233, Maharashtra",19.90643,78.907292,True,False,OTHER
JTW,JAITWAR,Madhya Pradesh,WCR,"Jaitwar, Madhya Pradesh",24.740226,80.863876,True,False,OTHER
JUK,JAULKA,Maharashtra,SCR,"Washim, Maharashtra",20.285443,77.075909,True,False,OTHER
JKE,JUKEHI,Madhya Pradesh,WCR,"Jukehi, Madhya Pradesh",23.986873,80.432389,True,False,OTHER
KANO,Kanoh,Himachal Pradesh,NR,"Sadhupul, Himachal Pradesh",30.992083,77.118006,True,False,OTHER
JIND,JIND JN,Haryana,NR,"Jind, Haryana",29.328876,76.289617,True,False,OTHER
JDH,JAM JODHPUR JN,Gujarat,WR,"Jamjodhpur, Gujarat",21.906659,70.031387,True,False,OTHER
JKB,Jakhalabandha,Assam,NFR,"Jakhalabandha, Assam",26.563801,92.991109,True,False,OTHER
JVT,JIVANTI HALT,West Bengal,ER,"State Highway 11, West Bengal",24.080517,88.192446,True,False,OTHER
JMK,JAMUNAMUKH,Assam,NFR,"National Highway 36, Assam",26.108194,92.741306,True,False,OTHER
KDL,Kankroli,Rajasthan,NWR,"Rajsamand, Rajasthan",25.049119,73.909586,True,False,OTHER
JRQ,JHAROKHAS,Uttar Pradesh,ECR,"National Highway 75, Uttar Pradesh",24.179616,83.164151,True,False,OTHER
JEA,Nakaha Jungle,Uttar Pradesh,NER,"Gorakhpur, Uttar Pradesh",26.803135,83.360755,True,False,OTHER
JOBA,JOBA,Madhya Pradesh,WCR,"Madhya Pradesh, Madhya Pradesh",24.096599,81.762682,True,False,OTHER
JMN,JAMUAWAN,Bihar,UNKNOWN,"Jamuawan, Bihar",24.81523,85.292477,True,False,OTHER
JRLI,Jaroli,Orissa,UNKNOWN,"Juruli, Orissa",21.952769,85.419294,True,False,OTHER
JSS,JASIA,Haryana,UNKNOWN,"National Highway 71A, Haryana",29.005749,76.649455,True,False,OTHER
KASU,KASU,Maharashtra,CR,"Maharashtra, Maharashtra",18.64059,73.079446,True,False,OTHER
KAL,Kallai,Tamil Nadu,SR,"Kallal, Tamil Nadu",9.977293,78.670312,True,False,OTHER
KAWR,KARWAR,Karnataka,KR,"Karwar, Karnataka",14.821387,74.183139,True,False,OTHER
IPR,Islampur,Bihar,ECR,"Islampur, Bihar",25.138577,85.217301,True,False,OTHER
JDB,JAGDALPUR,Chhattisgarh,ECoR,"Jagdalpur, Chhattisgarh",19.066004,82.013757,True,False,OTHER
CGKP,CHANDAGIRIKOPAL,Karnataka,SWR,"State Highway 7, Karnataka",12.478702,76.716049,True,False,OTHER
JWB,JAWAI BANDH,Rajasthan,NWR,"Pali, Rajasthan",25.114043,73.147325,True,False,OTHER
JJJ,Jaijon Doaba,Punjab,NR,"Jaijon Doaba, Punjab",31.349656,76.134971,True,False,OTHER
JJG,JiaGanj,West Bengal,ER,"Police Station Rd, West Bengal",24.244268,88.27698,True,False,OTHER
NGRI,New Garia,UNKNOWN,UNKNOWN,,22.4727,88.397713,True,False,OTHER
HSRA,Hosur,Tamil Nadu,SWR,"Hosur, Tamil Nadu",12.717606,77.822839,True,False,OTHER
KBK,Khamil Ghat,Rajasthan,NWR,"State Highway 61, Rajasthan",25.626813,73.864884,True,False,OTHER
JCN,Junichavand,Gujarat,WR,"Junichavand, Gujarat",21.385151,70.683667,True,False,OTHER
KANS,Kansiya Nes,Gujarat,WR,"State Highway 111, Gujarat",21.244102,70.640042,True,False,OTHER
KDM,KESAMUDRAM,Andhra Pradesh,SCR,"Kesamudram, Andhra Pradesh",17.686252,79.896471,True,False,OTHER
CNHL,CHINK HILL,Maharashtra,CR,"State Highway 77, Maharashtra",18.099269,75.454685,True,False,OTHER
KD,KUNDARKHI,Uttar Pradesh,NR,"Kundarki, Uttar Pradesh",28.680444,78.788065,True,False,OTHER
COA,Kakinada Port,Andhra Pradesh,SCR,"Kakinada, Andhra Pradesh",16.955204,82.240057,True,False,OTHER
JRLE,JANGIPUR ROAD,West Bengal,ER,"Raghunathganj, West Bengal",24.459515,88.04076,True,False,OTHER
CKTD,CHITRAKUTDHAM KARWI,Uttar Pradesh,NCR,"Chitrakoot Karvi, Uttar Pradesh",25.217611,80.922775,True,False,OTHER
KCM,Kalasumudram,Andhra Pradesh,SCR,"Chennai - Anantpur Rd, Andhra Pradesh",14.21716,78.099683,True,False,Chennai
KDK,KOHDAD,Madhya Pradesh,CR,"State Highway 15, Madhya Pradesh",21.702623,76.365478,True,False,OTHER
CHU,Champion,Karnataka,SWR,"KGF, Karnataka",12.936251,78.262564,True,False,OTHER
CJR,CHAMARAJ,Gujarat,WR,"State Highway 17, Gujarat",22.735539,71.555883,True,False,OTHER
CJL,CHAJLI,Punjab,NR,"Jakhal Rd, Punjab",30.042986,75.812286,True,False,OTHER
KEK,KARKHELI,Maharashtra,SCR,"Biloli, Maharashtra",18.944571,77.7382,True,False,OTHER
CNPR,CHAINPUR,UNKNOWN,ECR,,23.729821,85.582933,True,False,OTHER
KDI,KUNDLI,Gujarat,WR,"State Highway 38, Gujarat",22.278844,71.683949,True,False,Delhi
CIA,CHHEHARTA,Punjab,NR,"Amritsar, Punjab",31.621878,74.794278,True,False,OTHER
CNO,CANCONA,Goa,KR,"Ph:-0832-2643331., Goa",15.006906,74.039454,True,False,OTHER
CJA,CHONGAJAN,Assam,NFR,"local Rd, Assam",26.062329,93.818104,True,False,OTHER
CLR,CASTLE ROCK,Karnataka,SWR,"National Highway 4A, Karnataka",15.397879,74.334484,True,False,OTHER
KDO,KADAKOLA,Karnataka,SWR,"Mysore District, Karnataka",12.190407,76.663729,True,False,OTHER
JPZ,JOGIGHOPA,Assam,NFR,"National Highway 31B, Assam",26.241537,90.576384,True,False,OTHER
CMK,Chamak,Maharashtra,CR,"Amravati, Maharashtra",0.0,0.0,False,False,OTHER
KGN,Kurseong,West Bengal,NFR,"Kurseong, West Bengal",26.877401,88.277001,True,False,OTHER
CKMI,Chhotaki Masaudhi Halt,UNKNOWN,UNKNOWN,,25.330397,85.031751,True,False,Chennai
KAWT,Kanwat,Rajasthan,NWR,"Kanwat, Rajasthan",27.589521,75.676266,True,False,OTHER
CNN,Chintaman Ganes,Madhya Pradesh,WR,"Ujjain, Madhya Pradesh",23.145849,75.741029,True,False,OTHER
CMA,Cinnamara,Assam,NFR,"Cinnamora, Assam",26.715527,94.169432,True,False,OTHER
CMW,Chima Pahad,Andhra Pradesh,SCR,"Khammam, Andhra Pradesh",17.516012,80.463656,True,False,OTHER
CHTT,Chitta Halt,Uttar Pradesh,NCR,"Chitta Halt, Uttar Pradesh",17.823439,77.537077,True,False,OTHER
CKD,Charkhi Dadri,Haryana,NWR,"Dist. Bhiwani, Haryana",28.600799,76.279921,True,False,OTHER
CKSR,Chak Safaura Halt,Uttar Pradesh,NER,"Mighauna, Uttar Pradesh",28.211203,79.842478,True,False,OTHER
CHWT,Chhaprawat,Uttar Pradesh,NR,"SH 18, Uttar Pradesh",28.54197,77.799891,True,False,OTHER
KDBA,Kodimbala Halt,Karnataka,SWR,"Panja Kadaba Rd, Karnataka",12.718252,75.476631,True,False,OTHER
KEMR,KEMRI,Uttar Pradesh,NER,"MDR 33W, Uttar Pradesh",28.809864,79.197796,True,False,OTHER
KHTX,KHED TEMPLE HALT,Rajasthan,NWR,"Tilwara, Rajasthan",25.886234,72.109226,True,False,OTHER
CPU,CHOPAN,Uttar Pradesh,ECR,"Chopan, Uttar Pradesh",24.51403,83.025843,True,False,OTHER
DAC,DAHINSARA JN,Gujarat,WR,"SH 24, Gujarat",22.955607,70.618291,True,False,OTHER
PTZ,Patsul,Maharashtra,SCR,"MSH24, Maharashtra",21.0022,77.038231,True,False,Chennai
KJA,KHAJURHAT,Uttar Pradesh,NR,"Bikapur, Uttar Pradesh",26.525308,82.126813,True,False,OTHER
DBD,DEOBAND,Uttar Pradesh,NR,"Deoband, Uttar Pradesh",29.680032,77.670873,True,False,OTHER
CRG,CHURAMAN NAGRI,Rajasthan,WCR,"SH 33, Rajasthan",27.40119,77.61767,True,False,OTHER
COR,CHITTAURGARH,Rajasthan,WR,"Chittorgarh, Rajasthan",24.874341,74.623687,True,False,OTHER
CVB,CAVALRY BARRCKS,Andhra Pradesh,SCR,"Secunderabad, Andhra Pradesh",17.494734,78.518694,True,False,Hyderabad
CUK,CHURK,Uttar Pradesh,NCR,"State Highway 14, Uttar Pradesh",24.649679,83.103201,True,False,OTHER
KIN,Kapasan,Rajasthan,NWR,"Kapasan, Rajasthan",24.86221,74.312762,True,False,OTHER
KHRY,KHAIRAHI,Uttar Pradesh,NCR,"State Highway 5, Uttar Pradesh",24.802037,82.985774,True,False,OTHER
DAB,DHARMABAD,Maharashtra,SCR,"Degaon, Maharashtra",18.88826,77.849342,True,False,OTHER
CRD,MUMBAI CURREY ROAD,Maharashtra,CR,"Mumbai, Maharashtra",18.9937,72.83266,True,False,Mumbai
CTHT,CHATAR HALT,Bihar,ECR,"Chatar, Bihar",24.842144,85.495374,True,False,OTHER
CRND,Choranda Junction,Gujarat,WR,"Choranda, Gujarat",0.0,0.0,False,False,OTHER
KLAD,KALANAD HALT,Kerala,SR,"Kasaragod, Kerala",12.467679,74.998515,True,False,OTHER
DAS,DHASA JN,Gujarat,WR,"Dhasa, Gujarat",21.782545,71.518008,True,False,OTHER
KHD,KHODIYAR,Gujarat,WR,"Sarkhej Gandhinagar Hwy, Gujarat",23.156554,72.548244,True,False,OTHER
CTRL,CHHATRAL,Gujarat,WR,"State Highway 133, Gujarat",23.26246,72.468518,True,False,OTHER
CTKT,Choti Khatu,Rajasthan,NWR,"Degana, Rajasthan",27.155534,74.35723,True,False,OTHER
KKD,Kalkund,Madhya Pradesh,WR,"Mhow, Madhya Pradesh",22.47801,75.85927,True,False,OTHER
DAVC,Jalalabad DAV College,Punjab,NR,"Jalalabad, Punjab",0.0,0.0,False,False,OTHER
CRE,Charghat Piparia,Madhya Pradesh,SECR,"Guwarighat, Madhya Pradesh",23.044097,79.929889,True,False,OTHER
D,Deula,West Bengal,ER,"National Highway 117, West Bengal",22.214924,88.281483,True,False,OTHER
KJV,Khijadiya Junction,Gujarat,WR,"Amreli, Gujarat",21.740875,71.275556,True,False,OTHER
DARI,Dhari Junction,Gujarat,WR,"Dhari, Gujarat",21.326767,71.027594,True,False,OTHER
DEA,Diara,West Bengal,ER,"State Highway 2, West Bengal",22.798157,88.280471,True,False,OTHER
CRN,Charegaon,Madhya Pradesh,SECR,"State Highway 11, Madhya Pradesh",22.042038,80.140115,True,False,OTHER
CTL,Chital,Gujarat,WR,"SH 34, Gujarat",21.745689,71.218128,True,False,OTHER
DPUR,Dadpur,UNKNOWN,UNKNOWN,,19.972516,83.250076,True,False,OTHER
KHRI,Kharkhari,Jharkhand,SER,"National Highway 32, Jharkhand",23.760124,86.234894,True,False,OTHER
KFH,Katphal,Maharashtra,CR,"Baramati, Maharashtra",18.232551,74.596032,True,False,OTHER
KJPD,Kurinjipadi,Tamil Nadu,SR,"Kurinjippadi, Tamil Nadu",11.572583,79.595999,True,False,OTHER
KLH,Khemli,Rajasthan,NWR,"Khemli, Rajasthan",24.690834,73.842386,True,False,OTHER
KLNK,Kalanaur Kalan,Haryana,NWR,"Kalanaur, Haryana",28.834924,76.389612,True,False,OTHER
DDK,Dhindsa,Punjab,NR,"Dhindsa, Punjab",30.895838,74.738503,True,False,OTHER
KMT,KHAMMAM,Andhra Pradesh,SCR,"Khammam, Andhra Pradesh",17.249347,80.138491,True,False,OTHER
DEU,Devsana,Gujarat,WR,"State Highway 133, Gujarat",0.0,0.0,False,False,OTHER
DEWA,Dewa,Gujarat,WR,"Dewa, Gujarat",0.0,0.0,False,False,OTHER
KTHA,KHUTAHA,Madhya Pradesh,WCR,"MDR 11, Madhya Pradesh",24.802248,80.86085,True,False,OTHER
DGJ,DUNGAR JN,Gujarat,WR,"Dungar, Gujarat",21.078274,71.553226,True,False,OTHER
KMA,KAIMA,Madhya Pradesh,WCR,"Satna, Madhya Pradesh",24.611085,80.845912,True,False,OTHER
KNRG,KANHARGAON NAKA,Maharashtra,SCR,"Washim, Maharashtra",19.943971,77.146226,True,False,OTHER
KMLM,Kelamangalam,Tamil Nadu,SWR,"Krishnagiri, Tamil Nadu",12.6162,77.865703,True,False,OTHER
KTLR,KANTHALIYA ROAD,West Bengal,ER,"Khagraghat - Chowrigacha, West Bengal",23.991771,88.179001,True,False,OTHER
KRPR,KAREPUR,Maharashtra,SCR,"State Highway 168, Maharashtra",18.589152,76.681135,True,False,OTHER
KNW,KHANDWA,Madhya Pradesh,CR,"Khandwa, Madhya Pradesh",21.823596,76.353227,True,False,OTHER
KNG,Kathunangal,Punjab,NR,"National Highway 15, Punjab",31.7287,75.015194,True,False,OTHER
DH,Diamond Harbour,West Bengal,ER,"Diamond Harbour, West Bengal",22.191902,88.189916,True,False,OTHER
DHY,DHARODI,Haryana,NR,"MDR 111, Haryana",29.639924,76.055975,True,False,OTHER
KNAR,KHANPUR AHIR,Rajasthan,NWR,"MDR 61, Rajasthan",27.911754,76.589847,True,False,OTHER
KOP,C SHAHU M RAJ KOLHAPUR TERM,Maharashtra,CR,"Kolhapur, Maharashtra",16.70257,74.237695,True,False,OTHER
KOLI,KESHOLI,Rajasthan,WCR,"Baren, Rajasthan",24.727194,76.790369,True,False,OTHER
DGPP,DHENGLI PP GOAN,Maharashtra,SCR,"Satuna, Maharashtra",19.406622,76.49169,True,False,OTHER
KTHD,Kothari Road,Chhattisgarh,SECR,"Kothari, Chhattisgarh",22.156964,82.70858,True,False,OTHER
KMBL,KHAMBHALIYA,Gujarat,WR,"Khambhalia, Gujarat",22.217513,69.657344,True,False,OTHER
KRDL,Kirandul,Chhattisgarh,ECoR,"Kirandul, Chhattisgarh",18.757486,81.258131,True,False,OTHER
KNLS,KANALAS JN,Gujarat,WR,"Jamnagar, Gujarat",22.319955,69.896549,True,False,OTHER
KODN,KODUMUNDA,Kerala,SR,"Thrithala, Kerala",10.816931,76.142879,True,False,OTHER
KSDE,KARSINDHU,Haryana,NR,"Panipat, Haryana",29.392008,76.731866,True,False,OTHER
KSC,KASHI CHAK,Bihar,ECR,"Nalanda, Bihar",25.070799,85.718754,True,False,Hyderabad
DGNH,DERGAON HALT,UNKNOWN,UNKNOWN,,25.088974,85.751319,True,False,OTHER
KRYA,KURRAIYA,Uttar Pradesh,NER,"Chauhan Rd, Uttar Pradesh",28.416819,80.244212,True,False,OTHER
KRJD,KARJODA,Gujarat,NWR,"Chhapi, Gujarat",24.218469,72.455671,True,False,OTHER
KPKI,QASIMPUR KHERI,Uttar Pradesh,NR,"State Highway 57, Uttar Pradesh",29.18277,77.28593,True,False,OTHER
KMSD,Kumar Sadra,Chhattisgarh,ECoR,"National Highway 16, Chhattisgarh",18.912986,81.671506,True,False,Chennai
KPE,Kauwapur,Uttar Pradesh,NER,"MDR 10E, Uttar Pradesh",27.515822,82.297902,True,False,OTHER
KSUA,Kashipura,Gujarat,WR,"State Highway 59, Gujarat",23.120701,73.170262,True,False,OTHER
KRA,Karepalli,Andhra Pradesh,SCR,"Karepally, Andhra Pradesh",17.511408,80.271865,True,False,OTHER
KTRD,Katosan Road,Gujarat,WR,"State Highway 216, Gujarat",23.409181,72.246237,True,False,OTHER
DHK,Dhakuria,West Bengal,ER,"Kolkata, West Bengal",22.51554,88.371504,True,False,Kolkata
KNL,Kalanwali,Haryana,NWR,"Kalanwali, Haryana",29.835057,74.97985,True,False,OTHER
LHU,Loharu,Haryana,NWR,"Bhiwani Distt., Haryana",28.427051,75.801613,True,False,OTHER
DNHK,DHINDHORA HKMKD,Rajasthan,WCR,"Dhindhora, Rajasthan",26.803925,77.103482,True,False,OTHER
LKY,LAKHMAPUR,Karnataka,SWR,"Muttalageri, Karnataka",15.870282,75.627712,True,False,OTHER
LPW,Loharpurwa,Uttar Pradesh,NER,"Loharpurwa, Uttar Pradesh",27.082641,83.268484,True,False,OTHER
LNS,LUNSU HALT,Himachal Pradesh,NR,"Lunsu, Himachal Pradesh",32.018944,76.1797,True,False,OTHER
LER,Lehra,Uttar Pradesh,NER,"Lehra Railway Station Rd, Uttar Pradesh",27.161243,83.234142,True,False,OTHER
MKRA,MAKRERA,Rajasthan,NWR,"Kharwa, Rajasthan",26.310925,74.533372,True,False,OTHER
LHN,LACHYAN,Maharashtra,SWR,"Solapur, Maharashtra",17.279574,75.971701,True,False,OTHER
LAUL,LAUL,Maharashtra,CR,"State Highway 161, Maharashtra",18.033873,75.39501,True,False,OTHER
KVC,KAPARPURA,Bihar,ECR,"National Highway 28, Bihar",26.179892,85.309233,True,False,OTHER
LDCY,LODI COLONY,Delhi NCT,NR,"Najafkhan Rd, Delhi NCT",28.579455,77.216548,True,False,Delhi
MDPA,MANDPIYA,Rajasthan,NWR,"National Highway 79, Rajasthan",25.261369,74.635713,True,False,OTHER
KTE,KATNI,Madhya Pradesh,WCR,"Katni, Madhya Pradesh",23.833385,80.400543,True,False,OTHER
KY,KARELI,Madhya Pradesh,WCR,"Kareli, Madhya Pradesh",22.932344,79.066765,True,False,OTHER
LMD,LINGANENIDODDI,Andhra Pradesh,SCR,"Rayalaseema Region, Andhra Pradesh",15.399929,77.703397,True,False,OTHER
KXX,KATA ROAD,Maharashtra,SCR,"Washim, Maharashtra",20.187339,77.11088,True,False,OTHER
KURJ,KHAJURAHO,Madhya Pradesh,NCR,"National Highway 75, Madhya Pradesh",24.796984,79.890022,True,False,OTHER
LKT,HULKOTI,Karnataka,SWR,"National Highway 63, Karnataka",15.434667,75.531958,True,False,OTHER
LAD,Lohardaga,Jharkhand,SER,"National Highway 75, Jharkhand",23.445967,84.70733,True,False,OTHER
KVS,KALSUR,Karnataka,SWR,"haveri, Karnataka",14.888042,75.400957,True,False,OTHER
KZPR,KAZIPARA,West Bengal,ER,"Khagraghat - Chowrigacha, West Bengal",23.909854,88.188491,True,False,OTHER
LMG,LUMDING JN,Assam,NFR,"Lumding. Ph:-03674-263366, Assam",25.750036,93.1766,True,False,OTHER
LR,LADPURA,Rajasthan,NWR,"Ajmer, Rajasthan",26.504385,74.728726,True,False,OTHER
KZX,KHUDDA KORALA,Punjab,NR,"Khuda, Punjab",31.729693,75.647484,True,False,OTHER
MHJ,MAHAJAN,Rajasthan,NWR,"Mahajan, Rajasthan",28.793007,73.853666,True,False,OTHER
LKS,LUNKARANSAR,Rajasthan,NWR,"Lukhransar, Rajasthan",28.493395,73.743155,True,False,OTHER
MJBT,MAJBAT,UNKNOWN,UNKNOWN,,26.784587,92.287814,True,False,OTHER
LUNI,LUNI JN,Rajasthan,NWR,"Luni, Rajasthan",26.001256,73.003175,True,False,OTHER
KTRR,Kathara Road,Uttar Pradesh,NCR,"Kanpur Nagar, Uttar Pradesh",26.310011,80.228735,True,False,OTHER
KWW,Kuswa,Uttar Pradesh,NCR,"MDR 106W, Uttar Pradesh",27.473814,78.403697,True,False,OTHER
KUDL,KUDAL,Maharashtra,KR,"Kudal, Maharashtra",16.017651,73.67813,True,False,OTHER
KUL,KALLAYI,Kerala,SR,"Calicut, Kerala",11.234607,75.788884,True,False,OTHER
KVM,Kavutaram,Andhra Pradesh,SCR,"Krishna, Andhra Pradesh",16.32892,81.069608,True,False,OTHER
DNZ,Dhanori,Maharashtra,CR,"SH244, Maharashtra",0.0,0.0,False,False,OTHER
MAD,MADDUR,Karnataka,SWR,"Mandya District, Karnataka",12.604742,77.049522,True,False,OTHER
KUPR,Khurdpur,Punjab,NR,"Adampur, Punjab",31.424854,75.72317,True,False,OTHER
BDYR,Bidyadabri,UNKNOWN,UNKNOWN,,26.271855,89.767506,True,False,OTHER
MAH,Madhoganj,Uttar Pradesh,NR,"Hardoi, Uttar Pradesh",27.117963,80.135457,True,False,OTHER
LOV,Lovedale,Tamil Nadu,SR,"Ooty, Tamil Nadu",11.382403,76.704285,True,False,OTHER
LKQ,Laukaha Bazar,Bihar,ECR,"Madhubani, Bihar",26.543198,86.463013,True,False,OTHER
KVLR,Karuvalli,Tamil Nadu,SWR,"Salem district, Tamil Nadu",11.831114,78.027912,True,False,OTHER
LSG,Lawa Sardargarh,Rajasthan,NWR,"State Highway 56, Rajasthan",25.272756,73.948453,True,False,OTHER
MJL,MAJHOWLIA,Bihar,ECR,"Vikash Village, Bihar",26.802772,84.619139,True,False,OTHER
JML,Jumnal,UNKNOWN,UNKNOWN,,16.723002,75.714134,True,False,OTHER
MNKB,MIYONKA BARA,Rajasthan,NWR,"Samdhari, Rajasthan",25.872727,72.728511,True,False,OTHER
MBG,MAIBANG,Assam,NFR,"North Cachar Hills, Assam",25.30497,93.135371,True,False,OTHER
MKR,MADDIKERA,Andhra Pradesh,SCR,"Guntakal, Andhra Pradesh",15.256635,77.411496,True,False,OTHER
MC,MANDAPAM CAMP,Tamil Nadu,SR,"Mandapam, Tamil Nadu",9.281533,79.134997,True,False,OTHER
LUR,LATUR,Maharashtra,CR,"Latur, Maharashtra",18.429166,76.556049,True,False,OTHER
MJPB,Manjhra Purab,Uttar Pradesh,NER,"Manjhra Purab, Uttar Pradesh",28.300646,81.160402,True,False,OTHER
LTRR,LATUR ROAD,Maharashtra,SCR,"SH 3, Maharashtra",18.506494,76.845289,True,False,OTHER
MKHR,MARWAR KHARA,Rajasthan,NWR,"Jodhpur, Rajasthan",27.060569,72.130072,True,False,OTHER
MABD,MAHBUBABAD,Andhra Pradesh,SCR,"Mahbubabad, Andhra Pradesh",17.597561,79.999792,True,False,OTHER
MGG,MANGLIYA GAON,Madhya Pradesh,WR,"Mangilya, Madhya Pradesh",22.815074,75.918051,True,False,OTHER
MGL,MANGELA,Karnataka,UNKNOWN,"Mugalolli, Karnataka",16.223191,75.749383,True,False,OTHER
MDS,MANDASOR,Madhya Pradesh,WR,"Mandsaur, Madhya Pradesh",24.075937,75.076343,True,False,OTHER
MAKH,MOKHAMPURA,Rajasthan,NWR,"National Highway 79, Rajasthan",26.030315,74.68323,True,False,OTHER
MAY,MARIAHU,Uttar Pradesh,NR,"Mariahu, Uttar Pradesh",25.597006,82.598166,True,False,OTHER
MLDE,MADLAUDA,Haryana,NR,"Panipat, Haryana",29.399824,76.809711,True,False,OTHER
MED,MEDCHAL,Andhra Pradesh,SCR,"Rangareddy, Andhra Pradesh",17.639335,78.474557,True,False,OTHER
ME,MASAIPET,Andhra Pradesh,SCR,"Medak, Andhra Pradesh",17.880537,78.466957,True,False,Chennai
MDVR,MADHAVNAGAR,Maharashtra,CR,"Sangli, Maharashtra",16.886605,74.575493,True,False,OTHER
KDRD,KHULDIL ROAD,Uttar Pradesh,ECR,"Obra, Uttar Pradesh",24.368372,82.86161,True,False,OTHER
MLI,MANGALIYAWAS,Rajasthan,NWR,"Mangaliyawas, Rajasthan",26.278197,74.492705,True,False,OTHER
MDT,MADARIHAT,West Bengal,NFR,"National Highway 31C, West Bengal",26.694551,89.274559,True,False,OTHER
DWDI,Dighwa Dubauli,Bihar,NER,"Saran, Bihar",26.26523,84.743249,True,False,OTHER
MHV,MAHUVA JN,Gujarat,WR,"Mahuva, Gujarat",21.09412,71.756011,True,False,OTHER
MHBZ,Mahtha Bazar,Uttar Pradesh,NER,"Mahtha Bazar, Uttar Pradesh",27.391561,82.957379,True,False,OTHER
MIM,Maniram,Uttar Pradesh,NER,"National Highway 29, Uttar Pradesh",26.838267,83.342407,True,False,OTHER
MBV,Mirzapur Bachhaud,Haryana,NWR,"State Highway 26, Haryana",28.077937,76.198447,True,False,OTHER
MDDG,Malad Gaon,Maharashtra,CR,"National Highway 9 Daund, Maharashtra",18.36212,74.596581,True,False,OTHER
MNJR,Manjhlepur,Uttar Pradesh,NR,"State Highway 38, Uttar Pradesh",25.994578,81.178625,True,False,OTHER
MGF,Mandagere,Karnataka,SWR,"Mandya District, Karnataka",12.730158,76.378905,True,False,OTHER
GADH,Goaldih,Orissa,UNKNOWN,"Padmapur, Orissa",21.726323,85.546265,True,False,OTHER
MDE,Makhdumpur Gaya,Bihar,ECR,"Jehanabad, Bihar",25.077131,84.979105,True,False,OTHER
MHQ,Mahuda,Jharkhand,SER,"National Highway 32, Jharkhand",23.747481,86.270783,True,False,OTHER
MMD,Maheshmunda,Jharkhand,ER,"Maheshmunda, Jharkhand",24.232416,86.389033,True,False,Kolkata
MRHT,MORANHAT,Assam,NFR,"Sibsagar, Assam",27.182978,94.919308,True,False,OTHER
MTMI,MOTIMARI,Andhra Pradesh,SCR,"Motimarri Station, Andhra Pradesh",16.956602,80.320896,True,False,OTHER
MVN,MILAVITTAN,Tamil Nadu,SR,"Thoothukudi, Tamil Nadu",8.811577,78.087335,True,False,OTHER
MQC,MUNDKA,Delhi NCT,NR,"Mundka, Delhi NCT",28.688491,77.028569,True,False,Delhi
MRV,MARSUL,Maharashtra,SCR,"Purna, Maharashtra",19.233398,77.098156,True,False,OTHER
MY,MALLIYAM,Tamil Nadu,SR,"State Highway 64, Tamil Nadu",11.079116,79.595866,True,False,OTHER
MOPR,MOHANPURA,Rajasthan,NR,"National Highway 15, Rajasthan",29.992445,73.845031,True,False,OTHER
MSR,MASUR,Maharashtra,CR,"Satara, Maharashtra",17.404241,74.144209,True,False,Chennai
MPLM,MARTHIPALAYAM,Tamil Nadu,SR,"Erode - Unjalur - Kodumudi - Karur Rd, Tamil Nadu",11.021579,78.023359,True,False,OTHER
NRD,NARODA,Gujarat,WR,"Ahmedabad, Gujarat",23.085662,72.658017,True,False,OTHER
MUUA,MAHUAWA KHURD,Uttar Pradesh,NER,"State Highway 64, Uttar Pradesh",26.854361,83.593922,True,False,OTHER
MSH,MAHESANA JN,Gujarat,WR,"Mehsana, Gujarat",23.602623,72.388708,True,False,Chennai
NIIJ,NILAJE,Maharashtra,CR,"Nilaje, Maharashtra",19.155062,73.079908,True,False,OTHER
MUKE,MUKKALI,Kerala,SR,"Chombala, Kerala",11.68423,75.550362,True,False,OTHER
MVF,MANABAR,Orissa,ECoR,"Manabar Station, Orissa",18.839732,82.695903,True,False,OTHER
MYS,MYSORE JN,Karnataka,SWR,"JLB Road Mysore, Karnataka",12.318946,76.646013,True,False,OTHER
MRF,Marpalli,Andhra Pradesh,SCR,"Veerlapally, Andhra Pradesh",17.54542,77.771485,True,False,OTHER
MSS,Masarahalli,Karnataka,SWR,"Shimoga, Karnataka",13.804192,75.735905,True,False,Chennai
MPE,Malatipur,West Bengal,ER,"Malotipur Railway Station, West Bengal",22.651892,88.762823,True,False,OTHER
NPS,Napasar,Rajasthan,NWR,"Napasar, Rajasthan",27.980942,73.56399,True,False,OTHER
MZU,Marandahalli,Tamil Nadu,SWR,"Dharmapuri, Tamil Nadu",12.388944,78.017329,True,False,OTHER
MXP,Malupota,Punjab,NR,"Phagwara - Mohali Expy, Punjab",31.184014,75.965393,True,False,OTHER
MPG,Manpur Nagaria,Uttar Pradesh,NER,"State Highway 33, Uttar Pradesh",27.908304,78.818201,True,False,OTHER
MTND,Mattagajpur,Orissa,ECoR,"Mattagajpur, Orissa",20.441552,85.946128,True,False,OTHER
PAW,PANDABESWAR,West Bengal,ER,"Bardhaman, West Bengal",23.711965,87.277416,True,False,OTHER
MYR,MAIHAR,Madhya Pradesh,WCR,"Maihar, Madhya Pradesh",24.255485,80.763148,True,False,OTHER
NBUE,NIBKARORI,Uttar Pradesh,NCR,"Nibkarori, Uttar Pradesh",27.328749,79.40996,True,False,OTHER
PBN,PARBHANI JN,Maharashtra,SCR,"Parbhani, Maharashtra",19.25746,76.774119,True,False,OTHER
PAU,PURNA JN,Maharashtra,SCR,"Purna, Maharashtra",19.180527,77.024985,True,False,OTHER
OSN,OSIYAN,Rajasthan,NWR,"Osiyan, Rajasthan",26.729223,72.899779,True,False,OTHER
NGTG,New Gitaldaha,West Bengal,NFR,"New Gitaldaha, West Bengal",26.070776,89.586875,True,False,OTHER
PBM,PAMBAN JN,Tamil Nadu,SR,"Pamban, Tamil Nadu",9.279729,79.213482,True,False,OTHER
ORDI,ORDI,Rajasthan,WR,"National Highway 79, Rajasthan",24.835767,74.63042,True,False,OTHER
NM,Naimisharanya,Uttar Pradesh,NR,"MDR 74C, Uttar Pradesh",27.355137,80.484435,True,False,OTHER
PALM,PALAIYAM,Tamil Nadu,SR,"Karur, Tamil Nadu",10.718615,78.129081,True,False,OTHER
PHC,PANCHOT,Gujarat,WR,"State Highhway 55, Gujarat",23.635162,72.339879,True,False,OTHER
NVLN,NAWALGOHAN,Maharashtra,SCR,"Hingoli, Maharashtra",19.798635,77.123272,True,False,OTHER
NLE,NILESHWAR,Kerala,SR,"Nileswaram, Kerala",12.255885,75.13575,True,False,OTHER
NWD,NAWADIH,Bihar,ECR,"Nawada, Bihar",24.886758,85.548645,True,False,OTHER
NNGL,Naya Nangal,Punjab,NR,"Near CAN plant nangal, Punjab",31.378961,76.354211,True,False,OTHER
JMM,JAIMURTINAGAR F,UNKNOWN,UNKNOWN,,26.836932,85.066065,True,False,OTHER
NAU,NADAPURAM ROAD,Kerala,SR,"Madappallly, Kerala",11.639509,75.575581,True,False,OTHER
NHF,Nihasta Halt,Uttar Pradesh,NR,"State Highway 38, Uttar Pradesh",26.212313,80.925035,True,False,OTHER
PANP,PANDAVAPURA,Karnataka,SWR,"SH 19 Junction Mandya District, Karnataka",12.463018,76.681387,True,False,OTHER
NVU,NAVALUR,Karnataka,SWR,"Dharwad - Hubli Hwy, Karnataka",15.415518,75.055491,True,False,OTHER
NYY,NEYYATTINKARA,Kerala,SR,"Thiruvananthapuram, Kerala",8.41041,77.08111,True,False,OTHER
NLQ,Nangal Pathani Halt,Haryana,NWR,"Nangal Pathani, Haryana",28.364489,76.496786,True,False,OTHER
NRJ,Narimogaru,Karnataka,SWR,"Puttur subrahmanya state highway 100, Karnataka",12.746386,75.292427,True,False,OTHER
GNV,Gandevi,Gujarat,WR,"Gandevi, Gujarat",0.0,0.0,False,False,OTHER
NRKP,Narkopi,Jharkhand,SER,"Ranchi, Jharkhand",23.37562,85.015624,True,False,OTHER
GNS,Ghonsor,Madhya Pradesh,SECR,"Ghansor, Madhya Pradesh",22.658083,79.95091,True,False,OTHER
NNP,Nanpara Junction,Uttar Pradesh,NER,"Nanpara, Uttar Pradesh",27.859887,81.512594,True,False,OTHER
NMGY,Numaligarh,Assam,NFR,"NMGY, Assam",26.601184,93.865713,True,False,OTHER
NPR,Nepalganj Road,Uttar Pradesh,NER,"Midwest, Uttar Pradesh",28.010872,81.60073,True,False,OTHER
NKR,Nimar Kheri,Madhya Pradesh,WR,"State Highway 27, Madhya Pradesh",22.11119,76.150998,True,False,OTHER
NTV,Nautanwa,Uttar Pradesh,NER,"Nautanwa, Uttar Pradesh",27.42688,83.421297,True,False,OTHER
NTM,Narthamalai,Tamil Nadu,SR,"Trchy - Pudukottai - Ramanathapuram Rd, Tamil Nadu",10.506577,78.78914,True,False,OTHER
PAQ,PADIYA NAQLA,Uttarakhand,NER,"National Highway 74, Uttarakhand",29.085837,78.90761,True,False,OTHER
PKNA,PAKHNA,Uttar Pradesh,NCR,"Pakhna, Uttar Pradesh",27.302522,79.304318,True,False,OTHER
PO,PARANGIPETTAI,Tamil Nadu,SR,"Parangipettai, Tamil Nadu",11.476847,79.736045,True,False,OTHER
PPH,PIPRI DIH,Uttar Pradesh,NER,"State Highway 67, Uttar Pradesh",25.879046,83.500574,True,False,OTHER
PPU,PIPARPUR,Uttar Pradesh,NR,"State Highway 9, Uttar Pradesh",26.137823,82.038949,True,False,OTHER
PSLP,PASALAPUDI,Andhra Pradesh,SCR,"Putlacheruvu, Andhra Pradesh",16.470923,81.095153,True,False,OTHER
OTR,MOTURU,Andhra Pradesh,SCR,"Coastal Andhra Region, Andhra Pradesh",16.439969,81.051142,True,False,OTHER
PDZ,PILIODA,Rajasthan,WCR,"SH 1, Rajasthan",26.606366,76.864382,True,False,OTHER
PJK,PANJ KOSI,Rajasthan,NR,"Diwan Khera, Rajasthan",30.137676,74.057408,True,False,OTHER
PKK,PAKKI,Punjab,NR,"National Highway 15, Punjab",30.164759,74.355504,True,False,OTHER
NVT,NAVIPET,Andhra Pradesh,SCR,"Nizamabad, Andhra Pradesh",18.770457,78.013194,True,False,OTHER
PGG,PENGANGA,Maharashtra,SCR,"Washim, Maharashtra",19.960321,77.123045,True,False,OTHER
PBV,Paliba,Orissa,ECoR,"Paliba Station, Orissa",18.659915,82.695712,True,False,OTHER
PDG,PARADGAON,Maharashtra,SCR,"Usmanpur, Maharashtra",19.629143,76.147387,True,False,OTHER
PPDE,PANDU PINDARA,Haryana,NR,"Jind, Haryana",29.307976,76.371308,True,False,OTHER
PCL,Pulicherla,Andhra Pradesh,SCR,"Pulicherla Station, Andhra Pradesh",13.598983,79.040396,True,False,OTHER
BNDA,BANDA JN,Uttar Pradesh,NCR,"Banda(05192-224813), Uttar Pradesh",25.477677,80.336246,True,False,OTHER
QRP,KILA RAIPUR,Punjab,NR,"Delhon Pakhowal Rd, Punjab",30.759177,75.827486,True,False,OTHER
PLCJ,PHALODI JN,Rajasthan,NWR,"Phalodi, Rajasthan",27.124914,72.366863,True,False,OTHER
PDR,Payagpur,Uttar Pradesh,NER,"State Highway 30, Uttar Pradesh",27.407067,81.776186,True,False,OTHER
PRDG,PORADANGA HALT,West Bengal,ER,"Lalgola, West Bengal",24.260273,88.226165,True,False,OTHER
PAS,PASUR,Tamil Nadu,SR,"Namakkal, Tamil Nadu",11.236641,77.857087,True,False,OTHER
PSAE,PURBASTHALI,West Bengal,ER,"Purbasthali, West Bengal",23.453302,88.323896,True,False,OTHER
PNVT,PANCHARATNA,Assam,NFR,"Makri Rail Station, Assam",26.158866,90.555996,True,False,OTHER
HFG,Haflong Hill,Assam,NFR,"North Cachar Hills, Assam",0.0,0.0,False,False,OTHER
PPW,Pachperwa,Uttar Pradesh,NER,"Semari - Bisokhar Rd, Uttar Pradesh",27.528038,82.657808,True,False,OTHER
PKB,PATHARKHOLA S,Assam,NFR,"NH54, Assam",25.778931,93.102978,True,False,OTHER
PNT,PANITOLA,Assam,NFR,"A T Rd, Assam",27.496751,95.249942,True,False,OTHER
PNGI,Panangudi,Tamil Nadu,SR,"Madurai - Thondi Rd, Tamil Nadu",9.921169,78.612621,True,False,OTHER
PCH,PACHHAPUR,Karnataka,SWR,"Rustumpur, Karnataka",16.093145,74.672174,True,False,OTHER
PLV,PALSI,Maharashtra,CR,"Wathar-Koregaon Rd, Maharashtra",17.812195,74.111907,True,False,OTHER
PRSP,PRASADPUR,Uttar Pradesh,NER,"Prasadpur, Uttar Pradesh",28.54694,80.081172,True,False,OTHER
PJ,Peppeganj,Uttar Pradesh,NER,"Sahibganj, Uttar Pradesh",26.930569,83.294438,True,False,OTHER
PN,PANSAR,Gujarat,WR,"Palanpur, Gujarat",23.307875,72.47975,True,False,OTHER
PDY,Puducherry,Puducherry,SR,"South Blvd, Puducherry",11.925446,79.828127,True,False,OTHER
PIS,Piska,Jharkhand,SER,"Ranchi, Jharkhand",23.329543,85.206102,True,False,OTHER
PFU,Padua,Orissa,ECoR,"Paduwa Station, Orissa",18.396744,82.687882,True,False,OTHER
NUJ,Nujella,Andhra Pradesh,SCR,"Krishna, Andhra Pradesh",16.386599,81.022402,True,False,OTHER
HT,Hotar,West Bengal,ER,"Sherpur Dhamua Rd, West Bengal",22.308541,88.399008,True,False,OTHER
PRSL,Pandrasali,Jharkhand,SER,"National Highway 75, Jharkhand",22.63341,85.806909,True,False,OTHER
PHM,Patapatnam,Andhra Pradesh,ECoR,"Srikakulam District, Andhra Pradesh",18.740753,84.08147,True,False,OTHER
PM,PALAM,Delhi NCT,NR,"Sadh Nagar I, Delhi NCT",28.585656,77.09295,True,False,Delhi
PTAE,PATULI,West Bengal,ER,"State Highway 6, West Bengal",23.547585,88.251714,True,False,OTHER
BKIT,BINKADAKATTI,UNKNOWN,UNKNOWN,,15.436714,75.595474,True,False,OTHER
PVR,PANDHARPUR,Maharashtra,CR,"Pandharpur Ph:02186-223227, Maharashtra",17.66849,75.319283,True,False,OTHER
ROS,RAJOSI,Rajasthan,NWR,"MDR 79, Rajasthan",26.312897,74.671814,True,False,OTHER
RJT,RAJKOT JN,Gujarat,WR,"Rajkot, Gujarat",22.312206,70.803446,True,False,OTHER
INDB,INDORE JN BG,Madhya Pradesh,WR,"Indore, Madhya Pradesh",22.71757,75.868429,True,False,OTHER
RGI,RAMGIRI,Karnataka,SWR,"Shivani Rd, Karnataka",13.950145,76.125454,True,False,OTHER
RBG,RAYBAG,Karnataka,SWR,"Belagavi, Karnataka",16.483375,74.806826,True,False,OTHER
SBNR,SHRI VIJAINAGAR,Rajasthan,NWR,"Vijaynagar, Rajasthan",29.240494,73.523389,True,False,OTHER
PNHR,PANIHAR,Madhya Pradesh,WCR,"Gwalior, Madhya Pradesh",26.099221,78.014931,True,False,OTHER
KRBR,KERKHABARI,UNKNOWN,UNKNOWN,,26.300344,90.625041,True,False,OTHER
PVZ,Parvezpur,Rajasthan,NWR,"damkora, Rajasthan",28.510828,75.728178,True,False,OTHER
PP,PURANPUR,Uttar Pradesh,NER,"Puranpur, Uttar Pradesh",28.514911,80.150951,True,False,OTHER
RKZ,RAJKIAWAS,Rajasthan,NWR,"Marwar, Rajasthan",25.75038,73.523536,True,False,OTHER
RMGM,RAMANAGARAM,Karnataka,SWR,"Ramanagara, Karnataka",12.720096,77.283451,True,False,OTHER
RKY,KOTHARIYA,Gujarat,WR,"State Highway 122, Gujarat",22.176807,70.814382,True,False,OTHER
RBR,RIBADA,Gujarat,WR,"State Highway 233, Gujarat",22.124961,70.800952,True,False,OTHER
CKA,Chak Pakhhewala,Punjab,NR,"Chimne Wala, Punjab",30.434234,74.19716,True,False,OTHER
RN,RATNAGIRI,Maharashtra,KR,"Ratnagiri 02352228951, Maharashtra",17.002793,73.356938,True,False,OTHER
MIX,Manipuram Cabin,UNKNOWN,UNKNOWN,,16.29953,80.45759,True,False,OTHER
REJ,Rejinagar,West Bengal,ER,"National Highway 34, West Bengal",23.85009,88.259255,True,False,OTHER
RHMA,Rahama,Orissa,ECoR,"Nathang, Orissa",20.298605,86.405224,True,False,OTHER
RMPH,Rampahari,Madhya Pradesh,NCR,"State Highway 2, Madhya Pradesh",26.2365,77.357146,True,False,OTHER
RDV,Radha Balampur,Uttar Pradesh,NR,"State Highway 13A, Uttar Pradesh",26.083856,81.107034,True,False,OTHER
PUW,Patuwas Mehrana,Haryana,NWR,"Mehrana, Haryana",28.557035,76.333688,True,False,OTHER
RGU,Ragaul,Uttar Pradesh,NCR,"Maudaha, Uttar Pradesh",25.686945,80.129683,True,False,OTHER
PTYR,Patiyara,Uttar Pradesh,NR,"Patiyara, Uttar Pradesh",26.627948,80.476502,True,False,OTHER
PUMU,Penumarru,Andhra Pradesh,SCR,"Koteparu, Andhra Pradesh",16.131433,80.77586,True,False,OTHER
RNGG,Rangaliting,Assam,NFR,"Rangaliting, Assam",26.656417,93.918286,True,False,OTHER
RYP,RAYANAPAD,Andhra Pradesh,SCR,"Rayanapad Station, Andhra Pradesh",16.577504,80.562937,True,False,OTHER
RMD,RAMANATHAPURAM,Tamil Nadu,SR,"Ramanathapuram, Tamil Nadu",9.358387,78.836862,True,False,OTHER
SFPR,Safipur,Uttar Pradesh,NR,"Unnao, Uttar Pradesh",26.744344,80.354767,True,False,OTHER
RSH,Ratan Shahr,Rajasthan,NWR,"Jhunjhunu, Rajasthan",28.158119,75.523981,True,False,OTHER
JLY,Jhilmili,Madhya Pradesh,SECR,"Jhilmili, Madhya Pradesh",22.054052,79.154333,True,False,OTHER
SDD,SINDHAWADAR,Gujarat,WR,"Sindhavadar, Gujarat",22.546528,70.894135,True,False,OTHER
SII,SITIMANI,Karnataka,SWR,"Dam Inspection Rd, Karnataka",16.31992,75.865598,True,False,OTHER
SHSK,SAHARSRAKUND,Maharashtra,SCR,"Nanded, Maharashtra",19.402665,78.007953,True,False,OTHER
SFM,SUNAM,Punjab,NR,"Sunam, Punjab",30.130335,75.808761,True,False,OTHER
SBLT,SHRI BHADRIYA LATHI,Rajasthan,NWR,"Lathi, Rajasthan",27.030421,71.515941,True,False,OTHER
SBZ,SISWA BAZAR,Uttar Pradesh,NER,"Siswa Bazar, Uttar Pradesh",27.149567,83.756349,True,False,OTHER
SGL,SAGAULI JN,Bihar,ECR,"Sugauli, Bihar",26.758187,84.73934,True,False,OTHER
SGW,SINGWAL,Rajasthan,NWR,"National Highway 79, Rajasthan",26.061015,74.682759,True,False,OTHER
SDH,SARADHNA,Rajasthan,NWR,"Mangaliyawas, Rajasthan",26.340426,74.566205,True,False,OTHER
SBH,SULEBHAVI,Karnataka,SWR,"Belagavi, Karnataka",15.912563,74.641724,True,False,OTHER
SDT,SADAT,Uttar Pradesh,NER,"Mahpur Sadat Marg, Uttar Pradesh",25.673309,83.308384,True,False,OTHER
SHAN,SRINIVASA NAGAR,Andhra Pradesh,SCR,"Ramanthapur, Andhra Pradesh",17.909956,78.461921,True,False,OTHER
SCP,SIRNAPALLI,Andhra Pradesh,SCR,"Sirnapalli, Andhra Pradesh",18.487478,78.271132,True,False,Hyderabad
RJI,RAJAWARI,Uttar Pradesh,NER,"National Highway 29, Uttar Pradesh",25.497689,83.130772,True,False,OTHER
SEU,SENDRA,Rajasthan,NWR,"Sendra, Rajasthan",26.077974,74.194143,True,False,OTHER
SKLR,Sakleshpur,Karnataka,SWR,"Sakleshpur, Karnataka",12.945368,75.778745,True,False,OTHER
SHV,SHIVANI,Karnataka,SWR,"Shivani Rd, Karnataka",13.81114,76.058236,True,False,OTHER
RWO,RANAVAV,Gujarat,WR,"Ranavav, Gujarat",21.698214,69.726078,True,False,OTHER
SHMI,SHIROOR,Karnataka,KR,"Uttara Kannada, Karnataka",13.930712,74.593966,True,False,Kolkata
S,SHRIRANGAPATNA,Karnataka,SWR,"Mandya District, Karnataka",12.4247,76.678033,True,False,OTHER
RXL,RAXAUL JN,Bihar,ECR,"Raxaul, Bihar",26.987018,84.844564,True,False,OTHER
SDS,Sadulshahr,Rajasthan,NWR,"Sadul Shahar, Rajasthan",29.902641,74.172704,True,False,OTHER
SMPR,Shri Madhopur,Rajasthan,NWR,"Sri Madhopur, Rajasthan",27.457628,75.598294,True,False,OTHER
SCQ,Sham Chaurasi,Punjab,NR,"Distt. Hoshiarpur, Punjab",31.45851,75.76642,True,False,Hyderabad
NDRT,Nangal Degrota,UNKNOWN,UNKNOWN,,28.367897,76.067464,True,False,OTHER
SDBH,Sindri Block Hut,Jharkhand,ECR,"Pathardih, Jharkhand",23.692944,86.447091,True,False,OTHER
JWKA,Jandwala Kharta,UNKNOWN,UNKNOWN,,30.357634,74.029054,True,False,OTHER
SMLT,SAMLOTI,Himachal Pradesh,NR,"National Highway 20, Himachal Pradesh",32.098872,76.360945,True,False,OTHER
SKGH,SAKTESGARH,Uttar Pradesh,NCR,"Saktesgarh Railway Station, Uttar Pradesh",24.999741,82.821887,True,False,OTHER
SNGR,SANGANAPUR,Maharashtra,SCR,"State Highway 148, Maharashtra",19.188596,76.7364,True,False,OTHER
SPDR,SHEOPRASADNAGER,Chhattisgarh,SECR,"National Highway 78, Chhattisgarh",23.303628,82.789857,True,False,OTHER
SRU,SALEMPUR JN,Uttar Pradesh,NER,"Salempur, Uttar Pradesh",26.298048,83.923271,True,False,OTHER
SNAP,SONA ARJUNPUR,Uttar Pradesh,NR,"State Highway 57, Uttar Pradesh",29.758281,77.452528,True,False,OTHER
SQD,SATTIRAKKUDI,Tamil Nadu,SR,"Ramanathapuram, Tamil Nadu",9.400229,78.704868,True,False,OTHER
SNKG,SANKARAGUMMANUR HALT,Andhra Pradesh,SCR,"National Highway 63, Andhra Pradesh",15.167166,77.235523,True,False,OTHER
SONI,SONI,Madhya Pradesh,NCR,"SH 19, Madhya Pradesh",26.527305,78.555226,True,False,OTHER
SMAE,SAMUDRAGARH,West Bengal,ER,"Samudragarh, West Bengal",23.335767,88.324967,True,False,OTHER
SFX,SAFILGUDA,Andhra Pradesh,SCR,"Secunderabad, Andhra Pradesh",17.461671,78.53311,True,False,Hyderabad
SLGH,SHELGOAN H,Maharashtra,SCR,"Mudkhed, Maharashtra",19.080131,77.588391,True,False,OTHER
SNH,SAUNSHI,Karnataka,SWR,"Saunshi, Karnataka",15.206786,75.295781,True,False,OTHER
SSGJ,SURSARAIGHAT JH,Madhya Pradesh,WCR,"Shidi, Madhya Pradesh",24.023428,82.124918,True,False,OTHER
PAV,Pedana,Andhra Pradesh,SCR,"Pedana, Andhra Pradesh",16.252107,81.143792,True,False,OTHER
SJPM,SUJATA PURAM HALT,Karnataka,SWR,"Nanjangudu, Karnataka",12.140253,76.675521,True,False,OTHER
STR,SATARA,Maharashtra,CR,"SH 58, Maharashtra",17.688361,74.063727,True,False,OTHER
SRVN,Sravanur,Karnataka,SWR,"Sravanur, Karnataka",12.743443,76.355604,True,False,OTHER
SKU,Sikroda,Madhya Pradesh,NCR,"Morena(0753-2226392), Madhya Pradesh",26.336915,77.732363,True,False,OTHER
SLB,SALBONI,West Bengal,SER,"Salbani, West Bengal",22.640971,87.321899,True,False,OTHER
SRJM,SIRJAM,West Bengal,SER,"Purulia District, West Bengal",23.403864,86.835097,True,False,OTHER
SSB,SHAKURBASTI,Delhi NCT,NR,"Pitampura, Delhi NCT",28.680227,77.129912,True,False,Delhi
SML,Shimla,Himachal Pradesh,NR,"Shimla, Himachal Pradesh",31.102794,77.159932,True,False,OTHER
KARO,Khario P.H.,UNKNOWN,UNKNOWN,,23.835655,86.192092,True,False,OTHER
SN,Sukna,West Bengal,NFR,"Hill Cart Rd, West Bengal",26.790887,88.363493,True,False,OTHER
SMKT,Somankatti,Karnataka,SWR,"State Highway 30, Karnataka",15.766716,75.632594,True,False,OTHER
SIRA,Sirhi Itara,Uttar Pradesh,NCR,"Sirhiltara, Uttar Pradesh",26.367008,80.215235,True,False,OTHER
SOT,Shohratgarh,Uttar Pradesh,NER,"Railway Station, Uttar Pradesh",27.374711,82.969293,True,False,OTHER
SRMP,Sirsi Mukhdumpr,Uttar Pradesh,NR,"Sirsi Mukhdumpr, Uttar Pradesh",28.633209,78.635169,True,False,OTHER
SURP,Suratpura,Rajasthan,NWR,"National Highway 65, Rajasthan",28.661958,75.406758,True,False,OTHER
PTS,Patansaongi,Maharashtra,SECR,"Nagpur, Maharashtra",21.344445,79.010677,True,False,OTHER
SIY,Sirry,Chhattisgarh,SECR,"National Highway 43, Chhattisgarh",20.990441,81.731233,True,False,OTHER
KBPR,Kabakaputtur,Karnataka,SWR,"Puttur, Karnataka",12.768396,75.204502,True,False,OTHER
SWO,Sonwara,Himachal Pradesh,NR,"National Highway 22, Himachal Pradesh",30.894075,77.004229,True,False,OTHER
SRTN,SIBSAGAR TOWN,Assam,NFR,"Sibsagar, Assam",26.989968,94.643517,True,False,OTHER
JMD,Jamdha,Maharashtra,CR,"Jamda, Maharashtra",20.574085,74.985547,True,False,OTHER
THAN,THAN JN,Gujarat,WR,"Thangadh, Gujarat",22.57896,71.206533,True,False,OTHER
TIP,TATTAPPARAI,Tamil Nadu,SR,"State Highway 77, Tamil Nadu",8.828581,78.022486,True,False,OTHER
TJ,THANJAVUR,Tamil Nadu,SR,"Thanjavur, Tamil Nadu",10.778085,79.138296,True,False,OTHER
THPR,TIPPAPUR,Andhra Pradesh,SCR,"National Highway 7, Andhra Pradesh",18.194122,78.37738,True,False,OTHER
SUNR,SURENDRANAGAR,Gujarat,WR,"Surendra Nagar, Gujarat",22.7443,71.630056,True,False,OTHER
TLMG,TALMADUGU,Andhra Pradesh,UNKNOWN,"Sitagondi, Andhra Pradesh",19.641776,78.396354,True,False,OTHER
TL,TILONIYA,Rajasthan,NWR,"Ajmer, Rajasthan",26.652675,74.934194,True,False,OTHER
SUNM,SUNAMAI HALT,Uttar Pradesh,NR,"Sunamai, Uttar Pradesh",28.097372,78.220525,True,False,OTHER
THM,THALYAT HAMIRA,Rajasthan,NWR,"Hamira, Rajasthan",26.992726,71.077426,True,False,OTHER
TGT,TINAI GHAT,Karnataka,SWR,"National Highway 4A, Karnataka",15.449132,74.404471,True,False,OTHER
SVL,Sevaliya,Gujarat,WR,"Sevaliya, Gujarat",22.807897,73.344328,True,False,OTHER
THX,TOVALAI,Tamil Nadu,SR,"Thovalai, Tamil Nadu",8.228258,77.506216,True,False,OTHER
THW,THARWAI,Uttar Pradesh,NR,"Tharwai, Uttar Pradesh",25.539219,81.914693,True,False,OTHER
SVNR,SAVANUR,Karnataka,SWR,"State Highway 6, Karnataka",14.961709,75.406319,True,False,OTHER
STE,Sagarkatte,Karnataka,SWR,"Sagarkatte, Karnataka",12.423382,76.478877,True,False,OTHER
TBTN,THANA BHAWAN TN,Uttar Pradesh,NR,"Thana Bhawan, Uttar Pradesh",29.58113,77.402047,True,False,OTHER
TIC,TIMMACHIPURAM,Tamil Nadu,SR,"Karur, Tamil Nadu",10.952368,78.37531,True,False,OTHER
TDO,TANDA URMAR,Punjab,NR,"Urmar Tanda, Punjab",31.672179,75.637595,True,False,OTHER
SZN,Shahbaznagar,Uttar Pradesh,NER,"Shahbaznagar, Uttar Pradesh",27.928906,79.88703,True,False,OTHER
SZV,Sivadi,Tamil Nadu,SWR,"Dharmapuri, Tamil Nadu",12.039872,78.118844,True,False,OTHER
TBA,Timba Road,Gujarat,WR,"National Highway 59, Gujarat",22.781628,73.385859,True,False,OTHER
SUBR,Subhagpur,Uttar Pradesh,NER,"MDR 10E, Uttar Pradesh",27.26251,82.017643,True,False,OTHER
SRBA,Saragbundia,Chhattisgarh,SECR,"Janjgir-Champa, Chhattisgarh",22.212297,82.732324,True,False,OTHER
SZY,Silak Jhori,Chhattisgarh,ECoR,"National Highway 16, Chhattisgarh",18.982188,81.672904,True,False,OTHER
TKP,Takipur,West Bengal,ER,"National Highway 60, West Bengal",24.303242,87.920594,True,False,OTHER
SRJN,Sirajnagar Halt,West Bengal,ER,"Sirajnagar, West Bengal",23.818591,88.27076,True,False,OTHER
SXC,Sondalia,West Bengal,ER,"Sondalia Railway Station, West Bengal",22.682186,88.582275,True,False,OTHER
TBD,Telibandha,Chhattisgarh,SECR,"Telibandha, Chhattisgarh",21.235642,81.67053,True,False,OTHER
TNUE,TINDAULI,Uttar Pradesh,NCR,"Tindauli, Uttar Pradesh",27.183053,78.92129,True,False,OTHER
TRM,TIRUNAGESVARAM,Tamil Nadu,SR,"Ayyavadi, Tamil Nadu",10.975208,79.428212,True,False,OTHER
TWL,TILWARA,Rajasthan,NWR,"Barmer, Rajasthan",25.893262,72.078131,True,False,OTHER
TTI,TURTIPAR,Uttar Pradesh,NER,"Mujouna Gawn, Uttar Pradesh",26.16121,83.890841,True,False,OTHER
UPW,UPPALAVAI,Andhra Pradesh,SCR,"Uppalwai Main Rd, Andhra Pradesh",18.424892,78.316108,True,False,OTHER
URPR,UGRASENPUR,Uttar Pradesh,NR,"Janghai, Uttar Pradesh",25.568212,82.189171,True,False,OTHER
VBN,VALLABHNAGAR,Rajasthan,NWR,"MDR 36A, Rajasthan",24.690424,74.018709,True,False,OTHER
TUWA,Tuwa,Gujarat,WR,"National Highway 59, Gujarat",22.800702,73.463163,True,False,OTHER
UJA,UNJHA,Gujarat,WR,"Unjha, Gujarat",23.796456,72.381669,True,False,OTHER
VND,VENDRA,Andhra Pradesh,SCR,"Mogollu Rd, Andhra Pradesh",16.578434,81.569095,True,False,OTHER
VP,VIRAPUR,Andhra Pradesh,SCR,"Anantapur, Andhra Pradesh",15.158976,77.131692,True,False,OTHER
TVG,TAVARGATTI,Karnataka,SWR,"State Highway 34, Karnataka",15.414854,74.662875,True,False,OTHER
TP,TIRUCHIRAPPALLI FORT,Tamil Nadu,SR,"Tiruchirapalli Fort Station Road, Tamil Nadu",10.825594,78.688891,True,False,OTHER
UNLA,UNAULA,Uttar Pradesh,NER,"Gorakhpur, Uttar Pradesh",26.788432,83.471435,True,False,OTHER
KPB,KHARPOKHRA,UNKNOWN,ECR,,27.142566,84.152693,True,False,OTHER
VRL,VERAVAL,Gujarat,WR,"Veraval, Gujarat",20.913351,70.370689,True,False,OTHER
VEER,VEER,Maharashtra,KR,"Lonere - Mangaon 02145270055, Maharashtra",18.113402,73.330077,True,False,OTHER
VBW,VAIBHAVWADI RD,Maharashtra,KR,"Sindhudurg, Maharashtra",16.512013,73.707645,True,False,OTHER
THA,Tehta,Bihar,ECR,"Tehta, Bihar",25.113068,84.985023,True,False,OTHER
VEN,VERNA,Goa,KR,"South Goa 0832-2754289, Goa",15.353587,73.912519,True,False,OTHER
TPB,Trilokpur,Uttar Pradesh,NER,"Semari - Bisokhar Rd, Uttar Pradesh",27.50819,82.701077,True,False,OTHER
DBNR,Dibnapur,Uttar Pradesh,NER,"Dibnapur, Uttar Pradesh",28.524363,79.51619,True,False,OTHER
TMKA,Tomka,Orissa,ECoR,"Orissa, Orissa",21.107333,85.975352,True,False,OTHER
UJH,Ujhani,Uttar Pradesh,NER,"Ujhani, Uttar Pradesh",27.995236,79.01491,True,False,OTHER
UBN,Ubarni,Uttar Pradesh,NR,"National Highway 24B, Uttar Pradesh",26.118214,81.163629,True,False,OTHER
TMS,Tumsar Town,Maharashtra,SECR,"State Highway 249, Maharashtra",21.383833,79.741784,True,False,Chennai
TXD,Tyada,Andhra Pradesh,ECoR,"Vishakhapatnam, Andhra Pradesh",18.217967,83.04219,True,False,OTHER
UMG,Uttangal Mangalam,Tamil Nadu,SR,"State Highway 10, Tamil Nadu",11.535044,79.419161,True,False,OTHER
MPKT,CHENNAI PARK TOWN,Tamil Nadu,SR,"Chennai, Tamil Nadu",13.07995,80.275985,True,False,Chennai
WL,WARANGAL,Andhra Pradesh,SCR,"Warangal, Andhra Pradesh",17.972477,79.604929,True,False,OTHER
MRPR,MAU RANIPUR,Uttar Pradesh,NCR,"NH 75, Uttar Pradesh",25.261271,79.136793,True,False,OTHER
VVA,VARVALA,Gujarat,WR,"Jamnagar, Gujarat",22.299503,68.967841,True,False,OTHER
MGO,MAHISGAON,Maharashtra,CR,"State Highway 77, Maharashtra",18.111324,75.501817,True,False,OTHER
ZW,ZAWAR,Rajasthan,NWR,"National Highway 8, Rajasthan",24.358621,73.731959,True,False,OTHER
WRS,WARIS ALEGANJ,Bihar,ECR,"Warisaliganj, Bihar",25.015425,85.642177,True,False,OTHER
VZPH,Vazeerpur Halt,Uttar Pradesh,NER,"Lilhar Mudia Link Rd, Uttar Pradesh",28.148542,79.863989,True,False,OTHER
WTJ,JAM WANTHALI,Gujarat,WR,"Ranuja Village Rd, Gujarat",22.429409,70.321802,True,False,OTHER
PRI,PATHRI,Uttarakhand,NR,"Haridwar, Uttarakhand",29.851996,78.076506,True,False,OTHER
VPG,VENTRAPRAGADA,Andhra Pradesh,SCR,"Krishna, Andhra Pradesh",16.473819,80.914447,True,False,OTHER
VVKP,VIVEKANAND PURI HALT,Delhi NCT,NR,"Sarai Rohilla, Delhi NCT",28.664098,77.183702,True,False,Delhi
PUS,PHUSRO,UNKNOWN,ECR,,23.767489,86.01025,True,False,OTHER
VSG,VASCO DA GAMA,Goa,SWR,"Mormugao, Goa",15.397241,73.813425,True,False,Hyderabad
VLTR,Vadali Luter Road,Gujarat,WR,"Vadali Luter, Gujarat",23.078738,73.135398,True,False,OTHER
LOD,Lekoda,Madhya Pradesh,WR,"Ujjain, Madhya Pradesh",23.075768,75.698491,True,False,OTHER
VJR,VIJAYANAGAR,Maharashtra,SWR,"Miraj Road, Maharashtra",16.777812,74.69629,True,False,OTHER
VRR,VIRPUR,Gujarat,WR,"Rajkot, Gujarat",21.848343,70.707212,True,False,OTHER
OREH,Ore Halt,UNKNOWN,UNKNOWN,,24.915065,84.991898,True,False,OTHER
YFP,YUSUFPUR,Uttar Pradesh,NER,"MDR 94E, Uttar Pradesh",25.639006,83.748684,True,False,OTHER
VJD,VIJPADI ROAD,Gujarat,WR,"Dolti-Rajula Rd, Gujarat",21.17981,71.449442,True,False,OTHER
MVS,MANAVASI,Tamil Nadu,SR,"Manavasi, Tamil Nadu",10.934013,78.220496,True,False,OTHER
VINH,VINHERE,Maharashtra,KR,"Raigad, Maharashtra",17.907649,73.38401,True,False,OTHER
MRDW,MURDESHWAR,Karnataka,KR,"Murudeshwara, Karnataka",14.100277,74.505247,True,False,OTHER
KUDA,KUNDAPURA,Karnataka,KR,"Basrur, Karnataka",13.612909,74.728366,True,False,OTHER
KZE,KANHANGAD,Kerala,SR,"Kanhangad, Kerala",12.320268,75.085248,True,False,OTHER
NROD,NARI ROAD,Gujarat,WR,"SH 6, Gujarat",21.758482,72.081434,True,False,OTHER
WDG,Wadegaon,Maharashtra,SECR,"Warsa Rd, Maharashtra",20.76451,79.981617,True,False,OTHER
VSW,Visavadar,Gujarat,WR,"Visavadar, Gujarat",21.341738,70.755622,True,False,OTHER
NRPD,Narayanpet Road,Karnataka,SCR,"SH 51, Karnataka",0.0,0.0,False,False,OTHER
SBY,Solan Brewery,Himachal Pradesh,NR,"Solan, Himachal Pradesh",0.0,0.0,False,False,OTHER
KSJF,Kasganj Mg,Uttar Pradesh,NER,"Kasganj, Uttar Pradesh",27.801268,78.64517,True,False,OTHER
WND,Wan Road,Maharashtra,SCR,"Dhulghat, Maharashtra",21.21501,76.820433,True,False,OTHER
VLU,Vadalur,Tamil Nadu,SR,"Vadalur, Tamil Nadu",11.557655,79.547974,True,False,OTHER
VLV,Vallivedu,Andhra Pradesh,SCR,"Vallivedu, Andhra Pradesh",13.528576,79.068221,True,False,OTHER
MANI,Mani Halt,Bihar,ECR,"Mani, Bihar",25.173994,84.231268,True,False,OTHER
TAA,TADLA PUSAPALLI,Andhra Pradesh,SCR,"Mahbubabad, Andhra Pradesh",17.626313,79.954184,True,False,OTHER
CHRG,CHORGI,Karnataka,SWR,"Bijapur, Karnataka",17.175077,75.869711,True,False,OTHER
SNAD,Saniyad,Gujarat,WR,"Palej, Gujarat",0.0,0.0,False,False,OTHER
SRDR,Sardarshahr,Rajasthan,NWR,"SH 6, Rajasthan",28.439591,74.479058,True,False,OTHER
SRGR,Saraygarh,Bihar,ECR,"Saraygarh, Bihar",0.0,0.0,False,False,OTHER
PTU,PARTUR,Maharashtra,SCR,"Jalna, Maharashtra",19.575715,76.212767,True,False,OTHER
AGY,AGORI KHAS,Uttar Pradesh,NCR,"State Highway 5, Uttar Pradesh",24.59896,83.056105,True,False,OTHER
SVPI,SHIVPURI,Madhya Pradesh,WCR,"Shivpuri, Madhya Pradesh",25.438444,77.638246,True,False,OTHER
MUO,MASANGAON,Madhya Pradesh,WCR,"Harda, Madhya Pradesh",22.272733,77.005257,True,False,Chennai
KWAE,KATWA,West Bengal,ER,"Katwa, West Bengal",23.640315,88.124085,True,False,OTHER
VNRD,VANI ROAD,Gujarat,WR,"State Highway 17, Gujarat",23.095062,72.003529,True,False,OTHER
JAN,JARANGDIH,UNKNOWN,ECR,,23.769553,85.92881,True,False,OTHER
BOR,BOISAR,Maharashtra,WR,"Boisar, Maharashtra",19.798527,72.761899,True,False,OTHER
WGI,Waghai,Gujarat,WR,"Waghai, Gujarat",20.772638,73.500474,True,False,OTHER
BMF,BASMAT,Maharashtra,SCR,"Basmath, Maharashtra",19.333472,77.151778,True,False,OTHER
CGF,CHARALI,Assam,NFR,"Madhubon to Naoholia Rd, Assam",27.449666,95.350951,True,False,OTHER
CJ,KANCHIPURAM,Tamil Nadu,SR,"Kanchipuram, Tamil Nadu",12.848947,79.703149,True,False,OTHER
CKDL,CHAKDAYALA,Jammu and Kashmir,NR,"Chhan Rorian, Jammu and Kashmir",32.478914,75.304858,True,False,Kolkata
CJN,CHHATNA,West Bengal,SER,"Chhatna, West Bengal",23.305386,86.975734,True,False,OTHER
SVX,SAVARDA,Maharashtra,KR,"Ratnagiri, Maharashtra",17.405007,73.515528,True,False,OTHER
URP,Udairampur,West Bengal,ER,"Udairampur, West Bengal",22.100085,88.273732,True,False,OTHER
STD,Satrod,Haryana,NWR,"Haryana, Haryana",29.108936,75.82118,True,False,OTHER
CHHU,Chhanva,Orissa,SER,"Mayurbhanj, Orissa",22.335577,86.194643,True,False,OTHER
PASA,PARASHSHALA,Kerala,SR,"Parassala, Kerala",8.33984,77.16549,True,False,OTHER
KDPA,KHADAPA,UNKNOWN,ECoR,,19.00582,82.445719,True,False,OTHER
NMK,Nim Ka Thana,Rajasthan,NWR,"Neem Ka Thana, Rajasthan",27.741573,75.779691,True,False,OTHER
KLAT,Khelpatta,UNKNOWN,UNKNOWN,,21.274489,77.872524,True,False,OTHER
MUHI,Murhari Halt,UNKNOWN,UNKNOWN,,25.341408,85.533014,True,False,OTHER
SZH,Saonga Halt,Madhya Pradesh,SECR,"Saonga, Madhya Pradesh",21.520105,78.871166,True,False,OTHER
DDC,Dum Dum Cantt.,West Bengal,ER,"Dum Dum Cantt, West Bengal",22.636349,88.411641,True,False,OTHER
PLY,Plassey,West Bengal,ER,"Plassey, West Bengal",23.777986,88.28447,True,False,OTHER
CKX,Chakur,Maharashtra,SCR,"MSH3, Maharashtra",18.487561,76.884028,True,False,Chennai
PCMK,Pacharmalikpura,Rajasthan,NWR,"State Highway 19, Rajasthan",27.201471,75.389317,True,False,OTHER
BCRD,Barchi Road,Madhya Pradesh,CR,"State Highway 26, Madhya Pradesh",21.951502,78.311632,True,False,OTHER
BUDI,Bundi,Rajasthan,WCR,"Bundi, Rajasthan",25.407922,75.650699,True,False,OTHER
CJQ,Champajharam,Orissa,SER,"National Highway 23, Orissa",22.101526,84.904212,True,False,OTHER
VRG,VIKRAMNAGAR,Madhya Pradesh,WR,"Ujjain, Madhya Pradesh",23.162187,75.817754,True,False,OTHER
BYC,BELLARY CANT,Karnataka,SWR,"Bellary, Karnataka",15.150286,76.894505,True,False,OTHER
BWF,BUTEWALA,Punjab,NR,"Village Sadhara Rd, Punjab",31.080357,74.896803,True,False,OTHER
SPY,Sarsonpuri,Chhattisgarh,SECR,"National Highway 43, Chhattisgarh",20.780632,81.638003,True,False,OTHER
BSDA,BANIYA SANDA DHORA,Rajasthan,NWR,"Barmer, Rajasthan",25.86023,71.668563,True,False,OTHER
BXP,BARPATHAR,Assam,NFR,"Railway Station, Assam",26.274562,93.899672,True,False,OTHER
GRF,GAMBHIRI ROAD,Rajasthan,WR,"National Highway 79, Rajasthan",24.693873,74.671009,True,False,OTHER
BEC,BERACH JN CABIN,UNKNOWN,UNKNOWN,,24.896442,74.615232,True,False,OTHER
PPNI,PARAS PANI,UNKNOWN,UNKNOWN,,24.38141,83.048953,True,False,OTHER
NDT,Nathdwara,Rajasthan,NWR,"SH 49, Rajasthan",24.92025,73.909396,True,False,OTHER
JNU,JAUNPUR JN,Uttar Pradesh,NR,"Jaunpur, Uttar Pradesh",25.762849,82.699696,True,False,OTHER
UMRI,UMRI,Maharashtra,SCR,"Nanded, Maharashtra",19.0418,77.642682,True,False,OTHER
BXLL,BILLI,Uttar Pradesh,ECR,"Obra, Uttar Pradesh",24.453381,83.011944,True,False,OTHER
BHPA,Bahrupiya Halt,West Bengal,ER,"Bahirpuya, West Bengal",22.22962,88.349067,True,False,OTHER
SPP,SHAHPUR PATOREE,Bihar,ECR,"Samastipur, Bihar",25.639426,85.5813,True,False,Chennai
MSSD,Maheshari Sandhuan,Punjab,NR,"Firozpur Rd, Punjab",30.848579,74.992929,True,False,Chennai
ASSH,AISHBAGH,UNKNOWN,UNKNOWN,,26.836088,80.908616,True,False,OTHER
BDJ,VADAKARA,Kerala,SR,"Calicut, Kerala",11.593321,75.586941,True,False,OTHER
KADH,Khairadih Halt,Bihar,ECR,"Khairadih, Bihar",25.035047,84.054715,True,False,OTHER
BXL,BHEDUASOL,West Bengal,SER,"National Highway 60, West Bengal",23.194364,87.135173,True,False,OTHER
AMPR,AMARPURA RATHAN,Rajasthan,NWR,"MDR 103, Rajasthan",29.483399,74.078953,True,False,OTHER
BWA,BHINWALIYA,Rajasthan,NWR,"Pindwara, Rajasthan",25.559663,73.492481,True,False,OTHER
JNX,Jagnath Road Halt,Rajasthan,NWR,"Jalor, Rajasthan",25.270948,72.62821,True,False,OTHER
MBSK,Marwar Balia,Rajasthan,NWR,"Marwar, Rajasthan",27.357827,74.545106,True,False,OTHER
BEJ,Beniganj,Uttar Pradesh,NR,"Sitapur, Uttar Pradesh",27.299916,80.440599,True,False,OTHER
BSDR,Bansadhara Halt,Andhra Pradesh,ECoR,"Lihuri Rd, Andhra Pradesh",18.970276,83.822754,True,False,OTHER
SPR,Sonarpur Junction,West Bengal,ER,"Kolkata, West Bengal",22.443359,88.429773,True,False,Kolkata
SPB,Sonekpur Halt,Uttar Pradesh,NR,"Bilari, Uttar Pradesh",28.630277,78.693142,True,False,OTHER
PQA,Pipla Halt,Maharashtra,SECR,"Pipla, Maharashtra",21.312575,79.06676,True,False,OTHER
BIRL,Biraul,Bihar,ECR,"Darbhanga, Bihar",25.937062,86.233733,True,False,OTHER
GRZ,Gurthuri,UNKNOWN,NR,,29.648169,76.177379,True,False,OTHER
JNT,Jaintipura,Punjab,UNKNOWN,"National Highway 15, Punjab",31.773393,75.102192,True,False,OTHER
PQH,Pindkepar Halt,UNKNOWN,UNKNOWN,,21.304069,80.182003,True,False,OTHER
JNZ,Jenal,Gujarat,NWR,"Bhildi, Gujarat",24.327312,72.037736,True,False,OTHER
PQN,Pariawan Kalakankar Road,Uttar Pradesh,NR,"Pwn Klaknder Rd, Uttar Pradesh",25.825794,81.368601,True,False,OTHER
JNN,Jamuniatand,Jharkhand,ECR,"Jamuniatand, Jharkhand",23.75454,86.191952,True,False,OTHER
CKM,Chauki Man,Punjab,NR,"Chauki Maan, Punjab",30.814886,75.565673,True,False,OTHER
BEI,Shimoga Bidare,UNKNOWN,UNKNOWN,,13.902536,75.647681,True,False,OTHER
BEM,Budaun,Uttar Pradesh,NER,"Badaun, Uttar Pradesh",28.027492,79.136024,True,False,OTHER
METR,Methi Tikur,UNKNOWN,UNKNOWN,,26.698845,80.418467,True,False,OTHER
BWV,Bhiwapur,Maharashtra,SECR,"Bhiwapur, Maharashtra",20.769257,79.511487,True,False,OTHER
SMDC,SAWAI MADHOPUR D CABIN,UNKNOWN,UNKNOWN,,26.0356,76.375851,True,False,OTHER
APQ,ADITPARA,UNKNOWN,UNKNOWN,,21.673591,69.677918,True,False,OTHER
MOTA,MOTA,Uttar Pradesh,NCR,"Mota, Uttar Pradesh",27.288978,79.253729,True,False,OTHER
SWNR,SEWA NAGAR,Delhi NCT,NR,"South Extension 1, Delhi NCT",28.579299,77.227708,True,False,Delhi
LO,LOLIYA,Gujarat,WR,"State Highway 1, Gujarat",22.512244,72.166923,True,False,OTHER
NON,Nonar Halt,UNKNOWN,UNKNOWN,,25.286471,84.370773,True,False,OTHER
HLB,HADALA BHAL,Gujarat,WR,"Limbadi to Hadala Rd, Gujarat",22.487223,72.131796,True,False,OTHER
RLR,RAILA ROAD,Rajasthan,NWR,"Raila, Rajasthan",25.630348,74.596325,True,False,OTHER
EDA,ITWAN DUNDAILA,UNKNOWN,UNKNOWN,,24.939959,80.842706,True,False,OTHER
PDJ,PHIDING,UNKNOWN,UNKNOWN,,25.221835,93.14983,True,False,OTHER
SMDP,SHAHABAD MOHAMADPUR,Delhi NCT,NR,"Dwarka, Delhi NCT",28.560927,77.071838,True,False,Delhi
KTOA,KOTANA,Rajasthan,NWR,"Kotana, Rajasthan",23.91693,73.726342,True,False,OTHER
TJM,TURINJAPURAM,UNKNOWN,UNKNOWN,,12.336963,79.090728,True,False,OTHER
KYV,KOYILVENNI,Tamil Nadu,SR,"Kovilvenni, Tamil Nadu",10.776294,79.368646,True,False,OTHER
ROHN,ROHEDNAGAR HALT,Haryana,NR,"Delhi-Rohtak Corridor, Haryana",28.761128,76.814093,True,False,Delhi
SPL,SUNDARAPERUMAL KOVIL,Tamil Nadu,SR,"Thanjavur, Tamil Nadu",10.941722,79.30063,True,False,OTHER
NOY,NOYAL,UNKNOWN,UNKNOWN,,11.060239,77.931769,True,False,OTHER
KCYN,KACHHIYANA HALT,UNKNOWN,UNKNOWN,,25.133117,85.980111,True,False,OTHER
LW,LORWADA,UNKNOWN,UNKNOWN,,24.217193,72.08968,True,False,OTHER
EDD,EDDULADODDI,Andhra Pradesh,SCR,"Pyapili, Andhra Pradesh",15.329698,77.589906,True,False,OTHER
RLP,HARLAPUR,Karnataka,SWR,"National Highway 63, Karnataka",15.434833,75.799259,True,False,OTHER
GRH,GHORASAHAN,UNKNOWN,UNKNOWN,,26.820287,85.127627,True,False,OTHER
NOH,Nigohi,Uttar Pradesh,NER,"Nigohi, Uttar Pradesh",28.098919,79.878504,True,False,OTHER
AIH,ALAWALPUR I PUR,Uttar Pradesh,NR,"Alawalpur, Uttar Pradesh",29.047796,77.271639,True,False,OTHER
DPU,DIPHU,Assam,NFR,"Diphu, Assam",25.83725,93.438384,True,False,OTHER
MPRD,Mathurapur Road,West Bengal,ER,"State Highway 3, West Bengal",22.140587,88.390923,True,False,OTHER
DLDE,DALDALI,Assam,NFR,"Diphu, Assam",25.820221,93.517152,True,False,OTHER
LD,LONDA JN,Karnataka,SWR,"Londa, Karnataka",15.450273,74.496982,True,False,OTHER
BYH,BHITI,Uttar Pradesh,NER,"Handia, Uttar Pradesh",25.333548,82.261348,True,False,OTHER
DPO,DAMANPUR,UNKNOWN,UNKNOWN,,26.53866,89.536367,True,False,OTHER
HLR,Halisahar,West Bengal,ER,"Kanchrapara, West Bengal",22.921499,88.436792,True,False,OTHER
TJW,Tejpurwa Halt,UNKNOWN,UNKNOWN,,25.940085,84.819703,True,False,OTHER
HLE,Heelalige,Karnataka,SWR,"Chandapura -Dommasandra Road Bengaluru, Karnataka",12.81318,77.710974,True,False,Bangalore
DPW,Dhapewara,Madhya Pradesh,SECR,"State Highway 11, Madhya Pradesh",21.872721,80.191327,True,False,OTHER
SMDT,Semmandappatti,Tamil Nadu,SWR,"Salem, Tamil Nadu",11.795555,78.026057,True,False,OTHER
BAWA,Balwara,Rajasthan,NWR,"State Highway 38, Rajasthan",25.503145,72.5545,True,False,OTHER
RKJE,Rakhitpur,Jharkhand,ECR,"Jairampur More to Baliapur, Jharkhand",23.725742,86.490871,True,False,OTHER
LMU,Limarua,Madhya Pradesh,SECR,"Chiraidongri, Madhya Pradesh",22.52425,80.349702,True,False,OTHER
KLLF,Kalol Jn,UNKNOWN,UNKNOWN,,23.244426,72.50348,True,False,OTHER
LB,Lain Bazar,UNKNOWN,UNKNOWN,,26.429191,84.280601,True,False,OTHER
KNYR,Kaniuru Halt,Karnataka,SWR,"Kaniyoor, Karnataka",12.717207,75.365526,True,False,OTHER
APP,Ambapendarpur Halt,UNKNOWN,UNKNOWN,,25.266963,85.529709,True,False,OTHER
KADI,Kadi,Gujarat,WR,"Kadi, Gujarat",23.292133,72.326105,True,False,OTHER
APU,Anipur,Assam,NFR,"Anipur, Assam",24.545736,92.434527,True,False,OTHER
APJ,Amarpur Jorasi,Rajasthan,NWR,"Narnaul, Rajasthan",28.02178,76.076109,True,False,OTHER
APK,Aruppukkottai,UNKNOWN,UNKNOWN,,9.524632,78.101891,True,False,OTHER
API,Akkaraippatti,UNKNOWN,UNKNOWN,,10.399808,77.922628,True,False,OTHER
KTKH,Kotlakheri,Madhya Pradesh,WR,"East Nimar, Madhya Pradesh",22.078204,76.173654,True,False,OTHER
KXZ,KESARIYA ROAD,UNKNOWN,UNKNOWN,,22.908846,71.814406,True,False,OTHER
SABD,SALABAD,UNKNOWN,UNKNOWN,,26.984965,77.310319,True,False,OTHER
KURN,KHUKRANA,UNKNOWN,UNKNOWN,,29.400184,76.924226,True,False,OTHER
KXR,KURIA,UNKNOWN,UNKNOWN,,26.468217,85.005407,True,False,OTHER
KLKH,Kalladaka,UNKNOWN,UNKNOWN,,12.845834,75.059842,True,False,OTHER
BTYA,Bhatariya,UNKNOWN,UNKNOWN,,23.438252,72.274465,True,False,OTHER
RJK,RAJA KA SAHASPUR,Uttar Pradesh,NR,"Bilari, Uttar Pradesh",28.626216,78.780097,True,False,OTHER
KTMA,KOTMA,Madhya Pradesh,SECR,"Kotma, Madhya Pradesh",23.202833,81.979022,True,False,OTHER
BSBN,BHUSAWAL B CABIN,UNKNOWN,UNKNOWN,,21.049919,75.822458,True,False,OTHER
PSRY,PASHWASHRAYA,UNKNOWN,UNKNOWN,,26.763435,88.403783,True,False,OTHER
CKLA,Chak Banwala,Punjab,NR,"Chimne Wala, Punjab",30.423043,74.133437,True,False,OTHER
JIGT,JIRIGHAT,UNKNOWN,UNKNOWN,,24.810092,93.086879,True,False,OTHER
KADR,Kadiyadra,Gujarat,WR,"State Highway 10, Gujarat",23.885219,73.057502,True,False,OTHER
TJD,TAJPUR DEHMA,Uttar Pradesh,NER,"Gosalpur Rd, Uttar Pradesh",25.728138,83.92969,True,False,OTHER
CLI,CHALGERI,Karnataka,SWR,"Chalageri, Karnataka",14.561403,75.73529,True,False,OTHER
JGBR,JOGESHWAR BIHAR,UNKNOWN,UNKNOWN,,23.746057,85.6267,True,False,OTHER
SDVL,SOLDEVANAHALLI,Karnataka,SWR,"Bengaluru, Karnataka",13.091395,77.490385,True,False,Bangalore
LOL,LOLIEM,UNKNOWN,UNKNOWN,,14.939155,74.08778,True,False,OTHER
KMMD,Kirmiti Mendha,UNKNOWN,UNKNOWN,,20.593933,79.774173,True,False,OTHER
KRPC,KHARIA-PIPRA HALT,UNKNOWN,UNKNOWN,,18.807373,82.724227,True,False,OTHER
BLRE,BELSIRI,UNKNOWN,UNKNOWN,,26.800481,92.514463,True,False,OTHER
DRQ,DHARMINIYA,UNKNOWN,UNKNOWN,,26.865525,84.793439,True,False,OTHER
DRE,DHOGRI,Punjab,NR,"Dhogri, Punjab",31.40278,75.635791,True,False,OTHER
KKLR,KAIKOLUR,Andhra Pradesh,SCR,"Kaikalur, Andhra Pradesh",16.551026,81.218316,True,False,OTHER
KYSD,KAIYAL SEDHAVI,Gujarat,WR,"State Highway 217, Gujarat",23.427144,72.428861,True,False,OTHER
KLYH,Kallur Yedahli,Karnataka,SWR,"Kallur Yedahli, Karnataka",12.421124,76.497258,True,False,OTHER
KYSB,KAIYAL SEDHAVI,UNKNOWN,UNKNOWN,,23.426814,72.428531,True,False,OTHER
DHE,Dodhi,Uttar Pradesh,NER,"Dodhi, Uttar Pradesh",25.604879,82.998947,True,False,OTHER
BRDV,Baradev,Uttar Pradesh,NR,"State Highway 38, Uttar Pradesh",26.701779,80.411929,True,False,OTHER
TKLN,Tarrakalan,Madhya Pradesh,NCR,"Tarrakalan, Madhya Pradesh",25.971659,76.901807,True,False,OTHER
MKHI,Makhi,Uttar Pradesh,NR,"Unnao, Uttar Pradesh",26.661427,80.461137,True,False,OTHER
CLU,Chilakalapudi,Andhra Pradesh,SCR,"Machilipatnam, Andhra Pradesh",16.202721,81.162137,True,False,OTHER
BRDH,Bardhana Halt,UNKNOWN,UNKNOWN,,22.136015,78.799478,True,False,OTHER
PSV,Parsneu,UNKNOWN,UNKNOWN,,28.037883,74.378783,True,False,OTHER
HNZM,Delhi Hazrat Nizamuddin,UNKNOWN,UNKNOWN,,28.58701,77.253929,True,False,Delhi
TKLB,Takli Bhansali,Maharashtra,SECR,"National Highway 69, Maharashtra",21.361133,78.983053,True,False,OTHER
PSX,Patansaongi Town Halt,Maharashtra,SECR,"Patansaongi, Maharashtra",21.335452,79.025915,True,False,OTHER
BCT,Mumbai Central,Maharashtra,WR,"Mumbai, Maharashtra",18.970667,72.819383,True,False,Mumbai
PDF,PADAMPUR,UNKNOWN,UNKNOWN,,23.519468,70.836786,True,False,OTHER
TDH,Tindharia,West Bengal,NFR,"National Highway 55, West Bengal",26.851551,88.332848,True,False,OTHER
KZA,KHADA,Uttar Pradesh,NER,"Khadda Katai Bharpurva Bandh, Uttar Pradesh",27.182926,83.868376,True,False,OTHER
RGBD,RAMGANGA,UNKNOWN,UNKNOWN,,28.297728,79.374639,True,False,OTHER
QBW,QUBARWALA,UNKNOWN,UNKNOWN,,30.175886,74.417372,True,False,OTHER
PPRH,PIPARAHAN HALT,UNKNOWN,UNKNOWN,,26.224333,85.246908,True,False,OTHER
DET,DET,UNKNOWN,UNKNOWN,,25.01154,74.641128,True,False,OTHER
ACN,ADHICHCHANUR,UNKNOWN,UNKNOWN,,12.05415,79.182478,True,False,OTHER
KPLR,KOPARLAHAR,Himachal Pradesh,NR,"National Highway 88, Himachal Pradesh",32.05191,76.250443,True,False,OTHER
MU,MAKANSAR,UNKNOWN,UNKNOWN,,22.760355,70.906093,True,False,OTHER
RKSH,RISHIKESH,Uttarakhand,NR,"Rishikesh, Uttarakhand",30.107173,78.287498,True,False,OTHER
NZG,NAZARBAG,UNKNOWN,UNKNOWN,,22.814612,70.855228,True,False,OTHER
MPF,MUIRPUR ROAD,UNKNOWN,UNKNOWN,,24.206087,83.094386,True,False,OTHER
AVC,AMRAVATHI COLONY,UNKNOWN,UNKNOWN,,14.498219,75.854093,True,False,OTHER
KLRS,KOLARAS,Madhya Pradesh,WCR,"Shivpuri, Madhya Pradesh",25.224926,77.590411,True,False,OTHER
CSMA,Chanasma Junction,Gujarat,WR,"Chanasma, Gujarat",23.710492,72.111883,True,False,OTHER
CGKR,CHANDAGIRIKOPAL,Karnataka,UNKNOWN,"State Highway 7, Karnataka",12.485167,76.730177,True,False,OTHER
BDJR,BHADORA JAGIR,UNKNOWN,UNKNOWN,,24.786919,77.411883,True,False,OTHER
KAG,KODAGANUR,Karnataka,SWR,"State Highway 47, Karnataka",14.330509,76.033543,True,False,OTHER
BMRN,BHIMRANA,UNKNOWN,UNKNOWN,,22.389889,68.992445,True,False,OTHER
CAPA,Chhapra Jn,UNKNOWN,UNKNOWN,,25.787896,84.724365,True,False,OTHER
NDPL,NDPL,UNKNOWN,UNKNOWN,,15.456312,78.520612,True,False,OTHER
BAR,BAR,Rajasthan,NWR,"Haripur, Rajasthan",26.063048,74.113189,True,False,OTHER
KJGY,Khanalampura Gy,UNKNOWN,UNKNOWN,,29.929193,77.583508,True,False,OTHER
RLA,RAJULA JN,Gujarat,WR,"Baraf Tana, Gujarat",21.103699,71.479251,True,False,OTHER
TKND,Trivikramdeo Nagar,UNKNOWN,UNKNOWN,,26.301911,84.708966,True,False,OTHER
DVGM,DEVGAM,UNKNOWN,UNKNOWN,,23.938342,71.591856,True,False,OTHER
SNBR,SONUABARY,UNKNOWN,UNKNOWN,,26.172784,92.310137,True,False,OTHER
HRSN,HARISINGA,UNKNOWN,UNKNOWN,,26.72438,91.985001,True,False,OTHER
SPGN,SRIPURIA GAON,UNKNOWN,UNKNOWN,,27.465913,95.351529,True,False,OTHER
TNJR,TAJ NAGAR,UNKNOWN,UNKNOWN,,28.385348,76.824249,True,False,OTHER
LIM,SONALIUM,UNKNOWN,UNKNOWN,,15.309987,74.292427,True,False,OTHER
PPRN,PIPRAN,UNKNOWN,UNKNOWN,,29.265795,73.928281,True,False,OTHER
GPPR,GOPALPUR,UNKNOWN,UNKNOWN,,23.083596,70.103016,True,False,OTHER
BMNL,BAMANWALI HALT,UNKNOWN,UNKNOWN,,28.361736,73.555273,True,False,OTHER
UDKN,UDAYPUR KHURD,UNKNOWN,UNKNOWN,,28.486234,80.178413,True,False,OTHER
JUL,JHULASAN,Gujarat,WR,"Mehsana, Gujarat",23.326699,72.471355,True,False,OTHER
KGVE,Konagavalli Halt,UNKNOWN,UNKNOWN,,14.024985,75.496474,True,False,OTHER
DOT,Dhakia Tiwari,Uttar Pradesh,NER,"Dhakia Tiwari, Uttar Pradesh",28.028812,79.885872,True,False,OTHER
BHTH,Bhairopatti Halt,UNKNOWN,UNKNOWN,,25.894911,86.907187,True,False,OTHER
MTWN,Mitewani,UNKNOWN,UNKNOWN,,21.424028,79.712797,True,False,OTHER
KVNJ,Kapadvanj,Gujarat,WR,"Kapadvanj, Gujarat",23.01905,73.078323,True,False,OTHER
NCN,Nachinda Ph,UNKNOWN,UNKNOWN,,21.881341,87.754966,True,False,OTHER
VINA,Vina,UNKNOWN,UNKNOWN,,22.764139,72.903227,True,False,OTHER
LIJ,Lakshmiganj,UNKNOWN,UNKNOWN,,26.927786,83.788161,True,False,Kolkata
KULH,Kulha-Halt,UNKNOWN,UNKNOWN,,26.369411,80.656456,True,False,OTHER
KTKS,Kantakosh Halt,UNKNOWN,UNKNOWN,,25.333657,87.673892,True,False,OTHER
STB,Shantipur,West Bengal,ER,"National Highway 34, West Bengal",23.262661,88.435028,True,False,OTHER
NCE,Nalacheruvu East,UNKNOWN,UNKNOWN,,13.988212,78.18549,True,False,OTHER
DSN,Darsana,UNKNOWN,UNKNOWN,,23.523411,88.795843,True,False,OTHER
TKMG,Tikamgarh,UNKNOWN,UNKNOWN,,24.767296,78.840666,True,False,OTHER
NKPU,Nekpur,UNKNOWN,UNKNOWN,,24.995699,85.338857,True,False,OTHER
KGVL,Kadagaravalli,UNKNOWN,UNKNOWN,,12.83778,75.696016,True,False,OTHER
MDPJ,Madanapur Halt,UNKNOWN,UNKNOWN,,19.549184,78.189939,True,False,OTHER
PATR,Paramjeevar Tarajeevar,UNKNOWN,UNKNOWN,,26.256947,85.448635,True,False,OTHER
NLNR,NULEMURU HALT,UNKNOWN,UNKNOWN,,14.007537,76.125809,True,False,OTHER
LKU,LAL KUAN,Uttarakhand,NER,"Lalkuan, Uttarakhand",29.071574,79.517641,True,False,OTHER
KAJG,KARANJGAON,UNKNOWN,UNKNOWN,,19.949383,74.924036,True,False,OTHER
MRX,MURUD,Maharashtra,CR,"State Highway 162, Maharashtra",18.380482,76.251585,True,False,OTHER
SKAR,SAKARIYA,UNKNOWN,UNKNOWN,,24.607481,80.90078,True,False,OTHER
NLL,NALLI,UNKNOWN,UNKNOWN,,9.269174,77.922239,True,False,OTHER
PDGM,PUDUNAGARAM,UNKNOWN,UNKNOWN,,10.683752,76.684608,True,False,OTHER
KLVD,KALAVAD,UNKNOWN,UNKNOWN,,21.899698,69.808324,True,False,OTHER
JHL,JAKHAL JN,Haryana,NR,"Jakhal, Haryana",29.801813,75.824501,True,False,OTHER
MCLA,Macherla,Andhra Pradesh,SCR,"Macherla, Andhra Pradesh",16.46951,79.438277,True,False,OTHER
MEG,MELENG,UNKNOWN,UNKNOWN,,26.794395,94.305982,True,False,OTHER
WWA,VAVANIYA,UNKNOWN,UNKNOWN,,23.007206,70.61469,True,False,OTHER
DEIT,Dehit,UNKNOWN,UNKNOWN,,25.300469,75.850153,True,False,OTHER
TMGN,Thamla Mogana,UNKNOWN,UNKNOWN,,24.875571,73.934778,True,False,OTHER
AMRI,ANAJ MANDI,UNKNOWN,UNKNOWN,,28.187505,76.605319,True,False,OTHER
BMPT,Banni Mahamman,UNKNOWN,UNKNOWN,,25.891285,84.778666,True,False,OTHER
TKA,TEHARKA,Uttar Pradesh,NCR,"National Highway 75, Uttar Pradesh",25.300234,78.917318,True,False,OTHER
CKHS,Chikhale,UNKNOWN,UNKNOWN,,18.97295,73.152541,True,False,OTHER
DSBC,DELHI SHAHDARA BLOCK CABIN,UNKNOWN,UNKNOWN,,28.677357,77.30022,True,False,Delhi
SDPN,SINDPAN,UNKNOWN,UNKNOWN,,24.164576,75.03158,True,False,OTHER
AHJU,AHJU,Himachal Pradesh,NR,"National Highway 20, Himachal Pradesh",32.02843,76.690156,True,False,OTHER
LLKN,LAL KALAN,UNKNOWN,UNKNOWN,,30.827549,76.101493,True,False,OTHER
BOZ,BOLARUM BAZAR,Andhra Pradesh,SCR,"Secunderabad, Andhra Pradesh",17.517848,78.515965,True,False,Hyderabad
SVN,SIVUNGAON,Maharashtra,SCR,"Nanded, Maharashtra",19.108653,77.54447,True,False,OTHER
PNSD,PANGARSHINDE HALT,UNKNOWN,UNKNOWN,,19.526469,77.24009,True,False,OTHER
RJJN,RAJAJAN HALT,UNKNOWN,UNKNOWN,,25.614963,85.670904,True,False,OTHER
UMNF,Ambliyasan Jn,UNKNOWN,UNKNOWN,,23.446636,72.422431,True,False,OTHER
PPTA,PATLIPUTRA,UNKNOWN,UNKNOWN,,25.621426,85.068505,True,False,OTHER
LKBR,LAKSHMI BAI NAGAR,UNKNOWN,UNKNOWN,,22.741887,75.858162,True,False,Kolkata
DBLA,Dabla,Rajasthan,NWR,"National Highway 79, Rajasthan",27.888685,75.946401,True,False,OTHER
VPDA,VIDYAPATIDHAM,UNKNOWN,UNKNOWN,,25.602065,85.802433,True,False,OTHER
GTLW,GUNTAKAL WEST,UNKNOWN,UNKNOWN,,15.167523,77.342651,True,False,OTHER
SVDK,S M V D KATRA,UNKNOWN,UNKNOWN,,32.982814,74.935736,True,False,OTHER
RPAN,RANGAPARA NORTH,UNKNOWN,UNKNOWN,,26.821593,92.682658,True,False,OTHER
VEK,VELLARAKKAD,Kerala,SR,"Vellarakkad Railway Station, Kerala",11.4723,75.653412,True,False,OTHER
CGON,CHAYGAON,Assam,NFR,"National Highway 37, Assam",26.064069,91.395251,True,False,OTHER
GNAN,Gonda Jn,UNKNOWN,UNKNOWN,,27.153922,81.977618,True,False,OTHER
DIE,Demai,UNKNOWN,UNKNOWN,,23.159049,73.210181,True,False,OTHER
PTKC,PATHANKOT CANTT,UNKNOWN,UNKNOWN,,32.2593,75.636044,True,False,OTHER
EC31,Kharuara Halt,UNKNOWN,UNKNOWN,,25.431628,85.543617,True,False,OTHER
PWA,Powai,UNKNOWN,UNKNOWN,,27.35353,95.646229,True,False,OTHER
NAB,Nagbhir Junction,Maharashtra,SECR,"Nagbhir, Maharashtra",20.579812,79.700138,True,False,OTHER
NAK,Naksalbari,UNKNOWN,UNKNOWN,,26.682578,88.202235,True,False,OTHER
UDPR,Udaipura,UNKNOWN,UNKNOWN,,24.775689,78.651486,True,False,OTHER
KNWF,Khandwa Jn,UNKNOWN,UNKNOWN,,21.823906,76.353537,True,False,OTHER
SVS,Srinivaspur,UNKNOWN,UNKNOWN,,13.328283,78.206169,True,False,OTHER
NMDR,Nimdanri,West Bengal,ER,"Madhyampur Station Rd, West Bengal",22.608628,88.905624,True,False,OTHER
KCU,Kachhiaa,Uttar Pradesh,NER,"Badaun, Uttar Pradesh",27.973382,78.883109,True,False,OTHER
MHPR,Mahiyarpur,UNKNOWN,UNKNOWN,,25.411453,87.613385,True,False,OTHER
BTCN,Balaghat,UNKNOWN,UNKNOWN,,21.811169,80.199425,True,False,OTHER
MHPE,Mhope,UNKNOWN,UNKNOWN,,18.943255,73.19412,True,False,OTHER
JLRF,Jetalsar Jn,UNKNOWN,UNKNOWN,,21.729584,70.57412,True,False,OTHER
SDPH,Sardar Patel Halt,UNKNOWN,UNKNOWN,,25.050378,85.424114,True,False,OTHER
IMBG,Imlibigha Halt,UNKNOWN,UNKNOWN,,25.300794,85.531371,True,False,OTHER
XKA,Kamta,UNKNOWN,UNKNOWN,,25.336574,85.277746,True,False,OTHER
MKZ,Mahkepar Road,UNKNOWN,UNKNOWN,,21.632916,79.67892,True,False,OTHER
SKAP,SK Para,Tripura,NFR,"National Highway 44, Tripura",23.971989,91.94712,True,False,OTHER
MMCC,MOOR MARKET,UNKNOWN,UNKNOWN,,13.084876,80.275222,True,False,OTHER
DKR,Dekpura Halt,UNKNOWN,UNKNOWN,,25.261153,85.529423,True,False,OTHER
KRHT,KHARAHAT,UNKNOWN,UNKNOWN,,27.070551,94.749659,True,False,OTHER
JDW,JARAUDA NARA,Uttar Pradesh,NR,"MuzaffarNagar, Uttar Pradesh",29.42673,77.705438,True,False,OTHER
MAYR,Mayar,UNKNOWN,UNKNOWN,,29.100107,75.860747,True,False,OTHER
VKM,VENKATESAPURAM,UNKNOWN,UNKNOWN,,11.930779,79.442294,True,False,OTHER
SXQ,SUAHERI,UNKNOWN,UNKNOWN,,29.436816,78.190831,True,False,OTHER
PPVL,PIRAPPANVALASAI,Tamil Nadu,SR,"Pirappan Valasai, Tamil Nadu",9.299159,79.043777,True,False,OTHER
NARA,NARA HALT,UNKNOWN,UNKNOWN,,29.390442,76.75997,True,False,OTHER
KER,KIRIHRAPUR,Uttar Pradesh,NER,"Kirihrapur, Uttar Pradesh",26.045501,83.737065,True,False,OTHER
PLVR,PALAM VIHAR HALT,UNKNOWN,UNKNOWN,,28.515464,77.032765,True,False,OTHER
GGKR,GOVINDGARH KHOKHAR,Punjab,NR,"Govindgarh, Punjab",29.992439,75.808328,True,False,OTHER
PLVA,PALLEVADA,Andhra Pradesh,SCR,"Pallevada, Andhra Pradesh",16.5767,81.287896,True,False,OTHER
NDIM,NANDAIGRAM HALT,UNKNOWN,UNKNOWN,,23.311548,88.317062,True,False,OTHER
MGD,MUGAD,Karnataka,SWR,"State Highway 34, Karnataka",15.46241,74.915401,True,False,OTHER
TBAE,TRIBENI,West Bengal,ER,"Tribeni, West Bengal",22.990358,88.398096,True,False,OTHER
URL,UNJALUR,Tamil Nadu,SR,"Unjalur, Tamil Nadu",11.127976,77.875839,True,False,OTHER
BMM,BHASKARPARA,UNKNOWN,UNKNOWN,,22.988208,71.905409,True,False,OTHER
DKW,DHANAKWADA,UNKNOWN,UNKNOWN,,24.146307,71.823472,True,False,OTHER
IVL,ILAVELANGAL,Tamil Nadu,SR,"Ottanatham - Maniyachi Rd, Tamil Nadu",8.937878,77.87235,True,False,OTHER
GZS,GIANI ZAIL SINGH SANDHWAN,Punjab,NR,"Distt Faridkot, Punjab",30.613851,74.801905,True,False,OTHER
SHB,Shahibag,UNKNOWN,UNKNOWN,,23.035546,72.600949,True,False,OTHER
BMC,Bhimalgondi,Madhya Pradesh,SECR,"State Highway 19, Madhya Pradesh",21.740994,78.914582,True,False,OTHER
TBR,Taiabpur,UNKNOWN,UNKNOWN,,26.392839,88.154497,True,False,OTHER
BSWD,BHEMSWADI,UNKNOWN,UNKNOWN,,21.485727,71.357286,True,False,Chennai
TKTB,THAKURBARI,UNKNOWN,UNKNOWN,,26.797642,92.699488,True,False,OTHER
RMC,Ram Chaura Road,Uttar Pradesh,NR,"National Highway 24B, Uttar Pradesh",25.609488,81.686954,True,False,OTHER
GHLU,Ghallu,UNKNOWN,UNKNOWN,,30.256607,74.107821,True,False,OTHER
BMN,BHIMANA,Rajasthan,NWR,"Abu Road, Rajasthan",24.595571,72.886302,True,False,OTHER
PRDH,PIR DULHE SHAH HALT,UNKNOWN,UNKNOWN,,25.873873,73.155686,True,False,OTHER
KEJ,Kathleeghat,Himachal Pradesh,NR,"Shoghi, Himachal Pradesh",31.021478,77.103224,True,False,OTHER
MRDG,Maradanga,UNKNOWN,UNKNOWN,,26.301078,89.556685,True,False,OTHER
MRDA,Maroda,UNKNOWN,UNKNOWN,,20.095174,79.660732,True,False,OTHER
LUA,Laluri Khera,UNKNOWN,UNKNOWN,,28.607969,79.746243,True,False,OTHER
KEMP,Kempalsad,UNKNOWN,UNKNOWN,,21.087653,79.263378,True,False,OTHER
SGUD,Siliguri,UNKNOWN,UNKNOWN,,26.723574,88.414033,True,False,OTHER
CHNH,Channi Halt,UNKNOWN,UNKNOWN,,27.890152,73.016655,True,False,OTHER
KTGO,Kotgaon,UNKNOWN,UNKNOWN,,20.625413,79.674577,True,False,OTHER
PAAL,Pala,UNKNOWN,UNKNOWN,,21.37608,78.018333,True,False,OTHER
SXV,Suku,UNKNOWN,UNKNOWN,,18.715021,82.726431,True,False,OTHER
NARD,Naika Road,UNKNOWN,UNKNOWN,,25.44858,85.292377,True,False,OTHER
RAKD,Radha Kund,UNKNOWN,UNKNOWN,,27.537943,77.523598,True,False,OTHER
BHMA,Baghmara Halt,UNKNOWN,UNKNOWN,,25.365524,87.617463,True,False,OTHER
ZPR,Zorawar Pura Halt,UNKNOWN,UNKNOWN,,29.762905,73.448817,True,False,OTHER
OM,Omkareshwar Road,Madhya Pradesh,WR,"SH 27, Madhya Pradesh",22.215082,76.04654,True,False,OTHER
AGTR,Agauthar Halt,UNKNOWN,UNKNOWN,,26.008146,84.843757,True,False,OTHER
NES,Natesar,UNKNOWN,UNKNOWN,,24.963885,85.271806,True,False,OTHER
KNLE,Kanale,UNKNOWN,UNKNOWN,,14.225099,74.959367,True,False,OTHER
BRMT,Baramati,Maharashtra,CR,"Baramati, Maharashtra",18.153677,74.578197,True,False,OTHER
MHKT,MOHKHUTI,UNKNOWN,UNKNOWN,,27.106537,94.80821,True,False,OTHER
GNGR,GUNGRANA,UNKNOWN,UNKNOWN,,30.714577,75.82596,True,False,OTHER
MCO,MOTIHARI COURT,UNKNOWN,UNKNOWN,,26.62564,84.905431,True,False,OTHER
MXM,MINATCHIPURAM,UNKNOWN,UNKNOWN,,10.629748,76.875347,True,False,OTHER
OPN,ONNUPURAM HALT,UNKNOWN,UNKNOWN,,12.711564,79.17972,True,False,OTHER
GDH,Gidnahali,UNKNOWN,UNKNOWN,,13.406514,77.825134,True,False,OTHER
KUKA,Khui Khera,UNKNOWN,UNKNOWN,,30.305206,74.077804,True,False,OTHER
BNJN,BINJANA,UNKNOWN,UNKNOWN,,22.931198,75.986802,True,False,OTHER
GDW,Gadhwala,UNKNOWN,UNKNOWN,,27.970288,73.454923,True,False,OTHER
MCL,MADIMANGALAM,UNKNOWN,UNKNOWN,,12.598975,79.1862,True,False,OTHER
BUGN,BHURJIHA BARAGN,UNKNOWN,UNKNOWN,,27.638101,80.726312,True,False,OTHER
LKJN,LINK JN. CABIN,UNKNOWN,UNKNOWN,,25.356832,81.841869,True,False,OTHER
JHH,JHALRA HALT,UNKNOWN,UNKNOWN,,29.420302,78.176404,True,False,OTHER
KTES,KATNI SOUTH,UNKNOWN,UNKNOWN,,23.824725,80.401113,True,False,OTHER
KGH,Kotegangur,UNKNOWN,UNKNOWN,,13.982162,75.520656,True,False,OTHER
CLKN,CHUCHELA KALAN,UNKNOWN,UNKNOWN,,29.014596,78.272803,True,False,OTHER
GDI,GUDGERI,Karnataka,SWR,"Gudgeri, Karnataka",15.124922,75.359604,True,False,OTHER
DLPR,DAYALPUR,UNKNOWN,UNKNOWN,,25.632211,81.889485,True,False,OTHER
CKRD,CHAKMAKRAND,UNKNOWN,UNKNOWN,,25.697532,85.27403,True,False,OTHER
BHCH,BLOCK CABIN CHAKKI BANK,UNKNOWN,UNKNOWN,,32.241975,75.651062,True,False,OTHER
KNSN,KARNA SUBARNA,West Bengal,ER,"Khagraghat - Chowrigacha, West Bengal",24.035537,88.176458,True,False,OTHER
APCH,ALIPURDUAR COLLEGE,UNKNOWN,UNKNOWN,,26.501679,89.527486,True,False,OTHER
CRZ,CARANZOL,UNKNOWN,UNKNOWN,,15.360749,74.306198,True,False,OTHER
KNSR,KANASAR,Rajasthan,NWR,"Lalgarh, Rajasthan",28.145913,73.324726,True,False,OTHER
HSDA,Hansdiha,UNKNOWN,UNKNOWN,,24.614194,87.08498,True,False,OTHER
GUSB,GHUMASAN BG,UNKNOWN,UNKNOWN,,23.378259,72.449413,True,False,Chennai
MXZ,Mohdara Halt,UNKNOWN,UNKNOWN,,20.960497,79.347023,True,False,OTHER
OHAN,OHANCABIN,UNKNOWN,UNKNOWN,,25.102455,81.017247,True,False,OTHER
BIE,BHISTENHATTI,UNKNOWN,UNKNOWN,,15.41363,74.705805,True,False,OTHER
AWT,Alwar Tirunagri,Tamil Nadu,SR,"Thoothukudi, Tamil Nadu",8.602296,77.941809,True,False,OTHER
MUDI,Mududi,UNKNOWN,UNKNOWN,,13.151294,76.233204,True,False,OTHER
BUGY,Bugia Halt,UNKNOWN,UNKNOWN,,29.38048,73.608155,True,False,OTHER
IGTA,Ingohta,Uttar Pradesh,NCR,"National Highway 86, Uttar Pradesh",25.758384,80.126678,True,False,OTHER
GNGT,Gangatolia,UNKNOWN,UNKNOWN,,22.392169,79.986339,True,False,OTHER
DHOA,Dhaulpur,UNKNOWN,UNKNOWN,,26.697202,77.905659,True,False,OTHER
SHER,Sher,UNKNOWN,UNKNOWN,,26.351665,84.628291,True,False,OTHER
BICI,Barkichampi,UNKNOWN,UNKNOWN,,23.483611,84.709751,True,False,OTHER
JBPN,Jabalpur Jn (Ng),UNKNOWN,UNKNOWN,,23.164248,79.950772,True,False,OTHER
SLQ,Salona Assam,UNKNOWN,UNKNOWN,,26.448981,92.961877,True,False,OTHER
DGT,Dhulghat,Maharashtra,SCR,"Amlakhurd, Maharashtra",21.296282,76.749633,True,False,OTHER
DGY,Dighori Buzurg,UNKNOWN,UNKNOWN,,21.107513,79.230454,True,False,OTHER
PH,Panoh,UNKNOWN,UNKNOWN,,31.551328,76.199917,True,False,OTHER
MCY,Machriawan,UNKNOWN,UNKNOWN,,25.46248,85.29442,True,False,OTHER
KIK,Karaikal,UNKNOWN,UNKNOWN,,10.925606,79.839712,True,False,OTHER
KIF,Kuri,UNKNOWN,UNKNOWN,,9.035099,76.817395,True,False,OTHER
PSJ,Patasahi,Orissa,SER,"National Highway 23, Orissa",22.020127,84.923705,True,False,OTHER
JLT,Jhamat Halt,UNKNOWN,UNKNOWN,,27.200026,83.340382,True,False,OTHER
CKN,CHINTA KANI,Andhra Pradesh,SCR,"Chinta Kani Station, Andhra Pradesh",17.126459,80.201337,True,False,OTHER
CBSA,Chaibasa,Jharkhand,SER,"National Highway 75, Jharkhand",22.560494,85.812342,True,False,OTHER
KKR,KHAKHRALA ROAD,UNKNOWN,UNKNOWN,,22.897133,70.722232,True,False,OTHER
SPPA,SHERPUR DHIPURA,UNKNOWN,UNKNOWN,,25.59994,85.848162,True,False,OTHER
DNWF,Dangarwa,UNKNOWN,UNKNOWN,,23.401545,72.441313,True,False,OTHER
PSS,PADSALI,UNKNOWN,UNKNOWN,,18.006062,75.388084,True,False,OTHER
CHRA,CHHARRA,West Bengal,SER,"Purulia, West Bengal",23.375747,86.422994,True,False,OTHER
PKNS,POKHARNI NARASIMHA,Maharashtra,SCR,"Pokharni Nrsnha, Maharashtra",19.118747,76.731639,True,False,OTHER
BHAS,BHOJRAS,UNKNOWN,UNKNOWN,,25.788217,74.63428,True,False,OTHER
HNL,HINGOLI DECCAN,Maharashtra,SCR,"Hingoli, Maharashtra",19.726357,77.146758,True,False,OTHER
ALAL,ALAL,UNKNOWN,UNKNOWN,,30.378176,75.724207,True,False,OTHER
KARR,KHARAR,UNKNOWN,UNKNOWN,,30.72638,76.636052,True,False,OTHER
BHAL,BHATIEL,UNKNOWN,UNKNOWN,,22.477066,72.834624,True,False,OTHER
AGM,AGARAM SIBBANDI,UNKNOWN,UNKNOWN,,12.414388,79.113347,True,False,OTHER
ASAR,ASRA HALT,UNKNOWN,UNKNOWN,,29.249761,77.291443,True,False,OTHER
CTZ,CHAUNTRA BHATERH,Himachal Pradesh,NR,"Chauntra Bhater, Himachal Pradesh",32.005535,76.74671,True,False,OTHER
MUY,MUGAIYUR,UNKNOWN,UNKNOWN,,11.976522,79.305326,True,False,OTHER
PAY,PAYYANUR,Kerala,SR,"Kannur District, Kerala",12.092248,75.195107,True,False,OTHER
KRLR,KARAILA ROAD JN,Madhya Pradesh,ECR,"Main Road Singrauli-Jayant, Madhya Pradesh",24.261081,82.719311,True,False,OTHER
DAV,DEVALGAON AVCHAR,Maharashtra,SCR,"Parbhani, Maharashtra",19.322431,76.605201,True,False,OTHER
NMY,NOONMATI,UNKNOWN,UNKNOWN,,26.180382,91.806851,True,False,OTHER
VNEC,Vijayawada North East,UNKNOWN,UNKNOWN,,16.532028,80.630413,True,False,OTHER
CKW,CHALKHOA,Assam,NFR,"Dibrugarh, Assam",27.465663,94.959205,True,False,OTHER
MNDV,MANDAWARIYA,UNKNOWN,UNKNOWN,,26.621072,74.890472,True,False,OTHER
JLG,JULGAON DECCAN,UNKNOWN,UNKNOWN,,19.384261,77.790475,True,False,OTHER
TKPY,TURAKAPALLI,UNKNOWN,UNKNOWN,,15.092714,77.628505,True,False,OTHER
DAH,DEHARE,UNKNOWN,UNKNOWN,,19.241855,74.674156,True,False,OTHER
ULG,UDALGURI,UNKNOWN,UNKNOWN,,26.744291,92.094329,True,False,OTHER
NMM,NEW MISAMARI,UNKNOWN,UNKNOWN,,26.810166,92.575454,True,False,OTHER
MSMI,MISAMARI,UNKNOWN,UNKNOWN,,26.811265,92.595773,True,False,Chennai
AMBR,Ambika Rohina,Maharashtra,SCR,"Ambika Devi Rd, Maharashtra",18.442254,76.943721,True,False,OTHER
ORC,ORCHHA,Uttar Pradesh,NCR,"National Highway 75, Uttar Pradesh",25.401119,78.644228,True,False,OTHER
NTVT,NETHRAVATHI,UNKNOWN,UNKNOWN,,12.844375,74.856475,True,False,OTHER
HNEO,Hathbandh,UNKNOWN,UNKNOWN,,21.631919,81.845773,True,False,OTHER
BSSL,Basi Beriasal,Rajasthan,WCR,"Bassi, Rajasthan",25.024084,74.764318,True,False,OTHER
CIP,Chichpalli,UNKNOWN,UNKNOWN,,19.966168,79.443249,True,False,OTHER
SNTD,Santaldih,West Bengal,SER,"Purulia, West Bengal",23.596661,86.483123,True,False,OTHER
SNTN,Santinagar Halt,UNKNOWN,UNKNOWN,,23.292974,88.637755,True,False,OTHER
SNTH,Sonthaliya,Rajasthan,NWR,"National Highway 11, Rajasthan",27.400358,75.531666,True,False,OTHER
DPNR,Deepnagar Halt,UNKNOWN,UNKNOWN,,25.140667,85.483274,True,False,OTHER
GKV,Gottihalli Halt,UNKNOWN,UNKNOWN,,13.260622,78.155685,True,False,OTHER
JAMA,Jama,Jharkhand,ER,"Jama, Jharkhand",24.345509,87.14492,True,False,OTHER
HIVR,Hiwarkheda,UNKNOWN,UNKNOWN,,21.431848,78.112944,True,False,OTHER
PETA,Pandetola,UNKNOWN,UNKNOWN,,24.741537,87.060321,True,False,OTHER
BWP,Bhawanipur Kalan,Uttar Pradesh,NER,"Bhawanipur Kalan, Uttar Pradesh",27.415623,82.161102,True,False,OTHER
LSE,Laseri,UNKNOWN,UNKNOWN,,28.713124,75.479624,True,False,OTHER
KKV,Kunkavav Junction,Gujarat,WR,"SH 104, Gujarat",21.653448,70.975052,True,False,OTHER
LOK,Loknath,West Bengal,ER,"Loknath Railway Station, West Bengal",22.871718,88.033921,True,False,OTHER
CKH,Chakand,Bihar,ECR,"Chakand, Bihar",24.890142,84.995494,True,False,OTHER
CKK,Chakarpur,Uttarakhand,NER,"National Highway 125, Uttarakhand",28.951978,80.002313,True,False,OTHER
DCA,DAMCHARA,Assam,NFR,"Diakkawn Rd, Assam",25.012661,92.749675,True,False,OTHER
MOX,MORAN,UNKNOWN,UNKNOWN,,27.14711,94.888404,True,False,OTHER
BRMR,BHARMAR,Himachal Pradesh,NR,"State Highway 22, Himachal Pradesh",32.167399,75.954299,True,False,OTHER
CVV,CHERUVU MADHAVARAM,Andhra Pradesh,SCR,"Cheruvu Madhavaram Station, Andhra Pradesh",16.746018,80.518783,True,False,OTHER
WDL,WANDAL,Karnataka,SWR,"Dam Inspection Rd, Karnataka",16.416601,75.86371,True,False,OTHER
WDN,VADGAON NILA,UNKNOWN,UNKNOWN,,18.929059,76.643889,True,False,OTHER
MOJ,MOHANA,Madhya Pradesh,WCR,"Mohana, Madhya Pradesh",25.980208,77.833955,True,False,OTHER
KMV,KARMAD,Maharashtra,SCR,"Aurangabad, Maharashtra",19.872664,75.537898,True,False,OTHER
DRS,DHARESHWAR,Rajasthan,NWR,"Sojat Road, Rajasthan",25.777584,73.667743,True,False,OTHER
KNJJ,KANNJARA HALT,UNKNOWN,UNKNOWN,,19.603965,77.210229,True,False,OTHER
BAGD,BAGWADA,UNKNOWN,UNKNOWN,,20.43948,72.916866,True,False,OTHER
MRYA,MERIYANA,UNKNOWN,UNKNOWN,,21.201567,71.415981,True,False,OTHER
RDRA,RAMDEVRA,Rajasthan,NWR,"Ramdevra, Rajasthan",27.006279,71.929837,True,False,OTHER
SGNR,SHRI GANGANAGAR,Rajasthan,NWR,"Sri Ganganagar, Rajasthan",29.931792,73.871417,True,False,OTHER
GKPE,GORAKHPUR EAST,UNKNOWN,UNKNOWN,,26.75877,83.38739,True,False,OTHER
KPCM,KUWARCHINTAWA,UNKNOWN,UNKNOWN,,26.51743,84.942114,True,False,OTHER
SAPR,SARANGPUR ROAD,Gujarat,WR,"State Highway 38, Gujarat",22.236682,71.748617,True,False,OTHER
GPAE,GUPTIPARA,West Bengal,ER,"Guptipara Railway Station, West Bengal",23.197355,88.4178,True,False,OTHER
WDM,WYNDHAMGANJ,Uttar Pradesh,ECR,"Sonebhadra, Uttar Pradesh",24.264112,83.401605,True,False,OTHER
KMD,KODUMUDI,Tamil Nadu,SR,"Kodumudi, Tamil Nadu",11.076073,77.885771,True,False,OTHER
BUU,BHADANPUR,Madhya Pradesh,WCR,"National Highway 7, Madhya Pradesh",24.16808,80.679777,True,False,OTHER
ETB,ITARSI B CABIN,UNKNOWN,UNKNOWN,,22.591346,77.709215,True,False,OTHER
CVP,KOVILPATTI,Tamil Nadu,SR,"Kovilpatti, Tamil Nadu",9.182578,77.872848,True,False,OTHER
PAL,PALASNER,Madhya Pradesh,WCR,"Harda, Madhya Pradesh",22.304246,77.050174,True,False,OTHER
RNIS,Ranolishishu,Rajasthan,NWR,"National Highway 11, Rajasthan",27.517012,75.301025,True,False,OTHER
GBB,GUBBI,Karnataka,SWR,"Gubbi, Karnataka",13.321429,76.939264,True,False,OTHER
PERN,PERNEM,Goa,KR,"North Goa, Goa",15.707894,73.816537,True,False,OTHER
NAWN,NAWAN,Rajasthan,NWR,"State Highway 7, Rajasthan",29.653072,74.353285,True,False,OTHER
AEX,Adderi,UNKNOWN,UNKNOWN,,14.141045,75.157978,True,False,OTHER
JNDO,Jehanabad Court,UNKNOWN,UNKNOWN,,25.201223,84.984236,True,False,OTHER
MCLE,MANCHILI,Andhra Pradesh,SCR,"Coastal Andhra Region, Andhra Pradesh",16.662928,81.613684,True,False,OTHER
AEK,Anekal Road,Karnataka,SWR,"Karnataka, Karnataka",12.723885,77.710727,True,False,OTHER
DCU,Damalcheruvu,Andhra Pradesh,SCR,"National Highway 18, Andhra Pradesh",13.478885,79.056434,True,False,OTHER
GBE,Gayabari,UNKNOWN,UNKNOWN,,26.86004,88.260998,True,False,OTHER
GKPI,Gate Karepalli,UNKNOWN,UNKNOWN,,17.500295,80.255103,True,False,OTHER
KNJI,Karanjali,UNKNOWN,UNKNOWN,,22.0353,88.245999,True,False,OTHER
BAGA,Bhagega,Rajasthan,NWR,"State Highway 37B, Rajasthan",27.67721,75.72089,True,False,OTHER
BAGJ,Barharagani,UNKNOWN,UNKNOWN,,26.921354,83.919574,True,False,OTHER
SLPR,Silpaprabesh,UNKNOWN,UNKNOWN,,22.058566,88.106545,True,False,OTHER
PLNI,Palani,UNKNOWN,UNKNOWN,,10.458722,77.521183,True,False,OTHER
CNDM,Chandi Mandir,Chandigarh,NR,"Panchkula, Chandigarh",30.727071,76.886839,True,False,OTHER
CNDB,Chandur Bazar,UNKNOWN,UNKNOWN,,21.219451,77.741807,True,False,OTHER
MMVR,Murga Mahadev Road,UNKNOWN,UNKNOWN,,22.060486,85.465862,True,False,OTHER
HSJ,HUSSAIN SAGAR J,UNKNOWN,UNKNOWN,,17.426453,78.461904,True,False,OTHER
SRBG,Sarobag,UNKNOWN,UNKNOWN,,25.272851,86.476035,True,False,OTHER
NWBV,NWBV,UNKNOWN,UNKNOWN,,16.529876,80.620394,True,False,OTHER
JSPR,JASHAPAR,UNKNOWN,UNKNOWN,,21.837131,69.873584,True,False,OTHER
RUP,Rupahigaon,Assam,NFR,"Nagaon, Assam",26.412562,92.742267,True,False,OTHER
RF,RAFALESHWAR,UNKNOWN,UNKNOWN,,22.773897,70.896925,True,False,OTHER
SGLA,SANGOLA,Maharashtra,CR,"Sangole, Maharashtra",17.435563,75.187581,True,False,OTHER
BSA,BHAINSA,UNKNOWN,UNKNOWN,,27.391523,77.673452,True,False,OTHER
BNNR,BHINDAR,UNKNOWN,UNKNOWN,,24.528647,74.179638,True,False,OTHER
KOX,KACHUJOR,UNKNOWN,UNKNOWN,,23.842678,87.465046,True,False,OTHER
INK,INTAKANNE,Andhra Pradesh,SCR,"Intikanne Station, Andhra Pradesh",17.727522,79.860507,True,False,OTHER
KZJF,KAZIPET F CABIN,UNKNOWN,UNKNOWN,,17.974824,79.577271,True,False,OTHER
JDPT,Jagdishpur,UNKNOWN,UNKNOWN,,25.148228,86.98462,True,False,OTHER
UBCN,ULHAS BRIDGE CABIN,UNKNOWN,UNKNOWN,,19.246247,73.069462,True,False,OTHER
RG,RAJGHAT NARORA,Uttar Pradesh,NR,"Babrala, Uttar Pradesh",28.235655,78.353587,True,False,OTHER
SRDH,SARSADH,UNKNOWN,UNKNOWN,,29.184058,76.731812,True,False,OTHER
IGRL,INGORALA,UNKNOWN,UNKNOWN,,21.823418,71.686981,True,False,OTHER
LGCE,LAGARGAWAN,Madhya Pradesh,WCR,"Lagargawan, Madhya Pradesh",24.464248,80.81431,True,False,OTHER
JDPR,Jagdishpur,Jharkhand,UNKNOWN,"Giridih, Jharkhand",24.273109,86.525504,True,False,OTHER
HSM,HAUSNAGAR,UNKNOWN,UNKNOWN,,24.646721,87.94988,True,False,OTHER
VST,BIJAYSOTA,Madhya Pradesh,WCR,"State Highway 10, Madhya Pradesh",23.978724,81.110959,True,False,OTHER
SKPA,SHRIKALYANPURA,UNKNOWN,UNKNOWN,,25.189878,76.094182,True,False,OTHER
DYS,DALAPATHY SAMUDRAM,Tamil Nadu,SR,"Dhalapathisamudram, Tamil Nadu",8.430572,77.638091,True,False,OTHER
RGNH,RAGHUNATHGARH,UNKNOWN,UNKNOWN,,29.311679,73.651572,True,False,OTHER
KVLS,Karakavalasa,Andhra Pradesh,ECoR,"Coastal Andhra Region, Andhra Pradesh",18.292228,82.991426,True,False,OTHER
SULH,Sulhani,Punjab,NR,"Machhi Bugra, Punjab",30.871949,74.865129,True,False,OTHER
QCAB,QCAB,UNKNOWN,UNKNOWN,,22.229374,84.884802,True,False,OTHER
AJLE,AZIMGANJ JN CABIN,UNKNOWN,UNKNOWN,,24.23827,88.257363,True,False,OTHER
XCBN,Xcbn,UNKNOWN,UNKNOWN,,25.303843,83.169582,True,False,OTHER
TWI,Totewahi Halt,UNKNOWN,UNKNOWN,,20.014659,79.600455,True,False,OTHER
INP,INDAPUR,Maharashtra,KR,"Indapur, Maharashtra",18.297688,73.24465,True,False,OTHER
INJ,INNANJE,UNKNOWN,UNKNOWN,,13.255586,74.76122,True,False,OTHER
BJLP,BARAI JALALPUR,Uttar Pradesh,NER,"Sitapur National Highway 24, Uttar Pradesh",27.449608,80.800122,True,False,OTHER
KLGD,KOLLENGODE,UNKNOWN,UNKNOWN,,10.626984,76.697715,True,False,OTHER
DWJN,DIVA JN. CABIN,UNKNOWN,UNKNOWN,,19.188667,73.042923,True,False,OTHER
BRWH,BAHERWA HALT,UNKNOWN,UNKNOWN,,25.251877,82.792289,True,False,OTHER
STKW,Sultanpur Kalia,UNKNOWN,UNKNOWN,,28.460518,76.869264,True,False,OTHER
HCNR,Harichandanpur,Orissa,ECoR,"Rd, Orissa",21.328476,85.795395,True,False,OTHER
NMUE,Numaishgarh Halt,UNKNOWN,UNKNOWN,,28.40774,77.842306,True,False,OTHER
PTP,Patal Pani,Madhya Pradesh,WR,"Mhow, Madhya Pradesh",22.514232,75.797002,True,False,OTHER
PTA,Patiala,Punjab,NR,"Patiala, Punjab",30.344249,76.4041,True,False,OTHER
DRPH,Devri P.H.,Madhya Pradesh,SECR,"Kaladehi, Madhya Pradesh",22.85663,79.836698,True,False,OTHER
NLKT,Nalkata,UNKNOWN,UNKNOWN,,24.068389,91.999618,True,False,OTHER
PCZ,Pocharam,Andhra Pradesh,SCR,"Khammam To Yellanddu Rd, Andhra Pradesh",17.486717,80.234583,True,False,OTHER
BSD,Basuldanga,West Bengal,ER,"National Highway 117, West Bengal",22.203748,88.233939,True,False,OTHER
KOM,Kodikkalpalaiym,UNKNOWN,UNKNOWN,,10.786311,79.648699,True,False,OTHER
TFGN,Tufanganj,UNKNOWN,UNKNOWN,,26.303308,89.667639,True,False,OTHER
MWAD,Mowad,UNKNOWN,UNKNOWN,,21.455554,78.451335,True,False,OTHER
COAC,Coac,UNKNOWN,UNKNOWN,,16.964553,82.238213,True,False,OTHER
KPAW,Kanchrapara Workshop Gate,UNKNOWN,UNKNOWN,,22.935794,88.445352,True,False,OTHER
NLBR,Nilambazar,Assam,NFR,"NH 44, Assam",24.743292,92.365126,True,False,OTHER
KADL,Kumradol,UNKNOWN,UNKNOWN,,24.695171,87.07556,True,False,OTHER
SKPR,Sikarpur Halt,UNKNOWN,UNKNOWN,,21.984896,78.946006,True,False,OTHER
MRSH,Morshi,UNKNOWN,UNKNOWN,,21.326057,77.995446,True,False,OTHER
CHTL,Churaru Takrala,UNKNOWN,UNKNOWN,,31.597665,76.166445,True,False,OTHER
SUNW,Surendra Nagar (W) Cabin,UNKNOWN,UNKNOWN,,22.734875,71.636363,True,False,OTHER
SUNE,Sune,UNKNOWN,UNKNOWN,,22.753791,71.644706,True,False,OTHER
XGN,Gokulnagar,UNKNOWN,UNKNOWN,,25.487975,85.302191,True,False,OTHER
HSX,Hoshiarpur,Punjab,NR,"Phagwara Road-Hoshiarpur, Punjab",31.524074,75.905585,True,False,OTHER
TSG,SITAPUR CITY (THOMASGANJ),UNKNOWN,UNKNOWN,,27.569887,80.690259,True,False,Chennai
GUB,GULARBHOJ,Uttarakhand,NER,"Gular Bhoj Railway Station, Uttarakhand",29.110784,79.301145,True,False,OTHER
LRNC,LAKSAR NORTH CABIN,UNKNOWN,UNKNOWN,,29.771552,78.011318,True,False,OTHER
LDU,Lunidhar,Gujarat,WR,"State Highway 104, Gujarat",21.715431,71.085551,True,False,OTHER
HOH,HONAGANAHALLI,Karnataka,SWR,"National Highway 218, Karnataka",16.679401,75.732815,True,False,OTHER
SE,SEMLA,UNKNOWN,UNKNOWN,,22.039641,70.79367,True,False,OTHER
TELI,TELI,UNKNOWN,UNKNOWN,,11.933094,79.405133,True,False,OTHER
ILA,SILSIMAN,Tamil Nadu,SR,"Silaiman Railway station, Tamil Nadu",9.867401,78.200182,True,False,OTHER
MMRB,MANMAD B CABIN,UNKNOWN,UNKNOWN,,20.231474,74.449556,True,False,OTHER
NSN,NASIRPUR HALT,UNKNOWN,UNKNOWN,,28.604529,77.109242,True,False,OTHER
REP,RESAULI,UNKNOWN,UNKNOWN,,16.30968,80.457863,True,False,OTHER
COP,Kanpur M. G. Goods,UNKNOWN,UNKNOWN,,26.45248,80.341969,True,False,OTHER
PEM,Peralam Jn,UNKNOWN,UNKNOWN,,10.959358,79.656384,True,False,OTHER
UDR,AMDARA ROAD,Madhya Pradesh,WCR,"Amdara, Madhya Pradesh",24.099501,80.577905,True,False,OTHER
SFR,SAFRAI,Assam,NFR,"Suffry Station Chariali, Assam",27.029015,94.942883,True,False,OTHER
BURN,BURNPUR,West Bengal,SER,"CHITRA CINEMA HALL MORE, West Bengal",23.671914,86.938623,True,False,OTHER
KQX,KACHUJOR,UNKNOWN,UNKNOWN,,23.841225,87.462774,True,False,OTHER
RWTB,ROWTA BAGAN,UNKNOWN,UNKNOWN,,26.736799,92.21491,True,False,OTHER
CAO,CHAURADANO,UNKNOWN,UNKNOWN,,26.850492,85.017677,True,False,OTHER
RSNA,RASANA HALT,UNKNOWN,UNKNOWN,,24.224697,72.256353,True,False,OTHER
GRNA,GURHANWA,UNKNOWN,UNKNOWN,,26.74758,85.215756,True,False,OTHER
PDPR,Purandarpur,Uttar Pradesh,NER,"National Highway 29, Uttar Pradesh",27.209982,83.347472,True,False,OTHER
HJLI,HUGRAJULI,UNKNOWN,UNKNOWN,,26.805203,92.358641,True,False,OTHER
NSO,Nashipur Road,UNKNOWN,UNKNOWN,,24.21105,88.274766,True,False,OTHER
ULTL,Kulti Link Cabin,UNKNOWN,UNKNOWN,,23.734566,86.865534,True,False,OTHER
PMDB,PAMIDI,UNKNOWN,UNKNOWN,,14.981188,77.599089,True,False,OTHER
DCTL,DOMBIVLI CTL,UNKNOWN,UNKNOWN,,19.203604,73.084191,True,False,OTHER
KQZ,Kolar,UNKNOWN,UNKNOWN,,13.124594,78.132044,True,False,OTHER
SVTN,SHIVATHAN,UNKNOWN,UNKNOWN,,15.477666,74.518905,True,False,OTHER
GMI,Gond Umri,UNKNOWN,UNKNOWN,,21.003133,80.082136,True,False,OTHER
BMGN,BAMUNI GAON,UNKNOWN,UNKNOWN,,26.01201,91.282876,True,False,OTHER
BQU,Bhattiprolu,Andhra Pradesh,SCR,"Bhattiprolu, Andhra Pradesh",16.105632,80.787953,True,False,OTHER
CMGR,Chikkamanglur,UNKNOWN,UNKNOWN,,13.303885,75.788776,True,False,OTHER
BURA,Bahuara,UNKNOWN,UNKNOWN,,25.89687,84.783481,True,False,OTHER
BHKA,Bahira Kalibari,West Bengal,ER,"Bahira Kalibari Railway Station, West Bengal",22.685772,88.563588,True,False,OTHER
GNRD,Genoli Road,UNKNOWN,UNKNOWN,,25.203127,75.152338,True,False,OTHER
BYPA,Baiyyappanahalli,UNKNOWN,UNKNOWN,,12.9912,77.651853,True,False,OTHER
VGDC,Viramgam D Cabin,UNKNOWN,UNKNOWN,,23.137395,72.042828,True,False,OTHER
URML,Upramal,UNKNOWN,UNKNOWN,,25.247947,75.276627,True,False,OTHER
NEYT,Ntpc Exchange Yard Talcher,UNKNOWN,UNKNOWN,,20.919626,85.2081,True,False,OTHER
JRRI,Jrri,UNKNOWN,UNKNOWN,,25.308243,83.178547,True,False,OTHER
NCPM,Nishchindapur Market Halt,West Bengal,ER,"National Highway 117, West Bengal",21.987443,88.217105,True,False,OTHER
BRSA,Barwa Kalan,UNKNOWN,UNKNOWN,,27.391266,83.408343,True,False,OTHER
JWK,Jawaharpur Kamsan,UNKNOWN,UNKNOWN,,27.52481,78.588278,True,False,Chennai
TMZJ,Tmzj,UNKNOWN,UNKNOWN,,22.246668,87.933497,True,False,OTHER
HUN,Hunsenahalli,UNKNOWN,UNKNOWN,,13.399832,77.94645,True,False,OTHER
DYW,Diyawan Halt,UNKNOWN,UNKNOWN,,25.381729,85.283924,True,False,OTHER
GHB,Gahri Bhagi,UNKNOWN,UNKNOWN,,30.116783,74.944234,True,False,OTHER
JREA,Jhareda,UNKNOWN,UNKNOWN,,27.476348,77.032106,True,False,OTHER
JSL,JASSOWAL HALT,UNKNOWN,UNKNOWN,,30.799159,75.831803,True,False,OTHER
KOWN,KHOWANG,UNKNOWN,UNKNOWN,,27.299563,94.895843,True,False,OTHER
IDGH,INDARGARH,UNKNOWN,UNKNOWN,,25.775115,77.7382,True,False,OTHER
BROR,BERORE,UNKNOWN,UNKNOWN,,29.200034,73.300793,True,False,OTHER
MWZ,MAHISHADAHARI,UNKNOWN,UNKNOWN,,23.916311,87.649654,True,False,OTHER
CHAH,CHAILAHA HALT,UNKNOWN,UNKNOWN,,26.674812,84.894647,True,False,OTHER
LHD,LOHOGAD,Maharashtra,SCR,"Akola, Maharashtra",20.467176,77.078506,True,False,OTHER
GHGL,GHAGWAL,Jammu and Kashmir,NR,"Vijaypur Jammu, Jammu and Kashmir",32.504286,75.213604,True,False,Kolkata
ADTL,ADHARTAL,Madhya Pradesh,WCR,"Jabalpur, Madhya Pradesh",23.227389,79.972274,True,False,OTHER
SISN,SISAUNA,UNKNOWN,UNKNOWN,,29.216155,78.280549,True,False,OTHER
JSI,JASALI,UNKNOWN,UNKNOWN,,24.169914,71.914081,True,False,OTHER
NWN,Nanwan,UNKNOWN,UNKNOWN,,28.371337,76.014318,True,False,OTHER
PRWA,PARWAKHURD HALT,UNKNOWN,UNKNOWN,,19.365201,77.764414,True,False,OTHER
KWC,KUNDWA CHAINPUR,UNKNOWN,UNKNOWN,,26.771884,85.183119,True,False,OTHER
KSMB,KASTLA KASMABAD,Bihar,ECR,"Kastla Kasmabad, Bihar",25.114944,85.798364,True,False,OTHER
DKJR,DHEKIAJILI ROAD,UNKNOWN,UNKNOWN,,26.809214,92.452548,True,False,OTHER
AADR,Amb Andora,UNKNOWN,UNKNOWN,,31.670727,76.110391,True,False,OTHER
BHHZ,BEHTA HAZIPUR HALT,Uttar Pradesh,NR,"Behta Hazipur, Uttar Pradesh",28.71973,77.304041,True,False,OTHER
BYNR,MOOKAMBIKA ROAD,Karnataka,KR,"Baindur, Karnataka",13.87259,74.63279,True,False,OTHER
KWH,KACHHWA ROAD,Uttar Pradesh,NER,"Kachhwa, Uttar Pradesh",25.250465,82.706617,True,False,OTHER
IBH4,IBH4,UNKNOWN,UNKNOWN,,22.029944,82.431192,True,False,OTHER
IBH5,IBH5,UNKNOWN,UNKNOWN,,22.019762,82.620084,True,False,OTHER
IBH6,IBH6,UNKNOWN,UNKNOWN,,22.021243,82.737917,True,False,OTHER
IBH3,IBH3,UNKNOWN,UNKNOWN,,22.01621,82.892472,True,False,OTHER
BRMO,BERMO,UNKNOWN,ECR,,23.772498,85.955893,True,False,OTHER
IBH1,IBH1,UNKNOWN,UNKNOWN,,21.861847,83.625911,True,False,OTHER
IBH2,IBH2,UNKNOWN,UNKNOWN,,21.87477,83.794136,True,False,OTHER
IBHG,Ibhg,UNKNOWN,UNKNOWN,,21.775184,81.988429,True,False,OTHER
NGHW,Nageshwadi Halt,UNKNOWN,UNKNOWN,,18.461519,76.916102,True,False,OTHER
SISM,Singuli Shyam,UNKNOWN,UNKNOWN,,25.186362,75.004442,True,False,OTHER
SSGR,Sisai Gulabrai,UNKNOWN,UNKNOWN,,26.282385,83.776865,True,False,OTHER
MWR,Mahansar,Rajasthan,NWR,"Ramgarh, Rajasthan",28.199841,75.031292,True,False,OTHER
MGDR,Magardharra Ph,UNKNOWN,UNKNOWN,,21.966193,80.125559,True,False,OTHER
FGH,Fatehgarh Haryana,UNKNOWN,UNKNOWN,,28.647921,76.243784,True,False,OTHER
DASF,Dhasa Jn,UNKNOWN,UNKNOWN,,21.782515,71.517978,True,False,OTHER
KAMR,Khurrampur,UNKNOWN,UNKNOWN,,25.168723,85.221316,True,False,OTHER
SHTS,Sambhal Hatim Sarai,Uttar Pradesh,NR,"Chandausi, Uttar Pradesh",28.596912,78.568241,True,False,OTHER
BECN,Bikaner East,UNKNOWN,UNKNOWN,,27.972495,73.368894,True,False,OTHER
PKM,Periyanaikanpalayam,Tamil Nadu,SR,"Periyanaickenpalayam, Tamil Nadu",11.144776,76.948477,True,False,OTHER
IBHE,Ibhe,UNKNOWN,UNKNOWN,,21.60083,81.815212,True,False,OTHER
SRJK,Suraj Kunda,UNKNOWN,UNKNOWN,,26.142698,81.202919,True,False,OTHER
IBHF,Ibhf,UNKNOWN,UNKNOWN,,21.682533,81.896133,True,False,OTHER
IBHC,Ibhc,UNKNOWN,UNKNOWN,,21.38637,81.741998,True,False,OTHER
PKRH,Parsa Kerwan Halt,UNKNOWN,UNKNOWN,,26.05361,84.827376,True,False,OTHER
TOR,Titur,UNKNOWN,UNKNOWN,,21.059452,79.288957,True,False,OTHER
TOI,Tamkuhi Road,UNKNOWN,UNKNOWN,,26.721824,84.228415,True,False,OTHER
BFF,Barabhati,UNKNOWN,UNKNOWN,,20.862984,80.060841,True,False,OTHER
MROA,Mora,UNKNOWN,UNKNOWN,,27.516762,77.612747,True,False,OTHER
SGDV,Soma Guddu,UNKNOWN,UNKNOWN,,14.288569,76.633302,True,False,OTHER
KWB,Kaniwara,Madhya Pradesh,SECR,"Kanhiwada, Madhya Pradesh",22.218261,79.732914,True,False,OTHER
DJHR,Deojhar,UNKNOWN,UNKNOWN,,22.080717,85.476993,True,False,OTHER
DEPI,Deenapatti,UNKNOWN,UNKNOWN,,25.89498,86.937159,True,False,OTHER
IBHA,Ibha,UNKNOWN,UNKNOWN,,21.206629,81.384639,True,False,OTHER
DKJB,Dornakal Bye Pass,UNKNOWN,UNKNOWN,,17.42921,80.157907,True,False,OTHER
JUYA,Jodhpuriya,UNKNOWN,UNKNOWN,,25.070196,74.814653,True,False,OTHER
DUE,Dhuri Jn,UNKNOWN,UNKNOWN,,26.800862,84.13938,True,False,OTHER
BKRH,Brij Kishor Halt,UNKNOWN,UNKNOWN,,26.31374,84.69461,True,False,OTHER
SMGR,Samaguri,Assam,NFR,"Samaguri, Assam",26.416263,92.849833,True,False,OTHER
BTDR,Batadrowa Road,Assam,NFR,"Mathaouri Rd, Assam",26.466939,92.538085,True,False,OTHER
RTJ,Rantej,Gujarat,WR,"State Highway 19, Gujarat",23.471537,72.153828,True,False,OTHER
NRKG,NARKATIAGANJ JN,UNKNOWN,UNKNOWN,,27.105025,84.464035,True,False,OTHER
KGLE,KHAGRAGHAT ROAD,West Bengal,ER,"Khagraghat, West Bengal",24.106842,88.226481,True,False,OTHER
BDK,BEDAG,UNKNOWN,UNKNOWN,,16.823512,74.756723,True,False,OTHER
PRK,PARKHAM,UNKNOWN,UNKNOWN,,27.299256,77.711657,True,False,OTHER
DWL,DHUWALA,UNKNOWN,UNKNOWN,,25.48715,74.581974,True,False,OTHER
BYO,BAYALUVADDIGERI,UNKNOWN,UNKNOWN,,15.230476,76.533248,True,False,OTHER
RJMA,RAJOMAJRA,UNKNOWN,UNKNOWN,,30.375339,75.798104,True,False,OTHER
LNT,LINGTI,Maharashtra,UNKNOWN,"State Highway 234, Maharashtra",19.86677,78.901334,True,False,OTHER
BYE,BANSI BOHERA,UNKNOWN,UNKNOWN,,24.363233,74.388674,True,False,OTHER
PPS,PIPILIYA ROAD,UNKNOWN,UNKNOWN,,22.930873,70.678255,True,False,OTHER
SQZ,VANCHANGIRI,UNKNOWN,UNKNOWN,,17.951283,79.667153,True,False,OTHER
KLMJ,Kalhe Majra,UNKNOWN,UNKNOWN,,30.335841,76.211493,True,False,OTHER
KMHT,KARMAHAT,UNKNOWN,UNKNOWN,,23.712696,85.541075,True,False,OTHER
KLMD,Kollumangudi,UNKNOWN,UNKNOWN,,10.980702,79.655933,True,False,OTHER
BDA,VADODARA C CABIN,UNKNOWN,UNKNOWN,,22.318357,73.17783,True,False,OTHER
GAGA,Galgalia,UNKNOWN,UNKNOWN,,26.52752,88.113485,True,False,OTHER
NAKD,NAIK DIH,UNKNOWN,UNKNOWN,,25.847026,83.466008,True,False,OTHER
KSIH,Khodseoni,UNKNOWN,UNKNOWN,,21.155848,80.112715,True,False,OTHER
POY,POLLACHI JN,UNKNOWN,UNKNOWN,,10.653079,77.001342,True,False,OTHER
BRIH,Bairi Halt,UNKNOWN,UNKNOWN,,25.158612,84.211322,True,False,OTHER
SDLK,SUNDLAK,UNKNOWN,UNKNOWN,,25.121481,76.455842,True,False,OTHER
ISM,ISMAILA HARYANA,Haryana,NR,"National Highway 10, Haryana",28.796977,76.746563,True,False,OTHER
PPK,Pachpokharia,UNKNOWN,UNKNOWN,,26.894084,84.981145,True,False,OTHER
KYG,KIDIYANAGA,UNKNOWN,UNKNOWN,,23.47934,70.768891,True,False,OTHER
VBU,VEMBUR,UNKNOWN,UNKNOWN,,10.589339,78.072383,True,False,OTHER
NNM,Nannilam,UNKNOWN,UNKNOWN,,10.883704,79.650905,True,False,OTHER
KYO,KHANDIKAR,UNKNOWN,UNKNOWN,,26.463321,91.642769,True,False,OTHER
BATM,Batala Sugar Mills,UNKNOWN,UNKNOWN,,31.856906,75.228493,True,False,OTHER
HIS,Hisua,UNKNOWN,UNKNOWN,,24.859601,85.417826,True,False,OTHER
LLD,Lalavadi,UNKNOWN,UNKNOWN,,21.930347,78.189646,True,False,OTHER
IDS,Ishardaspur,UNKNOWN,UNKNOWN,,25.947849,81.253954,True,False,OTHER
CGE,Charghat Pipari,UNKNOWN,UNKNOWN,,23.037538,79.922584,True,False,OTHER
DLCB,Durg Link Cabin,UNKNOWN,UNKNOWN,,21.197156,81.300896,True,False,OTHER
SRSO,Sarsoo,UNKNOWN,UNKNOWN,,24.919782,85.353683,True,False,OTHER
DGPI,Durgapuri,UNKNOWN,UNKNOWN,,25.865541,76.809686,True,False,OTHER
IDT,Sidlaghatta,UNKNOWN,UNKNOWN,,13.39219,77.865365,True,False,OTHER
BYQ,Bahai,UNKNOWN,UNKNOWN,,26.122334,81.01528,True,False,OTHER
SPBG,Sipra Bridge,UNKNOWN,UNKNOWN,,23.173483,75.757499,True,False,OTHER
BWO,Buramara,UNKNOWN,UNKNOWN,,22.107567,86.650295,True,False,OTHER
PRNT,Periyanagathunai,UNKNOWN,UNKNOWN,,12.559346,77.911017,True,False,OTHER
IFFC,Iffco Cabin,UNKNOWN,UNKNOWN,,23.212087,72.520108,True,False,OTHER
TKG,Thakurganj,UNKNOWN,UNKNOWN,,26.426933,88.129704,True,False,OTHER
MTRA,Matigara,UNKNOWN,UNKNOWN,,26.716817,88.384065,True,False,OTHER
BRKH,Bisapur Kalan Halt,Madhya Pradesh,SECR,"State Highway 19, Madhya Pradesh",21.914681,78.923701,True,False,OTHER
SUPR,Surajpur,UNKNOWN,UNKNOWN,,30.782451,76.888897,True,False,OTHER
HMB,Harebetta,UNKNOWN,UNKNOWN,,12.794145,75.593582,True,False,OTHER
SSU,Sasa Musa,UNKNOWN,UNKNOWN,,26.527558,84.357082,True,False,OTHER
BGDI,Bagadia Ph,UNKNOWN,UNKNOWN,,20.279033,86.586249,True,False,OTHER
POT,Pothia,UNKNOWN,UNKNOWN,,26.310567,88.179429,True,False,OTHER
POU,Padrauna,UNKNOWN,UNKNOWN,,26.897709,83.982606,True,False,OTHER
HAN,HINDAUN CITY,Rajasthan,WCR,"Karauli, Rajasthan",26.756164,77.031686,True,False,OTHER
MGRP,MEGH RAJ PURA,Himachal Pradesh,NR,"State Highway 22, Himachal Pradesh",32.079397,76.071419,True,False,OTHER
GPSA,Ghatparsia Halt,UNKNOWN,UNKNOWN,,22.059739,79.052852,True,False,OTHER
GHAI,GHATIGAON,Madhya Pradesh,WCR,"Ghatigaon, Madhya Pradesh",26.054864,77.92678,True,False,OTHER
SBIC,SABARMATI BRIDGE,UNKNOWN,UNKNOWN,,23.067094,72.588756,True,False,OTHER
DSX,DESANG,UNKNOWN,UNKNOWN,,27.056055,94.686324,True,False,OTHER
SUC,Sunak,UNKNOWN,UNKNOWN,,23.604089,73.209986,True,False,OTHER
CKKD,CHARKHERA KHURD,UNKNOWN,UNKNOWN,,21.938836,76.642615,True,False,OTHER
AMPA,AMBALAPUZHA,Kerala,SR,"ph 0477-2272620, Kerala",9.386059,76.363817,True,False,OTHER
SBID,SABARMATI D CABIN,UNKNOWN,UNKNOWN,,23.101488,72.570275,True,False,OTHER
SUI,Sui,UNKNOWN,UNKNOWN,,28.899231,76.06143,True,False,OTHER
MHWL,MACHROWAR,UNKNOWN,UNKNOWN,,31.516333,75.636644,True,False,OTHER
KTLN,KHAT LABANA,UNKNOWN,UNKNOWN,,30.039012,73.861247,True,False,OTHER
SUJH,Sujangarh,Rajasthan,NWR,"Sujangarh, Rajasthan",27.708763,74.463659,True,False,OTHER
NTDM,NITYANAND DHAM,UNKNOWN,UNKNOWN,,23.414967,75.057507,True,False,OTHER
TEK,Tekkali Halt,Andhra Pradesh,ECoR,"Tekkali, Andhra Pradesh",18.605282,84.231178,True,False,OTHER
SLBS,SALSALA BARI,UNKNOWN,UNKNOWN,,26.486647,89.594991,True,False,OTHER
BTDF,BOTAD JN,UNKNOWN,UNKNOWN,,22.182671,71.665397,True,False,OTHER
SBIS,SABARMATI SOUTH,UNKNOWN,UNKNOWN,,23.083452,72.563755,True,False,OTHER
GJT,Gannaghatta,UNKNOWN,UNKNOWN,,13.244119,78.146705,True,False,OTHER
DQV,DAULA KOT BHAI,UNKNOWN,UNKNOWN,,30.206149,74.703438,True,False,OTHER
LHK,LAIHRA KHANA,UNKNOWN,UNKNOWN,,30.225855,75.138985,True,False,OTHER
DNU,Dalsanur,UNKNOWN,UNKNOWN,,13.274642,78.171853,True,False,OTHER
GKHT,GRAM KHARIKA,UNKNOWN,UNKNOWN,,25.672045,85.387906,True,False,OTHER
RKO,RAMAKRISHNAPURAM GATE,Andhra Pradesh,SCR,"Secunderabad, Andhra Pradesh",17.476299,78.528473,True,False,Hyderabad
MWG,Mindala,UNKNOWN,UNKNOWN,,20.515626,79.716809,True,False,OTHER
DSAP,DELHI SHAHDARA A PANEL,UNKNOWN,UNKNOWN,,28.673349,77.31954,True,False,Delhi
SNCA,SONACHARA,UNKNOWN,UNKNOWN,,25.984617,91.143131,True,False,OTHER
RKL,Ramkola,UNKNOWN,UNKNOWN,,26.90674,83.836714,True,False,OTHER
RKK,Ratangarh Kanakwal,UNKNOWN,UNKNOWN,,29.922761,74.966758,True,False,OTHER
DLGS,Duklangia,UNKNOWN,UNKNOWN,,26.692531,94.273103,True,False,OTHER
KTLP,Katalpur Halt,UNKNOWN,UNKNOWN,,26.229289,84.772843,True,False,OTHER
SETB,Sessa,UNKNOWN,UNKNOWN,,27.32406,94.85767,True,False,OTHER
AUI,Aurahi,Bihar,ECR,"Purnia, Bihar",25.823021,87.135054,True,False,OTHER
AUN,Aurang Nagar,UNKNOWN,UNKNOWN,,29.043935,75.974542,True,False,OTHER
BNLS,Bangi Nihal Singh,UNKNOWN,UNKNOWN,,30.008326,74.955285,True,False,OTHER
HAR,Hamirpur Road,Uttar Pradesh,NCR,"Hamirpur, Uttar Pradesh",26.016513,80.190689,True,False,OTHER
WTP,Water Pipe,UNKNOWN,UNKNOWN,,19.009064,73.290406,True,False,OTHER
SLHI,Shilhauri Halt,UNKNOWN,UNKNOWN,,25.953021,84.833749,True,False,OTHER
RTG,Rangtong,West Bengal,NFR,"Hill Cart Rd, West Bengal",26.836122,88.342388,True,False,OTHER
BLLT,Ballupete,UNKNOWN,UNKNOWN,,12.969668,75.908903,True,False,OTHER
RTU,Ratan Sarai,UNKNOWN,UNKNOWN,,26.37354,84.573582,True,False,OTHER
SDRA,Sudharana,Haryana,NWR,"Sudharana, Haryana",28.453681,76.425807,True,False,OTHER
BVRM,Bhimavaram Junction,Andhra Pradesh,SCR,"Bhimavaram, Andhra Pradesh",16.543097,81.538335,True,False,OTHER
NKW,Nilakantheswar,Orissa,ECoR,"Orissa, Orissa",21.426066,85.798221,True,False,OTHER
SKY,Shikara,Madhya Pradesh,SECR,"Shikara - Dhooma Rd, Madhya Pradesh",22.798847,79.858161,True,False,OTHER
DJB,DIJAOBRA,UNKNOWN,UNKNOWN,,25.5507,93.093936,True,False,OTHER
BLR,BALGANUR,Karnataka,SWR,"Gadag, Karnataka",15.592629,75.602519,True,False,OTHER
MSHW,MUSHARWA HALT,UNKNOWN,UNKNOWN,,27.051627,84.486962,True,False,Chennai
CHIT,CHITHARI HALT,UNKNOWN,UNKNOWN,,25.228309,79.890762,True,False,OTHER
BRGP,BAJRANGPURA,UNKNOWN,UNKNOWN,,22.838744,71.740065,True,False,OTHER
BRGT,BHERAGHAT,Madhya Pradesh,WCR,"Bheraghat, Madhya Pradesh",23.169766,79.797879,True,False,OTHER
SWU,SANAURA,UNKNOWN,UNKNOWN,,31.579622,75.641326,True,False,OTHER
MHDA,MAHDEIYA,Madhya Pradesh,ECR,"Singrauli, Madhya Pradesh",24.210039,82.588309,True,False,OTHER
BRGJ,BARGAON GUJAR,UNKNOWN,UNKNOWN,,21.784918,76.356229,True,False,OTHER
DHWS,DHOSAWAS,UNKNOWN,UNKNOWN,,23.383691,75.051031,True,False,OTHER
VDK,VADAKANNIKAPURM,UNKNOWN,UNKNOWN,,10.641667,76.686919,True,False,OTHER
KHNR,KACHNARA,UNKNOWN,UNKNOWN,,23.808778,75.101024,True,False,OTHER
MMDA,MUTHALAMADA,UNKNOWN,UNKNOWN,,10.626386,76.771723,True,False,OTHER
DV,DHUVA,UNKNOWN,UNKNOWN,,22.722379,70.933579,True,False,OTHER
FRG,Faringapete Halt,UNKNOWN,UNKNOWN,,12.875341,74.957082,True,False,OTHER
CASA,CHHANSARA,UNKNOWN,UNKNOWN,,23.767566,71.276337,True,False,OTHER
SNLR,SANTALPUR,Gujarat,WR,"Santalpur, Gujarat",23.759161,71.181545,True,False,OTHER
SIA,SHIVLANKHA,UNKNOWN,UNKNOWN,,23.380465,70.620232,True,False,OTHER
SNMR,Soniyana Mewar,UNKNOWN,UNKNOWN,,25.080389,73.971244,True,False,OTHER
MSHM,MAHESANA,UNKNOWN,UNKNOWN,,23.606147,72.388756,True,False,Kolkata
SWW,Shahanagar Timarua,Uttar Pradesh,NCR,"Shahnagar, Uttar Pradesh",27.416457,78.25971,True,False,OTHER
NKV,NAKARDEI,UNKNOWN,UNKNOWN,,26.948956,84.891939,True,False,OTHER
MMDL,MOHINI MANDAL(H,UNKNOWN,UNKNOWN,,26.678677,85.389062,True,False,OTHER
GVR,GORESUAR,UNKNOWN,UNKNOWN,,26.526056,91.720467,True,False,OTHER
SRRB,SHORANUR B CABIN,UNKNOWN,UNKNOWN,,10.759868,76.271,True,False,OTHER
KBY,KHOIRABARI,UNKNOWN,UNKNOWN,,26.626143,91.840413,True,False,OTHER
PCAB,PCAB,UNKNOWN,UNKNOWN,,22.237662,84.912165,True,False,OTHER
TNL,TANGLA,UNKNOWN,UNKNOWN,,26.658355,91.912274,True,False,OTHER
SWT,Shivwala Tehu,UNKNOWN,UNKNOWN,,27.382935,78.224585,True,False,OTHER
NGPB,Nagpur (Se),UNKNOWN,UNKNOWN,,21.145332,79.088256,True,False,OTHER
PLHL,PALLAHALLI HALT,UNKNOWN,UNKNOWN,,12.411563,76.660168,True,False,OTHER
NJPS,New Jalpaiguri,UNKNOWN,UNKNOWN,,26.682355,88.442721,True,False,OTHER
BARS,Barsana,UNKNOWN,UNKNOWN,,27.443263,77.150253,True,False,OTHER
LKMN,Lokmanya Nagar,Madhya Pradesh,WR,"Indore, Madhya Pradesh",22.691279,75.847166,True,False,OTHER
MSHF,Mahesana,UNKNOWN,UNKNOWN,,23.603326,72.38937,True,False,Chennai
TVTN,Thambawati Nagri,UNKNOWN,UNKNOWN,,24.958315,74.686919,True,False,OTHER
SPYA,Sipaya,UNKNOWN,UNKNOWN,,26.564981,84.326498,True,False,OTHER
JUBS,Jubbasahani,UNKNOWN,UNKNOWN,,26.17489,85.369793,True,False,OTHER
LSGS,Lavan Satyagraha Smarak P.H,UNKNOWN,UNKNOWN,,22.096296,87.850571,True,False,OTHER
HPLB,Hatpuraini,UNKNOWN,UNKNOWN,,25.155346,86.98459,True,False,OTHER
CHT,Champahati,West Bengal,ER,"Baruipur-Champahati Rd, West Bengal",22.402193,88.493624,True,False,OTHER
MMDP,Mohamadpur,UNKNOWN,UNKNOWN,,24.877386,85.415625,True,False,OTHER
NEHL,Nethranahalli H,UNKNOWN,UNKNOWN,,14.674986,76.71037,True,False,OTHER
KBS,Kusmuda Block Station,UNKNOWN,UNKNOWN,,22.342991,82.680149,True,False,OTHER
SVGL,Shrivagilu,UNKNOWN,UNKNOWN,,12.755498,75.584174,True,False,OTHER
GVP,Gate Vanampalli,UNKNOWN,UNKNOWN,,17.448472,77.892616,True,False,OTHER
GOX,GOBINDPUR DUGLI,UNKNOWN,UNKNOWN,,26.085299,83.791513,True,False,OTHER
KAKN,Kaimarkalan,Madhya Pradesh,NCR,"Kaimarkalan, Madhya Pradesh",26.176561,77.222727,True,False,OTHER
BLV,Bhelwa,UNKNOWN,UNKNOWN,,26.994131,84.778361,True,False,OTHER
BLF,Balajan,UNKNOWN,UNKNOWN,,26.09571,89.887371,True,False,OTHER
APRD,Ashapurna Devi,UNKNOWN,UNKNOWN,,21.727401,87.638201,True,False,OTHER
KNVH,Kanivehalli,UNKNOWN,UNKNOWN,,13.327121,75.898661,True,False,OTHER
SEPN,SEPON,UNKNOWN,UNKNOWN,,27.117144,94.856434,True,False,OTHER
HBG,HOWBAGH JABALPUR,Madhya Pradesh,WCR,"Jabalpur, Madhya Pradesh",23.156296,79.932199,True,False,OTHER
BHBT,BLOCK HUT BASANTPUR,UNKNOWN,UNKNOWN,,32.559965,75.059067,True,False,OTHER
JMBL,JAMBHALI HALT,UNKNOWN,UNKNOWN,,19.167016,77.592935,True,False,OTHER
TNNH,TAPASWINARAYAN NAGAR HALT,UNKNOWN,UNKNOWN,,26.631615,85.445955,True,False,OTHER
STDB,SITAFALMANDI B,UNKNOWN,UNKNOWN,,17.428299,78.520249,True,False,OTHER
AYD,AYANDUR,UNKNOWN,UNKNOWN,,11.966732,79.34081,True,False,OTHER
AJKI,AJITKHERI,Madhya Pradesh,WR,"Devas, Madhya Pradesh",23.040004,76.045323,True,False,OTHER
MSDG,MASOBA DONGARGAON,UNKNOWN,UNKNOWN,,17.265554,75.136269,True,False,Chennai
HXR,HANSAPORE,UNKNOWN,UNKNOWN,,20.906867,72.925984,True,False,OTHER
MDUN,Madhura Nagar,UNKNOWN,UNKNOWN,,16.525352,80.647608,True,False,OTHER
DDS,DUDH SAGAR,UNKNOWN,UNKNOWN,,15.31821,74.306568,True,False,OTHER
KFN,KANOR,UNKNOWN,UNKNOWN,,24.459564,74.266275,True,False,OTHER
CQS,CAPPER QUARRY,Tamil Nadu,SR,"Cuddalore Township, Tamil Nadu",11.694558,79.753666,True,False,OTHER
AYN,AIYANAPURAM,Tamil Nadu,SR,"Chinnakankeyampatti, Tamil Nadu",10.788547,78.929033,True,False,OTHER
FTH,FATUHI,Rajasthan,NR,"National Highway 15, Rajasthan",30.056984,73.871319,True,False,OTHER
BDUA,BASUDEOPUR CHANDAIL HALT,UNKNOWN,UNKNOWN,,25.648738,85.542692,True,False,OTHER
KLVR,Kolvihir,UNKNOWN,UNKNOWN,,21.26585,77.854259,True,False,OTHER
HBQ,HUBLI EAST CAB,UNKNOWN,UNKNOWN,,15.348063,75.155355,True,False,OTHER
MITA,MITHA,UNKNOWN,UNKNOWN,,24.082494,71.672422,True,False,OTHER
BNWS,BHANWASA,UNKNOWN,UNKNOWN,,26.833302,75.21705,True,False,OTHER
BUBR,BHUTAKIA BHIMSA,UNKNOWN,UNKNOWN,,23.53354,70.908462,True,False,Chennai
GEK,GEGAL AKHRI,Rajasthan,NWR,"Kishangarh, Rajasthan",26.540366,74.775574,True,False,OTHER
SLWR,SILAWAR,Uttar Pradesh,NR,"State Highway 57, Uttar Pradesh",29.505405,77.345001,True,False,OTHER
LJKR,LAJKURA CABIN,UNKNOWN,UNKNOWN,,21.809025,83.888267,True,False,OTHER
MDN,MIDNAPORE,West Bengal,SER,"Medinipur, West Bengal",22.42498,87.307379,True,False,OTHER
MYX,METYAL SOHAR,West Bengal,SER,"West Bengal, West Bengal",23.482582,86.748784,True,False,OTHER
JGF,JOGIDIH,UNKNOWN,UNKNOWN,,24.276914,83.052288,True,False,OTHER
PWK,PIPARIYA KALAN,Madhya Pradesh,WCR,"State Highway 11, Madhya Pradesh",23.859295,80.736422,True,False,OTHER
KMTI,Kumarhatti,Himachal Pradesh,NR,"Kumarhatti, Himachal Pradesh",30.889186,77.055981,True,False,OTHER
KRTN,KIRTI NAGAR,Delhi NCT,NR,"Kirti Nagar, Delhi NCT",28.646929,77.145074,True,False,Delhi
TCH,Tiruchchuli,UNKNOWN,UNKNOWN,,9.537361,78.197532,True,False,OTHER
ADRE,ADRA EAST CABIN,UNKNOWN,UNKNOWN,,23.492772,86.692871,True,False,OTHER
KLSP,Kushal Pura,UNKNOWN,UNKNOWN,,28.484266,75.764732,True,False,OTHER
TERH,Terha Halt,UNKNOWN,UNKNOWN,,25.995646,84.849367,True,False,OTHER
LVR,Lokvidyapith Nagar,Uttar Pradesh,NER,"National Highway 29, Uttar Pradesh",27.154414,83.306841,True,False,OTHER
LVK,Lakkavarapukota,UNKNOWN,UNKNOWN,,18.018465,83.147449,True,False,OTHER
JGP,Jalalpur,UNKNOWN,UNKNOWN,,26.586308,84.311942,True,False,OTHER
BNWD,Bhandewadi Halt,UNKNOWN,UNKNOWN,,21.141189,79.159229,True,False,OTHER
HEN,Heria Ph,UNKNOWN,UNKNOWN,,21.974916,87.795566,True,False,OTHER
KDHI,Kaladehi,Madhya Pradesh,SECR,"National Highway 7, Madhya Pradesh",22.87917,79.83489,True,False,OTHER
ICBN,Icbn,UNKNOWN,UNKNOWN,,25.296735,83.156976,True,False,OTHER
JBCN,Joda Block Cabin,UNKNOWN,UNKNOWN,,22.024168,85.43383,True,False,OTHER
PPTN,Piprithan,UNKNOWN,UNKNOWN,,26.484618,88.124798,True,False,OTHER
SKLI,Sukli,UNKNOWN,UNKNOWN,,21.677859,79.683653,True,False,OTHER
ANGM,Aungari Dham,UNKNOWN,UNKNOWN,,25.191332,85.226157,True,False,OTHER
KATI,Kanthi P Halt,West Bengal,UNKNOWN,"Kanthi, West Bengal",21.788743,87.734128,True,False,OTHER
NTS,Nattrasankottai,Tamil Nadu,SR,"Madurai - Thondi Rd, Tamil Nadu",9.880423,78.54143,True,False,OTHER
KDHN,Kandharan Halt,UNKNOWN,UNKNOWN,,28.594924,75.45245,True,False,OTHER
BWBN,Bewar Bhojan,UNKNOWN,UNKNOWN,,28.547682,75.568341,True,False,OTHER
GNDM,Gunrajpur Dhama,UNKNOWN,UNKNOWN,,26.069449,84.821135,True,False,OTHER
KBKN,Khabra Kalan,UNKNOWN,UNKNOWN,,29.322476,75.412296,True,False,OTHER
KRKM,Khara-Kameri,UNKNOWN,UNKNOWN,,25.427702,73.929025,True,False,OTHER
JES,Jaitsar,UNKNOWN,UNKNOWN,,29.342839,73.652289,True,False,OTHER
GGG,Gangagarh Halt,UNKNOWN,UNKNOWN,,27.850344,78.739109,True,False,OTHER
MDLM,MUNDALARAM,UNKNOWN,UNKNOWN,,23.687953,75.102087,True,False,OTHER
KTDD,KATAIYA DANDI,Uttar Pradesh,NCR,"Kataiya, Uttar Pradesh",25.149062,81.398481,True,False,OTHER
KNRI,KUNURI,UNKNOWN,UNKNOWN,,23.916306,87.611518,True,False,OTHER
KHW,KHERODA,UNKNOWN,UNKNOWN,,24.570581,74.068536,True,False,OTHER
AJIT,AJIT,Rajasthan,NWR,"State Highway 68, Rajasthan",25.860077,72.677955,True,False,OTHER
BKAC,BARKAKANA AVOIDING CABIN,UNKNOWN,UNKNOWN,,23.64052,85.463592,True,False,OTHER
CMMG,CHAMUNDA MARG,Himachal Pradesh,NR,"Chamunda Marg, Himachal Pradesh",32.110941,76.421027,True,False,OTHER
X108,Aman Lodge,UNKNOWN,UNKNOWN,,18.997761,73.27608,True,False,OTHER
BLDL,BALLE-DA-PIR-LA,Himachal Pradesh,NR,"Balle da pir larath, Himachal Pradesh",32.215731,75.932732,True,False,OTHER
GURN,Gurudas Nagar,West Bengal,ER,"Diamond Harbour Rd, West Bengal",22.199323,88.214928,True,False,OTHER
SOA,SANOSRA,Gujarat,WR,"State Highway 25, Gujarat",21.74811,71.789479,True,False,OTHER
BGRR,BAGARPUR HALT,UNKNOWN,UNKNOWN,,29.079066,78.278043,True,False,OTHER
FZR,FIROZPUR CANT,Punjab,NR,"Firozpur, Punjab",30.942486,74.618439,True,False,OTHER
LMGF,LUMDING JN,UNKNOWN,UNKNOWN,,25.750176,93.17674,True,False,OTHER
MDJN,Madar Jn,UNKNOWN,UNKNOWN,,26.464294,74.686507,True,False,OTHER
TZH,TAKAZHI,UNKNOWN,UNKNOWN,,9.3702,76.408316,True,False,OTHER
BVI,BORIVALI,Maharashtra,WR,"Mumbai, Maharashtra",19.228739,72.856412,True,False,Mumbai
PNTR,PENNATHUR HALT,UNKNOWN,UNKNOWN,,12.84996,79.123537,True,False,OTHER
GM,GARMADI,UNKNOWN,UNKNOWN,,23.72788,71.13394,True,False,OTHER
MBU,MELPATTAM BAKKAM,Tamil Nadu,SR,"Pattampakkam, Tamil Nadu",11.784898,79.622949,True,False,OTHER
BANR,Bhaner,UNKNOWN,UNKNOWN,,22.879186,72.97562,True,False,OTHER
CUD,TIRUPPAPPULIYUR,Tamil Nadu,SR,"Cuddalore, Tamil Nadu",11.748845,79.753441,True,False,OTHER
KWBR,KATWAR BAZAAR,UNKNOWN,UNKNOWN,,25.562644,82.448864,True,False,OTHER
NXH,NIDAGHATTA,UNKNOWN,UNKNOWN,,12.62535,77.088066,True,False,OTHER
LCAE,LALBAGH COURT ROAD,West Bengal,ER,"Lalbagh Court Road, West Bengal",24.173693,88.246307,True,False,OTHER
DKGN,DEKARGAON,UNKNOWN,UNKNOWN,,26.681166,92.763075,True,False,OTHER
KBGB,Komagata Maru Budge Budge,UNKNOWN,UNKNOWN,,22.492832,88.194422,True,False,OTHER
BTJL,BHATKAL,Karnataka,KR,"Bhatkal, Karnataka",13.98866,74.565559,True,False,OTHER
BGRA,BAGHNAPARA,West Bengal,ER,"Kalna-Memari Rd, West Bengal",23.242082,88.329724,True,False,OTHER
MGTD,MEGHPUR TITODI,UNKNOWN,UNKNOWN,,22.138132,69.451972,True,False,OTHER
LMGS,LUMDING SOUTH,UNKNOWN,UNKNOWN,,25.757118,93.163576,True,False,OTHER
DMWP,Dmw Patiala Halt,UNKNOWN,UNKNOWN,,30.361156,76.421543,True,False,OTHER
CSY,COSSYE,UNKNOWN,UNKNOWN,,22.406833,87.289649,True,False,OTHER
DDNA,Dudhaunda,Uttar Pradesh,NER,"Aunrihar, Uttar Pradesh",25.573305,83.084478,True,False,OTHER
MNGR,Mohan Nagar,UNKNOWN,UNKNOWN,,29.45876,73.523178,True,False,OTHER
DALF,DALI GANJ,UNKNOWN,UNKNOWN,,26.875644,80.927742,True,False,OTHER
KMPS,Kumara Patnam Bg Sdg,UNKNOWN,UNKNOWN,,14.527464,75.780127,True,False,OTHER
MABG,MATANA BUZURG,UNKNOWN,UNKNOWN,,23.113851,75.867117,True,False,OTHER
IKD,Ikdori,Madhya Pradesh,NCR,"State Highway 2, Madhya Pradesh",26.037543,76.940934,True,False,OTHER
BLDK,Balauda Takun,Madhya Pradesh,WR,"State Highway 27, Madhya Pradesh",22.877384,75.755456,True,False,OTHER
KRMP,Kumaripur Halt,UNKNOWN,UNKNOWN,,25.437544,87.605722,True,False,OTHER
GSRM,Gauri Sriram,UNKNOWN,UNKNOWN,,26.76998,84.186761,True,False,OTHER
BBRA,Bbra,UNKNOWN,UNKNOWN,,16.549141,81.53283,True,False,OTHER
JNRD,Junagarh Road,UNKNOWN,UNKNOWN,,19.874057,82.946083,True,False,OTHER
KSBP,Keshabpur,West Bengal,SER,"Haldia Mechada via Tamluk, West Bengal",22.221674,87.948672,True,False,OTHER
BVZ,Naloi Barwa,UNKNOWN,UNKNOWN,,28.963145,75.623857,True,False,OTHER
JNRI,Jalandari,UNKNOWN,UNKNOWN,,25.286385,75.342247,True,False,OTHER
TDPM,Todikkapulam Halt,UNKNOWN,SR,,11.153244,76.268569,True,False,OTHER
KHR,Khairee Halt,UNKNOWN,UNKNOWN,,22.343556,79.860374,True,False,OTHER
LLBR,Lalabazar,Assam,UNKNOWN,"Kalachera Rd, Assam",24.56185,92.610161,True,False,OTHER
SSPD,Sadashivapet Road,Andhra Pradesh,SCR,"Sadashivapet, Andhra Pradesh",17.483565,77.87282,True,False,OTHER
CWDA,Chuhriwala Dhanna,UNKNOWN,UNKNOWN,,30.212075,74.135569,True,False,OTHER
PADL,Padil,UNKNOWN,UNKNOWN,,12.874231,74.894329,True,False,OTHER
JMKL,JAMUNIA KALAN,UNKNOWN,UNKNOWN,,24.413061,74.888662,True,False,OTHER
PJPI,PRAJAPATI HALT,UNKNOWN,UNKNOWN,,26.815895,84.502163,True,False,OTHER
KGIH,KALGURKI HALT,UNKNOWN,UNKNOWN,,16.585004,75.775752,True,False,OTHER
BDVR,Bodavara,UNKNOWN,UNKNOWN,,18.175095,83.112494,True,False,OTHER
BEHT,BIHAT HALT,UNKNOWN,UNKNOWN,,25.44977,86.033456,True,False,OTHER
KNKP,KONDIKOPPA,UNKNOWN,UNKNOWN,,15.431088,75.469303,True,False,OTHER
MRPM,MATHURAPUR MOR HALT,UNKNOWN,UNKNOWN,,29.660955,78.422242,True,False,OTHER
CCBG,Chicholi Buzurg,UNKNOWN,UNKNOWN,,20.613113,79.912753,True,False,OTHER
SHHT,SINGHAUL HALT,UNKNOWN,UNKNOWN,,25.435009,86.09668,True,False,OTHER
SDPT,SEDARAMPATTU,UNKNOWN,UNKNOWN,,12.672036,79.202726,True,False,OTHER
ADX,ADAPUR,UNKNOWN,UNKNOWN,,26.924721,84.941759,True,False,OTHER
BKTB,BINDUKURI,UNKNOWN,UNKNOWN,,26.709022,92.734685,True,False,OTHER
KDBR,KHADKI BAZAR,UNKNOWN,UNKNOWN,,19.406761,77.832038,True,False,OTHER
DHWN,Dhaniyawan,UNKNOWN,UNKNOWN,,25.421986,85.287469,True,False,OTHER
STNR,Sitalnagar,UNKNOWN,UNKNOWN,,28.04419,74.245042,True,False,OTHER
GMK,GULMA KHOLA,UNKNOWN,UNKNOWN,,26.83822,88.43738,True,False,OTHER
NTWL,Netawal,UNKNOWN,UNKNOWN,,24.861017,74.45849,True,False,OTHER
NKBR,Narkatia Bazar,UNKNOWN,UNKNOWN,,26.488339,84.38246,True,False,OTHER
BRL,BARWALA ROAD,UNKNOWN,UNKNOWN,,22.902131,70.714894,True,False,OTHER
NPTY,NIMPURA THROUGH YARD,UNKNOWN,UNKNOWN,,22.325255,87.265053,True,False,OTHER
GMX,GURMURA,UNKNOWN,UNKNOWN,,24.354898,83.047774,True,False,OTHER
THSA,THANISANDRA,UNKNOWN,UNKNOWN,,13.057856,77.635509,True,False,OTHER
GOG,GHORGHAT,UNKNOWN,UNKNOWN,,25.27073,86.58456,True,False,OTHER
KNKD,Kankanadi,UNKNOWN,UNKNOWN,,12.866703,74.881137,True,False,OTHER
RXR,RANGAPAHAR,Nagaland,NFR,"Bridge, Nagaland",25.854971,93.707766,True,False,OTHER
OBAC,OBRA-A-CABIN,UNKNOWN,UNKNOWN,,24.446331,82.988313,True,False,OTHER
RDHP,RADHANPUR,Gujarat,WR,"Patan, Gujarat",23.84693,71.585594,True,False,OTHER
STNC,Sitarampur Link Cabin,UNKNOWN,UNKNOWN,,23.745854,86.885648,True,False,OTHER
MSBR,MUSAHIBPUR,UNKNOWN,UNKNOWN,,31.983448,75.609457,True,False,Chennai
BSPD,BIASPIND,UNKNOWN,UNKNOWN,,31.459179,75.632658,True,False,OTHER
CHAF,Chaf Halt,UNKNOWN,UNKNOWN,,26.82851,84.093969,True,False,OTHER
DBK,Darbari,UNKNOWN,UNKNOWN,,27.965527,73.100532,True,False,OTHER
IBHH,Ibhh,UNKNOWN,UNKNOWN,,21.846442,82.057491,True,False,OTHER
JDNM,JAGUDAN,UNKNOWN,UNKNOWN,,23.521871,72.401679,True,False,OTHER
IBHD,Ibhd,UNKNOWN,UNKNOWN,,21.443752,81.763465,True,False,OTHER
DBT,Dakshin Barasat,West Bengal,ER,"Barasat, West Bengal",22.226102,88.452286,True,False,OTHER
JULF,Jhulasan,UNKNOWN,UNKNOWN,,23.326449,72.471105,True,False,OTHER
BWIP,Bhawanipatna,UNKNOWN,UNKNOWN,,19.93393,83.158398,True,False,OTHER
KJR,Kalajhari,UNKNOWN,UNKNOWN,,20.369711,85.838015,True,False,OTHER
JDNF,Jagudan,UNKNOWN,UNKNOWN,,23.522071,72.401879,True,False,OTHER
BEHJ,Behj,UNKNOWN,UNKNOWN,,27.481951,77.396587,True,False,OTHER
GRCP,G. Ramchandrapur,UNKNOWN,UNKNOWN,,19.990686,83.330182,True,False,OTHER
GLKN,Gugalwa Kirtan,UNKNOWN,UNKNOWN,,28.545807,75.576076,True,False,OTHER
KCLA,Kenchanalu Halt,UNKNOWN,UNKNOWN,,14.017784,75.285447,True,False,OTHER
TNPR,Tejnarayanpur,UNKNOWN,UNKNOWN,,25.339562,87.710981,True,False,OTHER
TORA,Torniya,Gujarat,WR,"Torniya, Gujarat",21.450802,70.497006,True,False,OTHER
BRVR,Borvihir,Maharashtra,CR,"Dhule, Maharashtra",20.784326,74.841741,True,False,OTHER
TPNI,Tuiya Pani,Madhya Pradesh,SECR,"Pindrai, Madhya Pradesh",22.560296,80.010141,True,False,OTHER
VRK,Virkudi,UNKNOWN,UNKNOWN,,10.817963,79.648304,True,False,OTHER
BHRH,Bhuyar Halt,UNKNOWN,UNKNOWN,,20.712948,79.579542,True,False,OTHER
MTBG,Matia Barghat Halt,UNKNOWN,UNKNOWN,,26.941536,83.757104,True,False,OTHER
SMPC,Shambhupura C Cabin,UNKNOWN,UNKNOWN,,24.792781,74.638449,True,False,OTHER
GHPU,Gandhipuram Halt,Andhra Pradesh,SCR,"Gandhi Nagar, Andhra Pradesh",17.495052,80.31352,True,False,OTHER
STLB,Sitalpur Bengal,UNKNOWN,UNKNOWN,,21.774098,87.672822,True,False,OTHER
HPL,Haripal,West Bengal,ER,"State Highway 2, West Bengal",22.831158,88.11854,True,False,OTHER
WLGN,Walgaon,UNKNOWN,UNKNOWN,,21.020729,77.71074,True,False,OTHER
ADQ,Adhikari,UNKNOWN,UNKNOWN,,26.576892,88.169882,True,False,OTHER
DKCH,DAKACHA,UNKNOWN,UNKNOWN,,22.859111,75.951951,True,False,OTHER
KNB,KANIYAMBADI,UNKNOWN,UNKNOWN,,12.809317,79.124418,True,False,OTHER
NGON,NAUGAON,UNKNOWN,UNKNOWN,,26.130622,78.120358,True,False,OTHER
VLCA,VELLALCHERUVU H,UNKNOWN,UNKNOWN,,16.132576,79.891216,True,False,OTHER
SEI,SHENDRI,Maharashtra,CR,"State Highway 77, Maharashtra",18.130093,75.552627,True,False,OTHER
KHDH,Karahdih Halt,UNKNOWN,UNKNOWN,,25.068848,85.432679,True,False,OTHER
GRMT,GUR MARKET,UNKNOWN,UNKNOWN,,16.701278,74.264117,True,False,OTHER
MTDI,MALTEKDI,UNKNOWN,UNKNOWN,,19.1674,77.334354,True,False,OTHER
GPC,GHATPINDRAI,Madhya Pradesh,WCR,"Ghatpindra, Madhya Pradesh",22.952676,79.26631,True,False,OTHER
VPO,BHUPIA MAU,Uttar Pradesh,NR,"Dandupur, Uttar Pradesh",25.875223,81.970286,True,False,OTHER
BNOD,Benoda,UNKNOWN,UNKNOWN,,21.449663,78.180007,True,False,OTHER
LXA,LAKSWA,Assam,NFR,"Kukurachowa Gaon Rd, Assam",27.004637,94.843982,True,False,OTHER
VPY,VYASARPADI,UNKNOWN,UNKNOWN,,13.108535,80.256817,True,False,OTHER
SMRL,SAMRALA,UNKNOWN,UNKNOWN,,30.824281,76.182455,True,False,OTHER
ITMA,ITARSI MARSHALING YARD,UNKNOWN,UNKNOWN,,22.606346,77.759442,True,False,OTHER
CHUA,Chourai,UNKNOWN,UNKNOWN,,22.057632,79.246686,True,False,OTHER
SCV,Sukhchain,UNKNOWN,UNKNOWN,,29.767847,74.990098,True,False,Hyderabad
KUCH,KUCHAVARAM HALT,UNKNOWN,UNKNOWN,,17.732096,78.457224,True,False,OTHER
JUNX,JUNONA HALT,UNKNOWN,UNKNOWN,,19.476362,77.161843,True,False,OTHER
PBQ,Pathardih Bazar,UNKNOWN,UNKNOWN,,23.682542,86.431257,True,False,OTHER
KLV,KELVA ROAD,Maharashtra,WR,"Thane, Maharashtra",19.624601,72.790821,True,False,OTHER
KNC,KANCHANPUR ROAD,Madhya Pradesh,WCR,"Jabalpur, Madhya Pradesh",24.065548,81.660307,True,False,OTHER
LCNC,LUCKNOW CITY,UNKNOWN,UNKNOWN,,26.859254,80.917984,True,False,OTHER
CLDB,CHANDLODIYA (B),UNKNOWN,UNKNOWN,,23.094443,72.543267,True,False,OTHER
JRWN,Jirwan,UNKNOWN,UNKNOWN,,21.681178,76.501037,True,False,OTHER
GNST,GANDHI SMRITI,UNKNOWN,UNKNOWN,,20.920848,72.921021,True,False,OTHER
KHDB,KHODIYAR,UNKNOWN,UNKNOWN,,23.156344,72.548034,True,False,OTHER
WAT,WALTAIR,UNKNOWN,UNKNOWN,,17.722377,83.290081,True,False,OTHER
AMGA,AMJONGA,UNKNOWN,UNKNOWN,,25.981621,90.852967,True,False,OTHER
JITE,JITE,UNKNOWN,UNKNOWN,,18.842284,73.119827,True,False,OTHER
PUWA,Pauwara Halt,UNKNOWN,UNKNOWN,,21.098924,81.332987,True,False,OTHER
TPV,Tinpheria,UNKNOWN,UNKNOWN,,26.618891,84.292251,True,False,OTHER
MADP,MADHAPUR ROAD,UNKNOWN,UNKNOWN,,23.242661,69.716415,True,False,OTHER
EC28,PURA HALT,UNKNOWN,UNKNOWN,,24.815024,85.239555,True,False,OTHER
HRG,Hirdagarh,Madhya Pradesh,CR,"Dongar Parasia, Madhya Pradesh",22.142795,78.517436,True,False,OTHER
MADM,Matradham Halt,UNKNOWN,UNKNOWN,,22.048253,79.451401,True,False,OTHER
SASR,Sausar,Madhya Pradesh,SECR,"Sausar, Madhya Pradesh",21.658885,78.802525,True,False,OTHER
KUCE,Kuchai,UNKNOWN,UNKNOWN,,22.013657,86.695652,True,False,OTHER
GOF,Ghutiari Sharif,West Bengal,ER,"Ghutiari Shariff, West Bengal",22.367665,88.552115,True,False,OTHER
BJMA,Burj Mohar,UNKNOWN,UNKNOWN,,30.185034,74.205888,True,False,OTHER
BTSI,Batasi,UNKNOWN,UNKNOWN,,26.606703,88.175047,True,False,OTHER
KNU,Kanjh,UNKNOWN,UNKNOWN,,23.298285,72.148428,True,False,OTHER
UJJN,Ujjain Jn,UNKNOWN,UNKNOWN,,23.178194,75.781443,True,False,OTHER
NRF,Neralakatte Halt,UNKNOWN,UNKNOWN,,12.81674,75.125978,True,False,OTHER
SWMD,Sawai Madhopur D,UNKNOWN,UNKNOWN,,26.023662,76.362376,True,False,OTHER
BELT,Bela Halt,UNKNOWN,UNKNOWN,,25.038257,86.998259,True,False,OTHER
GZA,Gurujalas,UNKNOWN,UNKNOWN,,16.548407,79.639066,True,False,OTHER
BRRI,Birari,UNKNOWN,UNKNOWN,,24.731311,78.506997,True,False,OTHER
BRRZ,Barara Buzurg,UNKNOWN,UNKNOWN,,26.052652,81.084138,True,False,OTHER
BPGR,Benipurgram Halt,UNKNOWN,UNKNOWN,,26.317241,85.481349,True,False,OTHER
SHWL,SAHUWALA,UNKNOWN,UNKNOWN,,29.355217,73.812967,True,False,OTHER
PRSN,PARSA NAGAR,UNKNOWN,UNKNOWN,,26.776378,84.686924,True,False,OTHER
ATMO,AITHAL,Uttarakhand,NR,"Haridwar, Uttarakhand",29.80793,78.043623,True,False,OTHER
AGDL,AGRAN DHULGAON,Maharashtra,CR,"Jath Rd, Maharashtra",16.966118,74.924993,True,False,OTHER
GAHT,Ghusia Halt,UNKNOWN,UNKNOWN,,25.19195,84.247904,True,False,OTHER
TRK,TIRUKOILUR,UNKNOWN,UNKNOWN,,11.976052,79.223814,True,False,OTHER
SXA,SAGPHATA,UNKNOWN,UNKNOWN,,21.574033,76.392141,True,False,OTHER
RSRI,RAISHREE,UNKNOWN,UNKNOWN,,25.362076,77.591872,True,False,OTHER
JO,JO JAGABOR,Gujarat,NWR,"Jo Jagabor, Gujarat",23.739453,73.453045,True,False,OTHER
SXD,SIDULI,UNKNOWN,UNKNOWN,,23.649352,87.212326,True,False,OTHER
MGE,MIGRENDISA,Assam,NFR,"Migrendisa, Assam",25.171242,93.061557,True,False,OTHER
DHBI,DHABAULI HALT,UNKNOWN,UNKNOWN,,25.68209,85.342182,True,False,OTHER
SXO,SRIKONA,UNKNOWN,UNKNOWN,,24.837109,92.71008,True,False,OTHER
VLNK,VELANKANNI,UNKNOWN,UNKNOWN,,10.687499,79.846763,True,False,OTHER
TBU,THARBAN,UNKNOWN,UNKNOWN,,19.268289,77.671001,True,False,OTHER
DMBR,DUMRI BIHAR,UNKNOWN,ECR,,23.807394,85.766204,True,False,OTHER
AHN,AHIRAN,West Bengal,ER,"National Highway 34, West Bengal",24.517687,88.041125,True,False,OTHER
SGAM,SAREIGRAM,Madhya Pradesh,WCR,"Sidhi, Madhya Pradesh",24.039636,82.205614,True,False,OTHER
RPWN,Rambhawan Halt,UNKNOWN,UNKNOWN,,25.254748,85.239275,True,False,OTHER
KZPE,KAZIPARA HALT,UNKNOWN,UNKNOWN,,23.909674,88.188311,True,False,OTHER
HTA,Hatighisa,UNKNOWN,UNKNOWN,,26.68763,88.242284,True,False,OTHER
NGV,NAGLAVI,UNKNOWN,UNKNOWN,,15.454853,74.908742,True,False,OTHER
MIAN,MIANGRAM,West Bengal,ER,"Bazarsau, West Bengal",23.853212,88.17146,True,False,OTHER
CNY,KOLANALLI,UNKNOWN,UNKNOWN,,11.173277,77.861414,True,False,OTHER
KPM,KUMARAPURAM,UNKNOWN,UNKNOWN,,9.088507,77.833638,True,False,OTHER
SGAC,SOGARIYA CABIN,UNKNOWN,UNKNOWN,,25.230055,75.900221,True,False,OTHER
PYV,PAZHAYA SEEVARAM,Tamil Nadu,SR,"Palayasivaram, Tamil Nadu",12.777131,79.8777,True,False,OTHER
CNM,CHENGMARI,UNKNOWN,UNKNOWN,,26.863247,89.004024,True,False,OTHER
NGC,NEW GUWAHATI,UNKNOWN,UNKNOWN,,26.181703,91.792236,True,False,OTHER
AHQ,AHERA HALT,Uttar Pradesh,NR,"Tatiri, Uttar Pradesh",28.926421,77.278624,True,False,OTHER
STVA,SATYAVADA,Andhra Pradesh,SCR,"Coastal Andhra Region, Andhra Pradesh",16.799852,81.66986,True,False,OTHER
GIT,GHORPURI TRANSH,UNKNOWN,UNKNOWN,,18.525924,73.898769,True,False,OTHER
TRJ,Tariasujan,UNKNOWN,UNKNOWN,,26.653609,84.270833,True,False,OTHER
ODC,Oddam Hatram,UNKNOWN,UNKNOWN,,10.485599,77.746532,True,False,OTHER
HDT,HARDATTPUR,Uttar Pradesh,NER,"National Highway 2, Uttar Pradesh",25.276911,82.907599,True,False,OTHER
RDP,Radhikapur,West Bengal,NFR,"State Highway 10A, West Bengal",25.643574,88.448153,True,False,OTHER
NPH,Nurpura,UNKNOWN,UNKNOWN,,26.709463,77.852085,True,False,OTHER
NABN,Nagbhir Jn (Ng),UNKNOWN,UNKNOWN,,20.580232,79.700558,True,False,OTHER
KRRH,Kharuara Halt,UNKNOWN,UNKNOWN,,25.431778,85.543767,True,False,OTHER
DXU,Duhru,UNKNOWN,UNKNOWN,,26.083606,80.176723,True,False,OTHER
GIZ,Gidam,Chhattisgarh,ECoR,"National Highway 16, Chhattisgarh",18.934852,81.409001,True,False,OTHER
GIF,Gani Dham Halt,Bihar,ER,"Gani Dham, Bihar",25.163454,86.98627,True,False,OTHER
MVKR,Mahawan Khor Halt,UNKNOWN,UNKNOWN,,26.975829,83.276815,True,False,OTHER
JTT,Jumapatti,UNKNOWN,UNKNOWN,,19.004154,73.308384,True,False,OTHER
JTN,Jotana,UNKNOWN,UNKNOWN,,23.459002,72.29427,True,False,OTHER
MGT,Magra Hat,West Bengal,ER,"Magra Hat, West Bengal",22.242111,88.372713,True,False,OTHER
MNX,Manganallur,UNKNOWN,UNKNOWN,,11.02421,79.649805,True,False,OTHER
CTPR,Chinta Parru Ha,UNKNOWN,UNKNOWN,,16.534799,81.706605,True,False,OTHER
KMZA,Kankra Mirzanagar,West Bengal,ER,"Mirzanagar, West Bengal",22.658005,88.721428,True,False,OTHER
KRGN,Kargaon Halt,UNKNOWN,UNKNOWN,,20.801363,79.41345,True,False,OTHER
PUSA,Pusla,UNKNOWN,UNKNOWN,,21.493096,78.354883,True,False,OTHER
CMY,Chintamani,UNKNOWN,UNKNOWN,,13.410991,78.054565,True,False,OTHER
SGYW,Singriawan,UNKNOWN,UNKNOWN,,25.409517,85.284535,True,False,OTHER
DZL,Dhana Ladanpur,UNKNOWN,UNKNOWN,,28.750217,76.166758,True,False,OTHER
MAHD,Mohadi Praganel,UNKNOWN,UNKNOWN,,21.294083,79.726457,True,False,OTHER
ANM,ANAIMALAI ROAD,UNKNOWN,UNKNOWN,,10.624894,76.935071,True,False,OTHER
TNI,TANDARAI,UNKNOWN,UNKNOWN,,12.118007,79.147013,True,False,OTHER
BGAR,BANGARI,UNKNOWN,UNKNOWN,,26.538089,84.921285,True,False,OTHER
TKRP,Tikauli Rawatpur,Uttar Pradesh,NR,"Tikauli Rawatpur Railway Station, Uttar Pradesh",26.399047,80.613163,True,False,OTHER
NVD,NAVALGUND RD,UNKNOWN,UNKNOWN,,15.434894,75.354461,True,False,OTHER
LUSA,LUSA,Uttar Pradesh,NCR,"State Highway 5, Uttar Pradesh",24.876546,82.843318,True,False,OTHER
CAER,CHHANERA,Madhya Pradesh,WCR,"Chhanera, Madhya Pradesh",21.963965,76.707775,True,False,OTHER
KTW,KOTDWARA,Uttarakhand,NR,"Kotdwara, Uttarakhand",29.742928,78.521164,True,False,OTHER
BNGM,BANGURGRAM HALT,UNKNOWN,UNKNOWN,,26.140112,74.348247,True,False,OTHER
LAC,LACHHIPURA,UNKNOWN,UNKNOWN,,26.323672,74.653294,True,False,OTHER
BMHT,Baraw More,UNKNOWN,UNKNOWN,,25.043794,84.062036,True,False,OTHER
RNRD,RANIPUR ROAD,Uttar Pradesh,NCR,"Mau Ranipur, Uttar Pradesh",25.270918,79.055869,True,False,OTHER
SIRL,Shirala,UNKNOWN,UNKNOWN,,21.123836,77.726017,True,False,OTHER
TRSR,TARSAI,UNKNOWN,UNKNOWN,,21.764673,69.848031,True,False,OTHER
LAA,LAKHPAT,UNKNOWN,UNKNOWN,,23.597666,71.028821,True,False,OTHER
GKX,Ghai Kalan,UNKNOWN,UNKNOWN,,30.822828,75.108915,True,False,OTHER
GKT,Gankhera Halt,UNKNOWN,UNKNOWN,,21.389118,80.191891,True,False,OTHER
BRNR,BARUANAGAR,Assam,NFR,"Moran to Naharkatiya Rd, Assam",27.143953,95.233638,True,False,OTHER
ANQ,AMNAPUR,UNKNOWN,UNKNOWN,,17.049465,74.459554,True,False,OTHER
NTT,NATHAPETTAI,Tamil Nadu,SR,"Nathapettai - Kaliyanoor Rd, Tamil Nadu",12.824069,79.75615,True,False,OTHER
NKU,NAKARDEI,UNKNOWN,UNKNOWN,,26.948686,84.891669,True,False,OTHER
RRNH,RAMRUPNAGAR,UNKNOWN,UNKNOWN,,26.790374,85.162249,True,False,OTHER
PRWS,PATTABIRAM WEST,UNKNOWN,UNKNOWN,,13.120184,80.051876,True,False,OTHER
BAHW,Bahir Khanda,West Bengal,ER,"State Highway 2, West Bengal",22.851949,88.071068,True,False,OTHER
HHP,HARHAR FATEHPUR,UNKNOWN,UNKNOWN,,29.562249,77.387342,True,False,OTHER
SRKR,Salar Khurd,UNKNOWN,UNKNOWN,,26.447388,84.273451,True,False,OTHER
UAR,UNAWA AITHOR,UNKNOWN,UNKNOWN,,23.759404,72.385119,True,False,OTHER
VRLR,VIRANI ALUR,Tamil Nadu,SR,"Kanyakumari, Tamil Nadu",8.194645,77.368699,True,False,OTHER
HKNT,Hiwarkheda,UNKNOWN,UNKNOWN,,21.40605,78.067716,True,False,OTHER
GZKA,Gzka,UNKNOWN,UNKNOWN,,27.607734,76.655091,True,False,OTHER
VRLF,Veraval Mg,UNKNOWN,UNKNOWN,,20.913261,70.370599,True,False,OTHER
MSWA,Masaniwala,UNKNOWN,UNKNOWN,,29.399943,73.590387,True,False,Chennai
KPDH,Kapurdha Halt,Madhya Pradesh,SECR,"SH 26, Madhya Pradesh",22.053903,79.304203,True,False,OTHER
MKBH,Manwala Kot Bakhtu,UNKNOWN,UNKNOWN,,30.040499,74.95205,True,False,OTHER
GRKA,Gurha Kemla,UNKNOWN,UNKNOWN,,28.313586,76.255249,True,False,OTHER
GSGB,Gosaingram,West Bengal,ER,"Murshidabad District, West Bengal",24.248003,88.211777,True,False,OTHER
VZR,Bhanjpur,UNKNOWN,UNKNOWN,,21.95074,86.73407,True,False,OTHER
TAKL,Takal,UNKNOWN,UNKNOWN,,21.649222,76.542513,True,False,OTHER
NRSD,New Runnisaidpur Halt,UNKNOWN,UNKNOWN,,26.385382,85.515932,True,False,OTHER
CBP,Chik Ballapur,Karnataka,SWR,"Chik Ballapur, Karnataka",13.431315,77.73254,True,False,OTHER
PRUR,Prithwirajpur,UNKNOWN,UNKNOWN,,29.956914,73.757001,True,False,OTHER
NKK,Narikkudi,UNKNOWN,UNKNOWN,,9.607658,78.337128,True,False,OTHER
NKN,Nyoli Kalan,UNKNOWN,UNKNOWN,,29.189764,75.633124,True,False,OTHER
PPDI,Pipradih,UNKNOWN,UNKNOWN,,24.993665,86.994488,True,False,OTHER
BLHI,Bisalehalli,UNKNOWN,UNKNOWN,,13.482612,75.966686,True,False,OTHER
DSHI,Doddasiddavanha,UNKNOWN,UNKNOWN,,14.209931,76.48848,True,False,OTHER
BJKN,Bajekan,UNKNOWN,UNKNOWN,,29.524298,75.099097,True,False,OTHER
DTT,Doddanatta Halt,UNKNOWN,UNKNOWN,,13.374454,78.133896,True,False,OTHER
CBZ,Churaibari,Tripura,NFR,"Churaibari, Tripura",24.433621,92.241248,True,False,OTHER
MVA,Malaka Vemala,UNKNOWN,UNKNOWN,,14.268888,78.053936,True,False,OTHER
BIML,Bhimal,Rajasthan,NWR,"Rajsamand, Rajasthan",24.752431,73.92244,True,False,OTHER
MZB,Mahuli Halt,UNKNOWN,UNKNOWN,,21.033308,79.315031,True,False,OTHER
WOC,Warud Orange City,UNKNOWN,UNKNOWN,,21.458721,78.276164,True,False,OTHER
SANH,SANHA HALT,UNKNOWN,UNKNOWN,,25.427407,86.368432,True,False,OTHER
IFCO,IFFCO CABIN,UNKNOWN,UNKNOWN,,23.179203,72.535718,True,False,OTHER
KGRA,KANGRA,Himachal Pradesh,NR,"Kangra, Himachal Pradesh",32.085157,76.262565,True,False,OTHER
MJKN,MAJRI KHADAN,UNKNOWN,UNKNOWN,,20.109731,79.019078,True,False,OTHER
PMD,PAMIDI,UNKNOWN,UNKNOWN,,14.980727,77.599045,True,False,OTHER
PRM,PIRUMADARA,Uttarakhand,NER,"Nainital District, Uttarakhand",29.327364,79.045744,True,False,OTHER
SKK,SIKKAL,Tamil Nadu,SR,"Sikkal, Tamil Nadu",10.753121,79.790691,True,False,OTHER
RSC,RAMGANGA SOUTH,UNKNOWN,UNKNOWN,,28.295969,79.369788,True,False,Hyderabad
PLG,PALGHAR,Maharashtra,WR,"Palghar, Maharashtra",19.698038,72.77248,True,False,OTHER
PPLC,PIMPLA CHAURE HALT,UNKNOWN,UNKNOWN,,19.286455,77.132535,True,False,OTHER
KLNT,KALINAGAR,UNKNOWN,UNKNOWN,,23.365861,88.335819,True,False,OTHER
ARJ,AUNRIHAR JN,Uttar Pradesh,NER,"Ghazipur, Uttar Pradesh",25.54466,83.187272,True,False,OTHER
TNDN,THANDONI,UNKNOWN,UNKNOWN,,10.93648,78.108515,True,False,OTHER
MBT,MARWAR BIRTHI,Rajasthan,NWR,"National Highway 15, Rajasthan",27.099589,72.290171,True,False,OTHER
PLE,PIPLEE,UNKNOWN,UNKNOWN,,23.817141,71.530851,True,False,OTHER
MTSK,MOTA SURKA,UNKNOWN,UNKNOWN,,21.724542,71.924583,True,False,OTHER
NRK,NARAIKKINAR,Tamil Nadu,SR,"Palayamkottai - Kolathur - Nagalapuram - Aruppukottai Rd, Tamil Nadu",8.862519,77.841953,True,False,OTHER
GPW,GHAUNSPUR,UNKNOWN,UNKNOWN,,31.870626,75.637528,True,False,OTHER
PTRL,PATHRALA,Punjab,NWR,"National Highway 64, Punjab",30.006625,74.743953,True,False,OTHER
PEH,Pathardih Junction,Jharkhand,ECR,"Jairampur More to Baliapur, Jharkhand",23.675525,86.43456,True,False,OTHER
NIN,Nimkana,UNKNOWN,UNKNOWN,,20.295401,86.376438,True,False,OTHER
NIT,Naikot,UNKNOWN,UNKNOWN,,27.361006,83.396612,True,False,OTHER
KAMA,Kamta Halt,UNKNOWN,UNKNOWN,,25.336744,85.277916,True,False,OTHER
NDKR,Nandakumar P.H.,West Bengal,UNKNOWN,"Haldia Mechada via Tamluk, West Bengal",22.190924,87.927872,True,False,OTHER
RNU,Ratnapur,UNKNOWN,UNKNOWN,,21.474117,76.651361,True,False,OTHER
BMZ,Bamour Gaon,Madhya Pradesh,NCR,"National Highway 3, Madhya Pradesh",26.348467,78.077861,True,False,OTHER
BXG,Bhanga,Assam,NFR,"National Highway 44, Assam",24.857347,92.457351,True,False,OTHER
BORA,Bagdogra,UNKNOWN,UNKNOWN,,26.69777,88.324455,True,False,OTHER
PTMS,Pattabiram Military,UNKNOWN,UNKNOWN,,13.136714,80.059752,True,False,Chennai
LHNR,Lakshmanpur Halt,UNKNOWN,UNKNOWN,,27.53183,82.339764,True,False,Kolkata
LHNA,Lohanda,UNKNOWN,UNKNOWN,,25.354115,85.279024,True,False,OTHER
KLNC,Kullanchavadi,UNKNOWN,UNKNOWN,,11.628136,79.667563,True,False,OTHER
PGDI,Pagidirai Halt,UNKNOWN,UNKNOWN,,15.283,77.601554,True,False,OTHER
JPD,Jalalpur Dhai,Uttar Pradesh,UNKNOWN,"State Highway 38, Uttar Pradesh",26.021201,81.135977,True,False,OTHER
BGV,Balegundi,UNKNOWN,UNKNOWN,,14.150947,75.118565,True,False,OTHER
BGY,Bangriposi,UNKNOWN,UNKNOWN,,22.130678,86.501362,True,False,OTHER
KMEZ,Kumar Maranga,UNKNOWN,UNKNOWN,,19.038845,81.94987,True,False,OTHER
BLSR,Belasar,UNKNOWN,UNKNOWN,,27.995122,73.653205,True,False,OTHER
SHYP,Sakarayapatna,UNKNOWN,UNKNOWN,,13.430424,75.928477,True,False,OTHER
JWNR,Jawaharnagar,Tripura,NFR,"National Highway 44, Tripura",23.924911,91.895623,True,False,OTHER
RJLK,Rajalukah,UNKNOWN,UNKNOWN,,22.125193,86.642242,True,False,OTHER
MRWS,Marwar Ranawas,Rajasthan,NWR,"State Highway 61, Rajasthan",25.669354,73.739883,True,False,OTHER
NMH,NIMACH,Madhya Pradesh,WR,"MDR 11A, Madhya Pradesh",24.459873,74.853025,True,False,OTHER
SUIA,SURAINCHA,Uttar Pradesh,NER,"Suraincha, Uttar Pradesh",27.33652,80.830108,True,False,OTHER
SGM,SOLGAMPATTI,Tamil Nadu,SR,"Thirunedukulam To Paper Mill Rd, Tamil Nadu",10.785689,78.858717,True,False,OTHER
DN,DHANARI,Uttar Pradesh,NR,"State Highway 39, Uttar Pradesh",28.328461,78.509596,True,False,OTHER
JVN,JORAWARNAGAR JN,Gujarat,WR,"Surendra Nagar, Gujarat",22.71246,71.641594,True,False,OTHER
UKLR,Ukilerhat Halt,West Bengal,ER,"National Highway 117, West Bengal",21.824712,88.230351,True,False,OTHER
KOQ,KUTHUR,Tamil Nadu,SR,"Nagappattinam - Trichy - Karur- Coimbatore - Mettupalayam - Ooty - Gundlupet Road(Vandikara Street), Tamil Nadu",10.755434,79.718883,True,False,OTHER
MAV,MARIAMMANKOVIL,Tamil Nadu,SR,"Mariammankoil Railway Station Rd, Tamil Nadu",10.773265,79.198201,True,False,OTHER
BLRR,Belandur Road,Karnataka,SWR,"Bengaluru, Karnataka",12.936565,77.706939,True,False,Bangalore
SRDW,SHRIMAD DWARAKAPURI,Uttar Pradesh,NCR,"Shrimad Dwarakapuri, Uttar Pradesh",27.364691,79.569638,True,False,OTHER
SKBR,SHANKARPUR BHADAURA,Madhya Pradesh,WCR,"Madhya Pradesh, Madhya Pradesh",24.083218,81.931447,True,False,OTHER
SCKR,SALICHAUKA ROAD,Madhya Pradesh,WCR,"Gadarwara, Madhya Pradesh",22.833649,78.676291,True,False,Hyderabad
GGO,Goram Ghat,Rajasthan,NWR,"Pali, Rajasthan",25.635531,73.849246,True,False,OTHER
PTNR,PATEL NAGAR,Delhi NCT,NR,"Najafgarh Road Industrial Area, Delhi NCT",28.660009,77.15626,True,False,Delhi
BGO,BOGRI ROAD,West Bengal,SER,"Bridge over Krishnanagore, West Bengal",22.881747,87.325732,True,False,OTHER
BNKA,Bankim Nagar,West Bengal,ER,"State Highway 11, West Bengal",23.209059,88.591909,True,False,OTHER
SSPH,Satish Samanta P.H.,West Bengal,UNKNOWN,"Mahishadal Geonkhali Rd, West Bengal",22.194485,87.987567,True,False,OTHER
RGB,RAMGANGA,Uttar Pradesh,NR,"State Highway 33, Uttar Pradesh",28.298118,79.375029,True,False,OTHER
JRU,CHIKJAJUR JN,Karnataka,SWR,"Chikkajajur, Karnataka",14.126112,76.138705,True,False,OTHER
PLI,PETTAIVAYATALAI,Tamil Nadu,SR,"Pettavaithalai, Tamil Nadu",10.898666,78.495114,True,False,OTHER
AVLI,ARAVALLI,Andhra Pradesh,SCR,"West Godavari, Andhra Pradesh",16.620491,81.599095,True,False,OTHER
KHST,KASHANATTI,UNKNOWN,UNKNOWN,,15.464278,74.829594,True,False,OTHER
HVL,HONNAVALLI ROAD,Karnataka,SWR,"National Highway 206, Karnataka",13.274499,76.390049,True,False,OTHER
SSNH,SREE SARADANAGAR HALT,Karnataka,SWR,"Tiptur, Karnataka",13.260739,76.454627,True,False,OTHER
CXA,Chandsara,Uttar Pradesh,NR,"Chandsara, Uttar Pradesh",28.876214,77.725745,True,False,OTHER
BTIB,BHATINDA B CABIN,UNKNOWN,UNKNOWN,,30.150805,74.940231,True,False,OTHER
ANPR,Anpara,Uttar Pradesh,ECR,"Sonebhadra, Uttar Pradesh",24.217386,82.766166,True,False,OTHER
CTRD,Chitrawad,Gujarat,WR,"Chitravad And Borvav Railway Station, Gujarat",21.101116,70.557048,True,False,OTHER
TNGM,TONDALAGOPAVARAM,Andhra Pradesh,SCR,"Tondalagopavaram Station, Andhra Pradesh",16.86827,80.430783,True,False,OTHER
KHSN,KHERA SANDHAN HALT,UNKNOWN,UNKNOWN,,27.240587,77.727048,True,False,OTHER
RCF,KAPURTHALA RAIL COACH FACTORY,Punjab,NR,"kapurthala, Punjab",31.326976,75.34282,True,False,OTHER
UKR,UDALKACHAR,Madhya Pradesh,SECR,"National Highway 78, Madhya Pradesh",23.287243,82.291923,True,False,OTHER
FAH,FATEHA HALT,UNKNOWN,UNKNOWN,,25.598419,85.871458,True,False,OTHER
BIWK,BISALWAS KALAN,Rajasthan,WR,"MDR 11A, Rajasthan",24.500035,74.783084,True,False,OTHER
TDPR,TIRUPADRIPULYUR,Tamil Nadu,SR,"Cuddalore, Tamil Nadu",11.748883,79.753349,True,False,OTHER
GOPL,GUNDLA POCHAMPALLI,Andhra Pradesh,SCR,"Telangana Region, Andhra Pradesh",17.567577,78.487851,True,False,OTHER
SNPH,SHANKAPUR HALT,UNKNOWN,UNKNOWN,,18.066119,78.402104,True,False,OTHER
TMU,TIRUMANTHIKUNAM,Tamil Nadu,SR,"Nagappattinam - Trichy - Karur- Coimbatore - Mettupalayam - Ooty - Gundlupet Road(Vandikara Street), Tamil Nadu",10.767734,79.534339,True,False,OTHER
PURA,PURA HALT,UNKNOWN,UNKNOWN,,24.815194,85.239725,True,False,OTHER
TMA,Tamuria,Bihar,ECR,"Bihar, Bihar",26.245715,86.352761,True,False,OTHER
TMB,Temburu,Andhra Pradesh,ECoR,"Paralakhemundi, Andhra Pradesh",18.633565,84.126963,True,False,OTHER
SKBN,SILAKHEDI,UNKNOWN,UNKNOWN,,23.093053,76.057298,True,False,OTHER
SWI,SWAMIMALAI,Tamil Nadu,SR,"Swamimalai, Tamil Nadu",10.942234,79.328785,True,False,OTHER
RCJ,RANYAL JASMIYA,Madhya Pradesh,WR,"Devas, Madhya Pradesh",23.161929,76.072554,True,False,OTHER
VVB,VIVEKA VIHAR,Delhi NCT,NR,"Jhilmil Industrial Area, Delhi NCT",28.673319,77.31951,True,False,Delhi
BARD,DUVRI KALAN,Madhya Pradesh,WCR,"State Highway 9, Madhya Pradesh",23.994181,81.507968,True,False,OTHER
GWS,GAUSHALA,Uttarakhand,NER,"National Highway 121, Uttarakhand",29.298626,79.009802,True,False,OTHER
NJN,NAOJAN,Assam,NFR,"local Rd, Assam",26.13131,93.846465,True,False,OTHER
CCT,KAKINADA TOWN,Andhra Pradesh,SCR,"East Godavari, Andhra Pradesh",16.96701,82.232922,True,False,OTHER
MVP,MOKHASA KALVPDI,Andhra Pradesh,SCR,"Putlacheruvu, Andhra Pradesh",16.495533,81.13029,True,False,OTHER
DBRT,DIBRUGARH TOWN,Assam,NFR,"Dibrugarh, Assam",27.478113,94.901974,True,False,OTHER
NJT,NAGERCOIL TOWN,Tamil Nadu,SR,"Nagercoil, Tamil Nadu",8.199572,77.419432,True,False,OTHER
MMH,MAHADANAPURAM,Tamil Nadu,SR,"Nagappattinam - Gundlupet Road(Vandikara Street), Tamil Nadu",10.953711,78.299178,True,False,OTHER
HWT,HANWANT,Rajasthan,NWR,"Basni, Rajasthan",26.059514,73.005205,True,False,OTHER
GWO,Gwalior NG,Madhya Pradesh,NCR,"Gwalior, Madhya Pradesh",26.216473,78.182282,True,False,OTHER
KASH,Kulthamabdullashah Halt,Punjab,NR,"Kulthamabdullashah, Punjab",31.203335,75.848386,True,False,OTHER
BMSN,Bamsin,Rajasthan,NWR,"SH 66, Rajasthan",25.762983,72.544235,True,False,Chennai
DHCA,Dhaca Cantt.,Bangladesh,UNKNOWN,"Dhaka, Bangladesh",23.815527,90.410617,True,False,OTHER
SAKD,Suprakandi,UNKNOWN,UNKNOWN,,24.788433,92.37868,True,False,OTHER
KRRI,Khairranji,UNKNOWN,UNKNOWN,,22.419012,80.039379,True,False,OTHER
RCP,Ramachandrapur,Uttar Pradesh,NR,"Lucknow Allahabad Rd, Uttar Pradesh",25.996484,81.267274,True,False,OTHER
GNTR,Gauntra Halt,Uttar Pradesh,NR,"Gauntra, Uttar Pradesh",27.134446,80.217856,True,False,OTHER
NAVI,Navi Amravati,UNKNOWN,UNKNOWN,,20.902137,77.732428,True,False,OTHER
FAN,Fatehnagar,Rajasthan,NWR,"Fatehnagar, Rajasthan",24.81828,74.095782,True,False,OTHER
CCP,Chhuchhapura Junction,Gujarat,WR,"SH 159, Gujarat",22.214729,73.594519,True,False,OTHER
CIF,Chhapra Kacheri Jn.,UNKNOWN,UNKNOWN,,25.786151,84.746619,True,False,OTHER
CCO,Chicholi,UNKNOWN,UNKNOWN,,21.458741,79.702691,True,False,OTHER
BHGH,Bhairgachhi,West Bengal,ER,"Ranaghat-Bagula Bypass, West Bengal",23.274779,88.634016,True,False,OTHER
BHV,Bhoma,Madhya Pradesh,SECR,"State Highway 11A, Madhya Pradesh",22.171372,79.689457,True,False,OTHER
WDLN,WADWAL NAGNATH,Maharashtra,SCR,"Wadwal Nagnath, Maharashtra",18.538466,76.80741,True,False,OTHER
BRHD,BABA RAGHUNI HALT DWARIKA,UNKNOWN,UNKNOWN,,25.760047,86.596798,True,False,OTHER
TKBN,TSAKIBANDA,Andhra Pradesh,SWR,"Rayalaseema Region, Andhra Pradesh",15.163457,77.178109,True,False,OTHER
KFY,KARAPGAON,Madhya Pradesh,WCR,"National Highway 26, Madhya Pradesh",22.915557,78.98454,True,False,OTHER
SXF,SOBHAPUR,Madhya Pradesh,WCR,"State Highway 22, Madhya Pradesh",22.727429,78.291881,True,False,OTHER
BNK,BANASANKARAI HA,Karnataka,SWR,"National Highway 206, Karnataka",13.265608,76.52306,True,False,OTHER
BXHT,Boxirhat,UNKNOWN,UNKNOWN,,26.307287,89.751593,True,False,OTHER
MFH,MAHRAULI,UNKNOWN,UNKNOWN,,28.663865,77.468815,True,False,OTHER
AKNR,ADHYATMIK NAGAR,UNKNOWN,UNKNOWN,,28.679874,77.499727,True,False,OTHER
DS,DASNA,UNKNOWN,UNKNOWN,,28.690719,77.528116,True,False,OTHER
PKW,PILKHUA,UNKNOWN,UNKNOWN,,28.712335,77.668008,True,False,OTHER
KKMB,KASTLA KASAMBAD,UNKNOWN,UNKNOWN,,28.721071,77.710295,True,False,OTHER
HPU,HAPUR,UNKNOWN,UNKNOWN,,28.739613,77.779576,True,False,OTHER
BBO,BABUGARH,UNKNOWN,UNKNOWN,,28.747393,77.855523,True,False,OTHER
QXR,KUCHESAR ROAD,UNKNOWN,UNKNOWN,,28.746651,77.913232,True,False,OTHER
SKHR,SIKHERA MB HALT,UNKNOWN,UNKNOWN,,28.756715,77.94997,True,False,OTHER
SMBL,SIMBHOOLI,UNKNOWN,UNKNOWN,,28.765191,77.983472,True,False,OTHER
GMS,GARHMUKTESAR,UNKNOWN,UNKNOWN,,28.781743,78.073508,True,False,Chennai
GGB,GARHMUKTESAR BR,UNKNOWN,UNKNOWN,,28.7614,78.14122,True,False,OTHER
KHE,KANKATHER,UNKNOWN,UNKNOWN,,28.801361,78.180192,True,False,OTHER
GJL,GAJRAULA JN,UNKNOWN,UNKNOWN,,28.834938,78.250784,True,False,OTHER
MHHR,MAHESRA,UNKNOWN,UNKNOWN,,28.856392,78.330321,True,False,OTHER
KFPR,KAFURPUR,UNKNOWN,UNKNOWN,,28.865412,78.359332,True,False,OTHER
AMRO,AMROHA,UNKNOWN,UNKNOWN,,28.892688,78.474329,True,False,OTHER
KIV,KAIALSA,UNKNOWN,UNKNOWN,,28.880252,78.560568,True,False,OTHER
CKLT,CHAK KALI LAIT,UNKNOWN,UNKNOWN,,28.874271,78.611771,True,False,OTHER
HKP,HAKIMPUR,UNKNOWN,UNKNOWN,,28.879482,78.658864,True,False,OTHER
LDP,LODIPUR BISHANPUR,UNKNOWN,UNKNOWN,,28.872302,78.709099,True,False,OTHER
LPB,LODIPUR BISHANP,UNKNOWN,UNKNOWN,,28.869781,78.718028,True,False,OTHER
BZR,BISRA,UNKNOWN,UNKNOWN,,22.248412,84.998591,True,False,OTHER
BUL,BHALULATA,UNKNOWN,UNKNOWN,,22.266491,85.060382,True,False,OTHER
JRA,JARAIKELA,UNKNOWN,UNKNOWN,,22.309556,85.113703,True,False,OTHER
MOU,MANOHARPUR,UNKNOWN,UNKNOWN,,22.373359,85.196894,True,False,OTHER
PST,POSOTIA,UNKNOWN,UNKNOWN,,22.447129,85.254753,True,False,OTHER
DRWN,DEROWAN P. HALT,UNKNOWN,UNKNOWN,,22.487947,85.299778,True,False,OTHER
MXW,MAHADEV SAL,UNKNOWN,UNKNOWN,,22.510448,85.328849,True,False,OTHER
GOL,GOILKERA,UNKNOWN,UNKNOWN,,22.50529,85.379352,True,False,OTHER
TUX,TUNIA,UNKNOWN,UNKNOWN,,22.540309,85.426059,True,False,OTHER
SWR,SONUA,UNKNOWN,UNKNOWN,,22.576498,85.464081,True,False,OTHER
LPH,LOTAPAHAR,UNKNOWN,UNKNOWN,,22.617663,85.565671,True,False,OTHER
CKP,CHAKRADHARPUR,UNKNOWN,UNKNOWN,,22.678979,85.627771,True,False,OTHER
BRM,BARABAMBO,UNKNOWN,UNKNOWN,,22.701697,85.72903,True,False,OTHER
RKSN,RAJKHARSAWAN JN,UNKNOWN,UNKNOWN,,22.733525,85.811158,True,False,OTHER
MMV,MAHALI MARUP,UNKNOWN,UNKNOWN,,22.757135,85.879316,True,False,OTHER
SINI,SINI JN,UNKNOWN,UNKNOWN,,22.78946,85.947026,True,False,OTHER
BRBS,BIRBANS,UNKNOWN,UNKNOWN,,22.793975,86.013939,True,False,OTHER
WADI,WADI,UNKNOWN,UNKNOWN,,17.054312,76.99155,True,False,OTHER
MPK,CHENNAI PARK,UNKNOWN,UNKNOWN,,13.080627,80.27285,True,False,Chennai
MSF,CHENNAI FORT,UNKNOWN,UNKNOWN,,13.08354,80.282936,True,False,Chennai
MSB,CHENNAI BEACH,UNKNOWN,UNKNOWN,,13.09034,80.291601,True,False,Chennai
RPM,ROYAPURAM,UNKNOWN,UNKNOWN,,13.103503,80.293152,True,False,OTHER
WST,WASHERMANPET,UNKNOWN,UNKNOWN,,13.109223,80.28302,True,False,OTHER
TIM,TIMMANACHERLA,UNKNOWN,UNKNOWN,,15.163466,77.394077,True,False,OTHER
NKDO,NAKKANADODDI,UNKNOWN,UNKNOWN,,15.165309,77.476679,True,False,OTHER
PLU,PATAKOTTACHERU,UNKNOWN,UNKNOWN,,15.172077,77.521795,True,False,OTHER
GY,GOOTY JN,UNKNOWN,UNKNOWN,,15.149208,77.625823,True,False,OTHER
GYJ,GOOTY JUNCTION CABIN,UNKNOWN,UNKNOWN,,15.140041,77.650955,True,False,OTHER
JKO,JAKKALACHERUVU,UNKNOWN,UNKNOWN,,15.109121,77.726953,True,False,OTHER
RLO,RAYALCHERUVU,UNKNOWN,UNKNOWN,,15.055957,77.821035,True,False,OTHER
VML,VEMULAPADU,UNKNOWN,UNKNOWN,,15.022098,77.851379,True,False,OTHER
JUR,JUTTURU,UNKNOWN,UNKNOWN,,14.978847,77.898103,True,False,OTHER
KMQA,KOMALI,UNKNOWN,UNKNOWN,,14.936387,77.927597,True,False,OTHER
TU,TADIPATRI,UNKNOWN,UNKNOWN,,14.907558,77.978985,True,False,OTHER
CLPE,CHALLAVARIPALLI,UNKNOWN,UNKNOWN,,14.876728,78.034438,True,False,OTHER
VRN,VANGANUR,UNKNOWN,UNKNOWN,,14.847442,78.080906,True,False,OTHER
RLL,REGADIPALLI,UNKNOWN,UNKNOWN,,14.813572,78.136002,True,False,OTHER
KDP,KONDAPURAM,UNKNOWN,UNKNOWN,,14.773549,78.193462,True,False,OTHER
MUM,MANGAPATNAM,UNKNOWN,UNKNOWN,,14.736696,78.260753,True,False,OTHER
CIN,CHINTAKUNTA,UNKNOWN,UNKNOWN,,14.7197,78.32388,True,False,OTHER
MOO,MUDDANURU,UNKNOWN,UNKNOWN,,14.688415,78.395393,True,False,OTHER
KMH,KALAMALIA,UNKNOWN,UNKNOWN,,14.667107,78.470174,True,False,OTHER
YA,YERRAGUNTLA,UNKNOWN,UNKNOWN,,14.642328,78.534003,True,False,OTHER
YGD,YERRAGUDIPAD,UNKNOWN,UNKNOWN,,14.618673,78.606374,True,False,OTHER
KKM,KAMALAPURAM,UNKNOWN,UNKNOWN,,14.591762,78.666113,True,False,OTHER
GPY,GANGAYAPLLE,UNKNOWN,UNKNOWN,,14.554119,78.717463,True,False,OTHER
KPU,KRISHNAPURAM,UNKNOWN,UNKNOWN,,14.493468,78.776559,True,False,OTHER
HX,CUDDAPAH,UNKNOWN,UNKNOWN,,14.45169,78.829184,True,False,OTHER
KNLP,KANAMALO PALLE,UNKNOWN,UNKNOWN,,14.428769,78.925335,True,False,OTHER
BKPT,BHAKARAPET,UNKNOWN,UNKNOWN,,14.409363,78.970073,True,False,OTHER
VNM,ONTIMITTA,UNKNOWN,UNKNOWN,,14.392459,79.016272,True,False,OTHER
MMPL,MANTAPAMPALLE,UNKNOWN,UNKNOWN,,14.321639,79.078603,True,False,OTHER
NRE,NANDALUR,UNKNOWN,UNKNOWN,,14.264922,79.105722,True,False,OTHER
HAQ,HASTAVARMU,UNKNOWN,UNKNOWN,,14.218403,79.1216,True,False,OTHER
RJP,RAZAMPETA,UNKNOWN,UNKNOWN,,14.184525,79.152741,True,False,OTHER
PMT,PULLAMPET,UNKNOWN,UNKNOWN,,14.120622,79.205606,True,False,OTHER
RPL,REDDIPALLE,UNKNOWN,UNKNOWN,,14.093158,79.22553,True,False,OTHER
OBVP,OBULAVARIPALLI,UNKNOWN,UNKNOWN,,14.04083,79.268221,True,False,OTHER
ANE,ANANTARAJUPET,UNKNOWN,UNKNOWN,,13.999592,79.302468,True,False,OTHER
KOU,KODURU,UNKNOWN,UNKNOWN,,13.948578,79.345687,True,False,OTHER
SF,SETTIGUNTA,UNKNOWN,UNKNOWN,,13.87431,79.382302,True,False,OTHER
BLPE,BALAPALLE,UNKNOWN,UNKNOWN,,13.817151,79.403557,True,False,OTHER
MRM,MAMANDURU,UNKNOWN,UNKNOWN,,13.745895,79.458115,True,False,OTHER
PUDI,PUDI,UNKNOWN,UNKNOWN,,13.532381,79.510307,True,False,OTHER
SVF,SRI VENKATAPERU,UNKNOWN,UNKNOWN,,13.511599,79.514324,True,False,OTHER
TDK,TADUKU,UNKNOWN,UNKNOWN,,13.502045,79.526498,True,False,OTHER
PUT,PUTTUR,UNKNOWN,UNKNOWN,,13.439642,79.552666,True,False,OTHER
VGA,VEPAGUNTA,UNKNOWN,UNKNOWN,,13.395013,79.559433,True,False,OTHER
EKM,EKAMBARAKUPPAM,UNKNOWN,UNKNOWN,,13.318604,79.573126,True,False,OTHER
NG,NAGARI,UNKNOWN,UNKNOWN,,13.307882,79.579647,True,False,OTHER
VKZ,VENKATA NARASIMHA RAJU VARI PETA,UNKNOWN,UNKNOWN,,13.270775,79.581865,True,False,OTHER
POI,PONPADI,UNKNOWN,UNKNOWN,,13.241368,79.588814,True,False,OTHER
TRT,TIRUTTANI,UNKNOWN,UNKNOWN,,13.179217,79.611386,True,False,OTHER
ICP,ICHCHIPUTTUR,UNKNOWN,UNKNOWN,,13.132795,79.638907,True,False,OTHER
AJJN,ARAKKONAM JN NORTH,UNKNOWN,UNKNOWN,,13.086445,79.648429,True,False,OTHER
PDI,PALASDARI,UNKNOWN,UNKNOWN,,18.88409,73.32055,True,False,OTHER
TKW,THAKURVADI,UNKNOWN,UNKNOWN,,18.852865,73.353331,True,False,OTHER
NNCN,NAGNATH CABIN,UNKNOWN,UNKNOWN,,18.854079,73.359131,True,False,OTHER
NAGC,NAGARGALI,UNKNOWN,UNKNOWN,,18.815609,73.360148,True,False,OTHER
MHLC,MONKEY HILL,UNKNOWN,UNKNOWN,,18.769161,73.363746,True,False,OTHER
KAD,KHANDALA,UNKNOWN,UNKNOWN,,18.755087,73.377469,True,False,OTHER
LNL,LONAVALA,UNKNOWN,UNKNOWN,,18.748883,73.407657,True,False,OTHER
MVL,MALAVLI,UNKNOWN,UNKNOWN,,18.743833,73.48064,True,False,OTHER
KMST,KAMSHET,UNKNOWN,UNKNOWN,,18.766938,73.552352,True,False,Chennai
KNHE,KANHE,UNKNOWN,UNKNOWN,,18.762352,73.594016,True,False,OTHER
VDN,VADGAON,UNKNOWN,UNKNOWN,,18.742927,73.636925,True,False,OTHER
TGN,TALEGAON,UNKNOWN,UNKNOWN,,18.734829,73.672014,True,False,OTHER
GRWD,GHORAWADI,UNKNOWN,UNKNOWN,,18.720585,73.696982,True,False,OTHER
SLRW,SHELARWADI,UNKNOWN,UNKNOWN,,18.70094,73.705901,True,False,OTHER
BGWI,BEGDAEWADI,UNKNOWN,UNKNOWN,,18.700263,73.708437,True,False,OTHER
BGW,BEGDEWADI,UNKNOWN,UNKNOWN,,18.701176,73.709039,True,False,OTHER
DEHR,DEHU ROAD,UNKNOWN,UNKNOWN,,18.680176,73.734169,True,False,OTHER
AKRD,AKURDI,UNKNOWN,UNKNOWN,,18.64812,73.764244,True,False,OTHER
CCH,CHINCHVAD,UNKNOWN,UNKNOWN,,18.638903,73.791392,True,False,OTHER
PMP,PIMPRI,UNKNOWN,UNKNOWN,,18.622977,73.801991,True,False,OTHER
KSWD,KASAR WADI,UNKNOWN,UNKNOWN,,18.607555,73.820701,True,False,OTHER
DAPD,DAPODI,UNKNOWN,UNKNOWN,,18.58005,73.832799,True,False,OTHER
KK,KHADKI,UNKNOWN,UNKNOWN,,18.56301,73.840513,True,False,OTHER
SVJR,SHIVAJINAGAR,UNKNOWN,UNKNOWN,,18.531738,73.851147,True,False,OTHER
BRB,BORIBIAL,UNKNOWN,UNKNOWN,,18.407765,74.648808,True,False,OTHER
MLM,MALTHAN,UNKNOWN,UNKNOWN,,18.368951,74.724367,True,False,OTHER
BGVN,BHIGWAN,UNKNOWN,UNKNOWN,,18.317256,74.775042,True,False,OTHER
JNTR,JINTI ROAD,UNKNOWN,UNKNOWN,,18.324954,74.877417,True,False,OTHER
PRWD,PAREWADI,UNKNOWN,UNKNOWN,,18.289799,74.952285,True,False,OTHER
WSB,WASHIMBE,UNKNOWN,UNKNOWN,,18.284021,75.003799,True,False,OTHER
PPJ,POPHLAJ,UNKNOWN,UNKNOWN,,18.292242,75.117846,True,False,OTHER
JEUR,JEUR,UNKNOWN,UNKNOWN,,18.260933,75.162471,True,False,OTHER
BLNI,BHALWANI,UNKNOWN,UNKNOWN,,18.212962,75.199289,True,False,OTHER
KEM,KEM,UNKNOWN,UNKNOWN,,18.177509,75.274626,True,False,OTHER
DHS,DHAVALAS,UNKNOWN,UNKNOWN,,18.129682,75.334262,True,False,OTHER
KWV,KURDUVADI,UNKNOWN,UNKNOWN,,18.091348,75.417118,True,False,OTHER
WDS,WADSINGE,UNKNOWN,UNKNOWN,,18.066132,75.488775,True,False,OTHER
MA,MADHA,UNKNOWN,UNKNOWN,,18.029712,75.546507,True,False,OTHER
WKA,VAKAV,UNKNOWN,UNKNOWN,,17.988187,75.579724,True,False,OTHER
AAG,ANGAR,UNKNOWN,UNKNOWN,,17.954256,75.599875,True,False,OTHER
MKPT,MALIKPETH,UNKNOWN,UNKNOWN,,17.899982,75.608752,True,False,OTHER
MO,MOHOL,UNKNOWN,UNKNOWN,,17.805205,75.675995,True,False,OTHER
MVE,MUNDHEWADI,UNKNOWN,UNKNOWN,,17.741765,75.706548,True,False,OTHER
PK,PAKNI,UNKNOWN,UNKNOWN,,17.724866,75.778874,True,False,OTHER
BALE,BALE,UNKNOWN,UNKNOWN,,17.676186,75.845086,True,False,OTHER
SUR,SOLAPUR JN,UNKNOWN,UNKNOWN,,17.664496,75.893401,True,False,OTHER
TKWD,TIKEKARWADI,UNKNOWN,UNKNOWN,,17.614967,75.933458,True,False,OTHER
HG,HOTGI,UNKNOWN,UNKNOWN,,17.565668,75.989943,True,False,OTHER
TLT,TILATI,UNKNOWN,UNKNOWN,,17.503553,76.069348,True,False,OTHER
AKOR,AKALKOT ROAD,UNKNOWN,UNKNOWN,,17.450243,76.137689,True,False,OTHER
NGS,NAGANSUR,UNKNOWN,UNKNOWN,,17.429086,76.182913,True,False,OTHER
BOT,BOROTI,UNKNOWN,UNKNOWN,,17.395019,76.253563,True,False,OTHER
DUD,DUDHANI,UNKNOWN,UNKNOWN,,17.362421,76.37871,True,False,OTHER
KUI,KULALI,UNKNOWN,UNKNOWN,,17.357949,76.470592,True,False,OTHER
GDGN,GAUDGAON,UNKNOWN,UNKNOWN,,17.335973,76.530953,True,False,OTHER
GUR,GANAGAPUR ROAD,UNKNOWN,UNKNOWN,,17.340443,76.5903,True,False,OTHER
HHD,HUNSIHADGIL,UNKNOWN,UNKNOWN,,17.352906,76.646807,True,False,OTHER
SVG,SAWALGI,UNKNOWN,UNKNOWN,,17.33949,76.711137,True,False,OTHER
BBD,BABLAD,UNKNOWN,UNKNOWN,,17.337569,76.779259,True,False,OTHER
GR,GULBARGA,UNKNOWN,UNKNOWN,,17.314372,76.824438,True,False,OTHER
HQR,HIRENANDURU,UNKNOWN,UNKNOWN,,17.258215,76.872212,True,False,OTHER
MR,MARTUR,UNKNOWN,UNKNOWN,,17.199686,76.902717,True,False,OTHER
SDB,SHAHABAD,UNKNOWN,UNKNOWN,,17.121663,76.943513,True,False,OTHER
MBQ,MUMBRA,UNKNOWN,UNKNOWN,,19.190223,73.02326,True,False,OTHER
KLVA,KALVA,UNKNOWN,UNKNOWN,,19.196049,72.997651,True,False,OTHER
CLA,KURLA JN,UNKNOWN,UNKNOWN,,19.065221,72.879375,True,False,Mumbai
SIN,MUMBAI SION,UNKNOWN,UNKNOWN,,19.047725,72.864262,True,False,Mumbai
MTN,MUMBAI MATUNGA,UNKNOWN,UNKNOWN,,19.027347,72.849842,True,False,Mumbai
DR,MUMBAI DADAR CENTRAL,UNKNOWN,UNKNOWN,,19.017179,72.842972,True,False,Mumbai
VLDI,VITHALWADI,UNKNOWN,UNKNOWN,,19.229234,73.149051,True,False,OTHER
ULNR,ULHASNAGAR,UNKNOWN,UNKNOWN,,19.218215,73.163466,True,False,OTHER
ABH,AMBARNATH,UNKNOWN,UNKNOWN,,19.210382,73.184756,True,False,OTHER
BUD,BADLAPUR,UNKNOWN,UNKNOWN,,19.166388,73.23905,True,False,OTHER
VGI,VANGANI,UNKNOWN,UNKNOWN,,19.094299,73.300967,True,False,OTHER
SHLU,SHELU,UNKNOWN,UNKNOWN,,19.062985,73.317386,True,False,OTHER
NRL,NERAL,UNKNOWN,UNKNOWN,,19.027113,73.318955,True,False,OTHER
BVS,BHIVPURI ROAD,UNKNOWN,UNKNOWN,,18.970655,73.331324,True,False,OTHER
KJT,KARJAT,UNKNOWN,UNKNOWN,,18.911158,73.320691,True,False,OTHER
BLYC,BLYC,UNKNOWN,UNKNOWN,,0.0,0.0,False,False,OTHER
BWND,BWND,UNKNOWN,UNKNOWN,,0.0,0.0,False,False,OTHER
MAG,MANGALAGIRI,UNKNOWN,UNKNOWN,,16.438256,80.564992,True,False,OTHER
NBR,NAMBURU,UNKNOWN,UNKNOWN,,16.358721,80.495825,True,False,OTHER
PDKN,PEDAKAKANI HALT,UNKNOWN,UNKNOWN,,16.343239,80.486155,True,False,OTHER
BDPL,BANDARUPALLE,UNKNOWN,UNKNOWN,,16.365527,80.3628,True,False,OTHER
MDPD,MANDAPADU,UNKNOWN,UNKNOWN,,16.388652,80.320507,True,False,OTHER
SRPM,SIRIPURAM,UNKNOWN,UNKNOWN,,16.412603,80.295123,True,False,OTHER
LIN,LINGAMGUNTLA,UNKNOWN,UNKNOWN,,16.439709,80.273943,True,False,OTHER
PKPU,PEDDAKURAPADU,UNKNOWN,UNKNOWN,,16.459296,80.252989,True,False,OTHER
GPDE,GUDIPUDI,UNKNOWN,UNKNOWN,,16.433946,80.205304,True,False,OTHER
SAP,SATTENAPALLE,UNKNOWN,UNKNOWN,,16.405018,80.152704,True,False,OTHER
DUP,DHULIPALLA HALT,UNKNOWN,UNKNOWN,,16.424476,80.087824,True,False,OTHER
REM,REDDIGUDEM,UNKNOWN,UNKNOWN,,16.442328,80.050815,True,False,OTHER
BMKD,BELLAMKONDA,UNKNOWN,UNKNOWN,,16.46998,80.006313,True,False,OTHER
ANPM,ANUPALEM,UNKNOWN,UNKNOWN,,16.469897,79.962595,True,False,OTHER
STRM,SITARAMAPURAM,UNKNOWN,UNKNOWN,,16.474759,79.925502,True,False,OTHER
PGRL,PIDUGURALLA,UNKNOWN,UNKNOWN,,16.477787,79.876294,True,False,OTHER
KPH,KAMEPALLI,UNKNOWN,UNKNOWN,,16.505304,79.832233,True,False,OTHER
TMLU,TUMMALACHERUVU,UNKNOWN,UNKNOWN,,16.527651,79.802963,True,False,OTHER
NDKD,NADIKODE,UNKNOWN,UNKNOWN,,16.590634,79.723565,True,False,OTHER
PDGL,PONDUGULA,UNKNOWN,UNKNOWN,,16.676244,79.65905,True,False,OTHER
VJRD,VAJIRABAD,UNKNOWN,UNKNOWN,,16.686824,79.645194,True,False,OTHER
VNUP,VISHNUPURAM,UNKNOWN,UNKNOWN,,16.70451,79.638786,True,False,OTHER
DMCA,DAMARACHERLA,UNKNOWN,UNKNOWN,,16.725861,79.630821,True,False,OTHER
KDGL,KONDRAPOL,UNKNOWN,UNKNOWN,,16.785299,79.601075,True,False,OTHER
KDRL,KONDRAPOL,UNKNOWN,UNKNOWN,,16.784736,79.600292,True,False,OTHER
MRGA,MIRYALAGUDA,UNKNOWN,UNKNOWN,,16.860392,79.533503,True,False,OTHER
TPPI,TIPPARTHI,UNKNOWN,UNKNOWN,,17.006537,79.423098,True,False,OTHER
NLDA,NALGONDA,UNKNOWN,UNKNOWN,,17.06118,79.283436,True,False,OTHER
SRMR,SRIRAMPURAM,UNKNOWN,UNKNOWN,,17.117262,79.212405,True,False,OTHER
NKPL,NARKETPALLI,UNKNOWN,UNKNOWN,,17.199276,79.179267,True,False,OTHER
CTYL,CHITYALA,UNKNOWN,UNKNOWN,,17.221961,79.135713,True,False,OTHER
RMNP,RAMANNAPET,UNKNOWN,UNKNOWN,,17.282344,79.087023,True,False,OTHER
VLG,VANIGONDA,UNKNOWN,UNKNOWN,,17.366663,79.008505,True,False,OTHER
MMPR,MAMDAPUR,UNKNOWN,UNKNOWN,,17.382575,78.977931,True,False,OTHER
NRDP,NAGIREDDIPALLI,UNKNOWN,UNKNOWN,,17.422255,78.939987,True,False,OTHER
BMMP,BOMMAYAPALLI,UNKNOWN,UNKNOWN,,17.484445,78.861227,True,False,OTHER
YY-WADB,YY-WADB,UNKNOWN,UNKNOWN,,0.0,0.0,False,True,OTHER
YY-MLYB,YY-MLYB,UNKNOWN,UNKNOWN,,0.0,0.0,False,True,OTHER
KTCR,KOTHACHERUVU,UNKNOWN,UNKNOWN,,14.18577,77.760132,True,False,OTHER
BSPL,BASAMPALLE,UNKNOWN,UNKNOWN,,14.311235,77.745963,True,False,OTHER
SSPN,SATYA SAI P NILAYAM,UNKNOWN,UNKNOWN,,14.160468,77.757559,True,False,OTHER
NRYP,NARAYANAPURAM,UNKNOWN,UNKNOWN,,14.128972,77.696047,True,False,OTHER
WDC,WDC,UNKNOWN,UNKNOWN,,0.0,0.0,False,False,OTHER
SUH,SULEHALLI,UNKNOWN,UNKNOWN,,17.080411,77.052257,True,False,OTHER
AMLX,AMLX,UNKNOWN,UNKNOWN,,0.0,0.0,False,False,OTHER
AQX,AQX,UNKNOWN,UNKNOWN,,0.0,0.0,False,False,OTHER
HLTS,HALKATTA SHARIEF,UNKNOWN,UNKNOWN,,17.017117,76.992568,True,False,OTHER
TAC,TATICHERLA,UNKNOWN,UNKNOWN,,14.74835,77.595001,True,False,OTHER
LPI,LINGAMPALLI,UNKNOWN,UNKNOWN,,17.482874,78.316774,True,False,OTHER
KDT,KHADARPET,UNKNOWN,UNKNOWN,,14.983078,77.54277,True,False,OTHER
VPL,VENKATAMPALLE,UNKNOWN,UNKNOWN,,15.044854,77.441604,True,False,OTHER
GPU,GULAPALYAMU,UNKNOWN,UNKNOWN,,15.087043,77.39921,True,False,OTHER
CDNR,CHANDANAGAR,UNKNOWN,UNKNOWN,,17.487697,78.333575,True,False,OTHER
HFZ,HAFIZPETA,UNKNOWN,UNKNOWN,,17.482275,78.362655,True,False,OTHER
HTCY,HITECH CITY,UNKNOWN,UNKNOWN,,17.4694,78.384861,True,False,OTHER
HNMN,HANUMAN STATION,UNKNOWN,UNKNOWN,,15.149519,77.376873,True,False,OTHER
LGD,LALLAGUDA,UNKNOWN,UNKNOWN,,17.441464,78.525617,True,False,OTHER
MLY,MAULA ALI,UNKNOWN,UNKNOWN,,17.44041,78.550541,True,False,OTHER
BRBD,BORABANDA,UNKNOWN,UNKNOWN,,17.459226,78.40786,True,False,OTHER
BTNR,BHARTNAGAR,UNKNOWN,UNKNOWN,,17.4614,78.428193,True,False,OTHER
FNB,FATEHNAGAR,UNKNOWN,UNKNOWN,,17.456196,78.450258,True,False,OTHER
NCHS,NATURE CURE HOSPITAL,UNKNOWN,UNKNOWN,,17.445863,78.452891,True,False,OTHER
BMT,BEGAMPET,UNKNOWN,UNKNOWN,,17.438874,78.458627,True,False,OTHER
SJVP,SANJEEVAIAH PARK,UNKNOWN,UNKNOWN,,17.435951,78.475688,True,False,OTHER
JET,JAMES STREET,UNKNOWN,UNKNOWN,,17.433133,78.486911,True,False,OTHER
SC,SECUNDERABAD JN,UNKNOWN,UNKNOWN,,17.433147,78.501481,True,False,Hyderabad
NW,NALWAR,UNKNOWN,UNKNOWN,,16.936043,77.019937,True,False,OTHER
SPHL,SHAMPURHALLI,UNKNOWN,UNKNOWN,,16.87535,77.03309,True,False,OTHER
TGDE,THANGUNDI,UNKNOWN,UNKNOWN,,16.803814,77.068276,True,False,OTHER
YG,YADGIR,UNKNOWN,UNKNOWN,,16.744396,77.130366,True,False,OTHER
LGRE,LINGIRI,UNKNOWN,UNKNOWN,,16.670289,77.188998,True,False,OTHER
SADP,SAIDAPUR,UNKNOWN,UNKNOWN,,16.570001,77.249791,True,False,OTHER
CGTA,CHEGUNTA,UNKNOWN,UNKNOWN,,16.485361,77.30225,True,False,OTHER
KSN,KRISHNA,UNKNOWN,UNKNOWN,,16.409324,77.328563,True,False,OTHER
YDLP,YADALAPUR,UNKNOWN,UNKNOWN,,16.384372,77.326596,True,False,OTHER
CK,CHIKSUGAR,UNKNOWN,UNKNOWN,,16.336647,77.343832,True,False,OTHER
YS,YERMARAS,UNKNOWN,UNKNOWN,,16.272482,77.34747,True,False,OTHER
RC,RAICHUR,UNKNOWN,UNKNOWN,,16.192441,77.339165,True,False,OTHER
MRC,MARICHETHAL,UNKNOWN,UNKNOWN,,16.111362,77.309318,True,False,OTHER
MTU,MATMARI,UNKNOWN,UNKNOWN,,16.046723,77.302973,True,False,OTHER
HPH,HANUMAPURA,UNKNOWN,UNKNOWN,,15.971291,77.306203,True,False,OTHER
MALM,MANTHRALAYAM RD,UNKNOWN,UNKNOWN,,15.949035,77.299196,True,False,OTHER
EGU,IRANAGALLU,UNKNOWN,UNKNOWN,,15.891814,77.263765,True,False,OTHER
KO,KOSGI,UNKNOWN,UNKNOWN,,15.847872,77.236408,True,False,OTHER
KGL,KUPGAL,UNKNOWN,UNKNOWN,,15.726256,77.219229,True,False,OTHER
ESV,ISIVI,UNKNOWN,UNKNOWN,,15.65781,77.229814,True,False,OTHER
AD,ADONI,UNKNOWN,UNKNOWN,,15.617035,77.27485,True,False,OTHER
NRR,NAGARUR,UNKNOWN,UNKNOWN,,15.542335,77.313184,True,False,OTHER
ASP,ASPARI,UNKNOWN,UNKNOWN,,15.454804,77.356253,True,False,OTHER
MGV,MOLAGAVALLI,UNKNOWN,UNKNOWN,,15.357784,77.371821,True,False,OTHER
NMLU,NEMAKALLU,UNKNOWN,UNKNOWN,,15.297622,77.372779,True,False,OTHER
NLA,NANCHERLA,UNKNOWN,UNKNOWN,,15.256053,77.368833,True,False,OTHER
GTL,GUNTAKAL JN,UNKNOWN,UNKNOWN,,15.17556,77.366611,True,False,OTHER
KLU,KALLURU,UNKNOWN,UNKNOWN,,14.924474,77.581419,True,False,OTHER
GDE,GARLADINNE,UNKNOWN,UNKNOWN,,14.827324,77.592146,True,False,OTHER
HLKT,HALAKATTA,UNKNOWN,UNKNOWN,,17.020771,76.990573,True,False,OTHER
CT,CHITTAPUR,UNKNOWN,UNKNOWN,,17.119781,77.090452,True,False,OTHER
MQR,MALKHAID ROAD,UNKNOWN,UNKNOWN,,17.147112,77.173961,True,False,OTHER
SEM,SERAM,UNKNOWN,UNKNOWN,,17.180683,77.28353,True,False,OTHER
KQT,KURGUNTA,UNKNOWN,UNKNOWN,,17.191165,77.359574,True,False,OTHER
NAW,NAWANDGI,UNKNOWN,UNKNOWN,,17.2171,77.427908,True,False,OTHER
MVH,MANTATTI,UNKNOWN,UNKNOWN,,17.227693,77.509481,True,False,OTHER
TDU,TANDUR,UNKNOWN,UNKNOWN,,17.25044,77.585037,True,False,OTHER
RMY,RUKMAPUR,UNKNOWN,UNKNOWN,,17.27365,77.675424,True,False,OTHER
DRR,DHARUR,UNKNOWN,UNKNOWN,,17.28952,77.75853,True,False,OTHER
MWY,MAILARAM,UNKNOWN,UNKNOWN,,17.280412,77.809709,True,False,OTHER
GDQ,GODAMGURA,UNKNOWN,UNKNOWN,,17.29025,77.867119,True,False,OTHER
VKB,VIKARABAD JN,UNKNOWN,UNKNOWN,,17.337132,77.909409,True,False,OTHER
CTF,CHITGIDDA,UNKNOWN,UNKNOWN,,17.391231,77.963909,True,False,OTHER
GGD,GULLAGUDA,UNKNOWN,UNKNOWN,,17.416964,78.032773,True,False,OTHER
RPK,RAVALPALLI KALA,UNKNOWN,UNKNOWN,,17.439968,78.084165,True,False,OTHER
SKP,SHANKARPALLI,UNKNOWN,UNKNOWN,,17.450825,78.131116,True,False,OTHER
NPL,NAGALAPALLE,UNKNOWN,UNKNOWN,,17.460567,78.229966,True,False,OTHER
SNF,SANAT NAGAR,UNKNOWN,UNKNOWN,,17.461607,78.435947,True,False,OTHER
JBR,JAHANGIRABAD ROAD,UNKNOWN,UNKNOWN,,26.973937,81.247283,True,False,OTHER
RFR,RAFINAGAR,UNKNOWN,UNKNOWN,,26.994136,81.282033,True,False,OTHER
BUR,BINDAURA,UNKNOWN,UNKNOWN,,27.021023,81.325203,True,False,OTHER
STPD,SITAFAL MANDI,UNKNOWN,UNKNOWN,,17.428339,78.520289,True,False,OTHER
ATC,ARTS COLLEGE,UNKNOWN,UNKNOWN,,17.41813,78.519665,True,False,OTHER
JOO,KACHEGUDA JAMIA OSMANIA,UNKNOWN,UNKNOWN,,17.411069,78.517784,True,False,Hyderabad
VAR,VIDYANAGAR,UNKNOWN,UNKNOWN,,17.402485,78.511657,True,False,OTHER
LGDH,LALAGUDA GATE,UNKNOWN,UNKNOWN,,17.440355,78.524403,True,False,OTHER
MJF,MALKAJGIRI,UNKNOWN,UNKNOWN,,17.448392,78.529606,True,False,OTHER
KDGH,KODIGEHALLI,UNKNOWN,UNKNOWN,,13.063358,77.575972,True,False,OTHER
ATP,ANANTAPUR,UNKNOWN,UNKNOWN,,14.686478,77.595312,True,False,OTHER
PSPY,PRASANNAYA PALLI,UNKNOWN,UNKNOWN,,14.631178,77.602106,True,False,OTHER
ZPL,ZANGALAPALLE,UNKNOWN,UNKNOWN,,14.591854,77.640854,True,False,OTHER
CCA,CHIGICHERLA,UNKNOWN,UNKNOWN,,14.517474,77.683488,True,False,OTHER
DMM,DHARMAVARAM JN,UNKNOWN,UNKNOWN,,14.424369,77.717115,True,False,OTHER
NGM,NAGASAMUDRAM,UNKNOWN,UNKNOWN,,14.321663,77.642467,True,False,OTHER
MKJ,MAKKAJIPALLI,UNKNOWN,UNKNOWN,,14.196118,77.628447,True,False,OTHER
PKD,PENUKONDA,UNKNOWN,UNKNOWN,,14.099641,77.592521,True,False,OTHER
REPI,RANGEPALLI,UNKNOWN,UNKNOWN,,14.01783,77.578036,True,False,OTHER
CPL,CHAKARLAPALLI,UNKNOWN,UNKNOWN,,13.99779,77.583123,True,False,OTHER
MLU,MALUGUR,UNKNOWN,UNKNOWN,,13.866614,77.531591,True,False,OTHER
HUP,HINDUPUR,UNKNOWN,UNKNOWN,,13.819144,77.500362,True,False,OTHER
DPE,DEVARAPALLE,UNKNOWN,UNKNOWN,,13.723807,77.512236,True,False,OTHER
VWA,VIDURASWATTHA,UNKNOWN,UNKNOWN,,13.665713,77.509785,True,False,OTHER
GBD,GAURIBIDANUR,UNKNOWN,UNKNOWN,,13.613081,77.512781,True,False,OTHER
SMWA,SOMESHWARA,UNKNOWN,UNKNOWN,,13.55657,77.513961,True,False,OTHER
TDV,THONDEBHAVI,UNKNOWN,UNKNOWN,,13.503503,77.514573,True,False,OTHER
MKL,MAKLIDRUG,UNKNOWN,UNKNOWN,,13.409545,77.509037,True,False,OTHER
CHZ,CHARLAPALLI,UNKNOWN,UNKNOWN,,17.457672,78.605619,True,False,OTHER
GT,GHATKESAR,UNKNOWN,UNKNOWN,,17.453116,78.678217,True,False,OTHER
BN,BIBINAGAR,UNKNOWN,UNKNOWN,,17.470511,78.794355,True,False,OTHER
PGDP,PAGIDIPALLI,UNKNOWN,UNKNOWN,,17.484713,78.820893,True,False,OTHER
BG,BHONGIR,UNKNOWN,UNKNOWN,,17.524696,78.89847,True,False,OTHER
RAG,RAIGIR,UNKNOWN,UNKNOWN,,17.550881,78.941202,True,False,OTHER
WP,WANGAPALLI,UNKNOWN,UNKNOWN,,17.580557,78.983664,True,False,OTHER
ALER,ALER,UNKNOWN,UNKNOWN,,17.645955,79.048341,True,False,OTHER
PBP,PEMBARTI,UNKNOWN,UNKNOWN,,17.692296,79.11616,True,False,OTHER
ZN,JANGAON,UNKNOWN,UNKNOWN,,17.725115,79.154734,True,False,OTHER
YSPM,YASANTAPUR,UNKNOWN,UNKNOWN,,17.73674,79.204998,True,False,OTHER
RGP,RAGHUNATHPALLI,UNKNOWN,UNKNOWN,,17.756479,79.255304,True,False,OTHER
IPG,IPPUGUDA,UNKNOWN,UNKNOWN,,17.801312,79.326706,True,False,OTHER
GNP,GHANPUR,UNKNOWN,UNKNOWN,,17.850625,79.376899,True,False,OTHER
NSKL,NASKHAL,UNKNOWN,UNKNOWN,,17.898101,79.426237,True,False,OTHER
ORH,ODDARAHALLI,UNKNOWN,UNKNOWN,,13.345829,77.541461,True,False,OTHER
DBU,DODBALLAPUR,UNKNOWN,UNKNOWN,,13.27894,77.55016,True,False,OTHER
RNN,RAJANKUNTI,UNKNOWN,UNKNOWN,,13.174151,77.564915,True,False,OTHER
YNK,YELHANKA JN,UNKNOWN,UNKNOWN,,13.102795,77.593069,True,False,OTHER
VAH,VAH,UNKNOWN,UNKNOWN,,0.0,0.0,False,False,OTHER
BRGL,BURGULA HALT,UNKNOWN,UNKNOWN,,16.993515,78.205223,True,False,OTHER
HBLN,HBL NAGAR,UNKNOWN,UNKNOWN,,17.134017,78.27355,True,False,OTHER
KOTT,KOTTUR,UNKNOWN,UNKNOWN,,17.14974,78.286221,True,False,OTHER
NSVP,NPA SHIVARAMPALLI HALT,UNKNOWN,UNKNOWN,,17.323714,78.437204,True,False,OTHER
YKA,YAKUTPURA KACHEGUDA,UNKNOWN,UNKNOWN,,17.359554,78.491711,True,False,Hyderabad
MLYG,MLYG,UNKNOWN,UNKNOWN,,17.455347,78.53417,True,False,OTHER
MLYC,MAULA ALI,UNKNOWN,UNKNOWN,,17.447219,78.548135,True,False,OTHER
OPL,UPPAL,UNKNOWN,UNKNOWN,,18.183408,79.48098,True,False,OTHER
JMKT,JAMIKUNTA,UNKNOWN,UNKNOWN,,18.290021,79.476918,True,False,OTHER
BGSF,BISUGIRSHARIF,UNKNOWN,UNKNOWN,,18.348122,79.483604,True,False,OTHER
PTKP,POTKAPALLI,UNKNOWN,UNKNOWN,,18.429062,79.464445,True,False,OTHER
OEA,ODELA,UNKNOWN,UNKNOWN,,18.456554,79.449744,True,False,OTHER
KOLR,KOLNUR,UNKNOWN,UNKNOWN,,18.496319,79.419909,True,False,OTHER
KYOP,KOTTAPALLI,UNKNOWN,UNKNOWN,,18.540268,79.403859,True,False,OTHER
PDPL,PEDDAPALLI,UNKNOWN,UNKNOWN,,18.613796,79.39208,True,False,OTHER
RGPM,RAGHAVAPURAM,UNKNOWN,UNKNOWN,,18.681242,79.411187,True,False,OTHER
RDM,RAMGUNDAM,UNKNOWN,UNKNOWN,,18.763329,79.4351,True,False,OTHER
PPZ,PEDDEMPET,UNKNOWN,UNKNOWN,,18.802669,79.426824,True,False,OTHER
MCI,MANCHIRYAL,UNKNOWN,UNKNOWN,,18.878745,79.448848,True,False,OTHER
RVKH,RAVINDRAKHANI,UNKNOWN,UNKNOWN,,18.936594,79.461396,True,False,OTHER
MMZ,MANDAMARI,UNKNOWN,UNKNOWN,,18.971272,79.470148,True,False,OTHER
BPA,BELAMPALLI,UNKNOWN,UNKNOWN,,19.053689,79.486337,True,False,OTHER
RECH,RECHNI ROAD,UNKNOWN,UNKNOWN,,19.140541,79.451894,True,False,OTHER
RLW,REPALLIWADA,UNKNOWN,UNKNOWN,,19.201953,79.430139,True,False,OTHER
ASAF,ASIFABAD ROAD,UNKNOWN,UNKNOWN,,19.256682,79.416719,True,False,OTHER
RLT,RALAPET,UNKNOWN,UNKNOWN,,19.322909,79.437787,True,False,OTHER
SKZR,SIRPUR KAGAZNAGAR,UNKNOWN,UNKNOWN,,19.345659,79.489201,True,False,OTHER
VEM,VEMPALLI,UNKNOWN,UNKNOWN,,19.414389,79.534584,True,False,OTHER
SRUR,SIRPUR TOWN,UNKNOWN,UNKNOWN,,19.479063,79.560418,True,False,OTHER
MKDI,MAKUDI,UNKNOWN,UNKNOWN,,19.592555,79.44826,True,False,OTHER
WIRR,WIRUR,UNKNOWN,UNKNOWN,,19.641288,79.430571,True,False,OTHER
VHGN,WIHIRGAON,UNKNOWN,UNKNOWN,,19.725052,79.440819,True,False,OTHER
MAGH,MANIKGARH,UNKNOWN,UNKNOWN,,19.787693,79.398527,True,False,OTHER
BPQ,BALHARSHAH,UNKNOWN,UNKNOWN,,19.849017,79.348586,True,False,OTHER
GNVR,GONDWANAVISAPUR,UNKNOWN,UNKNOWN,,19.882639,79.328723,True,False,OTHER
VSP,WASANAPURA,UNKNOWN,UNKNOWN,,19.884978,79.327833,True,False,OTHER
BUPH,BABUPETH,UNKNOWN,UNKNOWN,,19.923131,79.313027,True,False,OTHER
CD,CHANDRAPUR,UNKNOWN,UNKNOWN,,19.960126,79.300505,True,False,OTHER
VVKN,VIVEKANANDA NAGAR,UNKNOWN,UNKNOWN,,19.997086,79.259191,True,False,OTHER
CPW,CHOTIPADOLI,UNKNOWN,UNKNOWN,,20.000992,79.253005,True,False,OTHER
TAE,TADALI,UNKNOWN,UNKNOWN,,20.034835,79.187503,True,False,OTHER
BUX,BHANDAK,UNKNOWN,UNKNOWN,,20.084262,79.112528,True,False,OTHER
MJRI,MAJRI JN,UNKNOWN,UNKNOWN,,20.139283,79.043522,True,False,OTHER
WRR,WARORA,UNKNOWN,UNKNOWN,,20.244263,79.009944,True,False,OTHER
CKNI,CHIKNI ROAD,UNKNOWN,UNKNOWN,,20.325826,78.959217,True,False,OTHER
NGI,NAGARI,UNKNOWN,UNKNOWN,,20.406983,78.889984,True,False,OTHER
YNA,YENOR,UNKNOWN,UNKNOWN,,20.508138,78.837091,True,False,OTHER
HGT,HINGANGHAT,UNKNOWN,UNKNOWN,,20.542631,78.833925,True,False,OTHER
WG,WAGHOLI,UNKNOWN,UNKNOWN,,20.585085,78.767038,True,False,OTHER
SNN,SONEGAON,UNKNOWN,UNKNOWN,,20.629319,78.709706,True,False,OTHER
BPK,BHUGAON,UNKNOWN,UNKNOWN,,20.673819,78.670003,True,False,OTHER
CHJC,CHITODA,UNKNOWN,UNKNOWN,,20.708474,78.62974,True,False,OTHER
PQL,PINDLAI,UNKNOWN,UNKNOWN,,17.925189,79.454715,True,False,OTHER
KZJ,KAZIPET JN,UNKNOWN,UNKNOWN,,17.974211,79.511025,True,False,OTHER
NSZ,BHOPAL NISHATPURA,UNKNOWN,UNKNOWN,,23.278225,77.418769,True,False,OTHER
SUW,SUKHISEWANIYAN,UNKNOWN,UNKNOWN,,23.34076,77.485966,True,False,OTHER
BVB,BHADBHADAGHAT,UNKNOWN,UNKNOWN,,23.375165,77.535282,True,False,OTHER
DWG,DEWANGANJ,UNKNOWN,UNKNOWN,,23.429766,77.592867,True,False,OTHER
SMT,SALAMATPUR,UNKNOWN,UNKNOWN,,23.461639,77.67275,True,False,OTHER
SCI,SANCHI,UNKNOWN,UNKNOWN,,23.488096,77.735783,True,False,Hyderabad
BTWN,BETWA CABIN,UNKNOWN,UNKNOWN,,23.509201,77.787463,True,False,OTHER
BHS,VIDISHA,UNKNOWN,UNKNOWN,,23.522289,77.814836,True,False,OTHER
SORI,SORAI,UNKNOWN,UNKNOWN,,23.551699,77.848219,True,False,OTHER
SUMR,SUMER,UNKNOWN,UNKNOWN,,23.624616,77.879427,True,False,OTHER
GLG,GULABHGANJ,UNKNOWN,UNKNOWN,,23.684375,77.912351,True,False,OTHER
PAI,PABAI,UNKNOWN,UNKNOWN,,23.767491,77.931259,True,False,OTHER
BAQ,GANJ BASODA,UNKNOWN,UNKNOWN,,23.845347,77.944826,True,False,OTHER
RKRI,RAO KHEDI,UNKNOWN,UNKNOWN,,23.885645,77.981122,True,False,OTHER
RKDI,RAUKHERI,UNKNOWN,UNKNOWN,,23.886485,77.981962,True,False,OTHER
BET,BARETH,UNKNOWN,UNKNOWN,,23.914947,77.99968,True,False,OTHER
CLHT,CHULHETA,UNKNOWN,UNKNOWN,,23.945912,78.018483,True,False,OTHER
KAH,KALHAR,UNKNOWN,UNKNOWN,,23.978071,78.057178,True,False,OTHER
MABA,MANDI BAMORA,UNKNOWN,UNKNOWN,,24.054032,78.082437,True,False,OTHER
KIKA,KURWAI KETHORA,UNKNOWN,UNKNOWN,,24.117852,78.114978,True,False,OTHER
MSV,MUSTARA,UNKNOWN,UNKNOWN,,25.496702,78.63498,True,False,Chennai
GRM,GARHMAU,UNKNOWN,UNKNOWN,,25.506271,78.687944,True,False,OTHER
PIC,PARICHA,UNKNOWN,UNKNOWN,,25.518402,78.73773,True,False,OTHER
PTSC,PARICHAA THERMA,UNKNOWN,UNKNOWN,,25.525228,78.753962,True,False,Hyderabad
CGN,CHIRGAON,UNKNOWN,UNKNOWN,,25.575053,78.805761,True,False,OTHER
NDK,NANKHAS,UNKNOWN,UNKNOWN,,25.660949,78.872336,True,False,OTHER
MOTH,MOTH,UNKNOWN,UNKNOWN,,25.74157,78.948673,True,False,OTHER
ERC,ERICH ROAD,UNKNOWN,UNKNOWN,,25.820641,79.035025,True,False,OTHER
PRN,PARAUNA,UNKNOWN,UNKNOWN,,25.866803,79.125721,True,False,OTHER
AIT,AIT,UNKNOWN,UNKNOWN,,25.903719,79.230436,True,False,OTHER
BHUA,BHUA,UNKNOWN,UNKNOWN,,25.945581,79.351085,True,False,OTHER
ORAI,ORAI,UNKNOWN,UNKNOWN,,25.982537,79.459534,True,False,OTHER
ATA,ATA,UNKNOWN,UNKNOWN,,26.044542,79.599143,True,False,OTHER
URG,USARGAON,UNKNOWN,UNKNOWN,,26.080449,79.680325,True,False,OTHER
KPI,KALPI,UNKNOWN,UNKNOWN,,26.119339,79.755607,True,False,OTHER
CNH,CHAUNRAH,UNKNOWN,UNKNOWN,,26.16506,79.782159,True,False,OTHER
PHN,POKHRAYAN,UNKNOWN,UNKNOWN,,26.222964,79.840888,True,False,OTHER
MLS,MALASA,UNKNOWN,UNKNOWN,,26.28889,79.907312,True,False,OTHER
LLR,LALPUR,UNKNOWN,UNKNOWN,,26.318818,79.948516,True,False,OTHER
TLNH,TILAUNCHI,UNKNOWN,UNKNOWN,,26.3382,80.026772,True,False,OTHER
PMN,PAMAN,UNKNOWN,UNKNOWN,,26.359934,80.08042,True,False,OTHER
RPGU,RASULPURGOGAMAU,UNKNOWN,UNKNOWN,,26.376288,80.118434,True,False,OTHER
BNAR,BINAUR,UNKNOWN,UNKNOWN,,26.402727,80.178721,True,False,OTHER
BZM,BHIMSEN,UNKNOWN,UNKNOWN,,26.419754,80.218145,True,False,Chennai
HLIN,HOLDING LINE,UNKNOWN,UNKNOWN,,26.438271,80.260213,True,False,OTHER
ASH,AISHBAGH,UNKNOWN,UNKNOWN,,26.837388,80.909607,True,False,OTHER
LC,LUCKNOW CITY,UNKNOWN,UNKNOWN,,26.859109,80.917866,True,False,OTHER
DAL,DALIGANJ,UNKNOWN,UNKNOWN,,26.875384,80.927482,True,False,OTHER
BNZ,BADSHAHNAGAR,UNKNOWN,UNKNOWN,,26.868613,80.961361,True,False,OTHER
GTNR,GOMATI NAGAR,UNKNOWN,UNKNOWN,,26.860344,81.003433,True,False,OTHER
RMBG,RAMGHAT HALT,UNKNOWN,UNKNOWN,,26.820568,82.214435,True,False,OTHER
KEA,KATRA,UNKNOWN,UNKNOWN,,26.842992,82.204937,True,False,OTHER
NGB,NAWABGANJ GONDA,UNKNOWN,UNKNOWN,,27.153816,81.977064,True,False,OTHER
TRE,TIKRI,UNKNOWN,UNKNOWN,,27.116135,82.070639,True,False,OTHER
YPR,YESVANTPUR JN,UNKNOWN,UNKNOWN,,13.022839,77.551174,True,False,Bangalore
KJM,KRISHNARAJAPURAM,UNKNOWN,UNKNOWN,,13.000534,77.674016,True,False,OTHER
SGWF,WHITE FIELD SATELLITE,UNKNOWN,UNKNOWN,,12.996017,77.761478,True,False,OTHER
WFD,WHITEFIELD,UNKNOWN,UNKNOWN,,12.995253,77.761305,True,False,OTHER
DKN,DEVANGONTHI,UNKNOWN,UNKNOWN,,12.985647,77.831087,True,False,OTHER
MLO,MALUR,UNKNOWN,UNKNOWN,,12.992108,77.940033,True,False,OTHER
BFW,BYATRAYANHALLI,UNKNOWN,UNKNOWN,,13.00204,77.988508,True,False,OTHER
TCL,TYAKAL,UNKNOWN,UNKNOWN,,12.984096,78.070518,True,False,OTHER
MZV,MARALAHALLI,UNKNOWN,UNKNOWN,,12.988346,78.108853,True,False,OTHER
BWT,BANGARAPET,UNKNOWN,UNKNOWN,,12.984808,78.178188,True,False,OTHER
LOGH,LOTTEGOLLAHALLI,UNKNOWN,UNKNOWN,,13.043169,77.562257,True,False,OTHER
BYPL,BAIYYAPPANAHALI,UNKNOWN,UNKNOWN,,12.990198,77.650886,True,False,OTHER
BYPY,BAIYYAPPANAHALLI YARD CABIN,UNKNOWN,UNKNOWN,,13.006731,77.62558,True,False,OTHER
BAND,BANASWADI,UNKNOWN,UNKNOWN,,13.00573,77.628196,True,False,OTHER
HEB,HEBBAL,UNKNOWN,UNKNOWN,,13.042299,77.58606,True,False,OTHER
VRDP,VARADAPUR,UNKNOWN,UNKNOWN,,12.92266,78.191568,True,False,OTHER
KSM,KAMASAMUDRAM,UNKNOWN,UNKNOWN,,12.880706,78.200119,True,False,Chennai
BSM,BISANATTAM,UNKNOWN,UNKNOWN,,12.842628,78.250316,True,False,OTHER
GDP,GUDUPULLI,UNKNOWN,UNKNOWN,,12.803672,78.27491,True,False,OTHER
KPN,KUPPAM,UNKNOWN,UNKNOWN,,12.746834,78.339549,True,False,OTHER
MAR,MULANUR,UNKNOWN,UNKNOWN,,12.661485,78.406389,True,False,OTHER
PU,PATCHUR,UNKNOWN,UNKNOWN,,12.586657,78.469494,True,False,OTHER
SKPT,SOMANAYAKKANPTI,UNKNOWN,UNKNOWN,,12.574922,78.542452,True,False,OTHER
BUM,BOMMASAMUDRAM,UNKNOWN,UNKNOWN,,13.044566,79.176067,True,False,Chennai
RAM,RAMAPURAM,UNKNOWN,UNKNOWN,,13.098012,79.178793,True,False,OTHER
PYX,PEYANAPALLI,UNKNOWN,UNKNOWN,,13.131636,79.138282,True,False,OTHER
SIE,SIDDAMPALLI,UNKNOWN,UNKNOWN,,13.160645,79.137135,True,False,OTHER
CTO,CHITTOOR,UNKNOWN,UNKNOWN,,13.219857,79.103252,True,False,OTHER
RVSN,RVS NAGAR,UNKNOWN,UNKNOWN,,13.278302,79.116257,True,False,OTHER
PTT,PUTALAPATTU,UNKNOWN,UNKNOWN,,13.373419,79.098727,True,False,OTHER
PAK,PAKALA JN,UNKNOWN,UNKNOWN,,13.451133,79.11408,True,False,OTHER
PAM,PANAPAKAM,UNKNOWN,UNKNOWN,,13.513241,79.210821,True,False,OTHER
MNPT,MUNGILIPATTU,UNKNOWN,UNKNOWN,,13.556546,79.241098,True,False,OTHER
KEN,KOTALA,UNKNOWN,UNKNOWN,,13.606321,79.287254,True,False,OTHER
CGI,CHANDRAGIRI,UNKNOWN,UNKNOWN,,13.61173,79.312215,True,False,OTHER
TPW,TIRUPATI WEST HALT,UNKNOWN,UNKNOWN,,13.624534,79.404624,True,False,OTHER
TPTY,TIRUPATI MAIN,UNKNOWN,UNKNOWN,,13.62763,79.418968,True,False,OTHER
TCNR,TIRUCHANUR,UNKNOWN,UNKNOWN,,13.6313,79.455703,True,False,OTHER
RU,RENIGUNTA JN,UNKNOWN,UNKNOWN,,13.636261,79.50629,True,False,OTHER
YPD,YERPEDU,UNKNOWN,UNKNOWN,,13.689108,79.578514,True,False,OTHER
RCG,RACHAGUNNARI,UNKNOWN,UNKNOWN,,13.714631,79.629853,True,False,OTHER
KHT,SRI KALAHASTI,UNKNOWN,UNKNOWN,,13.746362,79.683041,True,False,OTHER
AKY,AKKURTI,UNKNOWN,UNKNOWN,,13.782896,79.668642,True,False,OTHER
YLK,YELLAKARU,UNKNOWN,UNKNOWN,,13.84646,79.650572,True,False,OTHER
YAL,YATALURU,UNKNOWN,UNKNOWN,,13.893494,79.626238,True,False,OTHER
VKI,VENKATAGIRI,UNKNOWN,UNKNOWN,,13.943864,79.603987,True,False,OTHER
NDZ,NIDIGALLU,UNKNOWN,UNKNOWN,,13.988306,79.660594,True,False,OTHER
VDD,VENDODU,UNKNOWN,UNKNOWN,,14.026947,79.7284,True,False,OTHER
KQA,KONDAGUNTA,UNKNOWN,UNKNOWN,,14.080028,79.79392,True,False,OTHER
LJN,LUCKNOW JN,UNKNOWN,UNKNOWN,,26.831967,80.918587,True,False,OTHER
AGA,AGRA CITY,UNKNOWN,UNKNOWN,,27.194573,78.015775,True,False,OTHER
RAWS,RAHATWAS,UNKNOWN,UNKNOWN,,24.522974,77.8327,True,False,OTHER
BRNA,BERAWANYA,UNKNOWN,UNKNOWN,,23.465606,75.334122,True,False,OTHER
KUH,KHACHROD,UNKNOWN,UNKNOWN,,23.442673,75.286337,True,False,OTHER
RNH,RUNKHERA,UNKNOWN,UNKNOWN,,23.413846,75.188802,True,False,OTHER
BOD,BANGROD,UNKNOWN,UNKNOWN,,23.398216,75.124146,True,False,OTHER
RTME,RATLAM EAST CABIN,UNKNOWN,UNKNOWN,,23.35979,75.067019,True,False,OTHER
RTLM,RATLAM JN,UNKNOWN,UNKNOWN,,23.34024,75.050686,True,False,OTHER
RTM,RATLAM JN,UNKNOWN,UNKNOWN,,23.34038,75.050826,True,False,OTHER
RTD,RATLAM A CABIN,UNKNOWN,UNKNOWN,,23.335631,75.042913,True,False,OTHER
DRRN,DR. R K NAGAR,UNKNOWN,UNKNOWN,,23.310222,75.006059,True,False,OTHER
MRN,MORWANI,UNKNOWN,UNKNOWN,,23.276486,74.977969,True,False,OTHER
BILD,BILDI,UNKNOWN,UNKNOWN,,23.225523,74.918539,True,False,OTHER
RTI,RAOTI,UNKNOWN,UNKNOWN,,23.183572,74.878674,True,False,OTHER
BOG,BHAIRONGARH,UNKNOWN,UNKNOWN,,23.144921,74.776064,True,False,OTHER
BMI,BAMNIA,UNKNOWN,UNKNOWN,,23.095764,74.759016,True,False,OTHER
AGR,AMARGARH,UNKNOWN,UNKNOWN,,23.080689,74.747038,True,False,OTHER
PCN,PANCH PIPILA,UNKNOWN,UNKNOWN,,23.06329,74.737549,True,False,OTHER
BJG,BAJRANGARH,UNKNOWN,UNKNOWN,,23.042607,74.694993,True,False,OTHER
THDR,THANDLA RD,UNKNOWN,UNKNOWN,,23.032708,74.666939,True,False,OTHER
MGN,MEGHNAGAR,UNKNOWN,UNKNOWN,,22.907459,74.539834,True,False,OTHER
NRH,NAHARGARH,UNKNOWN,UNKNOWN,,22.873881,74.500786,True,False,OTHER
ANAS,ANAS,UNKNOWN,UNKNOWN,,22.866009,74.421513,True,False,OTHER
BIO,BORDI,UNKNOWN,UNKNOWN,,22.866487,74.347099,True,False,OTHER
DHMA,DHAMARDA,UNKNOWN,UNKNOWN,,22.846208,74.297046,True,False,OTHER
DHD,DAHOD,UNKNOWN,UNKNOWN,,22.843607,74.253374,True,False,OTHER
RET,RENTIA,UNKNOWN,UNKNOWN,,22.863268,74.210847,True,False,OTHER
JKT,JEKOT,UNKNOWN,UNKNOWN,,22.865616,74.159354,True,False,OTHER
USRA,USRA,UNKNOWN,UNKNOWN,,22.842055,74.102942,True,False,OTHER
MAM,MANGAL MAHUDI,UNKNOWN,UNKNOWN,,22.83578,74.058492,True,False,OTHER
LMK,LIMKHEDA,UNKNOWN,UNKNOWN,,22.833894,73.984515,True,False,OTHER
PPD,PIPLOD JN,UNKNOWN,UNKNOWN,,22.819148,73.9091,True,False,OTHER
SAT,SANT ROAD,UNKNOWN,UNKNOWN,,22.796395,73.800403,True,False,OTHER
CCL,CHANCHELAV,UNKNOWN,UNKNOWN,,22.795825,73.714339,True,False,OTHER
KIZ,KANSUDHI,UNKNOWN,UNKNOWN,,22.789343,73.64823,True,False,OTHER
GDA,GODHRA JN,UNKNOWN,UNKNOWN,,22.776974,73.603672,True,False,OTHER
BINA,BINA JN,UNKNOWN,UNKNOWN,,24.170974,78.1832,True,False,OTHER
GUNA,GUNA,UNKNOWN,UNKNOWN,,24.6405,77.314104,True,False,OTHER
MUGA,MAHUGARHA,UNKNOWN,UNKNOWN,,24.627745,77.241742,True,False,OTHER
RTA,RUTHIYAI,UNKNOWN,UNKNOWN,,24.531922,77.175827,True,False,OTHER
VJP,VIJAY PUR,UNKNOWN,UNKNOWN,,24.493169,77.162411,True,False,OTHER
RGG,RADOGARH,UNKNOWN,UNKNOWN,,24.435611,77.154792,True,False,OTHER
KHRJ,KUMBHRAJ,UNKNOWN,UNKNOWN,,24.363097,77.079574,True,False,OTHER
RMQ,RAMRI,UNKNOWN,UNKNOWN,,24.242752,77.051454,True,False,OTHER
CBK,CHACHAURA BINAGANJ,UNKNOWN,UNKNOWN,,24.178144,77.016603,True,False,OTHER
PCF,PENCHI,UNKNOWN,UNKNOWN,,24.138711,77.005837,True,False,OTHER
SFZ,SINDURIYA KACHARI,UNKNOWN,UNKNOWN,,24.021099,76.925904,True,False,OTHER
BRRG,BIYAVRA RAJGARH,UNKNOWN,UNKNOWN,,23.93591,76.907007,True,False,OTHER
KNRA,KACHNARIA,UNKNOWN,UNKNOWN,,23.883958,76.878726,True,False,OTHER
KNWS,KARANWAS,UNKNOWN,UNKNOWN,,23.80408,76.808926,True,False,OTHER
PFR,PACHOR ROAD,UNKNOWN,UNKNOWN,,23.729095,76.741609,True,False,OTHER
UDK,UDYAN KHERI,UNKNOWN,UNKNOWN,,23.680052,76.639447,True,False,OTHER
PQU,PARHANA MAU,UNKNOWN,UNKNOWN,,23.626636,76.555607,True,False,OTHER
SFW,SARANGPUR,UNKNOWN,UNKNOWN,,23.581064,76.487187,True,False,OTHER
SFF,SUNERA PIRKHERI,UNKNOWN,UNKNOWN,,23.474148,76.360303,True,False,OTHER
SFY,SHAJAPUR,UNKNOWN,UNKNOWN,,23.425074,76.297843,True,False,OTHER
CAZ,CHAUHANI,UNKNOWN,UNKNOWN,,23.332144,76.264491,True,False,OTHER
SYO,SIROLIYA,UNKNOWN,UNKNOWN,,23.30556,76.225424,True,False,OTHER
MDVK,MAHADEOKHEDI,UNKNOWN,UNKNOWN,,24.217392,78.193689,True,False,OTHER
SRKI,SEMARKHERI,UNKNOWN,UNKNOWN,,24.288941,78.177733,True,False,OTHER
KXB,KANJAI,UNKNOWN,UNKNOWN,,24.331047,78.169132,True,False,OTHER
MNV,MUNGAOLI,UNKNOWN,UNKNOWN,,24.402175,78.11099,True,False,OTHER
GVB,GUNERU BAMORI,UNKNOWN,UNKNOWN,,24.461773,78.06254,True,False,OTHER
PIA,PIPRAIGAON,UNKNOWN,UNKNOWN,,24.503643,77.964258,True,False,OTHER
RTWS,RAHATWAS,UNKNOWN,UNKNOWN,,24.522934,77.83266,True,False,OTHER
ORR,ORR,UNKNOWN,UNKNOWN,,24.530939,77.799315,True,False,OTHER
HPKA,HINOTIA PIPALKHERA,UNKNOWN,UNKNOWN,,24.550797,77.770415,True,False,OTHER
ASKN,ASHOK NAGAR,UNKNOWN,UNKNOWN,,24.58015,77.726725,True,False,OTHER
RIKA,RATIKHEDA,UNKNOWN,UNKNOWN,,24.59745,77.656544,True,False,OTHER
SHDR,SHADHORAGAON,UNKNOWN,UNKNOWN,,24.633366,77.584671,True,False,OTHER
PIGT,PILIGHAT,UNKNOWN,UNKNOWN,,24.660758,77.49331,True,False,OTHER
PGA,PAGARA,UNKNOWN,UNKNOWN,,24.65577,77.44077,True,False,OTHER
MABN,MABAN,UNKNOWN,UNKNOWN,,24.641196,77.371542,True,False,OTHER
IAA,INDARA JN,UNKNOWN,UNKNOWN,,25.987832,83.619611,True,False,OTHER
ML,MALHOUR,UNKNOWN,UNKNOWN,,26.853449,81.040475,True,False,OTHER
JRR,JUGAUR,UNKNOWN,UNKNOWN,,26.881922,81.088561,True,False,OTHER
SFH,SAFEDABAD,UNKNOWN,UNKNOWN,,26.897857,81.116601,True,False,OTHER
BBK,BARABANKI JN,UNKNOWN,UNKNOWN,,26.935335,81.18104,True,False,OTHER
MAU,MAU JN,UNKNOWN,UNKNOWN,,25.93948,83.564347,True,False,OTHER
PLGH,PALIGARH,UNKNOWN,UNKNOWN,,25.959544,83.50513,True,False,OTHER
KRT,KHURAHAT,UNKNOWN,UNKNOWN,,25.984989,83.455442,True,False,OTHER
MMA,MUHAMMADABAD,UNKNOWN,UNKNOWN,,26.026235,83.376007,True,False,OTHER
SAA,SATHIAON,UNKNOWN,UNKNOWN,,26.034194,83.287317,True,False,OTHER
SDHA,SIDHARI HALT,UNKNOWN,UNKNOWN,,26.037742,83.187667,True,False,OTHER
RES,RASULL,UNKNOWN,UNKNOWN,,26.931423,81.25345,True,False,OTHER
AMH,AZAMGARH,UNKNOWN,UNKNOWN,,26.038607,83.160614,True,False,OTHER
RKS,SARAI RANI,UNKNOWN,UNKNOWN,,26.015838,83.121492,True,False,OTHER
PHY,PHARIHA,UNKNOWN,UNKNOWN,,26.007478,83.029946,True,False,OTHER
SJER,SANJARPUR,UNKNOWN,UNKNOWN,,26.017332,82.972179,True,False,OTHER
SMZ,SARAI MIR,UNKNOWN,UNKNOWN,,26.028142,82.923954,True,False,OTHER
KRND,KHORASON ROAD,UNKNOWN,UNKNOWN,,26.089746,82.867173,True,False,OTHER
SGJ,SAFDARGANJ,UNKNOWN,UNKNOWN,,26.914454,81.36116,True,False,OTHER
DJD,DIDARGANJ ROAD,UNKNOWN,UNKNOWN,,26.092367,82.805191,True,False,OTHER
KHJA,KHANJA HALT,UNKNOWN,UNKNOWN,,26.088482,82.744969,True,False,OTHER
SYK,SAIDKHANPUR,UNKNOWN,UNKNOWN,,26.89846,81.462176,True,False,OTHER
DYD,DARYABAD,UNKNOWN,UNKNOWN,,26.861303,81.550114,True,False,OTHER
PTH,PATRANGA,UNKNOWN,UNKNOWN,,26.825007,81.625869,True,False,OTHER
RZN,RAUZAGAON,UNKNOWN,UNKNOWN,,26.785264,81.708007,True,False,OTHER
RDL,RUDAULI,UNKNOWN,UNKNOWN,,26.762188,81.754202,True,False,OTHER
GMU,GAURIYAMAU,UNKNOWN,UNKNOWN,,26.757029,81.79366,True,False,OTHER
BNM,BARAGAON,UNKNOWN,UNKNOWN,,26.755374,81.847028,True,False,OTHER
DELO,DEORAKOT,UNKNOWN,UNKNOWN,,26.754368,81.906358,True,False,OTHER
SLW,SOHWAL,UNKNOWN,UNKNOWN,,26.753048,81.983837,True,False,OTHER
SLRP,SALARPUR,UNKNOWN,UNKNOWN,,26.752552,82.013173,True,False,OTHER
FD,FAIZABAD JN,UNKNOWN,UNKNOWN,,26.768996,82.135574,True,False,OTHER
ACND,ACHARYA NARENDRA DEV NAGAR,UNKNOWN,UNKNOWN,,26.774576,82.156997,True,False,OTHER
AY,AYODHYA,UNKNOWN,UNKNOWN,,26.787784,82.200604,True,False,OTHER
DRG,DARSHANNAGAR,UNKNOWN,UNKNOWN,,26.752229,82.208384,True,False,OTHER
BLG,BILHAR GHAT,UNKNOWN,UNKNOWN,,26.681307,82.268998,True,False,OTHER
ULN,ULNA BHARI,UNKNOWN,UNKNOWN,,26.632175,82.319243,True,False,OTHER
GGJ,GOSHAINGANJ,UNKNOWN,UNKNOWN,,26.569524,82.384123,True,False,OTHER
KTHE,KATAHRI,UNKNOWN,UNKNOWN,,26.4952,82.447764,True,False,OTHER
ABP,AKBARPUR,UNKNOWN,UNKNOWN,,26.429818,82.539073,True,False,OTHER
JFG,JAFARGANJ,UNKNOWN,UNKNOWN,,26.360277,82.582319,True,False,OTHER
MLPR,MALIPUR,UNKNOWN,UNKNOWN,,26.281482,82.6313,True,False,OTHER
TLGR,TULSI NAGAR,UNKNOWN,UNKNOWN,,26.215063,82.651701,True,False,OTHER
BWI,BILWAI,UNKNOWN,UNKNOWN,,26.158966,82.665181,True,False,OTHER
SHG,SHAHGANJ JN,UNKNOWN,UNKNOWN,,26.061399,82.679662,True,False,OTHER
PEP,PHEPHNA JN,UNKNOWN,UNKNOWN,,25.770309,84.051325,True,False,OTHER
SVI,SAGARPALI,UNKNOWN,UNKNOWN,,25.758015,84.098657,True,False,OTHER
HLP,HALDHARPUR,UNKNOWN,UNKNOWN,,25.963348,83.67908,True,False,OTHER
RTP,RATANPURA,UNKNOWN,UNKNOWN,,25.921924,83.744472,True,False,OTHER
RJMP,RAJMALPUR ROAD,UNKNOWN,UNKNOWN,,25.892921,83.788671,True,False,OTHER
RSR,RASRA,UNKNOWN,UNKNOWN,,25.861714,83.85785,True,False,OTHER
SNRA,SANWARA,UNKNOWN,UNKNOWN,,25.845461,83.910076,True,False,OTHER
CHR,CHILKAHAR,UNKNOWN,UNKNOWN,,25.82699,83.965313,True,False,OTHER
JGKS,JIGNI KHAS,UNKNOWN,UNKNOWN,,25.802194,84.006273,True,False,OTHER
BUI,BALLIA,UNKNOWN,UNKNOWN,,25.76057,84.15312,True,False,OTHER
BCD,BANSDIH ROAD,UNKNOWN,UNKNOWN,,25.811583,84.215238,True,False,OTHER
CATA,CHHATA ASCHAURA,UNKNOWN,UNKNOWN,,25.824617,84.253936,True,False,Hyderabad
STW,SAHATWAR,UNKNOWN,UNKNOWN,,25.827831,84.295491,True,False,OTHER
ROI,REOTI,UNKNOWN,UNKNOWN,,25.833886,84.37469,True,False,OTHER
DCP,DAL CHAPRA,UNKNOWN,UNKNOWN,,25.82706,84.432615,True,False,OTHER
SIP,SURAIMANPUR,UNKNOWN,UNKNOWN,,25.80918,84.480022,True,False,OTHER
BKLA,BAKULHA,UNKNOWN,UNKNOWN,,25.797877,84.543411,True,False,OTHER
MHT,MANJHI,UNKNOWN,UNKNOWN,,25.828485,84.584759,True,False,OTHER
RVG,REVELGANJ GHAT HALT,UNKNOWN,UNKNOWN,,25.787072,84.639402,True,False,OTHER
GTST,GAUTAMSTHAN,UNKNOWN,UNKNOWN,,25.786859,84.663479,True,False,Chennai
BJF,BIJNI,UNKNOWN,UNKNOWN,,26.497967,90.707827,True,False,OTHER
PTLD,PATILADAHA,UNKNOWN,UNKNOWN,,26.504091,90.784534,True,False,OTHER
SBE,SORBHOG JN,UNKNOWN,UNKNOWN,,26.494286,90.888281,True,False,OTHER
BPRD,BARPETA ROAD,UNKNOWN,UNKNOWN,,26.502847,90.963965,True,False,OTHER
GSA,GUAGACHHA,UNKNOWN,UNKNOWN,,26.501588,91.016332,True,False,OTHER
SPQ,SORUPETA,UNKNOWN,UNKNOWN,,26.499689,91.076059,True,False,OTHER
PBL,PATHSALA,UNKNOWN,UNKNOWN,,26.497475,91.176255,True,False,OTHER
NSRH,NIZ-SARIHA HALT,UNKNOWN,UNKNOWN,,26.486062,91.221126,True,False,OTHER
TIHU,TIHU,UNKNOWN,UNKNOWN,,26.471321,91.267699,True,False,OTHER
KTCH,KAITHALKUCHI,UNKNOWN,UNKNOWN,,26.450315,91.339022,True,False,OTHER
NLV,NALBARI,UNKNOWN,UNKNOWN,,26.450629,91.440291,True,False,OTHER
GOE,GHOGRAPUR,UNKNOWN,UNKNOWN,,26.450742,91.539986,True,False,OTHER
RNY,RANGIYA JN,UNKNOWN,UNKNOWN,,26.447901,91.605929,True,False,OTHER
KDKN,KENDUKANA,UNKNOWN,UNKNOWN,,26.374067,91.63681,True,False,OTHER
BIZ,BAIHATA,UNKNOWN,UNKNOWN,,26.343713,91.684343,True,False,OTHER
CGS,CHANGSARI,UNKNOWN,UNKNOWN,,26.256204,91.693023,True,False,OTHER
AGT,AGTHORI,UNKNOWN,UNKNOWN,,26.200893,91.686006,True,False,OTHER
KYQ,KAMAKHYA,UNKNOWN,UNKNOWN,,26.156154,91.689505,True,False,OTHER
GHY,GUWAHATI,UNKNOWN,UNKNOWN,,26.182635,91.751851,True,False,OTHER
JPE,JALPAIGURI ROAD,UNKNOWN,UNKNOWN,,26.559017,88.709453,True,False,OTHER
NQH,NEW DOMOHANI,UNKNOWN,UNKNOWN,,26.569681,88.786572,True,False,OTHER
NMX,NEW MAYNAGURI,UNKNOWN,UNKNOWN,,26.578607,88.822868,True,False,OTHER
BYXA,BETGARA,UNKNOWN,UNKNOWN,,26.612665,88.885559,True,False,OTHER
ATM,ALTAGRAM,UNKNOWN,UNKNOWN,,26.608131,88.946682,True,False,OTHER
DQG,DHUPGURI,UNKNOWN,UNKNOWN,,26.573532,88.994973,True,False,OTHER
KLGR,KHALAIGRAM,UNKNOWN,UNKNOWN,,26.55042,89.052194,True,False,OTHER
SXX,SALBARI,UNKNOWN,UNKNOWN,,26.546061,89.105527,True,False,OTHER
FLK,FALAKATA,UNKNOWN,UNKNOWN,,26.538396,89.192275,True,False,OTHER
GMZ,GUMANI HAT,UNKNOWN,UNKNOWN,,26.474071,89.239264,True,False,OTHER
GUZ,GUMANI HAT,UNKNOWN,UNKNOWN,,26.474681,89.239874,True,False,OTHER
GDX,GHOKSADANGA,UNKNOWN,UNKNOWN,,26.422886,89.278011,True,False,OTHER
SJRR,SAJHERPAR,UNKNOWN,UNKNOWN,,26.422445,89.352274,True,False,OTHER
PQZ,PUNDIBARI,UNKNOWN,UNKNOWN,,26.413245,89.393542,True,False,OTHER
NCB,NEW COOCH BEHAR,UNKNOWN,UNKNOWN,,26.353159,89.469766,True,False,OTHER
NBS,NEW BANESWAR,UNKNOWN,UNKNOWN,,26.395022,89.510422,True,False,OTHER
NOQ,NEW ALIPURDAUR,UNKNOWN,UNKNOWN,,26.48572,89.541398,True,False,OTHER
SMTA,SAMUKTALA ROAD,UNKNOWN,UNKNOWN,,26.483337,89.634684,True,False,OTHER
KAMG,KAMAKHYAGURI,UNKNOWN,UNKNOWN,,26.484168,89.721829,True,False,OTHER
JOQ,JORAI,UNKNOWN,UNKNOWN,,26.454875,89.803461,True,False,OTHER
SRPB,SRIRAMPUR ASSAM,UNKNOWN,UNKNOWN,,26.426915,89.903915,True,False,OTHER
GOGH,GOSSAIGAON HAT,UNKNOWN,UNKNOWN,,26.429107,89.971589,True,False,OTHER
GBY,GUABARI,UNKNOWN,UNKNOWN,,0.0,0.0,False,False,OTHER
CROA,CHAUTARA,UNKNOWN,UNKNOWN,,26.402242,90.085729,True,False,OTHER
PQK,PRATAP KHATA,UNKNOWN,UNKNOWN,,26.386384,90.118496,True,False,OTHER
FKM,FAKIRAGRAM JN,UNKNOWN,UNKNOWN,,26.365237,90.186189,True,False,OTHER
SUF,SESAPANI,UNKNOWN,UNKNOWN,,26.386182,90.225701,True,False,OTHER
KOJ,KOKRAJHAR,UNKNOWN,UNKNOWN,,26.405057,90.274125,True,False,OTHER
SLKX,SALAKATI,UNKNOWN,UNKNOWN,,26.44577,90.357339,True,False,OTHER
BSGN,BASUGAON,UNKNOWN,UNKNOWN,,26.460164,90.42015,True,False,OTHER
DTX,DANGTAL,UNKNOWN,UNKNOWN,,26.465846,90.465049,True,False,OTHER
NBQY,NEW BONGAIGAON YARD,UNKNOWN,UNKNOWN,,26.472113,90.521486,True,False,OTHER
NBQ,NEW BONGAIGAON,UNKNOWN,UNKNOWN,,26.475835,90.536843,True,False,OTHER
BNGN,BONGAIGAON,UNKNOWN,UNKNOWN,,26.478293,90.560548,True,False,OTHER
CPQ,CHAPRAKATA,UNKNOWN,UNKNOWN,,26.492855,90.612025,True,False,OTHER
JPR,JAKPUR,UNKNOWN,UNKNOWN,,22.362509,87.389853,True,False,OTHER
MPD,MADPUR,UNKNOWN,UNKNOWN,,22.369694,87.443268,True,False,OTHER
SMCK,SHYAM CHAK,UNKNOWN,UNKNOWN,,22.363451,87.500479,True,False,OTHER
BCK,BALICHAK,UNKNOWN,UNKNOWN,,22.358186,87.553354,True,False,OTHER
DUAN,DUAN,UNKNOWN,UNKNOWN,,22.354105,87.588218,True,False,OTHER
RDU,RADHAMOHANPUR,UNKNOWN,UNKNOWN,,22.356484,87.612611,True,False,OTHER
HAUR,HAUR,UNKNOWN,UNKNOWN,,22.365254,87.655069,True,False,OTHER
KHAI,KHIRAI,UNKNOWN,UNKNOWN,,22.374504,87.696628,True,False,OTHER
PKU,PANSKURA,UNKNOWN,UNKNOWN,,22.393103,87.743024,True,False,OTHER
PKEO,PANSKURA EAST OUTER,UNKNOWN,UNKNOWN,,22.39974,87.773512,True,False,OTHER
NPMR,NARAYAN PAKURIA,UNKNOWN,UNKNOWN,,22.399692,87.773985,True,False,OTHER
BOP,BHOGPUR,UNKNOWN,UNKNOWN,,22.401522,87.809079,True,False,OTHER
NDGJ,NANDAHGANJA,UNKNOWN,UNKNOWN,,22.404098,87.832458,True,False,OTHER
MCA,MECHEDA,UNKNOWN,UNKNOWN,,22.414105,87.85883,True,False,OTHER
KIG,KOLAGHAT GOODS,UNKNOWN,UNKNOWN,,22.435189,87.880874,True,False,OTHER
DTE,DEULTI,UNKNOWN,UNKNOWN,,22.452857,87.914003,True,False,OTHER
GGTA,GHORAGHATA,UNKNOWN,UNKNOWN,,22.458315,87.94424,True,False,OTHER
BZN,BAGNAN,UNKNOWN,UNKNOWN,,22.462515,87.970711,True,False,OTHER
KGY,KULGACHIA,UNKNOWN,UNKNOWN,,22.472352,88.020395,True,False,OTHER
ERSD,ERNAKULAM D CABIN,UNKNOWN,UNKNOWN,,9.979712,76.306549,True,False,OTHER
TRTR,TRIUPUNITTURA,UNKNOWN,UNKNOWN,,9.9501,76.352761,True,False,OTHER
KFE,KURIKAD,UNKNOWN,UNKNOWN,,9.923277,76.37635,True,False,OTHER
MNTT,MULANTURUTTI,UNKNOWN,UNKNOWN,,9.901576,76.389673,True,False,OTHER
KPTM,KANJIRAMITTAM,UNKNOWN,UNKNOWN,,9.862331,76.410949,True,False,OTHER
TVC,TRIVANDRUM CENTRAL,UNKNOWN,UNKNOWN,,8.486679,76.95121,True,False,OTHER
TVP,TRIVANDRUM PETTAI,UNKNOWN,UNKNOWN,,8.494524,76.931673,True,False,OTHER
PVRD,PIRAVAM ROAD,UNKNOWN,UNKNOWN,,9.828669,76.454731,True,False,OTHER
VARD,VAIKAM ROAD,UNKNOWN,UNKNOWN,,9.777648,76.474611,True,False,OTHER
KDTY,KADUTURUTTI HALT,UNKNOWN,UNKNOWN,,9.756128,76.4926,True,False,OTHER
KRPP,KURUPPANTHARA,UNKNOWN,UNKNOWN,,9.734535,76.510609,True,False,OTHER
ETM,ETTUMANUR,UNKNOWN,UNKNOWN,,9.676196,76.545152,True,False,OTHER
KFQ,KUMARANALLUR,UNKNOWN,UNKNOWN,,9.617136,76.531679,True,False,OTHER
KTYM,KOTTAYAM,UNKNOWN,UNKNOWN,,9.594177,76.532168,True,False,OTHER
CGV,CHINGAVANAM,UNKNOWN,UNKNOWN,,9.537757,76.525885,True,False,OTHER
CGY,CHANGANASERI,UNKNOWN,UNKNOWN,,9.449881,76.548414,True,False,OTHER
TRVL,TIRUVALLA,UNKNOWN,UNKNOWN,,9.392148,76.580267,True,False,OTHER
CNGR,CHENGANNUR,UNKNOWN,UNKNOWN,,9.319504,76.608271,True,False,OTHER
CYN,CHERIYANAD,UNKNOWN,UNKNOWN,,9.273119,76.585087,True,False,OTHER
MVLK,MAVELIKARA,UNKNOWN,UNKNOWN,,9.239487,76.545692,True,False,OTHER
KYJ,KAYANKULAM JN,UNKNOWN,UNKNOWN,,9.182586,76.512933,True,False,OTHER
OCR,OCHIRA,UNKNOWN,UNKNOWN,,9.132023,76.525576,True,False,OTHER
KPY,KARUNAGAPALLI,UNKNOWN,UNKNOWN,,9.065268,76.544023,True,False,OTHER
STKT,SASTHANKOTTA,UNKNOWN,UNKNOWN,,9.03231,76.598883,True,False,OTHER
MQO,MUNROTURUTTU,UNKNOWN,UNKNOWN,,8.994998,76.611908,True,False,OTHER
PRND,PERINAD,UNKNOWN,UNKNOWN,,8.947916,76.620341,True,False,OTHER
QLN,KOLLAM JN,UNKNOWN,UNKNOWN,,8.886586,76.596753,True,False,OTHER
IRP,IRAVIPURAM,UNKNOWN,UNKNOWN,,8.866948,76.623059,True,False,OTHER
MYY,MAYYANAD,UNKNOWN,UNKNOWN,,8.837759,76.647331,True,False,OTHER
PVU,PARAVUR,UNKNOWN,UNKNOWN,,8.815758,76.668238,True,False,OTHER
KFI,KAPPIL,UNKNOWN,UNKNOWN,,8.779435,76.67963,True,False,OTHER
EVA,EDAVAI,UNKNOWN,UNKNOWN,,8.762883,76.697477,True,False,OTHER
VAK,VARKALA,UNKNOWN,UNKNOWN,,8.740732,76.722872,True,False,OTHER
AMY,AKATHUMURI,UNKNOWN,UNKNOWN,,8.70031,76.758792,True,False,OTHER
KVU,KADAKAVUR,UNKNOWN,UNKNOWN,,8.679078,76.766672,True,False,OTHER
CRY,CHIRAYINKIL,UNKNOWN,UNKNOWN,,8.658338,76.78537,True,False,OTHER
PGZ,PERUNGUZHI,UNKNOWN,UNKNOWN,,8.631561,76.808211,True,False,OTHER
MQU,MURUKKAMPUZHA,UNKNOWN,UNKNOWN,,8.61363,76.830245,True,False,OTHER
KXP,KANIYAPURAM,UNKNOWN,UNKNOWN,,8.587612,76.854482,True,False,OTHER
KZK,KAZHAKUTTAM,UNKNOWN,UNKNOWN,,8.555848,76.872235,True,False,OTHER
VELI,VELI,UNKNOWN,UNKNOWN,,8.522536,76.882919,True,False,OTHER
KCVL,KOCHUVELI,UNKNOWN,UNKNOWN,,8.509254,76.8961,True,False,OTHER
BUW,BURHWAL,UNKNOWN,UNKNOWN,,27.087081,81.39016,True,False,OTHER
CKG,CHOWKA GHAT,UNKNOWN,UNKNOWN,,27.100002,81.449932,True,False,OTHER
SPC,SITAPUR CITY,UNKNOWN,UNKNOWN,,27.583612,80.679695,True,False,OTHER
STRK,SITAPUR KUTCHERY HALT,UNKNOWN,UNKNOWN,,27.564603,80.687163,True,False,OTHER
SCC,SITAPUR CANT,UNKNOWN,UNKNOWN,,27.559468,80.698784,True,False,Hyderabad
TKUR,TAPPA KHAJURIA,UNKNOWN,UNKNOWN,,27.579425,80.761641,True,False,OTHER
PSN,PARSENDI,UNKNOWN,UNKNOWN,,27.582038,80.836816,True,False,OTHER
RAMR,RAMAIPUR HALT,UNKNOWN,UNKNOWN,,27.545116,80.897107,True,False,OTHER
BVN,BISWAN,UNKNOWN,UNKNOWN,,27.489483,80.990464,True,False,OTHER
SKLP,SHANKARPUR,UNKNOWN,UNKNOWN,,27.447221,81.014405,True,False,OTHER
SYU,SARAYAN,UNKNOWN,UNKNOWN,,27.396332,81.042877,True,False,OTHER
BBPR,BABUPUR,UNKNOWN,UNKNOWN,,27.349971,81.070314,True,False,OTHER
MMB,MAHMUDABAD AVADH,UNKNOWN,UNKNOWN,,27.288295,81.114404,True,False,OTHER
MGPA,MUNDA GOPAL ASHRAM,UNKNOWN,UNKNOWN,,27.255493,81.139283,True,False,OTHER
PPE,PAINTEPUR,UNKNOWN,UNKNOWN,,27.230021,81.157557,True,False,OTHER
TSF,TAHSIL FATEHPUR,UNKNOWN,UNKNOWN,,27.168445,81.203969,True,False,OTHER
SDAM,SUNDHIAMAU,UNKNOWN,UNKNOWN,,27.121414,81.28688,True,False,OTHER
BRTA,BARTARA,UNKNOWN,UNKNOWN,,27.837593,80.007541,True,False,OTHER
UCH,UNCHAULIA,UNKNOWN,UNKNOWN,,27.80926,80.068986,True,False,OTHER
LNQ,LAKHNAURIA,UNKNOWN,UNKNOWN,,27.782774,80.139264,True,False,OTHER
JBG,JUNG BAHADURGNJ,UNKNOWN,UNKNOWN,,27.768419,80.172851,True,False,OTHER
MZN,MAHMUDPUR SARAIYAN,UNKNOWN,UNKNOWN,,27.754198,80.209625,True,False,OTHER
JKH,JAHANIKHERA,UNKNOWN,UNKNOWN,,27.743838,80.239342,True,False,OTHER
MINJ,MAIKALGANJ,UNKNOWN,UNKNOWN,,27.717537,80.337822,True,False,OTHER
NERI,NERI,UNKNOWN,UNKNOWN,,27.688832,80.393681,True,False,OTHER
LCN,LALPUR CHANDRA,UNKNOWN,UNKNOWN,,27.659296,80.451791,True,False,OTHER
MAHO,MAHOLI,UNKNOWN,UNKNOWN,,27.64872,80.477073,True,False,OTHER
UDX,URDAULI,UNKNOWN,UNKNOWN,,27.632871,80.514006,True,False,OTHER
HMP,HEMPUR,UNKNOWN,UNKNOWN,,27.616282,80.562649,True,False,OTHER
KATA,KATILI,UNKNOWN,UNKNOWN,,27.616759,80.614094,True,False,OTHER
BGDS,BHAGWANPUR DESU,UNKNOWN,UNKNOWN,,25.82701,85.846025,True,False,OTHER
ARG,ANGAR GHAT,UNKNOWN,UNKNOWN,,25.795385,85.907174,True,False,OTHER
NRN,NARHAN,UNKNOWN,UNKNOWN,,25.746997,85.975081,True,False,OTHER
ROA,RUSERA GHAT,UNKNOWN,UNKNOWN,,25.746302,86.035742,True,False,OTHER
MABB,MABBI HALT,UNKNOWN,UNKNOWN,,25.749213,86.06347,True,False,OTHER
NWC,NAYA NAGAR,UNKNOWN,UNKNOWN,,25.749918,86.111011,True,False,OTHER
KGG,KHAGARIA JN,UNKNOWN,UNKNOWN,,25.505891,86.465251,True,False,OTHER
MNE,MANSI JN,UNKNOWN,UNKNOWN,,25.509398,86.554446,True,False,OTHER
CDBN,CHEDHABANNI HALT,UNKNOWN,UNKNOWN,,25.491824,86.597197,True,False,OTHER
BAPN,BARAIPURA HALT,UNKNOWN,UNKNOWN,,25.739421,86.137301,True,False,OTHER
HPO,HASANPUR ROAD,UNKNOWN,UNKNOWN,,25.714772,86.185371,True,False,OTHER
SSRH,SHASAN HALT,UNKNOWN,UNKNOWN,,25.685978,86.197042,True,False,OTHER
DSKG,DSKG,UNKNOWN,UNKNOWN,,0.0,0.0,False,False,OTHER
SOPR,SONMA PRANPUR(H,UNKNOWN,UNKNOWN,,25.631436,86.226371,True,False,OTHER
SLNA,SALAUNA,UNKNOWN,UNKNOWN,,25.603476,86.260279,True,False,OTHER
IMLI,IMLI,UNKNOWN,UNKNOWN,,25.555629,86.302557,True,False,OTHER
PRGA,PAHARJAGANGAU,UNKNOWN,UNKNOWN,,25.531869,86.324828,True,False,OTHER
OLP,OLAPUR,UNKNOWN,UNKNOWN,,25.517459,86.370122,True,False,OTHER
MSK,MAHES KHUNT,UNKNOWN,UNKNOWN,,25.46082,86.641818,True,False,Chennai
GAI,GOUCHHARI,UNKNOWN,UNKNOWN,,25.438434,86.674696,True,False,OTHER
PSR,PASRAHA,UNKNOWN,UNKNOWN,,25.403765,86.743883,True,False,OTHER
BRKD,BHARATKHAND HALT,UNKNOWN,UNKNOWN,,25.400724,86.806223,True,False,OTHER
BRKB,BHARATKHAND HALT,UNKNOWN,UNKNOWN,,25.400254,86.805753,True,False,OTHER
NNR,NARAYANPUR,UNKNOWN,UNKNOWN,,25.398348,86.859388,True,False,OTHER
THB,THANA BIHPUR JN,UNKNOWN,UNKNOWN,,25.393571,86.934758,True,False,OTHER
BIGH,BAGRIGRAM HALT,UNKNOWN,UNKNOWN,,25.391339,86.985238,True,False,OTHER
KHQ,KHARIK,UNKNOWN,UNKNOWN,,25.388883,87.014958,True,False,OTHER
NNA,NAUGACHIA,UNKNOWN,UNKNOWN,,25.385261,87.09387,True,False,OTHER
KTRH,KATAREAH,UNKNOWN,UNKNOWN,,25.400488,87.194836,True,False,OTHER
KUE,KURSELA,UNKNOWN,UNKNOWN,,25.440774,87.253655,True,False,OTHER
BKHR,BAKHRI,UNKNOWN,UNKNOWN,,25.499841,87.3353,True,False,OTHER
BRZR,BARARI BAZAR,UNKNOWN,UNKNOWN,,25.490064,87.35532,True,False,OTHER
CRR,KARAGOLA ROAD,UNKNOWN,UNKNOWN,,25.500007,87.377827,True,False,OTHER
SMO,SEMAPUR,UNKNOWN,UNKNOWN,,25.524483,87.470441,True,False,OTHER
NYT,NAYATOLA,UNKNOWN,UNKNOWN,,25.56139,87.602596,True,False,OTHER
DNQ,DANDKHORA,UNKNOWN,UNKNOWN,,25.572405,87.642237,True,False,OTHER
GRR,GORPHAR,UNKNOWN,UNKNOWN,,25.58542,87.671798,True,False,OTHER
SI,SONALLI,UNKNOWN,UNKNOWN,,25.604754,87.717639,True,False,OTHER
BHNP,BISHANPUR HALT,UNKNOWN,UNKNOWN,,25.614901,87.746117,True,False,OTHER
JAU,JHAUA,UNKNOWN,UNKNOWN,,25.613217,87.775043,True,False,OTHER
MENP,MEENAPUR,UNKNOWN,UNKNOWN,,25.614051,87.802483,True,False,OTHER
SRI,SALMARI,UNKNOWN,UNKNOWN,,25.615672,87.837513,True,False,OTHER
BDYD,BDYD,UNKNOWN,UNKNOWN,,0.0,0.0,False,False,OTHER
SGBB,SGBB,UNKNOWN,UNKNOWN,,0.0,0.0,False,False,OTHER
BSPC,BSPC,UNKNOWN,UNKNOWN,,0.0,0.0,False,False,OTHER
BSGS,BSGS,UNKNOWN,UNKNOWN,,0.0,0.0,False,False,OTHER
VAY,VAYALAR,UNKNOWN,UNKNOWN,,9.741742,76.311408,True,False,OTHER
SRTL,SHERTALAI,UNKNOWN,UNKNOWN,,9.690992,76.325151,True,False,OTHER
TRVZ,TIRUVIZHA,UNKNOWN,UNKNOWN,,9.641848,76.326281,True,False,OTHER
MAKM,MARARIKULAM,UNKNOWN,UNKNOWN,,9.597994,76.318018,True,False,OTHER
KAVR,KALAVUR HALT,UNKNOWN,UNKNOWN,,9.567254,76.318097,True,False,OTHER
TMPY,TUMBOLI,UNKNOWN,UNKNOWN,,9.51917,76.321857,True,False,OTHER
ALLP,ALLEPPEY,UNKNOWN,UNKNOWN,,9.483759,76.322476,True,False,OTHER
TPM,TOTIYAPALAYAM,UNKNOWN,UNKNOWN,,11.292723,77.681926,True,False,OTHER
KMX,KOMATIPALLI,UNKNOWN,UNKNOWN,,18.381027,83.341047,True,False,OTHER
MQJ,MARADAM HALT,UNKNOWN,UNKNOWN,,18.400797,83.346343,True,False,OTHER
MOD,MORAMPUDI,UNKNOWN,UNKNOWN,,16.353115,80.620208,True,False,OTHER
GPI,GAJAPATINAGARAM,UNKNOWN,UNKNOWN,,18.293291,83.333902,True,False,OTHER
GRBL,GARUDUBILLI,UNKNOWN,UNKNOWN,,18.21449,83.350493,True,False,OTHER
GTLM,GOTLAM,UNKNOWN,UNKNOWN,,18.111319,83.395734,True,False,OTHER
LDX,LADDA,UNKNOWN,UNKNOWN,,19.102692,83.412196,True,False,OTHER
JMPT,JIMIDIPETA,UNKNOWN,UNKNOWN,,19.044582,83.422344,True,False,OTHER
AOR,ARGORA,UNKNOWN,UNKNOWN,,23.347039,85.314358,True,False,OTHER
KNRT,KUNERU,UNKNOWN,UNKNOWN,,18.966946,83.440724,True,False,OTHER
GMDA,GUMADA,UNKNOWN,UNKNOWN,,18.889176,83.457557,True,False,OTHER
PVPT,PARVATIPURAM TN,UNKNOWN,UNKNOWN,,18.783875,83.433701,True,False,OTHER
PVP,PARVATIPURAM,UNKNOWN,UNKNOWN,,18.77067,83.426966,True,False,OTHER
NSX,NARSIPURAM HALT,UNKNOWN,UNKNOWN,,18.737615,83.406282,True,False,OTHER
SNM,SITANAGARAM,UNKNOWN,UNKNOWN,,18.672547,83.375524,True,False,OTHER
VBL,BOBBILI,UNKNOWN,UNKNOWN,,18.576764,83.345722,True,False,OTHER
DNV,DONKINAVALASA,UNKNOWN,UNKNOWN,,18.468756,83.350942,True,False,OTHER
BLH,BELGHARIA,UNKNOWN,UNKNOWN,,22.6619,88.389455,True,False,OTHER
AGP,AGARPARA,UNKNOWN,UNKNOWN,,22.682505,88.384761,True,False,OTHER
SEP,SODPUR,UNKNOWN,UNKNOWN,,22.698851,88.382193,True,False,OTHER
KDH,KHARDAHA,UNKNOWN,UNKNOWN,,22.725065,88.377157,True,False,OTHER
TGH,TITAGARH,UNKNOWN,UNKNOWN,,22.74168,88.374057,True,False,OTHER
BP,BARRACKPORE,UNKNOWN,UNKNOWN,,22.761065,88.371428,True,False,OTHER
PTF,PALTA,UNKNOWN,UNKNOWN,,22.782449,88.369524,True,False,OTHER
IP,ICHHAPUR,UNKNOWN,UNKNOWN,,22.799819,88.37342,True,False,OTHER
SNR,SHYAMNAGAR,UNKNOWN,UNKNOWN,,22.828781,88.380423,True,False,OTHER
JGDL,JAGADAL,UNKNOWN,UNKNOWN,,22.850814,88.394596,True,False,OTHER
KNR,KANKINARA,UNKNOWN,UNKNOWN,,22.86517,88.404501,True,False,OTHER
NH,NAIHATI JN,UNKNOWN,UNKNOWN,,22.888555,88.4185,True,False,OTHER
GFAE,GARIFA,UNKNOWN,UNKNOWN,,22.908445,88.409935,True,False,OTHER
HYG,HOOGHLY GHAT,UNKNOWN,UNKNOWN,,22.557209,88.331947,True,False,OTHER
DNH,DEONAGAR,UNKNOWN,UNKNOWN,,23.758691,86.16169,True,False,OTHER
DDGA,DUGDA,UNKNOWN,UNKNOWN,,23.758738,86.161928,True,False,OTHER
LOT,LOHRA,UNKNOWN,UNKNOWN,,25.315602,82.930664,True,False,OTHER
CHH,CHAUKHANDI,UNKNOWN,UNKNOWN,,25.339895,82.834834,True,False,OTHER
SWPR,SEWAPURI,UNKNOWN,UNKNOWN,,25.35077,82.769549,True,False,OTHER
KEH,KAPSETI,UNKNOWN,UNKNOWN,,25.357848,82.717694,True,False,OTHER
PRF,PARSIPUR,UNKNOWN,UNKNOWN,,25.37052,82.637162,True,False,OTHER
BOY,BHADOHI,UNKNOWN,UNKNOWN,,25.395264,82.55836,True,False,OTHER
MOF,MONDH,UNKNOWN,UNKNOWN,,25.427572,82.484637,True,False,OTHER
SAW,SURIAWAN,UNKNOWN,UNKNOWN,,25.46104,82.423665,True,False,OTHER
SQN,SARAI KANSRAI,UNKNOWN,UNKNOWN,,25.516633,82.345198,True,False,OTHER
JNH,JANGHAI JN,UNKNOWN,UNKNOWN,,25.549911,82.310962,True,False,OTHER
CPB,KANPUR BRIDGE LEFT BANK,UNKNOWN,UNKNOWN,,26.477461,80.379316,True,False,OTHER
MGW,MAGARWARA,UNKNOWN,UNKNOWN,,26.523705,80.428892,True,False,OTHER
ON,UNNAO JN,UNKNOWN,UNKNOWN,,26.548354,80.486199,True,False,OTHER
SIC,SONIK,UNKNOWN,UNKNOWN,,26.586191,80.559833,True,False,OTHER
AJ,AJGAIN,UNKNOWN,UNKNOWN,,26.61721,80.620988,True,False,OTHER
KVX,KUSUMBHI,UNKNOWN,UNKNOWN,,26.639853,80.654261,True,False,OTHER
JTU,JAITIPUR,UNKNOWN,UNKNOWN,,26.663567,80.688946,True,False,OTHER
HRN,HARAUNI,UNKNOWN,UNKNOWN,,26.70651,80.748003,True,False,OTHER
AMV,LUCKNOW ALAMBAGH,UNKNOWN,UNKNOWN,,26.794514,80.87314,True,False,OTHER
LKOY,LKOY,UNKNOWN,UNKNOWN,,0.0,0.0,False,False,OTHER
POF,PIPARSAND,UNKNOWN,UNKNOWN,,26.743404,80.798664,True,False,OTHER
AMS,AMAUSI,UNKNOWN,UNKNOWN,,26.77443,80.841544,True,False,Chennai
MKG,MANAK NAGAR,UNKNOWN,UNKNOWN,,26.810176,80.890615,True,False,OTHER
MLJ,MOHANLALGANJ,UNKNOWN,UNKNOWN,,26.687033,80.984093,True,False,OTHER
KKAH,KANKAHA,UNKNOWN,UNKNOWN,,26.618868,81.007582,True,False,OTHER
NHN,NIGOHAN,UNKNOWN,UNKNOWN,,26.567225,81.045358,True,False,OTHER
SAGR,SHRIRAJNAGAR,UNKNOWN,UNKNOWN,,26.522626,81.077837,True,False,OTHER
BCN,BACHHRAWAN,UNKNOWN,UNKNOWN,,26.477321,81.105456,True,False,OTHER
KVG,KUNEANGANJ,UNKNOWN,UNKNOWN,,26.395661,81.13642,True,False,OTHER
HCP,HARCHANDPUR,UNKNOWN,UNKNOWN,,26.34316,81.160841,True,False,OTHER
GANG,GANGAGANJ,UNKNOWN,UNKNOWN,,26.291456,81.201419,True,False,OTHER
RBL,RAE BARELI JN,UNKNOWN,UNKNOWN,,26.232684,81.23932,True,False,OTHER
RUM,RUPAMAU,UNKNOWN,UNKNOWN,,26.230209,81.325346,True,False,OTHER
FTG,FURSATGANJ,UNKNOWN,UNKNOWN,,26.244522,81.415651,True,False,OTHER
JAIS,JAIS,UNKNOWN,UNKNOWN,,26.262162,81.51914,True,False,OTHER
KCJ,KASIMPUR,UNKNOWN,UNKNOWN,,26.257189,81.539941,True,False,OTHER
BANI,BANI,UNKNOWN,UNKNOWN,,26.227488,81.620936,True,False,OTHER
GNG,GAURIGANJ,UNKNOWN,UNKNOWN,,26.20341,81.686726,True,False,OTHER
TLKH,TALAKHAJURI,UNKNOWN,UNKNOWN,,26.176926,81.736132,True,False,OTHER
AME,AMETHI,UNKNOWN,UNKNOWN,,26.153024,81.806276,True,False,OTHER
MFL,MISRAULI,UNKNOWN,UNKNOWN,,26.11437,81.848396,True,False,OTHER
SHJP,SAHAJIPUR HALT,UNKNOWN,UNKNOWN,,26.096303,81.864192,True,False,OTHER
ANTU,ANTU,UNKNOWN,UNKNOWN,,26.055162,81.897788,True,False,OTHER
JGJ,JAGESHARGANJ,UNKNOWN,UNKNOWN,,26.02764,81.928866,True,False,OTHER
CIL,CHILBILA JN,UNKNOWN,UNKNOWN,,25.947331,82.004241,True,False,OTHER
PBH,PARTAPGARH JN,UNKNOWN,UNKNOWN,,25.913308,82.001778,True,False,OTHER
PHV,PIRTHIGANJ,UNKNOWN,UNKNOWN,,25.85554,82.012834,True,False,OTHER
DND,DANDUPUR,UNKNOWN,UNKNOWN,,25.801595,82.040632,True,False,OTHER
GRX,GAURA,UNKNOWN,UNKNOWN,,25.749367,82.091774,True,False,OTHER
SWS,SUWANSA,UNKNOWN,UNKNOWN,,25.698842,82.146562,True,False,OTHER
BSE,BADSHAHPUR,UNKNOWN,UNKNOWN,,25.652268,82.190552,True,False,OTHER
NBP,NIBHAPUR,UNKNOWN,UNKNOWN,,25.600347,82.249697,True,False,OTHER
MACR,MANGULI CHOWDWAR,UNKNOWN,UNKNOWN,,20.529594,85.943313,True,False,OTHER
KGPW,KGPW,UNKNOWN,UNKNOWN,,0.0,0.0,False,False,OTHER
GDBR,GOONDA BIHAR,UNKNOWN,UNKNOWN,,23.067871,86.081167,True,False,OTHER
JHMR,JHIMRI,UNKNOWN,UNKNOWN,,23.082344,86.029757,True,False,OTHER
HNSL,HASLANG P.H.,UNKNOWN,UNKNOWN,,23.091614,86.011923,True,False,OTHER
LTMD,LATEMDA,UNKNOWN,UNKNOWN,,23.098392,85.989117,True,False,OTHER
BKKI,BAKARKUDI,UNKNOWN,UNKNOWN,,23.095049,85.970936,True,False,OTHER
TUL,TIRALDIH,UNKNOWN,UNKNOWN,,23.132246,85.930834,True,False,OTHER
SSIA,SUISA,UNKNOWN,UNKNOWN,,23.196775,85.909013,True,False,OTHER
TRAN,TORANG,UNKNOWN,UNKNOWN,,23.26814,85.858638,True,False,OTHER
ILO,ILLOO,UNKNOWN,UNKNOWN,,23.291633,85.858735,True,False,OTHER
ANVT,ANAND VIHAR TRM,UNKNOWN,UNKNOWN,,28.650504,77.315213,True,False,Delhi
WIR,WAIR,UNKNOWN,UNKNOWN,,28.347316,77.699434,True,False,OTHER
WSC,SHIVARAMPUR,UNKNOWN,UNKNOWN,,27.244948,78.207158,True,False,Hyderabad
GMH,GAMHARIA,UNKNOWN,UNKNOWN,,22.796889,86.102793,True,False,OTHER
TELO,TELO,UNKNOWN,UNKNOWN,,23.811038,86.133892,True,False,OTHER
ADTP,ADITYAPUR,UNKNOWN,UNKNOWN,,22.782212,86.158954,True,False,OTHER
TATA,TATANAGAR JN,UNKNOWN,UNKNOWN,,22.768954,86.20056,True,False,OTHER
SLJR,SALGA JHARI,UNKNOWN,UNKNOWN,,22.75832,86.228747,True,False,OTHER
GVDP,GVDP,UNKNOWN,UNKNOWN,,0.0,0.0,False,False,OTHER
ASB,ASANBONI,UNKNOWN,UNKNOWN,,22.712394,86.313908,True,False,OTHER
RHE,RAKHA MINES,UNKNOWN,UNKNOWN,,22.674292,86.354133,True,False,OTHER
GUD,GALUDIH,UNKNOWN,UNKNOWN,,22.648872,86.410494,True,False,OTHER
GTS,GHATSILA,UNKNOWN,UNKNOWN,,22.58616,86.479768,True,False,OTHER
DVM,DALBHUMGARH,UNKNOWN,UNKNOWN,,22.506293,86.551921,True,False,OTHER
KKPR,KOKPARA,UNKNOWN,UNKNOWN,,22.474065,86.642797,True,False,OTHER
CKU,CHAKULIA,UNKNOWN,UNKNOWN,,22.478149,86.721161,True,False,OTHER
KNM,KANIMAHULI,UNKNOWN,UNKNOWN,,22.482202,86.778394,True,False,OTHER
GII,GIDNI,UNKNOWN,UNKNOWN,,22.488472,86.853201,True,False,OTHER
KATB,KHATKURA,UNKNOWN,UNKNOWN,,22.477455,86.930224,True,False,OTHER
BIRP,BIRARAJPUR,UNKNOWN,UNKNOWN,,22.8235,86.064502,True,False,OTHER
KND,KANDRA,UNKNOWN,UNKNOWN,,22.852966,86.047863,True,False,OTHER
BBDA,BARBENDA (RNC DIVISION),UNKNOWN,UNKNOWN,,23.420983,86.110242,True,False,OTHER
KZU,KUNKI,UNKNOWN,UNKNOWN,,22.875933,86.067757,True,False,OTHER
GUG,GARH JAIPUR,UNKNOWN,UNKNOWN,,23.416142,86.142459,True,False,OTHER
MIK,MANIKUL,UNKNOWN,UNKNOWN,,22.919528,86.066359,True,False,OTHER
CAS,CHAS ROAD,UNKNOWN,UNKNOWN,,23.415513,86.225425,True,False,OTHER
CNI,CHANDIL JN,UNKNOWN,UNKNOWN,,22.956014,86.072109,True,False,OTHER
GTD,GOURINATHDHAM,UNKNOWN,UNKNOWN,,23.396294,86.275105,True,False,OTHER
NIM,NIMDIH,UNKNOWN,UNKNOWN,,22.993643,86.142118,True,False,OTHER
BRMD,BIRAMDIH,UNKNOWN,UNKNOWN,,23.045784,86.19921,True,False,OTHER
BBM,BARABHUM,UNKNOWN,UNKNOWN,,23.091286,86.211237,True,False,OTHER
URMA,URMA,UNKNOWN,UNKNOWN,,23.157777,86.253775,True,False,OTHER
KTD,KANTADIH,UNKNOWN,UNKNOWN,,23.21838,86.29629,True,False,OTHER
TAO,TAMNA,UNKNOWN,UNKNOWN,,23.268988,86.352313,True,False,OTHER
PRR,PURULIA JN,UNKNOWN,UNKNOWN,,23.324911,86.37787,True,False,OTHER
JGM,JHARGRAM,UNKNOWN,UNKNOWN,,22.454964,86.998532,True,False,OTHER
BNB,BANSTOLA,UNKNOWN,UNKNOWN,,22.420974,87.06267,True,False,OTHER
SUA,SARDIHA,UNKNOWN,UNKNOWN,,22.380612,87.123645,True,False,OTHER
KSO,KHEMASULI,UNKNOWN,UNKNOWN,,22.337768,87.184863,True,False,Chennai
KKQ,KALAIKUNDA,UNKNOWN,UNKNOWN,,22.329454,87.244,True,False,OTHER
NMP,NIMPURA,UNKNOWN,UNKNOWN,,22.332403,87.264686,True,False,OTHER
KIS,KAPILAS ROAD,UNKNOWN,UNKNOWN,,20.558554,85.993925,True,False,OTHER
SJDR,SRI JHADESHWAR,UNKNOWN,UNKNOWN,,20.596534,86.019256,True,False,OTHER
BYY,BYREE,UNKNOWN,UNKNOWN,,20.628257,86.034947,True,False,OTHER
BRTG,BARITHENGARH,UNKNOWN,UNKNOWN,,20.656969,86.059671,True,False,OTHER
DNM,DHANMANDAL,UNKNOWN,UNKNOWN,,20.687806,86.11228,True,False,OTHER
HDS,HARIDASPUR,UNKNOWN,UNKNOWN,,20.725882,86.116431,True,False,OTHER
NGMP,NEW GARH MADHOPUR,UNKNOWN,UNKNOWN,,20.798857,86.072106,True,False,OTHER
JEN,JENAPUR,UNKNOWN,UNKNOWN,,20.850842,86.06508,True,False,OTHER
BRMI,BRAHMANI PH,UNKNOWN,UNKNOWN,,20.862952,86.05621,True,False,OTHER
JKPR,JAKHAPURA,UNKNOWN,UNKNOWN,,20.917821,86.06534,True,False,OTHER
JJKR,JAJPUR KEONJHAR ROAD,UNKNOWN,UNKNOWN,,20.943544,86.132518,True,False,OTHER
KRIH,KORAI HALT,UNKNOWN,UNKNOWN,,20.959417,86.175994,True,False,OTHER
BTV,BAITARANI ROAD,UNKNOWN,UNKNOWN,,20.986996,86.235393,True,False,OTHER
DLPT,DULAKHAPATNA,UNKNOWN,UNKNOWN,,21.007019,86.280874,True,False,OTHER
MZZ,MANJURI ROAD,UNKNOWN,UNKNOWN,,21.012136,86.319698,True,False,OTHER
KED,KENDUAPADA,UNKNOWN,UNKNOWN,,21.030623,86.383531,True,False,OTHER
KPLD,KAPALI ROAD,UNKNOWN,UNKNOWN,,21.040967,86.407911,True,False,OTHER
BUDR,BAUDPUR,UNKNOWN,UNKNOWN,,21.063446,86.462904,True,False,OTHER
BHC,BHADRAKH,UNKNOWN,UNKNOWN,,21.091746,86.516231,True,False,OTHER
RLJC,RLJC,UNKNOWN,UNKNOWN,,0.0,0.0,False,False,OTHER
RNTL,RANITAL,UNKNOWN,UNKNOWN,,21.149665,86.556474,True,False,OTHER
MKO,MARKONA,UNKNOWN,UNKNOWN,,21.195555,86.596117,True,False,OTHER
SZZ,SABIRA,UNKNOWN,UNKNOWN,,21.236882,86.629237,True,False,OTHER
SORO,SORO,UNKNOWN,UNKNOWN,,21.291084,86.692539,True,False,OTHER
BNBR,BAHANAGA BAZAR,UNKNOWN,UNKNOWN,,21.336134,86.761728,True,False,OTHER
PNPN,PANPANA,UNKNOWN,UNKNOWN,,21.358715,86.790524,True,False,OTHER
KHF,KHANTAPARA,UNKNOWN,UNKNOWN,,21.39628,86.822911,True,False,OTHER
NGRD,NILGIRI ROAD,UNKNOWN,UNKNOWN,,21.426415,86.855469,True,False,OTHER
BLS,BALASORE,UNKNOWN,UNKNOWN,,21.500521,86.919582,True,False,OTHER
TKPL,TIKIRAPAL HALT,UNKNOWN,UNKNOWN,,21.535575,86.944638,True,False,OTHER
HIP,HALDIPADA,UNKNOWN,UNKNOWN,,21.571439,86.996648,True,False,OTHER
ROP,RUPSA JN,UNKNOWN,UNKNOWN,,21.621995,87.018507,True,False,OTHER
LONI,LONI,UNKNOWN,UNKNOWN,,18.491631,74.020514,True,False,OTHER
URI,URULI,UNKNOWN,UNKNOWN,,18.494237,74.13682,True,False,OTHER
PUNE,PUNE JN,UNKNOWN,UNKNOWN,,18.529378,73.873086,True,False,OTHER
GPRW,GHORPURI WEST,UNKNOWN,UNKNOWN,,18.531688,73.89179,True,False,OTHER
HDP,HADAPSAR,UNKNOWN,UNKNOWN,,18.526887,73.927844,True,False,OTHER
MJBK,MANJARI BUDRUK,UNKNOWN,UNKNOWN,,18.512039,73.971424,True,False,OTHER
YT,YEVAT,UNKNOWN,UNKNOWN,,18.488936,74.256318,True,False,OTHER
KTT,KHUTBAV,UNKNOWN,UNKNOWN,,18.486104,74.315463,True,False,OTHER
KDG,KEDGAON,UNKNOWN,UNKNOWN,,18.482085,74.376373,True,False,OTHER
KDTN,KADETHAN,UNKNOWN,UNKNOWN,,18.477804,74.421733,True,False,OTHER
PAA,PATAS,UNKNOWN,UNKNOWN,,18.473266,74.469653,True,False,OTHER
DDAP,DAUND PATAS ROAD,UNKNOWN,UNKNOWN,,18.468688,74.520934,True,False,OTHER
DD,DAUND JN,UNKNOWN,UNKNOWN,,18.463547,74.578622,True,False,OTHER
DDAM,DAUND A MMR,UNKNOWN,UNKNOWN,,18.464753,74.568976,True,False,OTHER
DDJA,DAUND GOODS YARD,UNKNOWN,UNKNOWN,,18.465937,74.560762,True,False,OTHER
KSTH,KASHTI,UNKNOWN,UNKNOWN,,18.525294,74.5994,True,False,OTHER
SGND,SHRIGONDA ROAD,UNKNOWN,UNKNOWN,,18.598243,74.641466,True,False,OTHER
BWD,BELVANDI,UNKNOWN,UNKNOWN,,18.710718,74.621981,True,False,OTHER
VPR,VISAPUR,UNKNOWN,UNKNOWN,,18.82295,74.598861,True,False,OTHER
RNJD,RANJANGAON RD,UNKNOWN,UNKNOWN,,18.870972,74.600703,True,False,OTHER
SRL,SAROLA,UNKNOWN,UNKNOWN,,18.947656,74.648295,True,False,OTHER
AKR,AKOLNER,UNKNOWN,UNKNOWN,,18.985409,74.66907,True,False,OTHER
ANG,AHMADNAGAR,UNKNOWN,UNKNOWN,,19.075519,74.721882,True,False,OTHER
NNB,NIMBLAK,UNKNOWN,UNKNOWN,,19.118353,74.688541,True,False,OTHER
VL,VILAD,UNKNOWN,UNKNOWN,,19.198579,74.675069,True,False,OTHER
VBR,VAMBORI,UNKNOWN,UNKNOWN,,19.29858,74.684974,True,False,OTHER
RRI,RAHURI,UNKNOWN,UNKNOWN,,19.41155,74.677702,True,False,OTHER
TKMY,TAKLIMIYA,UNKNOWN,UNKNOWN,,19.453844,74.679765,True,False,OTHER
PDGN,PADHEGAON,UNKNOWN,UNKNOWN,,19.536709,74.69233,True,False,OTHER
NPW,NIPANI VADGAON,UNKNOWN,UNKNOWN,,19.587951,74.704716,True,False,OTHER
BAP,BELAPUR,UNKNOWN,UNKNOWN,,19.619569,74.661744,True,False,OTHER
CIT,CHITALI,UNKNOWN,UNKNOWN,,19.691392,74.623914,True,False,OTHER
PB,PUNTAMBA,UNKNOWN,UNKNOWN,,19.762026,74.62196,True,False,OTHER
KNGN,KANHEGAON,UNKNOWN,UNKNOWN,,19.8173,74.571287,True,False,OTHER
SNVR,SANVATSAR,UNKNOWN,UNKNOWN,,19.883278,74.560584,True,False,OTHER
KPG,KOPARGAON,UNKNOWN,UNKNOWN,,19.902943,74.503328,True,False,OTHER
YL,YEOLA,UNKNOWN,UNKNOWN,,20.043189,74.503246,True,False,OTHER
ANK,ANKAI,UNKNOWN,UNKNOWN,,20.151028,74.469756,True,False,OTHER
AAK,ANKAI KILA,UNKNOWN,UNKNOWN,,20.18318,74.436855,True,False,OTHER
SS,SHIRSOLI,UNKNOWN,UNKNOWN,,20.932994,75.507613,True,False,OTHER
MWD,MHASAVAD,UNKNOWN,UNKNOWN,,20.870402,75.458462,True,False,OTHER
MYJ,MAHEJI,UNKNOWN,UNKNOWN,,20.768924,75.42462,True,False,OTHER
RCGT,RICHUGHUTU,UNKNOWN,UNKNOWN,,23.659779,84.58081,True,False,OTHER
DEMU,DEMU,UNKNOWN,UNKNOWN,,23.69708,84.52562,True,False,OTHER
LTHR,LATEHAR,UNKNOWN,UNKNOWN,,23.725092,84.46812,True,False,OTHER
BFQ,BENDI,UNKNOWN,UNKNOWN,,23.763612,84.416974,True,False,OTHER
KMND,KUMENDI,UNKNOWN,UNKNOWN,,23.766868,84.352452,True,False,OTHER
HHG,HEHEGARA HALT (E),UNKNOWN,UNKNOWN,,23.790124,84.258524,True,False,OTHER
CPDR,CHHIPADOHAR,UNKNOWN,UNKNOWN,,23.813333,84.202384,True,False,OTHER
BRWD,BARWADIH JN,UNKNOWN,UNKNOWN,,23.843836,84.11878,True,False,OTHER
MAZ,MANGRA,UNKNOWN,UNKNOWN,,23.881768,84.111898,True,False,OTHER
KCKI,KECKHI,UNKNOWN,UNKNOWN,,23.928363,84.146829,True,False,OTHER
CNF,CHIANKI,UNKNOWN,UNKNOWN,,23.973902,84.11566,True,False,OTHER
DTO,DALTONGANJ,UNKNOWN,UNKNOWN,,24.033075,84.074843,True,False,OTHER
KFT,KAJRI,UNKNOWN,UNKNOWN,,24.106792,84.072528,True,False,OTHER
RHR,RAJHURA,UNKNOWN,UNKNOWN,,24.1544,84.01555,True,False,OTHER
LBT,LALGARH BIHAR HALT,UNKNOWN,UNKNOWN,,24.161147,83.979632,True,False,OTHER
TRZ,TOLRA,UNKNOWN,UNKNOWN,,24.18584,83.923324,True,False,OTHER
GHD,GARWA ROAD,UNKNOWN,UNKNOWN,,24.214419,83.885116,True,False,OTHER
BCJ,BAGAHABISHUNPUR,UNKNOWN,UNKNOWN,,24.811468,84.204658,True,False,OTHER
BSYA,BARKISALALYA,UNKNOWN,UNKNOWN,,24.773978,84.178495,True,False,OTHER
ANH,ANKORAH AKORHA,UNKNOWN,UNKNOWN,,24.761167,84.169539,True,False,OTHER
NBG,NABENAGAR ROAD,UNKNOWN,UNKNOWN,,24.653944,84.094044,True,False,OTHER
KYF,KAJRAT NAWADIH,UNKNOWN,UNKNOWN,,24.591041,84.05014,True,False,OTHER
JPL,JAPLA,UNKNOWN,UNKNOWN,,24.538969,84.002866,True,False,OTHER
HDN,HAIDARNAGAR,UNKNOWN,UNKNOWN,,24.498081,83.951049,True,False,OTHER
KVQ,KOSIARA,UNKNOWN,UNKNOWN,,24.478657,83.908564,True,False,OTHER
MDJ,MUHAMMADGANJ,UNKNOWN,UNKNOWN,,24.42644,83.869978,True,False,OTHER
SZF,SATBAHINI,UNKNOWN,UNKNOWN,,24.386582,83.84911,True,False,OTHER
URD,UNTARE ROAD,UNKNOWN,UNKNOWN,,24.34094,83.834497,True,False,OTHER
KRTA,KARKATA,UNKNOWN,UNKNOWN,,24.296038,83.837652,True,False,OTHER
SQS,SIGSIGI,UNKNOWN,UNKNOWN,,24.260567,83.853323,True,False,OTHER
RMT,RAMGARH CANT,UNKNOWN,UNKNOWN,,23.617327,85.520249,True,False,OTHER
BRKA,BARKAKANA,UNKNOWN,UNKNOWN,,23.624159,85.469553,True,False,OTHER
MAEL,MAEL,UNKNOWN,UNKNOWN,,23.574668,85.626042,True,False,OTHER
BHKD,BHURKUNDA,UNKNOWN,UNKNOWN,,23.637564,85.372145,True,False,OTHER
BRKP,BARKIPONA,UNKNOWN,UNKNOWN,,23.568766,85.646476,True,False,OTHER
PTRU,PATRATU,UNKNOWN,UNKNOWN,,23.667024,85.305877,True,False,OTHER
GRE,GOLA ROAD,UNKNOWN,UNKNOWN,,23.545551,85.697139,True,False,OTHER
TKS,TOKISUD,UNKNOWN,UNKNOWN,,23.678639,85.239282,True,False,OTHER
HRBR,HARUBERA,UNKNOWN,UNKNOWN,,23.499949,85.760229,True,False,OTHER
HNDR,HENDEGIR,UNKNOWN,UNKNOWN,,23.697803,85.169817,True,False,OTHER
SND,SONDIMRA,UNKNOWN,UNKNOWN,,23.476937,85.782436,True,False,OTHER
KOLE,KOLE,UNKNOWN,UNKNOWN,,23.695961,85.104901,True,False,OTHER
BLNG,BARLANGA,UNKNOWN,UNKNOWN,,23.449913,85.833473,True,False,OTHER
RAY,RAY,UNKNOWN,UNKNOWN,,23.690082,85.077816,True,False,OTHER
KLRE,KHALARI,UNKNOWN,UNKNOWN,,23.651055,85.001627,True,False,OTHER
MGME,MCCLUSKIEGANJ,UNKNOWN,UNKNOWN,,23.651781,84.940855,True,False,OTHER
MMLN,MAHUAMILAN,UNKNOWN,UNKNOWN,,23.662241,84.854527,True,False,OTHER
TORI,TORI,UNKNOWN,UNKNOWN,,23.680808,84.739774,True,False,OTHER
CTQ,CHETAR,UNKNOWN,UNKNOWN,,23.682881,84.646426,True,False,OTHER
KCAB,K-CABIN BONDAMUNDA,UNKNOWN,UNKNOWN,,22.233321,84.913857,True,False,OTHER
ACAB,A-CABIN BONDAMUNDA,UNKNOWN,UNKNOWN,,22.23969,84.945577,True,False,OTHER
LNKC,LINK C-CABIN,UNKNOWN,UNKNOWN,,22.267173,84.974611,True,False,OTHER
RNC,RANCHI,UNKNOWN,UNKNOWN,,23.348811,85.33352,True,False,OTHER
NKM,NAMKON,UNKNOWN,UNKNOWN,,23.351755,85.376672,True,False,OTHER
TIS,TATISILWAI,UNKNOWN,UNKNOWN,,23.369845,85.435706,True,False,OTHER
GAG,GANGAGHAT,UNKNOWN,UNKNOWN,,23.361398,85.50705,True,False,OTHER
KWKC,KHERWA KOCHA,UNKNOWN,UNKNOWN,,23.360568,85.594856,True,False,OTHER
JON,JONHA,UNKNOWN,UNKNOWN,,23.358959,85.608914,True,False,OTHER
KITA,KITA,UNKNOWN,UNKNOWN,,23.364885,85.764248,True,False,OTHER
SLF,SILLI,UNKNOWN,UNKNOWN,,23.351563,85.828129,True,False,OTHER
MURI,MURI,UNKNOWN,UNKNOWN,,23.376284,85.866991,True,False,OTHER
THO,TULIN,UNKNOWN,UNKNOWN,,23.378363,85.902125,True,False,OTHER
JAA,JHALIDA,UNKNOWN,UNKNOWN,,23.370005,85.975282,True,False,OTHER
BKDR,BEGUN KUDAR,UNKNOWN,UNKNOWN,,23.383687,86.012587,True,False,OTHER
KSX,KOTSHILA,UNKNOWN,UNKNOWN,,23.411691,86.079548,True,False,OTHER
DRGU,DAMRU GHUTU,UNKNOWN,UNKNOWN,,23.45136,86.08981,True,False,OTHER
RPMY,RPMY,UNKNOWN,UNKNOWN,,0.0,0.0,False,False,OTHER
NFKS,NFKS,UNKNOWN,UNKNOWN,,0.0,0.0,False,False,OTHER
NFKN,NFKN,UNKNOWN,UNKNOWN,,0.0,0.0,False,False,OTHER
PNW,PUNDHAG,UNKNOWN,UNKNOWN,,23.508909,86.089576,True,False,OTHER
RDF,RADHAGAON,UNKNOWN,UNKNOWN,,23.59787,86.089065,True,False,OTHER
BKCA,BOKARO STEEL CITY A CABIN,UNKNOWN,UNKNOWN,,23.649514,86.087726,True,False,OTHER
BKSC,BOKARO STEEL CITY,UNKNOWN,UNKNOWN,,23.656551,86.085016,True,False,Hyderabad
BKSN,BKSC NORTH CABIN,UNKNOWN,UNKNOWN,,23.671356,86.078541,True,False,Hyderabad
TKB,TUPKADIH,UNKNOWN,UNKNOWN,,23.713618,86.06389,True,False,OTHER
RJB,RAJABERA,UNKNOWN,UNKNOWN,,23.751105,86.080936,True,False,OTHER
CRP,CHANDRAPURA,UNKNOWN,UNKNOWN,,23.755676,86.119775,True,False,OTHER
JNNA,JAMUNIATANR HALT,UNKNOWN,UNKNOWN,,23.754898,86.192194,True,False,OTHER
JMX,JAMUNI,UNKNOWN,UNKNOWN,,23.762742,86.193727,True,False,OTHER
PLJE,PHULWARTANR,UNKNOWN,UNKNOWN,,23.77515,86.226577,True,False,OTHER
BDQ,BUDORA,UNKNOWN,UNKNOWN,,23.778557,86.235448,True,False,OTHER
TNO,TUNDU,UNKNOWN,UNKNOWN,,23.788733,86.252293,True,False,OTHER
SZE,SONARDIH,UNKNOWN,UNKNOWN,,23.7915,86.265063,True,False,OTHER
TNJE,TENTULLA,UNKNOWN,UNKNOWN,,23.790335,86.277173,True,False,OTHER
KTH,KATRASGARH,UNKNOWN,UNKNOWN,,23.795757,86.302399,True,False,OTHER
ANJE,ANGARPATHRA HALT,UNKNOWN,UNKNOWN,,23.793062,86.319368,True,False,OTHER
SJA,SIJUA,UNKNOWN,UNKNOWN,,23.790156,86.329728,True,False,OTHER
BZS,BANSJORA,UNKNOWN,UNKNOWN,,23.789931,86.354545,True,False,OTHER
BZE,BASERIA,UNKNOWN,UNKNOWN,,23.786754,86.381653,True,False,OTHER
KDS,KASUNDA JN,UNKNOWN,UNKNOWN,,23.789989,86.395894,True,False,OTHER
BWPB,BHAWANIPUR BIHAR,UNKNOWN,UNKNOWN,,25.594616,87.867751,True,False,OTHER
MFA,MAKURIA,UNKNOWN,UNKNOWN,,25.629245,87.887153,True,False,OTHER
BOE,BARSOI JN,UNKNOWN,UNKNOWN,,25.651242,87.922942,True,False,OTHER
HDB,HALDIBARI,UNKNOWN,UNKNOWN,,26.334952,88.781936,True,False,OTHER
KSBI,KASHIABARI,UNKNOWN,UNKNOWN,,26.384654,88.768566,True,False,OTHER
MDG,MANDAL GHAT,UNKNOWN,UNKNOWN,,26.430757,88.754758,True,False,OTHER
KDX,KADABARI HAT,UNKNOWN,UNKNOWN,,26.476201,88.730986,True,False,OTHER
JPG,JALPAIGURI,UNKNOWN,UNKNOWN,,26.51816,88.723026,True,False,OTHER
MOP,MOHITNAGAR,UNKNOWN,UNKNOWN,,26.53055,88.669651,True,False,OTHER
BAHN,BABHABGAON HALT,UNKNOWN,UNKNOWN,,25.44834,87.809894,True,False,OTHER
KWE,KHURIAL,UNKNOWN,UNKNOWN,,25.491114,87.826855,True,False,OTHER
KMPH,KAMALPUR HALT,UNKNOWN,UNKNOWN,,25.518312,87.837462,True,False,OTHER
AZR,AZAMNAGAR ROAD,UNKNOWN,UNKNOWN,,25.555556,87.852328,True,False,OTHER
KHMP,KHEMPUR,UNKNOWN,UNKNOWN,,0.0,0.0,False,False,OTHER
SJGM,SANJAY GRAM,UNKNOWN,UNKNOWN,,25.706241,87.890377,True,False,OTHER
SUD,SUDHANI,UNKNOWN,UNKNOWN,,25.727854,87.879489,True,False,OTHER
AHL,AJHARAIL,UNKNOWN,UNKNOWN,,25.781638,87.848322,True,False,OTHER
TETA,TELTA,UNKNOWN,UNKNOWN,,25.806579,87.84221,True,False,OTHER
DLK,DALKOLHA,UNKNOWN,UNKNOWN,,25.873416,87.838877,True,False,OTHER
SJKL,SURJA KAMAL,UNKNOWN,UNKNOWN,,25.935932,87.849258,True,False,OTHER
KKA,KANKI,UNKNOWN,UNKNOWN,,26.003233,87.864524,True,False,OTHER
HWR,HATWAR,UNKNOWN,UNKNOWN,,26.044989,87.893032,True,False,OTHER
THED,TAUHEED,UNKNOWN,UNKNOWN,,26.084921,87.930885,True,False,OTHER
KNE,KISHANGANJ,UNKNOWN,UNKNOWN,,26.097746,87.949657,True,False,OTHER
PJP,PANJIPARA,UNKNOWN,UNKNOWN,,26.140166,88.018058,True,False,OTHER
IKC,IKARCHALA,UNKNOWN,UNKNOWN,,0.0,0.0,False,False,OTHER
GIL,GAISAL,UNKNOWN,UNKNOWN,,26.184826,88.089507,True,False,OTHER
GEOR,GUNJARIA,UNKNOWN,UNKNOWN,,26.218465,88.132222,True,False,OTHER
AUB,ALUABARI ROAD,UNKNOWN,UNKNOWN,,26.269681,88.18561,True,False,OTHER
DBQ,DHULABARI,UNKNOWN,UNKNOWN,,26.361571,88.231234,True,False,OTHER
MXJ,MANGURJAN,UNKNOWN,UNKNOWN,,26.412488,88.256909,True,False,OTHER
TMH,TIN MILE HAT,UNKNOWN,UNKNOWN,,26.436601,88.279995,True,False,OTHER
DMZ,DUMDANGI,UNKNOWN,UNKNOWN,,26.47724,88.296508,True,False,OTHER
CAT,CHATTAR HAT,UNKNOWN,UNKNOWN,,26.548827,88.323376,True,False,OTHER
NJB,NIJBARI,UNKNOWN,UNKNOWN,,26.587597,88.337505,True,False,OTHER
RNI,RANGAPANI,UNKNOWN,UNKNOWN,,26.664263,88.374386,True,False,OTHER
NJP,NEW JALPAIGURI,UNKNOWN,UNKNOWN,,26.683025,88.443391,True,False,OTHER
ABFC,AMBARI FALAKATA,UNKNOWN,UNKNOWN,,26.641553,88.510593,True,False,OTHER
BLK,BELAKOBA,UNKNOWN,UNKNOWN,,26.591441,88.583312,True,False,OTHER
RQJ,RANINAGAR JALPAIGIRI,UNKNOWN,UNKNOWN,,26.544663,88.648293,True,False,OTHER
SMI,SITAMARHI JN,UNKNOWN,UNKNOWN,,26.594374,85.504707,True,False,OTHER
BHSA,BHISA HALT,UNKNOWN,UNKNOWN,,26.576529,85.533501,True,False,OTHER
PSZ,PARSAUNI,UNKNOWN,UNKNOWN,,26.55631,85.574611,True,False,OTHER
BJT,BAJPATTI,UNKNOWN,UNKNOWN,,26.546976,85.620613,True,False,OTHER
AWPR,AWAPUR,UNKNOWN,UNKNOWN,,26.508916,85.652916,True,False,OTHER
BCPR,BACHHARPUR HALT,UNKNOWN,UNKNOWN,,26.494629,85.662529,True,False,OTHER
JNR,JANAKPUR ROAD,UNKNOWN,UNKNOWN,,26.467914,85.700856,True,False,OTHER
CNX,CHANDAUNA HALT,UNKNOWN,UNKNOWN,,26.440884,85.723165,True,False,OTHER
JGA,JOGIARA,UNKNOWN,UNKNOWN,,26.407114,85.746733,True,False,OTHER
DBLI,DEBRABANDHAULI HALT,UNKNOWN,UNKNOWN,,26.384826,85.76995,True,False,OTHER
MRTA,MURAITHA,UNKNOWN,UNKNOWN,,26.369765,85.786612,True,False,OTHER
KML,KAMTAUL,UNKNOWN,UNKNOWN,,26.337348,85.808624,True,False,OTHER
TQR,TEKTAR,UNKNOWN,UNKNOWN,,26.275833,85.846291,True,False,OTHER
MHP,MUHAMMADPUR,UNKNOWN,UNKNOWN,,26.236878,85.852798,True,False,OTHER
SHEO,SHISHO,UNKNOWN,UNKNOWN,,26.206032,85.863867,True,False,OTHER
MFP,MUZAFFARPUR JN,UNKNOWN,UNKNOWN,,26.122311,85.378006,True,False,OTHER
NRPA,NARAYANPUR ANANT,UNKNOWN,UNKNOWN,,26.089052,85.409122,True,False,OTHER
SLT,SILAUT,UNKNOWN,UNKNOWN,,26.048926,85.443378,True,False,OTHER
SIHO,SIHO,UNKNOWN,UNKNOWN,,26.00841,85.50594,True,False,OTHER
DOL,DHOLI,UNKNOWN,UNKNOWN,,25.976952,85.562495,True,False,OTHER
DUBH,DUBAHA,UNKNOWN,UNKNOWN,,25.948785,85.617108,True,False,OTHER
VBH,VISHNUPUR BATHUA HALT,UNKNOWN,UNKNOWN,,25.93102,85.644288,True,False,OTHER
KRBP,KHUDIRAM B PUSA,UNKNOWN,UNKNOWN,,25.906434,85.672677,True,False,OTHER
KPGM,KARPURIGRAM,UNKNOWN,UNKNOWN,,25.869802,85.724178,True,False,OTHER
KUQ,KURETHA,UNKNOWN,UNKNOWN,,25.49556,87.644323,True,False,OTHER
SAJH,SAHJA HALT,UNKNOWN,UNKNOWN,,25.478182,87.673954,True,False,OTHER
PQD,PRANPUR ROAD,UNKNOWN,UNKNOWN,,25.462362,87.704868,True,False,OTHER
LAV,LABHA,UNKNOWN,UNKNOWN,,25.439647,87.74514,True,False,OTHER
DVJ,DILLI DEWAN GANJ,UNKNOWN,UNKNOWN,,25.432721,87.778612,True,False,OTHER
MBC,MAHANANDA BGE,UNKNOWN,UNKNOWN,,25.188336,88.083399,True,False,OTHER
KMRJ,KUMARGANJ,UNKNOWN,UNKNOWN,,25.218816,88.065592,True,False,OTHER
SRPU,SRIPUR HALT,UNKNOWN,UNKNOWN,,25.257076,88.044017,True,False,OTHER
SM,SAMSI,UNKNOWN,UNKNOWN,,25.276197,88.009757,True,False,Chennai
MFZ,MALAHAR,UNKNOWN,UNKNOWN,,25.303709,87.95782,True,False,OTHER
BKRD,BHALUKA ROAD F,UNKNOWN,UNKNOWN,,25.342572,87.912128,True,False,OTHER
MQG,MILANGARH,UNKNOWN,UNKNOWN,,25.368746,87.896223,True,False,OTHER
HCR,HARISCHANDRPUR,UNKNOWN,UNKNOWN,,25.403999,87.867051,True,False,Hyderabad
KDPR,KUMEDPUR,UNKNOWN,UNKNOWN,,25.433448,87.804358,True,False,OTHER
KIR,KATIHAR JN,UNKNOWN,UNKNOWN,,25.548947,87.566409,True,False,OTHER
MIYN,MANIYAN,UNKNOWN,UNKNOWN,,25.523274,87.606942,True,False,OTHER
KIRB,KATIHAR CBO MB,UNKNOWN,UNKNOWN,,25.552735,87.578873,True,False,OTHER
DLF,DALAN,UNKNOWN,UNKNOWN,,25.6118,87.560853,True,False,OTHER
RWA,RAUTARA,UNKNOWN,UNKNOWN,,25.674635,87.523472,True,False,OTHER
RNX,RANIPATRA,UNKNOWN,UNKNOWN,,25.735576,87.514183,True,False,OTHER
PRNA,PURNIA JN,UNKNOWN,UNKNOWN,,25.790678,87.519124,True,False,OTHER
KUB,KASBA,UNKNOWN,UNKNOWN,,25.860675,87.529476,True,False,OTHER
GBN,GARH BANAILI,UNKNOWN,UNKNOWN,,25.915091,87.535041,True,False,OTHER
JAG,JALARGARH,UNKNOWN,UNKNOWN,,25.953959,87.529496,True,False,OTHER
SATR,SATR HALT,UNKNOWN,UNKNOWN,,26.001173,87.508427,True,False,OTHER
KSY,KUSIARGAON,UNKNOWN,UNKNOWN,,26.057858,87.479818,True,False,OTHER
ARQ,ARARIYA COURT,UNKNOWN,UNKNOWN,,26.114921,87.446912,True,False,OTHER
ARR,ARARIYA,UNKNOWN,UNKNOWN,,26.137118,87.411998,True,False,OTHER
HOD,HALDITA BIHAR,UNKNOWN,UNKNOWN,,26.165935,87.35901,True,False,OTHER
SMH,SIMRAHA,UNKNOWN,UNKNOWN,,26.194436,87.321358,True,False,OTHER
GPE,GOGIPOTHIA HALT,UNKNOWN,UNKNOWN,,26.250043,87.284335,True,False,OTHER
DLZ,DHOLBAJA,UNKNOWN,UNKNOWN,,26.2748,87.271397,True,False,OTHER
FBG,FORBESGANJ,UNKNOWN,UNKNOWN,,26.298901,87.262803,True,False,OTHER
BTF,BATHNAHA,UNKNOWN,UNKNOWN,,26.341854,87.237767,True,False,OTHER
JBN,JOGBANI,UNKNOWN,UNKNOWN,,26.402263,87.263262,True,False,OTHER
BZL,BELANAGAR,UNKNOWN,UNKNOWN,,22.661605,88.318224,True,False,OTHER
BLGT,BALURGHAT,UNKNOWN,UNKNOWN,,25.232648,88.757636,True,False,OTHER
MKRH,MALLICKPUR HAT,UNKNOWN,UNKNOWN,,25.325703,88.676426,True,False,OTHER
RMPB,RAMPUR BAZAR,UNKNOWN,UNKNOWN,,25.358763,88.60611,True,False,OTHER
MLNH,MALANCHA,UNKNOWN,UNKNOWN,,25.368716,88.586067,True,False,OTHER
GRMP,GANGARAMPUR,UNKNOWN,UNKNOWN,,25.390399,88.516447,True,False,OTHER
BNDP,BUNIADPUR,UNKNOWN,UNKNOWN,,25.386267,88.402088,True,False,OTHER
DLPH,DAULATPUR HAT,UNKNOWN,UNKNOWN,,25.326113,88.332787,True,False,OTHER
DOTL,DEOTALA,UNKNOWN,UNKNOWN,,25.274329,88.294214,True,False,OTHER
MANG,MAHANAGAR,UNKNOWN,UNKNOWN,,25.247077,88.251102,True,False,OTHER
GZO,GAZOLE,UNKNOWN,UNKNOWN,,25.224984,88.198885,True,False,OTHER
BDAG,BONIDANGA,UNKNOWN,UNKNOWN,,24.823452,87.810526,True,False,OTHER
BDBS,BINDUBASINI HAL,UNKNOWN,UNKNOWN,,24.792848,87.859263,True,False,OTHER
TDLE,TILDANGA,UNKNOWN,UNKNOWN,,24.786749,87.873801,True,False,OTHER
NFKB,NEW FARAKKA-B-CABIN,UNKNOWN,UNKNOWN,,24.782115,87.915793,True,False,OTHER
NFK,NEW FARAKKA JN,UNKNOWN,UNKNOWN,,24.794558,87.915236,True,False,OTHER
CMX,CHAMAGRAM,UNKNOWN,UNKNOWN,,24.821334,87.963345,True,False,OTHER
KTJ,KHALTIPUR,UNKNOWN,UNKNOWN,,24.875742,88.021646,True,False,OTHER
JMQ,JAMIRGHATA,UNKNOWN,UNKNOWN,,24.916623,88.06776,True,False,OTHER
GZM,GOUR MALDA,UNKNOWN,UNKNOWN,,24.947944,88.110782,True,False,OTHER
MLDT,MALDA TOWN,UNKNOWN,UNKNOWN,,25.015659,88.130338,True,False,OTHER
OMLF,OLD MALDA,UNKNOWN,UNKNOWN,,25.053174,88.143718,True,False,OTHER
ADF,ADINA,UNKNOWN,UNKNOWN,,25.114397,88.12318,True,False,OTHER
EKI,EKLAKHI,UNKNOWN,UNKNOWN,,25.167868,88.099492,True,False,OTHER
YY-BJUC,YY-BJUC,UNKNOWN,UNKNOWN,,0.0,0.0,False,True,OTHER
JDA,JASODA,UNKNOWN,UNKNOWN,,27.08393,79.820294,True,False,OTHER
KHDP,KHUDLAPUR,UNKNOWN,UNKNOWN,,27.098961,79.780273,True,False,OTHER
GHJ,GURSAHAIGANJ,UNKNOWN,UNKNOWN,,27.118804,79.732035,True,False,OTHER
MLKP,MALIKPUR,UNKNOWN,UNKNOWN,,27.161781,79.690181,True,False,OTHER
KDJ,KHUDAGANJ,UNKNOWN,UNKNOWN,,27.184464,79.666264,True,False,OTHER
SGRP,SINGHIRAMPUR,UNKNOWN,UNKNOWN,,27.262707,79.629411,True,False,OTHER
KLJ,KAMALGANJ,UNKNOWN,UNKNOWN,,27.292663,79.620832,True,False,OTHER
YAG,YAQUTGANJ,UNKNOWN,UNKNOWN,,27.32595,79.618493,True,False,OTHER
FGR,FATEHGARH,UNKNOWN,UNKNOWN,,27.369608,79.62159,True,False,OTHER
FBD,FARRUKHABAD,UNKNOWN,UNKNOWN,,27.38236,79.571737,True,False,OTHER
HSY,HARSINGPUR GOBA,UNKNOWN,UNKNOWN,,27.430024,79.498254,True,False,OTHER
SHX,SHUKHARULLAPUR,UNKNOWN,UNKNOWN,,27.44826,79.471943,True,False,OTHER
SSD,SHAMSABAD,UNKNOWN,UNKNOWN,,27.469912,79.438167,True,False,Chennai
BHTS,BHATASA,UNKNOWN,UNKNOWN,,27.503757,79.383888,True,False,OTHER
KMJ,KAIMGANJ,UNKNOWN,UNKNOWN,,27.540977,79.327216,True,False,OTHER
KXF,KAMPIL ROAD,UNKNOWN,UNKNOWN,,27.567619,79.265007,True,False,OTHER
RDN,RUDAIN,UNKNOWN,UNKNOWN,,27.579928,79.186618,True,False,OTHER
BAPR,BALLUPUR,UNKNOWN,UNKNOWN,,27.586599,79.145148,True,False,OTHER
DRO,DARYAOGONJ,UNKNOWN,UNKNOWN,,27.598099,79.082496,True,False,OTHER
NHX,NARTHAR,UNKNOWN,UNKNOWN,,27.632931,79.023137,True,False,OTHER
PTI,PATIALI,UNKNOWN,UNKNOWN,,27.68432,78.984173,True,False,OTHER
GWA,GANJ DUNDWARA,UNKNOWN,UNKNOWN,,27.726403,78.939319,True,False,OTHER
GRAK,GARKHA,UNKNOWN,UNKNOWN,,27.748518,78.88429,True,False,OTHER
SWRT,SAHAWAR TOWN,UNKNOWN,UNKNOWN,,27.794835,78.831344,True,False,OTHER
BHK,BADHARI KALAN,UNKNOWN,UNKNOWN,,27.799053,78.734589,True,False,OTHER
KSJ,KASGANJ,UNKNOWN,UNKNOWN,,27.801887,78.646026,True,False,OTHER
MHA,MARAHRA,UNKNOWN,UNKNOWN,,27.746474,78.555044,True,False,OTHER
AUL,AGSAULI,UNKNOWN,UNKNOWN,,27.705677,78.444553,True,False,OTHER
SKA,SIKANDRA RAO,UNKNOWN,UNKNOWN,,27.684086,78.387573,True,False,OTHER
BTRO,BASTOI HALT,UNKNOWN,UNKNOWN,,27.66742,78.285451,True,False,OTHER
RKN,RATI KA NAGLA,UNKNOWN,UNKNOWN,,27.654398,78.240569,True,False,OTHER
HTJ,HATHRAS ROAD,UNKNOWN,UNKNOWN,,27.622437,78.136899,True,False,OTHER
MEU,MENDU,UNKNOWN,UNKNOWN,,27.614247,78.099957,True,False,OTHER
HTC,HATHRAS CITY,UNKNOWN,UNKNOWN,,27.599817,78.055069,True,False,OTHER
MSN,MURSAN,UNKNOWN,UNKNOWN,,27.574211,77.9363,True,False,Chennai
SYZ,SONAI,UNKNOWN,UNKNOWN,,27.570504,77.88736,True,False,OTHER
RAYA,RAYA,UNKNOWN,UNKNOWN,,27.552406,77.786884,True,False,OTHER
MRT,MATHURA CANT,UNKNOWN,UNKNOWN,,27.491013,77.685113,True,False,OTHER
MTUJ,MTUJ,UNKNOWN,UNKNOWN,,0.0,0.0,False,False,OTHER
CPA,KANPUR ANWARGANJ,UNKNOWN,UNKNOWN,,26.456233,80.328444,True,False,OTHER
RPO,RAWATPUR,UNKNOWN,UNKNOWN,,26.482981,80.298113,True,False,OTHER
KAP,KALIANPUR,UNKNOWN,UNKNOWN,,26.503485,80.252892,True,False,OTHER
MDA,MANDHANA JN,UNKNOWN,UNKNOWN,,26.557002,80.222507,True,False,OTHER
CBR,CHAUBEPUR,UNKNOWN,UNKNOWN,,26.598928,80.211424,True,False,OTHER
BJR,BARRAJPUR,UNKNOWN,UNKNOWN,,26.685166,80.138678,True,False,OTHER
UTP,UTRIPURA,UNKNOWN,UNKNOWN,,26.73974,80.095478,True,False,OTHER
DUO,DHAURSALAR,UNKNOWN,UNKNOWN,,26.798349,80.081404,True,False,OTHER
BLU,BILHAUR,UNKNOWN,UNKNOWN,,26.839002,80.060383,True,False,OTHER
BKTS,BAKOTHIKHAS,UNKNOWN,UNKNOWN,,26.87806,80.037767,True,False,OTHER
ARL,AROUL,UNKNOWN,UNKNOWN,,26.920662,80.018633,True,False,OTHER
GWP,GANGAWAPUR HALT,UNKNOWN,UNKNOWN,,26.958804,79.997994,True,False,OTHER
MNMU,MANI MAU,UNKNOWN,UNKNOWN,,26.989139,79.965183,True,False,OTHER
KJN,KANNAUJ,UNKNOWN,UNKNOWN,,27.026507,79.926109,True,False,OTHER
KJNC,KANNAUJ CITY,UNKNOWN,UNKNOWN,,27.039814,79.909983,True,False,OTHER
JPP,JALALPUR PANWARA,UNKNOWN,UNKNOWN,,27.062313,79.873611,True,False,OTHER
BC,BAREILLY CITY,UNKNOWN,UNKNOWN,,28.355656,79.403718,True,False,OTHER
NMDA,NEW MORINDA,UNKNOWN,UNKNOWN,,30.776469,76.518125,True,False,OTHER
NLDM,NANGAL DAM,UNKNOWN,UNKNOWN,,31.370543,76.372615,True,False,OTHER
BNLY,BHANUPLI,UNKNOWN,UNKNOWN,,31.299081,76.420352,True,False,OTHER
ANSB,ANANDPUR SAHIB,UNKNOWN,UNKNOWN,,31.230514,76.500604,True,False,OTHER
KART,KIRATPUR SAHIB,UNKNOWN,UNKNOWN,,31.186811,76.563302,True,False,OTHER
BARJ,BHARATGARH,UNKNOWN,UNKNOWN,,31.110462,76.591403,True,False,OTHER
GANL,GHANAULI,UNKNOWN,UNKNOWN,,31.025994,76.592143,True,False,OTHER
RPAR,RUPNAGAR,UNKNOWN,UNKNOWN,,30.972816,76.533241,True,False,OTHER
MNPR,MINAPUR,UNKNOWN,UNKNOWN,,30.911265,76.567332,True,False,OTHER
CTLI,CHATOULI,UNKNOWN,UNKNOWN,,30.85622,76.580922,True,False,OTHER
KRLI,KURALI,UNKNOWN,UNKNOWN,,30.835005,76.57193,True,False,OTHER
MRND,MORINDA,UNKNOWN,UNKNOWN,,30.791519,76.502461,True,False,OTHER
NGWN,NOGANWAN,UNKNOWN,UNKNOWN,,30.738403,76.443287,True,False,OTHER
BSPN,BASSI PATHANAM,UNKNOWN,UNKNOWN,,30.688459,76.409669,True,False,OTHER
FGSB,FATEHGARH SAHIB,UNKNOWN,UNKNOWN,,30.650726,76.388124,True,False,OTHER
CCSJ,CCSJ,UNKNOWN,UNKNOWN,,0.0,0.0,False,False,OTHER
MTI,MITAWAL,UNKNOWN,UNKNOWN,,27.292311,78.198924,True,False,OTHER
BRN,BARHAN,UNKNOWN,UNKNOWN,,27.32891,78.192317,True,False,OTHER
DSBP,DELHI SHAHDARA B PANEL,UNKNOWN,UNKNOWN,,28.670746,77.342818,True,False,Delhi
CNJ,CHANDER NAGAR,UNKNOWN,UNKNOWN,,28.662871,77.331201,True,False,OTHER
ANVR,ANAND VIHAR,UNKNOWN,UNKNOWN,,28.648614,77.314024,True,False,OTHER
MWC,MANDAWALI CHANDER VIHAR,UNKNOWN,UNKNOWN,,28.613384,77.253315,True,False,OTHER
CMR,CHAMROLA,UNKNOWN,UNKNOWN,,27.393032,78.180143,True,False,OTHER
JLS,JALESAR ROAD,UNKNOWN,UNKNOWN,,27.44546,78.16993,True,False,OTHER
PORA,PORA,UNKNOWN,UNKNOWN,,27.532025,78.154207,True,False,OTHER
HRS,HATHRAS JN,UNKNOWN,UNKNOWN,,27.62483,78.137067,True,False,OTHER
SNS,SASNI,UNKNOWN,UNKNOWN,,27.704264,78.12246,True,False,OTHER
MXK,MANDRAK,UNKNOWN,UNKNOWN,,27.768635,78.110287,True,False,OTHER
DAQ,DAUD KHAN,UNKNOWN,UNKNOWN,,27.830504,78.098797,True,False,OTHER
ALJN,ALIGARH JN,UNKNOWN,UNKNOWN,,27.889584,78.074559,True,False,OTHER
SBB,SAHIBABAD,UNKNOWN,UNKNOWN,,28.674037,77.364182,True,False,OTHER
GZB,GHAZIABAD,UNKNOWN,UNKNOWN,,28.649702,77.431099,True,False,OTHER
CYZ,CHIPYANA BUZURG,UNKNOWN,UNKNOWN,,28.627977,77.459346,True,False,OTHER
MIU,MARIPAT,UNKNOWN,UNKNOWN,,28.586886,77.495428,True,False,OTHER
DER,DADRI,UNKNOWN,UNKNOWN,,28.53794,77.537422,True,False,OTHER
BRKY,BORAKI,UNKNOWN,UNKNOWN,,28.507908,77.563617,True,False,OTHER
AJR,AJAIBPUR,UNKNOWN,UNKNOWN,,28.472835,77.593737,True,False,OTHER
DKDE,DANKAUR,UNKNOWN,UNKNOWN,,28.415313,77.643211,True,False,OTHER
WAIR,WAIR,UNKNOWN,UNKNOWN,,28.347255,77.699267,True,False,OTHER
CHL,CHOLA,UNKNOWN,UNKNOWN,,28.312165,77.729409,True,False,OTHER
GNRL,GANGRAUL,UNKNOWN,UNKNOWN,,28.28297,77.75473,True,False,OTHER
SKQ,SIKANDARPUR,UNKNOWN,UNKNOWN,,28.247759,77.783931,True,False,OTHER
KRJ,KHURJA JN,UNKNOWN,UNKNOWN,,28.206407,77.81904,True,False,OTHER
KAMP,KAMALPUR,UNKNOWN,UNKNOWN,,28.182673,77.839981,True,False,OTHER
DAR,DANWAR,UNKNOWN,UNKNOWN,,28.129969,77.883913,True,False,OTHER
SOM,SOMNA,UNKNOWN,UNKNOWN,,28.052674,77.948193,True,False,OTHER
KLA,KULWA,UNKNOWN,UNKNOWN,,27.982509,78.007062,True,False,OTHER
MWUE,MAHRAWAL,UNKNOWN,UNKNOWN,,27.937875,78.04247,True,False,OTHER
KUR,KHURDA ROAD JN,UNKNOWN,UNKNOWN,,20.153076,85.708234,True,False,OTHER
RTN,RETANG,UNKNOWN,UNKNOWN,,20.199418,85.760851,True,False,OTHER
SRKT,SARKANTRA,UNKNOWN,UNKNOWN,,20.228282,85.796231,True,False,OTHER
LGTR,LINGARAJ TEMPLE ROAD,UNKNOWN,UNKNOWN,,20.234947,85.815872,True,False,OTHER
BBS,BHUBANESWAR,UNKNOWN,UNKNOWN,,20.265388,85.842595,True,False,OTHER
BNBH,BANI BIHAR,UNKNOWN,UNKNOWN,,20.292611,85.852653,True,False,OTHER
MCS,MANCHESWAR,UNKNOWN,UNKNOWN,,20.321861,85.844866,True,False,OTHER
PTAB,PATIA HALT,UNKNOWN,UNKNOWN,,20.349273,85.841374,True,False,OTHER
BRAG,BARANG,UNKNOWN,UNKNOWN,,20.400699,85.832573,True,False,OTHER
PURI,PURI,UNKNOWN,UNKNOWN,,19.811459,85.839992,True,False,OTHER
MLT,MALATIPATPUR,UNKNOWN,UNKNOWN,,19.865258,85.83177,True,False,OTHER
JKDP,JANKIDAIPUR,UNKNOWN,UNKNOWN,,19.888365,85.81927,True,False,OTHER
SIL,SAKHI GOPAL,UNKNOWN,UNKNOWN,,19.942882,85.816074,True,False,OTHER
BRST,BIR PURUSHOTTAMPUR,UNKNOWN,UNKNOWN,,19.9904,85.806351,True,False,OTHER
JPRD,JENAPUR ROAD,UNKNOWN,UNKNOWN,,20.018355,85.786572,True,False,OTHER
JERD,JENAPUR PH,UNKNOWN,UNKNOWN,,20.018615,85.786976,True,False,OTHER
DEG,DELANG,UNKNOWN,UNKNOWN,,20.038474,85.76695,True,False,OTHER
KASR,KANAS ROAD,UNKNOWN,UNKNOWN,,20.06205,85.7428,True,False,OTHER
MWQ,MOTARI HALT,UNKNOWN,UNKNOWN,,20.090583,85.729192,True,False,OTHER
HPGM,HARIPUR GRAM,UNKNOWN,UNKNOWN,,20.133572,85.707856,True,False,OTHER
NQR,NARAJ MARTHAPUR,UNKNOWN,UNKNOWN,,20.459324,85.779525,True,False,OTHER
SPSR,SARPESWAR PH,UNKNOWN,UNKNOWN,,20.482906,85.744973,True,False,OTHER
GHNH,GHANTIKHAL NIDHIPUR,UNKNOWN,UNKNOWN,,20.510922,85.736186,True,False,OTHER
RQP,RADHAKISHOREPUR,UNKNOWN,UNKNOWN,,20.55992,85.754538,True,False,OTHER
RJGR,RAJTHAGARH,UNKNOWN,UNKNOWN,,20.576104,85.741633,True,False,OTHER
JRZ,JORANDA ROAD,UNKNOWN,UNKNOWN,,20.623365,85.640413,True,False,OTHER
KSRK,KASRAK HALT,UNKNOWN,UNKNOWN,,28.02503,79.684256,True,False,OTHER
SCPR,SHYAMA CHARANPUR HALT,UNKNOWN,UNKNOWN,,20.642413,85.616279,True,False,Hyderabad
MZM,MUZZAMPUR NARAIN,UNKNOWN,UNKNOWN,,29.58301,78.222356,True,False,OTHER
DOKY,DUKHERI,UNKNOWN,UNKNOWN,,30.294992,76.8839,True,False,OTHER
KES,KESRI,UNKNOWN,UNKNOWN,,30.264574,76.933887,True,False,OTHER
TDW,TANDWAL,UNKNOWN,UNKNOWN,,30.23388,76.988712,True,False,OTHER
RAA,BARARA,UNKNOWN,UNKNOWN,,30.213325,77.035501,True,False,OTHER
MFB,MUSTAFABAD,UNKNOWN,UNKNOWN,,30.181009,77.123303,True,False,OTHER
DZP,DARAZPUR,UNKNOWN,UNKNOWN,,30.152546,77.195721,True,False,OTHER
JUDW,JAGADHRI WORKSHOP,UNKNOWN,UNKNOWN,,30.135558,77.240819,True,False,OTHER
JUD,YAMUNANAGAR-JAGADHRI,UNKNOWN,UNKNOWN,,30.116844,77.287602,True,False,OTHER
KNZ,KALANOUR,UNKNOWN,UNKNOWN,,30.082428,77.341227,True,False,OTHER
SSW,SARSAWA,UNKNOWN,UNKNOWN,,30.024226,77.42396,True,False,OTHER
PKY,PILKHANI,UNKNOWN,UNKNOWN,,29.997528,77.472879,True,False,OTHER
SRE,SAHARANPUR,UNKNOWN,UNKNOWN,,29.960529,77.541739,True,False,OTHER
HNC,HINDAN CABIN,UNKNOWN,UNKNOWN,,29.940002,77.597212,True,False,OTHER
BAE,BALIAKHERI,UNKNOWN,UNKNOWN,,29.9285,77.63368,True,False,OTHER
SNKE,SUNEHTI KHARKHARI,UNKNOWN,UNKNOWN,,29.913102,77.683524,True,False,OTHER
YJUD,YAMUNANAGAR JAGADHARI,UNKNOWN,UNKNOWN,,30.117426,77.28758,True,False,OTHER
BHAW,BLOCK HUT A (BHA),UNKNOWN,UNKNOWN,,26.802226,80.980595,True,False,OTHER
UTR,UTRAHTIA,UNKNOWN,UNKNOWN,,26.763061,80.974031,True,False,OTHER
BHDH,BAHADURPUR HALT,UNKNOWN,UNKNOWN,,27.952255,79.782543,True,False,OTHER
BTRA,BANTHRA,UNKNOWN,UNKNOWN,,27.929239,79.82818,True,False,OTHER
SPN,SHAHJEHANPUR,UNKNOWN,UNKNOWN,,27.894224,79.904605,True,False,OTHER
SXK,SHAJAHANPURCORT,UNKNOWN,UNKNOWN,,27.890862,79.913517,True,False,OTHER
ROZA,ROZA JN,UNKNOWN,UNKNOWN,,27.853121,79.956038,True,False,OTHER
PRPM,PT RAM PRASAD BISMIL,UNKNOWN,UNKNOWN,,27.814705,79.957596,True,False,OTHER
MGMY,MUGHAL SARAI MARSHALING YARD,UNKNOWN,UNKNOWN,,25.287126,83.13617,True,False,OTHER
KKRH,KARAHIA,UNKNOWN,UNKNOWN,,25.471614,83.771397,True,False,OTHER
GMR,GAHMAR,UNKNOWN,UNKNOWN,,25.488685,83.804431,True,False,OTHER
BQW,BARAKALAN,UNKNOWN,UNKNOWN,,25.491516,83.849493,True,False,OTHER
CSA,CHAUSA,UNKNOWN,UNKNOWN,,25.498491,83.896331,True,False,OTHER
KH,KAHILIYA,UNKNOWN,UNKNOWN,,27.775896,79.960138,True,False,OTHER
AIG,ALGAWAN,UNKNOWN,UNKNOWN,,27.700598,79.963236,True,False,OTHER
AJI,ANJHI SHAHABAD,UNKNOWN,UNKNOWN,,27.643994,79.973314,True,False,OTHER
SHRM,SHARMA,UNKNOWN,UNKNOWN,,27.603853,80.003288,True,False,OTHER
TDP,TODARPUR,UNKNOWN,UNKNOWN,,27.579601,80.020029,True,False,OTHER
BEG,BEHTAGOKUL,UNKNOWN,UNKNOWN,,27.530434,80.054854,True,False,OTHER
LBH,DILKUSHA CABIN,UNKNOWN,UNKNOWN,,26.83113,80.966867,True,False,OTHER
ZBD,ZAFARABAD JN,UNKNOWN,UNKNOWN,,25.708436,82.719014,True,False,OTHER
SIQ,SARKONI,UNKNOWN,UNKNOWN,,25.643114,82.75212,True,False,OTHER
JLL,JALALGANJ,UNKNOWN,UNKNOWN,,25.612516,82.772465,True,False,OTHER
TLMD,TRILOCHAN MAHDO,UNKNOWN,UNKNOWN,,25.564702,82.804378,True,False,OTHER
KSF,KHALISPUR,UNKNOWN,UNKNOWN,,25.525798,82.831747,True,False,OTHER
PDRD,PINDRA ROAD,UNKNOWN,UNKNOWN,,25.497052,82.851162,True,False,OTHER
BTP,BABATPUR,UNKNOWN,UNKNOWN,,25.453616,82.880025,True,False,OTHER
BRPT,BIRAPATTI,UNKNOWN,UNKNOWN,,25.398913,82.917265,True,False,OTHER
SOP,SHIUPUR,UNKNOWN,UNKNOWN,,25.355419,82.946972,True,False,OTHER
BSBY,VARANASI YARD,UNKNOWN,UNKNOWN,,25.325212,82.9752,True,False,OTHER
PWXP,PAWANI KUMARPUR HALT,UNKNOWN,UNKNOWN,,25.527689,83.935964,True,False,OTHER
BXR,BUXAR,UNKNOWN,UNKNOWN,,25.562067,83.982184,True,False,OTHER
BUE,BARUNA,UNKNOWN,UNKNOWN,,25.569781,84.089172,True,False,OTHER
BKKS,BAKAS,UNKNOWN,UNKNOWN,,26.776082,81.051489,True,False,OTHER
APG,ANUPGANJ,UNKNOWN,UNKNOWN,,26.757292,81.126093,True,False,OTHER
RMNR,RAHMAT NAGAR,UNKNOWN,UNKNOWN,,26.744797,81.155895,True,False,OTHER
CDRL,CHHANDRAULI,UNKNOWN,UNKNOWN,,26.699202,81.23044,True,False,OTHER
TEG,TIRBEDIGANJ,UNKNOWN,UNKNOWN,,26.667533,81.281105,True,False,OTHER
HGH,HAIDERGARH,UNKNOWN,UNKNOWN,,26.621533,81.363162,True,False,OTHER
CHBS,CHAUBISI,UNKNOWN,UNKNOWN,,26.576807,81.433624,True,False,OTHER
AKJ,AKBARGANJ,UNKNOWN,UNKNOWN,,26.531456,81.501628,True,False,OTHER
SYW,SINDURWA,UNKNOWN,UNKNOWN,,26.492121,81.56944,True,False,OTHER
NHH,NIHALGARH,UNKNOWN,UNKNOWN,,26.460131,81.632581,True,False,OTHER
WGJ,WARIS GANJ HALT,UNKNOWN,UNKNOWN,,26.434504,81.695477,True,False,OTHER
AHZ,ADHINPUR,UNKNOWN,UNKNOWN,,26.418478,81.726848,True,False,OTHER
MFKA,MUSAFIR KHANA,UNKNOWN,UNKNOWN,,26.379585,81.799817,True,False,OTHER
SHNG,SHIVNAGAR,UNKNOWN,UNKNOWN,,26.336305,81.882608,True,False,OTHER
BDKN,BANDHUA KALAN,UNKNOWN,UNKNOWN,,26.271965,81.995392,True,False,OTHER
SLN,SULTANPUR,UNKNOWN,UNKNOWN,,26.263027,82.066106,True,False,OTHER
PKX,PAKHRULI,UNKNOWN,UNKNOWN,,26.205027,82.122568,True,False,OTHER
BDIN,BHADAIYAN,UNKNOWN,UNKNOWN,,26.171113,82.169148,True,False,OTHER
LBA,LAMBHUA,UNKNOWN,UNKNOWN,,26.133687,82.223283,True,False,OTHER
MWP,MAHRANI PACHHIM,UNKNOWN,UNKNOWN,,26.087672,82.288578,True,False,OTHER
CHDA,CHANDA (HALT),UNKNOWN,UNKNOWN,,26.063822,82.307543,True,False,OTHER
KEPR,KOIRIPUR,UNKNOWN,UNKNOWN,,26.02164,82.339595,True,False,OTHER
NIMG,NIMA GOPALPUR,UNKNOWN,UNKNOWN,,25.992862,82.364038,True,False,OTHER
HRPG,HARPALGANJ,UNKNOWN,UNKNOWN,,25.947583,82.405421,True,False,OTHER
SKN,SRIKRISHNA NAGAR,UNKNOWN,UNKNOWN,,25.88403,82.447803,True,False,OTHER
SVZ,SARAI HARKHU,UNKNOWN,UNKNOWN,,25.835891,82.506309,True,False,OTHER
BKSA,BAKHSHA,UNKNOWN,UNKNOWN,,25.78236,82.57318,True,False,OTHER
JOP,JAUNPUR CITY,UNKNOWN,UNKNOWN,,25.734125,82.666999,True,False,OTHER
JNUK,JAUNPUR KUTCHERRY,UNKNOWN,UNKNOWN,,25.725186,82.692607,True,False,OTHER
ARA,ARA,UNKNOWN,UNKNOWN,,25.548889,84.662596,True,False,OTHER
JMIR,JAMIRA HALT,UNKNOWN,UNKNOWN,,25.558928,84.709466,True,False,OTHER
KUA,KULHARIA,UNKNOWN,UNKNOWN,,25.568173,84.757807,True,False,OTHER
CPPR,CPPR,UNKNOWN,UNKNOWN,,0.0,0.0,False,False,OTHER
DURE,DUMRAON,UNKNOWN,UNKNOWN,,25.571984,84.143865,True,False,OTHER
TWG,TWINING GANJ,UNKNOWN,UNKNOWN,,25.568766,84.218022,True,False,OTHER
VKDH,VEER KUNWAR HALT,UNKNOWN,UNKNOWN,,25.567585,84.254875,True,False,OTHER
RPR,RAGHUNATHPUR,UNKNOWN,UNKNOWN,,25.565439,84.305227,True,False,OTHER
SKRI,SIKARIA,UNKNOWN,UNKNOWN,,25.563329,84.347686,True,False,OTHER
BYN,BANAHI,UNKNOWN,UNKNOWN,,25.561301,84.389916,True,False,OTHER
ASJP,AMAR SAHEED JAGDEV P HALT,UNKNOWN,UNKNOWN,,25.560087,84.409699,True,False,OTHER
BEA,BIHIYA,UNKNOWN,UNKNOWN,,25.558893,84.448984,True,False,OTHER
RNTE,RAMANAND,UNKNOWN,UNKNOWN,,25.554842,84.491053,True,False,OTHER
XSAN,SARVODAYA HALT,UNKNOWN,UNKNOWN,,25.554117,84.500683,True,False,OTHER
KYA,KAURIYA,UNKNOWN,UNKNOWN,,25.550912,84.521285,True,False,OTHER
KRS,KARISATH,UNKNOWN,UNKNOWN,,25.549488,84.563141,True,False,OTHER
JGWL,JAGJIVAN HALT,UNKNOWN,UNKNOWN,,25.547892,84.630119,True,False,OTHER
KWR,KOELWAR,UNKNOWN,UNKNOWN,,25.5687,84.792055,True,False,OTHER
VHCH,BLOCK CABIN CHAKKI,UNKNOWN,UNKNOWN,,25.559662,84.806277,True,False,OTHER
PAIL,PAIL,UNKNOWN,UNKNOWN,,0.0,0.0,False,False,OTHER
BTA,BIHTA,UNKNOWN,UNKNOWN,,25.560949,84.874087,True,False,OTHER
PATL,PATEL HALT,UNKNOWN,UNKNOWN,,25.564795,84.898526,True,False,OTHER
SDE,SADISOPUR,UNKNOWN,UNKNOWN,,25.566169,84.916992,True,False,OTHER
GNHI,GANDHI HALT,UNKNOWN,UNKNOWN,,25.572001,84.961547,True,False,OTHER
NEO,NEORA,UNKNOWN,UNKNOWN,,25.57459,84.986523,True,False,OTHER
DNR,DANAPUR,UNKNOWN,UNKNOWN,,25.581921,85.044629,True,False,OTHER
PWS,PHULWARI SHARIF,UNKNOWN,UNKNOWN,,25.586297,85.07943,True,False,OTHER
SCY,SACHIWALAY HALT,UNKNOWN,UNKNOWN,,25.596202,85.117352,True,False,Hyderabad
ULR,ULTADANGA ROAD,UNKNOWN,UNKNOWN,,0.0,0.0,False,False,OTHER
CLWS,CLWS,UNKNOWN,UNKNOWN,,0.0,0.0,False,False,OTHER
JUNC,JUNC,UNKNOWN,UNKNOWN,,0.0,0.0,False,False,OTHER
ETYD,ETYD,UNKNOWN,UNKNOWN,,0.0,0.0,False,False,OTHER
LCAB,LCAB,UNKNOWN,UNKNOWN,,0.0,0.0,False,False,OTHER
CP,KOLKATA,UNKNOWN,UNKNOWN,,22.566793,88.375198,True,False,Kolkata
TALA,TALLA,UNKNOWN,UNKNOWN,,22.606458,88.379563,True,False,OTHER
BBR,BAGH BAZAR,UNKNOWN,UNKNOWN,,22.605126,88.365246,True,False,OTHER
SOLA,SOVABAZAR-AHIRI,UNKNOWN,UNKNOWN,,22.597664,88.354938,True,False,OTHER
BZB,BARRA BAZAR,UNKNOWN,UNKNOWN,,22.590907,88.351803,True,False,OTHER
BBDB,BENOY BADAL DINESH GARDENS,UNKNOWN,UNKNOWN,,22.577047,88.346858,True,False,OTHER
EDG,EDEN GARDENS,UNKNOWN,UNKNOWN,,22.565207,88.339472,True,False,OTHER
PPGT,PRINCEP GHAT,UNKNOWN,UNKNOWN,,22.557154,88.332022,True,False,OTHER
KIRP,KHIDIRPUR,UNKNOWN,UNKNOWN,,22.5357,88.315889,True,False,OTHER
RMTR,REMOUNT ROAD,UNKNOWN,UNKNOWN,,22.525428,88.316273,True,False,OTHER
MJT,MAJERHAT,UNKNOWN,UNKNOWN,,22.518978,88.322256,True,False,OTHER
NACC,NEW ALIPUR (CALCUTTA),UNKNOWN,UNKNOWN,,22.510862,88.33492,True,False,Kolkata
TLG,TOLLY GANJ,UNKNOWN,UNKNOWN,,22.507909,88.346908,True,False,OTHER
MILE,MILE-FIVEB,UNKNOWN,UNKNOWN,,22.509944,88.343231,True,False,OTHER
LKF,LAKE GARDENS,UNKNOWN,UNKNOWN,,22.507947,88.352371,True,False,OTHER
BLN,BALLYGUNGE JN,UNKNOWN,UNKNOWN,,22.519832,88.372069,True,False,OTHER
PQS,PARK CIRCUS,UNKNOWN,UNKNOWN,,22.541429,88.374176,True,False,OTHER
BELG,BELG,UNKNOWN,UNKNOWN,,0.0,0.0,False,False,OTHER
DNKL,DHENKANAL,UNKNOWN,UNKNOWN,,20.676825,85.590878,True,False,OTHER
DKUR,DOKUR,UNKNOWN,UNKNOWN,,16.592578,77.853413,True,False,OTHER
RJAP,RAJAPUR,UNKNOWN,UNKNOWN,,16.859603,78.163648,True,False,OTHER
DNDL,DANDI MAL,UNKNOWN,UNKNOWN,,20.715235,85.53418,True,False,OTHER
SBP,SAMBALPUR,UNKNOWN,UNKNOWN,,21.483051,83.960325,True,False,OTHER
SBPD,SAMBALPUR ROAD,UNKNOWN,UNKNOWN,,21.4779,83.975711,True,False,OTHER
SSPR,SADASHIBAPUR,UNKNOWN,UNKNOWN,,20.735286,85.504693,True,False,OTHER
MHDB,MAHADIA PH,UNKNOWN,UNKNOWN,,20.750947,85.475883,True,False,OTHER
HND,HINDOL ROAD,UNKNOWN,UNKNOWN,,20.768563,85.424456,True,False,OTHER
NBT,NAYABAGIRTHIPUR,UNKNOWN,UNKNOWN,,20.781585,85.382445,True,False,OTHER
MRDL,MERAMANDOLIL,UNKNOWN,UNKNOWN,,20.802387,85.304943,True,False,OTHER
BDPK,BURHAPANKA,UNKNOWN,UNKNOWN,,20.853157,85.255823,True,False,OTHER
TLHD,TALCHER ROAD,UNKNOWN,UNKNOWN,,20.886651,85.207934,True,False,OTHER
ANGL,ANGUL,UNKNOWN,UNKNOWN,,20.859445,85.099994,True,False,OTHER
KPJG,KEREJANGA,UNKNOWN,UNKNOWN,,20.855813,84.976706,True,False,OTHER
JRPD,JARAPADA,UNKNOWN,UNKNOWN,,20.885087,84.887597,True,False,OTHER
BONA,BOINDA,UNKNOWN,UNKNOWN,,20.920037,84.748206,True,False,OTHER
HNPA,HANDAPA,UNKNOWN,UNKNOWN,,20.943324,84.684665,True,False,OTHER
SRGP,SARAGIPALLI,UNKNOWN,UNKNOWN,,20.98404,84.565386,True,False,OTHER
BAMR,BAMUR,UNKNOWN,UNKNOWN,,21.006738,84.475865,True,False,OTHER
RAIR,RAIRAKHOL,UNKNOWN,UNKNOWN,,21.046745,84.333562,True,False,OTHER
CHAR,CHARMAL,UNKNOWN,UNKNOWN,,21.095391,84.204417,True,False,OTHER
JUJA,JUJUMURA,UNKNOWN,UNKNOWN,,21.239342,84.134611,True,False,OTHER
HATB,HATIBARI,UNKNOWN,UNKNOWN,,21.309386,84.117939,True,False,OTHER
MANE,MANESWAR,UNKNOWN,UNKNOWN,,21.411344,84.043988,True,False,OTHER
SBPY,SAMBALPUR CITY,UNKNOWN,UNKNOWN,,21.477022,84.007617,True,False,OTHER
JSME,JASIDIH JN,UNKNOWN,UNKNOWN,,24.514517,86.644255,True,False,OTHER
TTN,TULSITANR,UNKNOWN,UNKNOWN,,24.568996,86.614407,True,False,OTHER
LHB,LAHABON,UNKNOWN,UNKNOWN,,24.64034,86.600138,True,False,OTHER
TLB,TALWA BAZAR,UNKNOWN,UNKNOWN,,24.694737,86.556303,True,False,OTHER
STL,SIMULTALA,UNKNOWN,UNKNOWN,,24.713365,86.541782,True,False,OTHER
GHN,GHORPARAN,UNKNOWN,UNKNOWN,,24.741625,86.49853,True,False,OTHER
NRGO,NARGANJO HALT,UNKNOWN,UNKNOWN,,24.743975,86.457803,True,False,OTHER
RJLA,RAJLA,UNKNOWN,UNKNOWN,,24.756363,86.423067,True,False,OTHER
JAJ,JHAJHA,UNKNOWN,UNKNOWN,,24.779456,86.399854,True,False,OTHER
DPX,DADPUR,UNKNOWN,UNKNOWN,,24.829399,86.349076,True,False,OTHER
GHR,GIDHAUR,UNKNOWN,UNKNOWN,,24.856169,86.324005,True,False,OTHER
CUX,CHAURA,UNKNOWN,UNKNOWN,,24.918896,86.287062,True,False,OTHER
JMU,JAMUI,UNKNOWN,UNKNOWN,,24.971949,86.254775,True,False,OTHER
KDER,KUNDER HALT,UNKNOWN,UNKNOWN,,25.051321,86.185614,True,False,OTHER
BFM,BHALUI,UNKNOWN,UNKNOWN,,25.073216,86.172875,True,False,OTHER
MNP,MANANPUR,UNKNOWN,UNKNOWN,,25.104932,86.155405,True,False,OTHER
BLHR,BALAHAPUR HALT,UNKNOWN,UNKNOWN,,25.120271,86.147815,True,False,OTHER
BSQP,BANSIPUR,UNKNOWN,UNKNOWN,,25.124513,86.14482,True,False,OTHER
LCK,LAKHOCHAK HALT,UNKNOWN,UNKNOWN,,25.139185,86.136411,True,False,OTHER
MHLT,MAHESH LETA HALT,UNKNOWN,UNKNOWN,,25.151109,86.130158,True,False,OTHER
MOR,MOR,UNKNOWN,UNKNOWN,,25.430345,85.85676,True,False,OTHER
GZH,GULZARBAGH,UNKNOWN,UNKNOWN,,25.597542,85.205232,True,False,OTHER
PNC,PATNA SAHEB,UNKNOWN,UNKNOWN,,25.585856,85.230942,True,False,OTHER
DDGJ,DEEDARGANJ,UNKNOWN,UNKNOWN,,25.569543,85.257511,True,False,OTHER
BKG,BANKA GHAT,UNKNOWN,UNKNOWN,,25.547008,85.272742,True,False,OTHER
FUT,FATWA,UNKNOWN,UNKNOWN,,25.50144,85.305488,True,False,OTHER
BCYN,BUDHDEVCHAK Y NAGAR,UNKNOWN,UNKNOWN,,25.496827,85.331308,True,False,OTHER
HDE,HARDAS BIGHA,UNKNOWN,UNKNOWN,,25.496924,85.327668,True,False,OTHER
KOO,KHUSROPUR,UNKNOWN,UNKNOWN,,25.484893,85.387309,True,False,OTHER
MJM,MANJHAULIGRAM H,UNKNOWN,UNKNOWN,,25.478252,85.422051,True,False,OTHER
KWO,KARAUTA,UNKNOWN,UNKNOWN,,25.468639,85.46824,True,False,OTHER
SMBH,SALIM PUR BIHAR,UNKNOWN,UNKNOWN,,25.473618,85.445772,True,False,OTHER
TKBG,TEKA BIGHA HALT,UNKNOWN,UNKNOWN,,25.465009,85.485186,True,False,OTHER
BKP,BAKHTIYARPUR JN,UNKNOWN,UNKNOWN,,25.45611,85.529564,True,False,OTHER
JPML,JAI PRAKASH MAHULI,UNKNOWN,UNKNOWN,,25.4538,85.600631,True,False,OTHER
ATL,ATHMAL GOLA,UNKNOWN,UNKNOWN,,25.453015,85.621372,True,False,OTHER
ACU,ACHUARA HALT,UNKNOWN,UNKNOWN,,25.45273,85.661087,True,False,OTHER
BARH,BARH,UNKNOWN,UNKNOWN,,25.46165,85.709426,True,False,OTHER
SHT,SAHARI HALT,UNKNOWN,UNKNOWN,,25.475693,85.727767,True,False,OTHER
RLE,RAILEY ENGLISH HALT,UNKNOWN,UNKNOWN,,25.482971,85.755692,True,False,OTHER
LEB,LEMUABAD,UNKNOWN,UNKNOWN,,25.482271,85.778358,True,False,OTHER
PHK,PUNARAKH,UNKNOWN,UNKNOWN,,25.481495,85.803757,True,False,OTHER
MMKB,MEMRAKHABAD,UNKNOWN,UNKNOWN,,25.472508,85.826852,True,False,OTHER
KNHP,KANHAIPUR,UNKNOWN,UNKNOWN,,25.45827,85.838512,True,False,OTHER
BHAD,BARHAPUR HALT,UNKNOWN,UNKNOWN,,25.427352,85.860243,True,False,OTHER
SIVN,SIVNAR HALT,UNKNOWN,UNKNOWN,,25.40468,85.880824,True,False,OTHER
MKA,MOKAMEH JN,UNKNOWN,UNKNOWN,,25.391885,85.913049,True,False,OTHER
ANAH,AUNTA HALT,UNKNOWN,UNKNOWN,,25.380433,85.949364,True,False,OTHER
PNBE,PATNA JN,UNKNOWN,UNKNOWN,,25.60256,85.136824,True,False,OTHER
RJPB,RAJENDRA NAGAR BIHAR,UNKNOWN,UNKNOWN,,25.603351,85.162449,True,False,OTHER
KBQ,KUMRABAD ROHINI,UNKNOWN,UNKNOWN,,24.467308,86.645348,True,False,OTHER
SNQ,SANKARPUR,UNKNOWN,UNKNOWN,,24.427623,86.637552,True,False,OTHER
MUW,MATHURAPUR,UNKNOWN,UNKNOWN,,24.386518,86.631692,True,False,OTHER
NPZ,NAWAPATRA,UNKNOWN,UNKNOWN,,24.318387,86.647867,True,False,OTHER
MDP,MADHUPUR JN,UNKNOWN,UNKNOWN,,24.270633,86.642183,True,False,OTHER
JRW,JORAMOW,UNKNOWN,UNKNOWN,,24.201663,86.707773,True,False,OTHER
MNC,MADANKATA,UNKNOWN,UNKNOWN,,24.140881,86.70195,True,False,OTHER
VDS,VIDYASAGAR,UNKNOWN,UNKNOWN,,24.10382,86.698415,True,False,OTHER
KEE,KASEETAR,UNKNOWN,UNKNOWN,,24.004444,86.75251,True,False,OTHER
JMT,JAMTARA,UNKNOWN,UNKNOWN,,23.958904,86.805183,True,False,OTHER
BM,BODMA,UNKNOWN,UNKNOWN,,23.897286,86.852624,True,False,OTHER
CRJ,CHITTARANJAN,UNKNOWN,UNKNOWN,,23.857138,86.878036,True,False,OTHER
RNPR,RUPNARAYANPUR,UNKNOWN,UNKNOWN,,23.818703,86.885481,True,False,OTHER
SLS,SALANPUR,UNKNOWN,UNKNOWN,,23.760355,86.876395,True,False,OTHER
CPY,CHAPRAMARI,UNKNOWN,UNKNOWN,,22.600493,88.392204,True,False,OTHER
PTKR,PATIPUKUR,UNKNOWN,UNKNOWN,,22.605668,88.395055,True,False,OTHER
GNT,GUNTUR JN,UNKNOWN,UNKNOWN,,16.300784,80.441973,True,False,OTHER
NLPD,NALLAPADU,UNKNOWN,UNKNOWN,,16.308263,80.397756,True,False,OTHER
PRCA,PERECHERLA,UNKNOWN,UNKNOWN,,16.319601,80.339519,True,False,OTHER
PPM,PHIRANGIPURAM,UNKNOWN,UNKNOWN,,16.292376,80.255894,True,False,OTHER
NDPU,NUDURUPADU,UNKNOWN,UNKNOWN,,16.273407,80.193376,True,False,OTHER
STUR,SATULUR,UNKNOWN,UNKNOWN,,16.254465,80.138811,True,False,OTHER
NRT,NARASARAOPET,UNKNOWN,UNKNOWN,,16.231527,80.041607,True,False,OTHER
MUK,MUNUMAKA,UNKNOWN,UNKNOWN,,16.190922,79.981319,True,False,OTHER
SAB,SANTAMAGULUR,UNKNOWN,UNKNOWN,,16.147071,79.915056,True,False,OTHER
VLE,VELLALCHERUVU H,UNKNOWN,UNKNOWN,,16.131784,79.888664,True,False,OTHER
SYM,SAVALYAPURAM,UNKNOWN,UNKNOWN,,16.102801,79.81953,True,False,OTHER
VKN,VINUKONDA,UNKNOWN,UNKNOWN,,16.050748,79.748004,True,False,OTHER
CEM,CHEEKATEEGALPLM,UNKNOWN,UNKNOWN,,16.011698,79.682842,True,False,OTHER
GKM,GUNDALUKAMMA,UNKNOWN,UNKNOWN,,15.985909,79.645362,True,False,OTHER
KCD,KURICHEDU,UNKNOWN,UNKNOWN,,15.913391,79.572175,True,False,OTHER
POO,POTLAPADU,UNKNOWN,UNKNOWN,,15.873337,79.523864,True,False,OTHER
DKD,DONAKONDA,UNKNOWN,UNKNOWN,,15.834631,79.484112,True,False,OTHER
GJJ,GAJJELAKONDA,UNKNOWN,UNKNOWN,,15.777382,79.401298,True,False,OTHER
KOAA,KOLKATA CHITPUR,UNKNOWN,UNKNOWN,,22.601175,88.385179,True,False,Kolkata
KANL,KANL,UNKNOWN,UNKNOWN,,0.0,0.0,False,False,OTHER
INCI,ISHAN CHANDI HALT,UNKNOWN,UNKNOWN,,23.33365,87.739668,True,False,OTHER
GLI,GALSI,UNKNOWN,UNKNOWN,,23.358032,87.681236,True,False,OTHER
PAJ,PARAJ,UNKNOWN,UNKNOWN,,23.387863,87.627505,True,False,OTHER
MNAE,MANKAR,UNKNOWN,UNKNOWN,,23.420373,87.555822,True,False,OTHER
PAN,PANAGARH,UNKNOWN,UNKNOWN,,23.443034,87.439587,True,False,OTHER
RBH,RAJBANDH,UNKNOWN,UNKNOWN,,23.476136,87.372314,True,False,OTHER
DGR,DURGAPUR,UNKNOWN,UNKNOWN,,23.495046,87.297902,True,False,OTHER
DCOP,DURGAPUR COKE OVEN PLANT EXCHANGE YARD SDG WARIA,UNKNOWN,UNKNOWN,,23.505136,87.298232,True,False,OTHER
OYR,WARIA,UNKNOWN,UNKNOWN,,23.537562,87.246177,True,False,OTHER
POL,PINJRAPOL,UNKNOWN,UNKNOWN,,23.549642,87.232307,True,False,OTHER
EOC,UDL EAST OUTER CABIN,UNKNOWN,UNKNOWN,,23.569452,87.203608,True,False,OTHER
UDLE,ANDAL-EAST/CABIN,UNKNOWN,UNKNOWN,,23.57172,87.199696,True,False,OTHER
UDL,ANDAL JN,UNKNOWN,UNKNOWN,,23.579012,87.181194,True,False,OTHER
UDLW,ANDAL WEST CABIN,UNKNOWN,UNKNOWN,,23.584024,87.168796,True,False,OTHER
CCK,CHICHAKI,UNKNOWN,UNKNOWN,,24.053225,85.991727,True,False,OTHER
GRBH,GAREA BIHAR,UNKNOWN,UNKNOWN,,24.128949,85.915528,True,False,OTHER
BHN,BHULI,UNKNOWN,UNKNOWN,,23.802277,86.394693,True,False,OTHER
TET,TETULMARI,UNKNOWN,UNKNOWN,,23.814441,86.34357,True,False,OTHER
NPJE,NICHITPUR,UNKNOWN,UNKNOWN,,23.825908,86.287765,True,False,OTHER
MRQ,MATARI,UNKNOWN,UNKNOWN,,23.840519,86.239035,True,False,OTHER
GMO,GOMOH JN,UNKNOWN,UNKNOWN,,23.873106,86.14823,True,False,OTHER
BLME,BHOLLDIH,UNKNOWN,UNKNOWN,,23.898444,86.116898,True,False,OTHER
NMG,NIMIAGHAT,UNKNOWN,UNKNOWN,,23.932092,86.076213,True,False,OTHER
PNME,PARASNATH,UNKNOWN,UNKNOWN,,23.987971,86.037862,True,False,OTHER
CEME,CHEGRO,UNKNOWN,UNKNOWN,,24.084249,85.964766,True,False,OTHER
CDB,CHAUDHRIBANDH,UNKNOWN,UNKNOWN,,24.111853,85.946446,True,False,OTHER
KRMB,KARMABAD BH,UNKNOWN,UNKNOWN,,24.07875,85.973866,True,False,OTHER
HZD,HAZARIBAGH ROAD,UNKNOWN,UNKNOWN,,24.174583,85.892035,True,False,OTHER
KSHR,KESHWARI,UNKNOWN,UNKNOWN,,24.194873,85.864202,True,False,OTHER
CBH,CHAUBE,UNKNOWN,UNKNOWN,,24.237295,85.816024,True,False,OTHER
DSME,DASARA,UNKNOWN,UNKNOWN,,24.274602,85.790856,True,False,OTHER
PSB,PARSABAD,UNKNOWN,UNKNOWN,,24.307559,85.73873,True,False,OTHER
YDD,YADUDIH,UNKNOWN,UNKNOWN,,24.329875,85.700899,True,False,OTHER
SMND,SARMATANR,UNKNOWN,UNKNOWN,,24.344874,85.655504,True,False,OTHER
HRE,HIRODIH,UNKNOWN,UNKNOWN,,24.38304,85.596658,True,False,OTHER
LRB,LARABAD,UNKNOWN,UNKNOWN,,24.407021,85.562123,True,False,OTHER
KQR,KODERMA,UNKNOWN,UNKNOWN,,24.434741,85.529458,True,False,OTHER
GJD,GUJHANDI,UNKNOWN,UNKNOWN,,24.498121,85.463683,True,False,OTHER
LBZ,LALBAG BH,UNKNOWN,UNKNOWN,,24.509662,85.446702,True,False,OTHER
DLW,DILWA,UNKNOWN,UNKNOWN,,24.537318,85.419709,True,False,OTHER
NGY,NATH GANJ,UNKNOWN,UNKNOWN,,24.545616,85.385094,True,False,OTHER
BSCP,BASKATWA B. H.,UNKNOWN,UNKNOWN,,24.547613,85.366148,True,False,Hyderabad
YGM,YADUGRAM BH,UNKNOWN,UNKNOWN,,24.543289,85.324014,True,False,OTHER
GAP,GURPA,UNKNOWN,UNKNOWN,,24.562542,85.29708,True,False,OTHER
PRP,PAHARPUR,UNKNOWN,UNKNOWN,,24.624932,85.204571,True,False,OTHER
BNSL,BANSINALA HALT,UNKNOWN,UNKNOWN,,24.665292,85.161824,True,False,OTHER
TKN,TANKUPPA,UNKNOWN,UNKNOWN,,24.704046,85.119402,True,False,OTHER
BNF,BANDHUA,UNKNOWN,UNKNOWN,,24.751974,85.0662,True,False,OTHER
MPO,MANPUR JN,UNKNOWN,UNKNOWN,,24.807111,85.044738,True,False,OTHER
SICY,SHAHEED ISHWAR CHOWDHARY HALT,UNKNOWN,UNKNOWN,,24.807414,85.01491,True,False,OTHER
GAYA,GAYA JN,UNKNOWN,UNKNOWN,,24.803978,84.999294,True,False,OTHER
WCB,WEST CABIN GAYA,UNKNOWN,UNKNOWN,,24.798676,84.971299,True,False,OTHER
KSTA,KASTHA,UNKNOWN,UNKNOWN,,24.802484,84.921751,True,False,OTHER
PRY,PARAIYA,UNKNOWN,UNKNOWN,,24.809464,84.850792,True,False,OTHER
GRRU,GURARU,UNKNOWN,UNKNOWN,,24.811113,84.791831,True,False,OTHER
IMGE,ISMAILPUR,UNKNOWN,UNKNOWN,,24.815523,84.723433,True,False,OTHER
RFJ,RAFIGANJ,UNKNOWN,UNKNOWN,,24.819694,84.634804,True,False,OTHER
DORD,DEO ROAD,UNKNOWN,UNKNOWN,,24.823074,84.563423,True,False,OTHER
JHN,JAKHIM,UNKNOWN,UNKNOWN,,24.828803,84.525678,True,False,OTHER
PES,PHESAR,UNKNOWN,UNKNOWN,,24.845489,84.418085,True,False,OTHER
AUBR,ANUGRAHA NARAYAN ROAD,UNKNOWN,UNKNOWN,,24.855956,84.329844,True,False,OTHER
CPBH,CHIRAILA,UNKNOWN,UNKNOWN,,24.863478,84.269003,True,False,OTHER
SEB,SON NAGAR,UNKNOWN,UNKNOWN,,24.882213,84.229273,True,False,OTHER
ADSR,ADSR,UNKNOWN,UNKNOWN,,24.909345,84.192214,True,False,OTHER
DOS,DEHRI ON SONE,UNKNOWN,UNKNOWN,,24.914895,84.185434,True,False,OTHER
PHE,PAHALEJA HALT,UNKNOWN,UNKNOWN,,24.932644,84.144817,True,False,OTHER
MRK,MARKAPUR ROAD,UNKNOWN,UNKNOWN,,15.714678,79.301115,True,False,OTHER
RAI,RAIBHA,UNKNOWN,UNKNOWN,,27.18155,77.803634,True,False,OTHER
BCP,BICHPURI,UNKNOWN,UNKNOWN,,27.176397,77.91435,True,False,OTHER
IDH,IDGAH AGRA JN,UNKNOWN,UNKNOWN,,27.17265,77.997807,True,False,OTHER
AF,AGRA FORT,UNKNOWN,UNKNOWN,,27.183308,78.0191,True,False,OTHER
JAB,YAMUNA BRIDGE AGRA,UNKNOWN,UNKNOWN,,27.191512,78.038127,True,False,OTHER
CHLR,CHHALESAR,UNKNOWN,UNKNOWN,,27.212079,78.084141,True,False,OTHER
KBP,KUBERPUR,UNKNOWN,UNKNOWN,,27.221966,78.128812,True,False,OTHER
ETUE,ETMADPUR,UNKNOWN,UNKNOWN,,27.221536,78.197973,True,False,OTHER
COI,CHEOKI,UNKNOWN,UNKNOWN,,25.379668,81.864916,True,False,OTHER
KCN,KARCHANA,UNKNOWN,UNKNOWN,,25.313666,81.916127,True,False,OTHER
BEP,BHEERPUR,UNKNOWN,UNKNOWN,,25.265024,81.98924,True,False,OTHER
MJA,MEJA ROAD,UNKNOWN,UNKNOWN,,25.221545,82.089337,True,False,OTHER
UND,UNCHDIH,UNKNOWN,UNKNOWN,,25.19242,82.163375,True,False,OTHER
JIA,JIGNA,UNKNOWN,UNKNOWN,,25.157891,82.325555,True,False,OTHER
GAE,GAIPURA,UNKNOWN,UNKNOWN,,25.16045,82.386249,True,False,OTHER
BEO,BIROHE,UNKNOWN,UNKNOWN,,25.173789,82.449749,True,False,OTHER
BKN,BIKANER JN,UNKNOWN,UNKNOWN,,28.014139,73.316598,True,False,OTHER
UMS,UDRAMSAR,UNKNOWN,UNKNOWN,,27.922974,73.343837,True,False,Chennai
PAE,PALANA,UNKNOWN,UNKNOWN,,27.845286,73.273605,True,False,OTHER
DSO,DESHNOK,UNKNOWN,UNKNOWN,,27.791303,73.338483,True,False,OTHER
SPO,SURPURA,UNKNOWN,UNKNOWN,,27.706677,73.442249,True,False,OTHER
NOK,NOKHA,UNKNOWN,UNKNOWN,,27.556203,73.474848,True,False,OTHER
CLO,CHILO,UNKNOWN,UNKNOWN,,27.446624,73.525461,True,False,OTHER
SBLJ,SHRI BALAJI,UNKNOWN,UNKNOWN,,27.416761,73.537382,True,False,OTHER
ALAI,ALAI,UNKNOWN,UNKNOWN,,27.337097,73.585768,True,False,OTHER
BWS,BADWASI,UNKNOWN,UNKNOWN,,27.311355,73.663015,True,False,OTHER
NGO,NAGAUR,UNKNOWN,UNKNOWN,,27.199991,73.723572,True,False,OTHER
MDW,MARWAR MUNDWA,UNKNOWN,UNKNOWN,,27.063606,73.815965,True,False,OTHER
KJW,KHAJWANA,UNKNOWN,UNKNOWN,,26.923262,73.861764,True,False,OTHER
DSL,DESWAL,UNKNOWN,UNKNOWN,,26.850374,73.885443,True,False,OTHER
MCPE,MARWAR CHAPRI,UNKNOWN,UNKNOWN,,26.783488,73.907394,True,False,OTHER
GADJ,GANDHINAGAR JAIPUR,UNKNOWN,UNKNOWN,,26.873067,75.79828,True,False,OTHER
BMH,BETAMCHERLA,UNKNOWN,UNKNOWN,,15.449372,78.148636,True,False,OTHER
GTJT,GETOR JAGATPURA,UNKNOWN,UNKNOWN,,26.836925,75.832384,True,False,OTHER
KWP,KHATIPURA,UNKNOWN,UNKNOWN,,26.835709,75.890498,True,False,OTHER
KUT,KANAUTA,UNKNOWN,UNKNOWN,,26.842216,75.955996,True,False,OTHER
BAI,BASSI,UNKNOWN,UNKNOWN,,26.840617,76.047213,True,False,OTHER
JHIR,JHIR,UNKNOWN,UNKNOWN,,26.852187,76.114692,True,False,OTHER
KXI,KURUMURTHI,UNKNOWN,UNKNOWN,,16.494924,77.863463,True,False,OTHER
BSKO,BANSKHO,UNKNOWN,UNKNOWN,,26.856115,76.142206,True,False,OTHER
TLU,TARLUPADU,UNKNOWN,UNKNOWN,,15.660536,79.219462,True,False,OTHER
JW,JATWARA,UNKNOWN,UNKNOWN,,26.86882,76.214055,True,False,OTHER
CBM,CUMBUM,UNKNOWN,UNKNOWN,,15.592947,79.110832,True,False,OTHER
KRNT,KURNOOL TOWN,UNKNOWN,UNKNOWN,,15.833715,78.032655,True,False,OTHER
ALPR,ALAMPUR ROAD,UNKNOWN,UNKNOWN,,15.895657,78.047012,True,False,OTHER
BNDN,BHANDANA,UNKNOWN,UNKNOWN,,26.878914,76.252474,True,False,OTHER
SBBJ,JOGULAMBA HALT,UNKNOWN,UNKNOWN,,15.915692,78.041605,True,False,OTHER
MOA,MANOPAD,UNKNOWN,UNKNOWN,,15.994114,77.941968,True,False,OTHER
IKI,ITKYALA,UNKNOWN,UNKNOWN,,16.074589,77.852531,True,False,OTHER
DO,DAUSA,UNKNOWN,UNKNOWN,,26.900047,76.330336,True,False,OTHER
PDNA,PEDDADINNE,UNKNOWN,UNKNOWN,,16.100078,77.83502,True,False,OTHER
PDO,PUDURU,UNKNOWN,UNKNOWN,,16.153897,77.820931,True,False,OTHER
GWD,GADWAL,UNKNOWN,UNKNOWN,,16.22509,77.809672,True,False,OTHER
BAK,BHAN KARI,UNKNOWN,UNKNOWN,,26.962547,76.409455,True,False,OTHER
ARPL,AREPALLI HALT,UNKNOWN,UNKNOWN,,16.270534,77.862369,True,False,OTHER
SRNR,SRIRAMNAGAR,UNKNOWN,UNKNOWN,,16.306568,77.865894,True,False,OTHER
AJK,AJAKOLLU,UNKNOWN,UNKNOWN,,16.346783,77.873636,True,False,OTHER
KVGM,KOLVAGRAM,UNKNOWN,UNKNOWN,,26.989484,76.468765,True,False,OTHER
WPR,WANPARTI ROAD,UNKNOWN,UNKNOWN,,16.382054,77.88515,True,False,OTHER
KONN,KONNUR,UNKNOWN,UNKNOWN,,16.424621,77.884404,True,False,OTHER
KQQ,KAUKUNTLA,UNKNOWN,UNKNOWN,,16.538962,77.850451,True,False,OTHER
DKC,DEVARKADRE,UNKNOWN,UNKNOWN,,16.630504,77.838261,True,False,OTHER
KTKA,KOTAKADRA,UNKNOWN,UNKNOWN,,16.668744,77.869477,True,False,OTHER
MQN,MANYAMKONDA,UNKNOWN,UNKNOWN,,16.683425,77.904883,True,False,OTHER
MHBT,MAHBUBNAGAR TOWN HALT,UNKNOWN,UNKNOWN,,16.742879,77.982649,True,False,OTHER
MBNR,MAHBUBNAGAR,UNKNOWN,UNKNOWN,,16.757768,77.999429,True,False,OTHER
YNG,YENUGONDA,UNKNOWN,UNKNOWN,,16.758073,78.036337,True,False,OTHER
BKI,BANDIKUI JN,UNKNOWN,UNKNOWN,,27.039271,76.566723,True,False,OTHER
JBK,JAGGAMBOTLA KRISHNAPURAM,UNKNOWN,UNKNOWN,,15.551156,79.071072,True,False,OTHER
SDV,SOMIDEVIPALLE,UNKNOWN,UNKNOWN,,15.4534,79.038111,True,False,OTHER
GMA,GUDIMETTA,UNKNOWN,UNKNOWN,,15.424449,79.010485,True,False,OTHER
YADA,YADA,UNKNOWN,UNKNOWN,,0.0,0.0,False,False,OTHER
GID,GIDDALUR,UNKNOWN,UNKNOWN,,15.379008,78.925583,True,False,OTHER
KSTE,KISTAMSETTIPALI,UNKNOWN,UNKNOWN,,15.37238,78.883844,True,False,Chennai
DMT,DIGUVAMETTA,UNKNOWN,UNKNOWN,,15.39493,78.826206,True,False,OTHER
CMZ,CHALAMA,UNKNOWN,UNKNOWN,,15.422638,78.695312,True,False,OTHER
GZL,GAZULAPALLI,UNKNOWN,UNKNOWN,,15.43085,78.600125,True,False,OTHER
NDL,NANDYAL,UNKNOWN,UNKNOWN,,15.468024,78.472545,True,False,OTHER
PNM,PANYAM,UNKNOWN,UNKNOWN,,15.50076,78.339158,True,False,OTHER
ARNA,ARNIA,UNKNOWN,UNKNOWN,,27.010129,76.51718,True,False,OTHER
KEF,KRISHNAMA KONA,UNKNOWN,UNKNOWN,,15.505221,78.267907,True,False,OTHER
BEY,B CEMENT NAGAR,UNKNOWN,UNKNOWN,,15.486322,78.195412,True,False,OTHER
RGM,RANGAPURAM,UNKNOWN,UNKNOWN,,15.406776,78.059153,True,False,OTHER
MLK,MALKAPURAM,UNKNOWN,UNKNOWN,,15.368944,77.967556,True,False,OTHER
BVO,BOGOLU,UNKNOWN,UNKNOWN,,15.473393,77.914295,True,False,OTHER
DHNE,DHONE,UNKNOWN,UNKNOWN,,15.396729,77.865727,True,False,OTHER
VDI,VELDURTI,UNKNOWN,UNKNOWN,,15.553699,77.927621,True,False,OTHER
UKD,ULINDAKONDA,UNKNOWN,UNKNOWN,,15.652934,77.968687,True,False,OTHER
DUU,DUPADU,UNKNOWN,UNKNOWN,,15.742888,78.013259,True,False,OTHER
KOLA,KOTLA,UNKNOWN,UNKNOWN,,15.812034,78.037552,True,False,OTHER
DTP,DIVITI PALLI,UNKNOWN,UNKNOWN,,16.740883,78.084175,True,False,OTHER
CDAE,CHANDANPUR,UNKNOWN,UNKNOWN,,22.8813,88.176177,True,False,OTHER
PBZ,PORABAZAR,UNKNOWN,UNKNOWN,,22.916427,88.15914,True,False,OTHER
BMAE,BELMURI,UNKNOWN,UNKNOWN,,22.932727,88.152331,True,False,OTHER
DNHL,DHANIAKHALI,UNKNOWN,UNKNOWN,,22.95019,88.143651,True,False,OTHER
SHBC,SIBAICHANDI,UNKNOWN,UNKNOWN,,22.974465,88.13369,True,False,OTHER
CRAE,CHERAGRAM BH.,UNKNOWN,UNKNOWN,,22.993969,88.126806,True,False,OTHER
HIH,HAJIGARH,UNKNOWN,UNKNOWN,,23.007032,88.121403,True,False,OTHER
GRAE,GURAP,UNKNOWN,UNKNOWN,,23.02534,88.112282,True,False,OTHER
JPQ,JHAPANDANGA,UNKNOWN,UNKNOWN,,23.064129,88.091187,True,False,OTHER
JRAE,JAUGRAM,UNKNOWN,UNKNOWN,,23.078737,88.080887,True,False,OTHER
NBAE,NABAGRAM,UNKNOWN,UNKNOWN,,23.09918,88.066909,True,False,OTHER
MSAE,MASAGRAM,UNKNOWN,UNKNOWN,,23.134791,88.042182,True,False,Chennai
CHC,CHANCHAI,UNKNOWN,UNKNOWN,,23.157905,88.025521,True,False,OTHER
PRAE,PALLA ROAD,UNKNOWN,UNKNOWN,,23.179393,88.009121,True,False,OTHER
DKAE,DANKUNI,UNKNOWN,UNKNOWN,,22.677422,88.291491,True,False,OTHER
GBRA,GOBRA,UNKNOWN,UNKNOWN,,22.695504,88.279274,True,False,OTHER
JOX,JANAI ROAD,UNKNOWN,UNKNOWN,,22.722379,88.26511,True,False,OTHER
BPAE,BEGUMPUR,UNKNOWN,UNKNOWN,,22.737627,88.255644,True,False,OTHER
BRPA,BARUIPARA,UNKNOWN,UNKNOWN,,22.766787,88.237381,True,False,OTHER
MBE,MIRZAPUR BANKIPUR,UNKNOWN,UNKNOWN,,22.78738,88.224626,True,False,OTHER
BLAE,BALARAMBATI,UNKNOWN,UNKNOWN,,22.806813,88.212168,True,False,OTHER
KQU,KAMARKUNDU,UNKNOWN,UNKNOWN,,22.821631,88.205127,True,False,OTHER
KQLS,KAMARKUNDU,UNKNOWN,UNKNOWN,,22.820899,88.204309,True,False,OTHER
MDSE,MADHU SUDANPUR,UNKNOWN,UNKNOWN,,22.845108,88.193499,True,False,OTHER
SDAH,KOLKATA SEALDAH,UNKNOWN,UNKNOWN,,22.566758,88.374713,True,False,Kolkata
NKG,NARKALDENGA COACHING YARD,UNKNOWN,UNKNOWN,,22.571975,88.37911,True,False,OTHER
KGK,KANKURGACHHI ROAD,UNKNOWN,UNKNOWN,,22.572603,88.385079,True,False,OTHER
BNXR,BIDHAN NAGAR,UNKNOWN,UNKNOWN,,22.592432,88.391045,True,False,OTHER
DDJ,DUM DUM,UNKNOWN,UNKNOWN,,22.621717,88.392835,True,False,OTHER
BARN,BARANAGAR ROAD,UNKNOWN,UNKNOWN,,22.653093,88.378311,True,False,OTHER
DAKE,DAKSHINESWAR,UNKNOWN,UNKNOWN,,22.653484,88.363635,True,False,OTHER
BLYG,BALLY GHAT,UNKNOWN,UNKNOWN,,22.652173,88.347431,True,False,OTHER
BLYH,BALIHALT,UNKNOWN,UNKNOWN,,22.652604,88.338608,True,False,OTHER
RCD,RAJCHANDRAPUR,UNKNOWN,UNKNOWN,,22.652739,88.321219,True,False,OTHER
CCRL,CC RLY LINK CAB,UNKNOWN,UNKNOWN,,22.652855,88.315286,True,False,OTHER
CCLW,CCLINK-WEST,UNKNOWN,UNKNOWN,,22.657411,88.305512,True,False,OTHER
GGSY,GANGA SAHAI,UNKNOWN,UNKNOWN,,25.269767,86.018783,True,False,OTHER
DMRX,DUMRI HALT,UNKNOWN,UNKNOWN,,25.245936,86.028396,True,False,OTHER
JCL,JADCHERLA,UNKNOWN,UNKNOWN,,16.752658,78.141972,True,False,OTHER
DJS,DHURANT JWAS HALT,UNKNOWN,UNKNOWN,,25.220474,86.047715,True,False,OTHER
JYG,JAYNAGAR,UNKNOWN,UNKNOWN,,26.589465,86.134871,True,False,OTHER
SPJ,SAMASTIPUR JN,UNKNOWN,UNKNOWN,,25.858304,85.78736,True,False,Chennai
KRHA,KORAHIA,UNKNOWN,UNKNOWN,,26.52984,86.153614,True,False,OTHER
KJI,KHAJAULI,UNKNOWN,UNKNOWN,,26.483942,86.161422,True,False,OTHER
GHX,GARHARA,UNKNOWN,UNKNOWN,,25.440912,86.005308,True,False,OTHER
LLPR,LALIT LAKSHMIPR,UNKNOWN,UNKNOWN,,26.436785,86.1562,True,False,Kolkata
RJA,RAJANAGAR,UNKNOWN,UNKNOWN,,26.401801,86.152987,True,False,OTHER
HTZU,HATHIDAH UPPER,UNKNOWN,UNKNOWN,,25.351823,85.987422,True,False,OTHER
MGPI,MANGARPATTI HALT,UNKNOWN,UNKNOWN,,26.371005,86.110032,True,False,OTHER
MBI,MADHUBANI,UNKNOWN,UNKNOWN,,26.348165,86.076784,True,False,OTHER
BLRI,BELARI HALT,UNKNOWN,UNKNOWN,,25.845989,85.794656,True,False,OTHER
SPRN,SALEMPUR HALT,UNKNOWN,UNKNOWN,,26.306378,86.081676,True,False,OTHER
UJP,UJIARPUR,UNKNOWN,UNKNOWN,,25.780378,85.799605,True,False,OTHER
PDW,PANDAUL,UNKNOWN,UNKNOWN,,26.280487,86.086636,True,False,OTHER
NAZJ,NAZIRGANJ,UNKNOWN,UNKNOWN,,25.724315,85.806327,True,False,OTHER
UGNA,UGNA HALT,UNKNOWN,UNKNOWN,,26.250647,86.092514,True,False,OTHER
BSRA,BASARHIA HALT,UNKNOWN,UNKNOWN,,25.692105,85.810982,True,False,OTHER
SKI,SAKRI JN,UNKNOWN,UNKNOWN,,26.208947,86.078137,True,False,OTHER
DSS,DALSINGH SARAI,UNKNOWN,UNKNOWN,,25.664749,85.841465,True,False,OTHER
SSNS,SHAHEED S N SINGH HALT,UNKNOWN,UNKNOWN,,26.20102,86.042897,True,False,OTHER
TRS,TARSARAI,UNKNOWN,UNKNOWN,,26.194365,86.013311,True,False,OTHER
BJIH,BIJULI HALT,UNKNOWN,UNKNOWN,,26.186676,85.976126,True,False,OTHER
KKHT,KAKARGHATTI,UNKNOWN,UNKNOWN,,26.183484,85.948265,True,False,OTHER
STJT,SATHAJAGAT,UNKNOWN,UNKNOWN,,25.631007,85.867789,True,False,OTHER
BCA,BACHWARA JN,UNKNOWN,UNKNOWN,,25.581258,85.900142,True,False,OTHER
DKGS,SIMARIA,UNKNOWN,UNKNOWN,,25.411453,86.014464,True,False,OTHER
MPNH,MAJNUPUR NAWADA,UNKNOWN,UNKNOWN,,25.532196,85.931268,True,False,OTHER
TGA,TEGHRA,UNKNOWN,UNKNOWN,,25.51102,85.941774,True,False,OTHER
BUJ,BARAUNI FLAG,UNKNOWN,UNKNOWN,,25.473591,85.965078,True,False,OTHER
DBG,DARBHANGA JN,UNKNOWN,UNKNOWN,,26.157088,85.907575,True,False,OTHER
LSI,LAHERIA SARAI,UNKNOWN,UNKNOWN,,26.110633,85.903825,True,False,OTHER
TLWA,THALWARA,UNKNOWN,UNKNOWN,,26.072735,85.897507,True,False,OTHER
HYT,HAIAGHAT,UNKNOWN,UNKNOWN,,26.020321,85.878212,True,False,OTHER
RBZ,RAMBHADDARPUR,UNKNOWN,UNKNOWN,,25.977172,85.865182,True,False,OTHER
KSP,KISHANPUR,UNKNOWN,UNKNOWN,,25.925351,85.840384,True,False,OTHER
MKPR,MUKTAPUR,UNKNOWN,UNKNOWN,,25.884676,85.79556,True,False,OTHER
KRPA,KHARIAPIPRA HALT,UNKNOWN,UNKNOWN,,25.242819,86.626717,True,False,OTHER
TALL,TALL JN,UNKNOWN,UNKNOWN,,25.3787,85.954683,True,False,OTHER
RDUM,RAMPUR DUMRA,UNKNOWN,UNKNOWN,,25.330863,86.000642,True,False,OTHER
BRYA,BARHIYA,UNKNOWN,UNKNOWN,,25.283203,86.015077,True,False,OTHER
MKB,MANKATHA,UNKNOWN,UNKNOWN,,25.207216,86.056352,True,False,OTHER
LKR,LUCKEESARAI JN,UNKNOWN,UNKNOWN,,25.171662,86.093211,True,False,OTHER
KIUL,KIUL JN,UNKNOWN,UNKNOWN,,25.171504,86.106198,True,False,OTHER
RMPR,RAMPUR HALT,UNKNOWN,UNKNOWN,,25.172159,86.140654,True,False,OTHER
DNRE,DHANAURI,UNKNOWN,UNKNOWN,,25.171969,86.159175,True,False,OTHER
PWBN,PAWAI BROHMASTHAN HALT,UNKNOWN,UNKNOWN,,25.171223,86.196522,True,False,Chennai
UREN,UREN,UNKNOWN,UNKNOWN,,25.171238,86.214202,True,False,OTHER
KJH,KAJRA,UNKNOWN,UNKNOWN,,25.182766,86.261571,True,False,OTHER
GIBP,GHOGHI BARIARPUR,UNKNOWN,UNKNOWN,,25.205808,86.304082,True,False,OTHER
AHA,ABHAIPUR,UNKNOWN,UNKNOWN,,25.215986,86.323072,True,False,OTHER
MSDN,MASUDAN,UNKNOWN,UNKNOWN,,25.235271,86.357883,True,False,Chennai
DRH,DHARHARA,UNKNOWN,UNKNOWN,,25.257893,86.411538,True,False,OTHER
DRTP,DASHARATHPUR,UNKNOWN,UNKNOWN,,25.265182,86.464532,True,False,OTHER
SRB,SAROBAG,UNKNOWN,UNKNOWN,,25.273371,86.476555,True,False,OTHER
JMP,JAMALPUR JN,UNKNOWN,UNKNOWN,,25.313906,86.492285,True,False,OTHER
PATM,PATAM HALT,UNKNOWN,UNKNOWN,,25.323255,86.53277,True,False,OTHER
RPUR,RATANPUR,UNKNOWN,UNKNOWN,,25.279794,86.57608,True,False,OTHER
RIKD,RISHIKUND,UNKNOWN,UNKNOWN,,25.294436,86.562358,True,False,OTHER
BUP,BARIARPUR,UNKNOWN,UNKNOWN,,25.281029,86.574037,True,False,OTHER
KPRD,KALYANPUR ROAD,UNKNOWN,UNKNOWN,,25.275565,86.580635,True,False,OTHER
KAPP,KHARIAPIPRA HALT,UNKNOWN,UNKNOWN,,25.243589,86.627487,True,False,OTHER
GNNA,GANGANI,UNKNOWN,UNKNOWN,,25.265514,86.593002,True,False,OTHER
KMGH,KAMARGANJ,UNKNOWN,UNKNOWN,,25.236952,86.645723,True,False,OTHER
SGG,SULTANGANJ,UNKNOWN,UNKNOWN,,25.24085,86.736175,True,False,OTHER
AJUG,ABJUGANJ,UNKNOWN,UNKNOWN,,25.242369,86.775451,True,False,OTHER
MVV,MAHESHI,UNKNOWN,UNKNOWN,,25.236912,86.799239,True,False,OTHER
AKN,AKBARNAGAR,UNKNOWN,UNKNOWN,,25.234881,86.834533,True,False,OTHER
CTMP,CHHIT MAKHANPUR,UNKNOWN,UNKNOWN,,25.234493,86.873936,True,False,OTHER
MPY,MURARPUR,UNKNOWN,UNKNOWN,,25.232759,86.886908,True,False,OTHER
NAT,NATHNAGAR,UNKNOWN,UNKNOWN,,25.237052,86.935373,True,False,OTHER
BGP,BHAGALPUR,UNKNOWN,UNKNOWN,,25.241909,86.976792,True,False,OTHER
SBO,SABAUR,UNKNOWN,UNKNOWN,,25.239083,87.045918,True,False,OTHER
LMM,LAILAKH MAMLKHA,UNKNOWN,UNKNOWN,,25.21827,87.105067,True,False,OTHER
GGA,GHOGA,UNKNOWN,UNKNOWN,,25.210305,87.160862,True,False,OTHER
EKC,EKCHARI,UNKNOWN,UNKNOWN,,25.227623,87.213866,True,False,OTHER
CLG,KAHALGAON,UNKNOWN,UNKNOWN,,25.262188,87.233752,True,False,OTHER
BKSL,BIKRAM SHILA,UNKNOWN,UNKNOWN,,25.300044,87.300218,True,False,OTHER
SVRP,SHIVANARAYANPUR,UNKNOWN,UNKNOWN,,25.293726,87.333094,True,False,OTHER
LKB,LAKSHMIPUR BHORANG,UNKNOWN,UNKNOWN,,25.288258,87.36336,True,False,Kolkata
PPT,PIRPAINTI,UNKNOWN,UNKNOWN,,25.290375,87.421824,True,False,OTHER
AMPL,AMMAPALLI HALT,UNKNOWN,UNKNOWN,,25.272441,87.458575,True,False,OTHER
MZC,MIRZA CHEUKI,UNKNOWN,UNKNOWN,,25.258777,87.49798,True,False,OTHER
KRMA,KARAMTOLA,UNKNOWN,UNKNOWN,,25.255421,87.553143,True,False,OTHER
SBG,SAHIBGANJ JN,UNKNOWN,UNKNOWN,,25.241392,87.634577,True,False,OTHER
SLJ,SAKRIGALI JN,UNKNOWN,UNKNOWN,,25.243359,87.715967,True,False,OTHER
MJP,MOHARAJPUR,UNKNOWN,UNKNOWN,,25.219587,87.740308,True,False,OTHER
KPTO,KARANPUR ATO,UNKNOWN,UNKNOWN,,25.136401,87.734028,True,False,OTHER
TLJ,TALJHARI,UNKNOWN,UNKNOWN,,25.08235,87.741688,True,False,OTHER
KXE,KALIAN CHAK,UNKNOWN,UNKNOWN,,25.03452,87.736758,True,False,OTHER
TPH,TINPAHAR JN,UNKNOWN,UNKNOWN,,24.996926,87.743807,True,False,OTHER
DDX,DHAMDHAMIA,UNKNOWN,UNKNOWN,,24.960388,87.761557,True,False,OTHER
GLY,GOLLAPALLY,UNKNOWN,UNKNOWN,,16.818903,78.157285,True,False,OTHER
SNT,SAINTHIA,UNKNOWN,UNKNOWN,,23.949741,87.681205,True,False,OTHER
GHLE,GADADHARPUR,UNKNOWN,UNKNOWN,,24.013197,87.691891,True,False,OTHER
MLV,MALLARPUR,UNKNOWN,UNKNOWN,,24.080029,87.726275,True,False,OTHER
TPF,TARAPITH ROAD,UNKNOWN,UNKNOWN,,24.126525,87.752205,True,False,OTHER
RPH,RAMPUR HAT,UNKNOWN,UNKNOWN,,24.179797,87.782147,True,False,OTHER
SDLE,SWADINPUR,UNKNOWN,UNKNOWN,,24.253478,87.822587,True,False,OTHER
NHT,NALHATI JN,UNKNOWN,UNKNOWN,,24.295706,87.83867,True,False,OTHER
CTR,CHATRA,UNKNOWN,UNKNOWN,,24.372846,87.849257,True,False,OTHER
MRR,MURARAI,UNKNOWN,UNKNOWN,,24.440886,87.858653,True,False,OTHER
BSBR,BANSHLAI BRIDGE,UNKNOWN,UNKNOWN,,24.502611,87.862439,True,False,OTHER
RJG,RAJGRAM,UNKNOWN,UNKNOWN,,24.544607,87.867636,True,False,OTHER
NGF,NAGARNABI,UNKNOWN,UNKNOWN,,24.590321,87.868075,True,False,OTHER
PKR,PAKUR,UNKNOWN,UNKNOWN,,24.638002,87.856054,True,False,OTHER
TBB,TILBHITA,UNKNOWN,UNKNOWN,,24.677288,87.842581,True,False,OTHER
KLP,KOTALPUKUR,UNKNOWN,UNKNOWN,,24.741141,87.823724,True,False,OTHER
GMAN,GUMANI,UNKNOWN,UNKNOWN,,24.798952,87.805278,True,False,OTHER
JTL,JHAPATER DHAL,UNKNOWN,UNKNOWN,,23.367646,87.750181,True,False,OTHER
BPS,BANPAS,UNKNOWN,UNKNOWN,,23.400731,87.747251,True,False,OTHER
NRX,NOADAR DHAL,UNKNOWN,UNKNOWN,,23.433927,87.745014,True,False,OTHER
GKH,GUSKARA,UNKNOWN,UNKNOWN,,23.489998,87.733397,True,False,OTHER
PCQ,PICHKURIRDHAL,UNKNOWN,UNKNOWN,,23.54342,87.720914,True,False,OTHER
BDH,BHEDIA,UNKNOWN,UNKNOWN,,23.586642,87.711813,True,False,OTHER
BHP,BOLPUR SHANTINIKETAN,UNKNOWN,UNKNOWN,,23.657804,87.698136,True,False,OTHER
PNE,PRANTIK,UNKNOWN,UNKNOWN,,23.694435,87.693501,True,False,OTHER
KPLE,KOPAI,UNKNOWN,UNKNOWN,,23.759063,87.689548,True,False,OTHER
AMP,AHMADPUR JN,UNKNOWN,UNKNOWN,,23.832509,87.692841,True,False,OTHER
BSLE,BATASPUR,UNKNOWN,UNKNOWN,,23.880279,87.680681,True,False,OTHER
SKG,SAKTIGARH,UNKNOWN,UNKNOWN,,23.205879,87.971782,True,False,OTHER
GRP,GANGPUR,UNKNOWN,UNKNOWN,,23.223525,87.928116,True,False,OTHER
BWN,BARDDHAMAN JN,UNKNOWN,UNKNOWN,,23.249718,87.870281,True,False,OTHER
PLAE,PALSIT,UNKNOWN,UNKNOWN,,23.197031,88.003222,True,False,OTHER
TIT,TALIT,UNKNOWN,UNKNOWN,,23.29331,87.819122,True,False,OTHER
RSLR,RASULPUR,UNKNOWN,UNKNOWN,,23.187229,88.039994,True,False,OTHER
KAN,KHANA JN,UNKNOWN,UNKNOWN,,23.320577,87.769547,True,False,OTHER
NMF,NIMO,UNKNOWN,UNKNOWN,,23.180298,88.069346,True,False,OTHER
MYM,MEMARI,UNKNOWN,UNKNOWN,,23.172935,88.095637,True,False,OTHER
BDC,BANDEL JN,UNKNOWN,UNKNOWN,,22.923656,88.379362,True,False,OTHER
BGF,BAGILA,UNKNOWN,UNKNOWN,,23.160146,88.122004,True,False,OTHER
HGY,HOOGHLY,UNKNOWN,UNKNOWN,,22.904835,88.375632,True,False,OTHER
DBP,DEBIPUR,UNKNOWN,UNKNOWN,,23.144613,88.155998,True,False,OTHER
CNS,CHUCHURA,UNKNOWN,UNKNOWN,,22.890191,88.3695,True,False,OTHER
BOI,BAINCHI,UNKNOWN,UNKNOWN,,23.119124,88.196286,True,False,OTHER
CGR,CHANDAN NAGAR,UNKNOWN,UNKNOWN,,22.86747,88.354421,True,False,OTHER
BCGM,BAINCHIGRAM,UNKNOWN,UNKNOWN,,23.10588,88.216298,True,False,OTHER
MUU,MANKUNDU,UNKNOWN,UNKNOWN,,22.846462,88.346368,True,False,OTHER
SLG,SIMLAGARH,UNKNOWN,UNKNOWN,,23.095679,88.231213,True,False,OTHER
PDA,PUNDOOAH,UNKNOWN,UNKNOWN,,23.070862,88.270115,True,False,OTHER
BHR,BHADRESHWAR,UNKNOWN,UNKNOWN,,22.82794,88.341535,True,False,OTHER
KHN,KHANYAN,UNKNOWN,UNKNOWN,,23.046222,88.314472,True,False,OTHER
BBAE,BAIDYABATI,UNKNOWN,UNKNOWN,,22.795492,88.332038,True,False,OTHER
TLO,TALANDU,UNKNOWN,UNKNOWN,,23.009788,88.345088,True,False,OTHER
MUG,MAGRA,UNKNOWN,UNKNOWN,,22.983125,88.36829,True,False,OTHER
SHE,SEORAPHULI,UNKNOWN,UNKNOWN,,22.774749,88.328809,True,False,OTHER
ADST,ADI SAPTAGRAM,UNKNOWN,UNKNOWN,,22.95447,88.378872,True,False,OTHER
SRP,SERAMPORE,UNKNOWN,UNKNOWN,,22.753968,88.338031,True,False,OTHER
RIS,RISHRA,UNKNOWN,UNKNOWN,,22.726146,88.343378,True,False,OTHER
KOG,KONNAGAR,UNKNOWN,UNKNOWN,,22.699453,88.341834,True,False,OTHER
HMZ,HIND MOTOR,UNKNOWN,UNKNOWN,,22.683736,88.341605,True,False,OTHER
UPA,UTTARPARA,UNKNOWN,UNKNOWN,,22.667652,88.341317,True,False,OTHER
BLY,BALLY,UNKNOWN,UNKNOWN,,22.655266,88.340607,True,False,OTHER
BEQ,BELUR,UNKNOWN,UNKNOWN,,22.635912,88.339501,True,False,OTHER
LLH,LILUAH,UNKNOWN,UNKNOWN,,22.621521,88.339559,True,False,OTHER
SYAE,LILUAH (SORTING YARD),UNKNOWN,UNKNOWN,,22.609028,88.336795,True,False,OTHER
HWHG,HOWRAH GOODS,UNKNOWN,UNKNOWN,,22.590095,88.334688,True,False,Kolkata
HWH,HOWRAH JN,UNKNOWN,UNKNOWN,,22.584078,88.340999,True,False,Kolkata
BKLE,BAKUDI,UNKNOWN,UNKNOWN,,24.934511,87.774907,True,False,OTHER
BHW,BARHARWA JN,UNKNOWN,UNKNOWN,,24.857748,87.774493,True,False,OTHER
BDLC,BONIDANGA LINK CABIN,UNKNOWN,UNKNOWN,,24.822167,87.798331,True,False,OTHER
KRPU,KORAPUT,UNKNOWN,UNKNOWN,,18.79219,82.719436,True,False,OTHER
KRPB,KORAPUT B CABIN B.H.,UNKNOWN,UNKNOWN,,18.797786,82.724006,True,False,OTHER
DMRT,DUMURIPUT,UNKNOWN,UNKNOWN,,18.780367,82.803933,True,False,OTHER
DMNJ,DAMANJODI,UNKNOWN,UNKNOWN,,18.767771,82.865768,True,False,OTHER
BGUA,BAIGUDA,UNKNOWN,UNKNOWN,,18.827044,82.965787,True,False,OTHER
KKGM,KAKIRIGUMMA,UNKNOWN,UNKNOWN,,18.923382,83.007309,True,False,OTHER
LKMR,LAXMIPUR ROAD,UNKNOWN,UNKNOWN,,19.003986,83.104298,True,False,OTHER
SGRM,SINGARAM,UNKNOWN,UNKNOWN,,19.110931,83.105004,True,False,OTHER
TKRI,TIKIRI,UNKNOWN,UNKNOWN,,19.177667,83.099105,True,False,OTHER
RUL,RAULI,UNKNOWN,UNKNOWN,,19.230268,83.16728,True,False,OTHER
LLGM,LELIGUMA,UNKNOWN,UNKNOWN,,19.304006,83.208299,True,False,OTHER
BLMK,BHALUMASKA,UNKNOWN,UNKNOWN,,19.328128,83.2943,True,False,Chennai
SKPI,SIKARPAI,UNKNOWN,UNKNOWN,,19.3919,83.320103,True,False,OTHER
KTGA,KEUTGUDA,UNKNOWN,UNKNOWN,,19.303471,83.368072,True,False,OTHER
RGDA,RAYAGADA,UNKNOWN,UNKNOWN,,19.175642,83.410505,True,False,OTHER
SPRD,SINGAPURAM ROAD,UNKNOWN,UNKNOWN,,19.258673,83.403066,True,False,OTHER
THV,THERUBALI,UNKNOWN,UNKNOWN,,19.335826,83.421309,True,False,OTHER
BMCK,BISSAMCUTTACK,UNKNOWN,UNKNOWN,,19.487438,83.458973,True,False,OTHER
SNRL,SANSARTALI,UNKNOWN,UNKNOWN,,19.529222,83.479773,True,False,OTHER
MNGD,MUNIGUDA,UNKNOWN,UNKNOWN,,19.62753,83.488343,True,False,OTHER
DKLU,DOIKALLU,UNKNOWN,UNKNOWN,,19.741882,83.481611,True,False,OTHER
AMB,AMBODALA,UNKNOWN,UNKNOWN,,19.836323,83.456352,True,False,OTHER
LJR,LANJIGARH ROAD,UNKNOWN,UNKNOWN,,19.943422,83.400342,True,False,OTHER
NRLR,NORLA ROAD,UNKNOWN,UNKNOWN,,20.041394,83.373301,True,False,OTHER
RPRD,RUPRA ROAD,UNKNOWN,UNKNOWN,,20.08447,83.330956,True,False,OTHER
KDLR,KANDEL ROAD,UNKNOWN,UNKNOWN,,20.126381,83.27893,True,False,OTHER
KSNG,KESINGA,UNKNOWN,UNKNOWN,,20.188103,83.224709,True,False,OTHER
RRGA,RANGAREDDY GUDA,UNKNOWN,UNKNOWN,,16.901936,78.180833,True,False,OTHER
DPP,DHIRPUR,UNKNOWN,UNKNOWN,,30.066393,76.844051,True,False,OTHER
DHMZ,DHOLA MAZRA,UNKNOWN,UNKNOWN,,30.120678,76.854437,True,False,OTHER
SHDM,SHAHBAD MARKNDA,UNKNOWN,UNKNOWN,,30.166186,76.861554,True,False,OTHER
MOY,MOHRI,UNKNOWN,UNKNOWN,,30.255264,76.850054,True,False,OTHER
PGMD,PRAGATI MAIDAN,UNKNOWN,UNKNOWN,,28.615268,77.247277,True,False,OTHER
BJA,BIJROTHA,UNKNOWN,UNKNOWN,,24.94694,78.421605,True,False,OTHER
FDB,FARIDABAD,UNKNOWN,UNKNOWN,,28.411473,77.307348,True,False,OTHER
NZM,DELHI H NIZAMUDDIN,UNKNOWN,UNKNOWN,,28.58733,77.254249,True,False,Delhi
TKJ,TILAK BRIDGE,UNKNOWN,UNKNOWN,,28.627633,77.237995,True,False,OTHER
CSB,SHIVAJI BRIDGE,UNKNOWN,UNKNOWN,,28.634101,77.226612,True,False,OTHER
NDLS,NEW DELHI,UNKNOWN,UNKNOWN,,28.642314,77.220004,True,False,Delhi
DSB,DELHI SADAR BAZAR,UNKNOWN,UNKNOWN,,28.658656,77.216852,True,False,Delhi
SZM,SUBZI MANDI,UNKNOWN,UNKNOWN,,28.668683,77.199696,True,False,OTHER
DAZ,DELHI AZADPUR,UNKNOWN,UNKNOWN,,28.702646,77.176713,True,False,Delhi
AMIN,AMIN,UNKNOWN,UNKNOWN,,29.904968,76.900028,True,False,OTHER
DHKR,DHODA KHEDI,UNKNOWN,UNKNOWN,,30.018915,76.842512,True,False,OTHER
CORD,BILASPUR CHORD CABIN,UNKNOWN,UNKNOWN,,22.082796,82.125212,True,False,OTHER
USL,USALAPUR,UNKNOWN,UNKNOWN,,22.102548,82.111546,True,False,OTHER
GTK,GHUTKU,UNKNOWN,UNKNOWN,,22.16819,82.085321,True,False,OTHER
KLTR,KALMITAR,UNKNOWN,UNKNOWN,,22.234246,82.057635,True,False,OTHER
KGB,KARGI ROAD,UNKNOWN,UNKNOWN,,22.297935,82.026832,True,False,OTHER
SLKR,SALKAROAD,UNKNOWN,UNKNOWN,,22.36745,82.010606,True,False,OTHER
BIG,BELGAHNA,UNKNOWN,UNKNOWN,,22.431085,82.032374,True,False,OTHER
TGQ,TENGANMADA,UNKNOWN,UNKNOWN,,22.507027,81.99575,True,False,OTHER
KGS,KHONGSARA,UNKNOWN,UNKNOWN,,22.551352,81.934151,True,False,OTHER
BHTK,BHANWAR TONK,UNKNOWN,UNKNOWN,,22.607916,81.897794,True,False,OTHER
KOI,KHODRI,UNKNOWN,UNKNOWN,,22.665094,81.935696,True,False,OTHER
SBRA,SARBAHARA,UNKNOWN,UNKNOWN,,22.710502,81.910429,True,False,OTHER
PND,PENDRA ROAD,UNKNOWN,UNKNOWN,,22.755825,81.89917,True,False,OTHER
HRB,HARRI,UNKNOWN,UNKNOWN,,22.82794,81.882604,True,False,OTHER
VKR,VENKATNAGRA,UNKNOWN,UNKNOWN,,22.923269,81.872187,True,False,OTHER
NIQ,NIGAURA,UNKNOWN,UNKNOWN,,22.961546,81.874215,True,False,OTHER
JTI,JAITHARI,UNKNOWN,UNKNOWN,,23.045187,81.797092,True,False,OTHER
CLF,CHHULHA,UNKNOWN,UNKNOWN,,23.106724,81.73707,True,False,OTHER
APR,ANUPPUR JN,UNKNOWN,UNKNOWN,,23.117312,81.695967,True,False,OTHER
AAL,AMLAI,UNKNOWN,UNKNOWN,,23.173469,81.593507,True,False,OTHER
BUH,BURHAR,UNKNOWN,UNKNOWN,,23.213204,81.528406,True,False,OTHER
CHDX,CHHADA,UNKNOWN,UNKNOWN,,23.237624,81.471427,True,False,OTHER
SNGP,SINGHPUR,UNKNOWN,UNKNOWN,,23.253961,81.407507,True,False,OTHER
SDL,SHAHDOL,UNKNOWN,UNKNOWN,,23.285962,81.364073,True,False,OTHER
BDWA,BADHWA BARA,UNKNOWN,UNKNOWN,,23.293933,81.286368,True,False,OTHER
GGT,GHUNGHUTI,UNKNOWN,UNKNOWN,,23.343639,81.186241,True,False,OTHER
MDXR,MUDARIA,UNKNOWN,UNKNOWN,,23.358604,81.095067,True,False,OTHER
BRS,BIRSINGHPUR,UNKNOWN,UNKNOWN,,23.367212,81.043353,True,False,OTHER
NRZB,NOWROZABAD,UNKNOWN,UNKNOWN,,23.394425,80.980363,True,False,OTHER
KKI,KARKELI,UNKNOWN,UNKNOWN,,23.460957,80.919056,True,False,OTHER
UMR,UMARIA,UNKNOWN,UNKNOWN,,23.52273,80.823244,True,False,OTHER
LOA,LORHA,UNKNOWN,UNKNOWN,,23.581228,80.751613,True,False,OTHER
CHD,CHANDIA ROAD,UNKNOWN,UNKNOWN,,23.64544,80.701436,True,False,OTHER
VYK,VILAYATKALAN RD,UNKNOWN,UNKNOWN,,23.708924,80.610102,True,False,OTHER
RPD,RUPAUND,UNKNOWN,UNKNOWN,,23.731755,80.573345,True,False,OTHER
JLW,JHALWARA,UNKNOWN,UNKNOWN,,23.772191,80.473608,True,False,OTHER
BABR,BALANAGAR,UNKNOWN,UNKNOWN,,16.947622,78.188891,True,False,OTHER
ULM,URLAM,UNKNOWN,UNKNOWN,,18.435566,83.989515,True,False,OTHER
TIU,TILARU,UNKNOWN,UNKNOWN,,18.470486,84.072681,True,False,OTHER
HCM,HARISHCHANDRAPURAM,UNKNOWN,UNKNOWN,,18.479093,84.121438,True,False,OTHER
KBM,KOTABOMMALI,UNKNOWN,UNKNOWN,,18.488355,84.199842,True,False,OTHER
DGB,DINDU GOPALA PURAM HALT,UNKNOWN,UNKNOWN,,18.542976,84.241768,True,False,OTHER
NWP,NAUPADA JN,UNKNOWN,UNKNOWN,,18.57941,84.282922,True,False,OTHER
RMZ,ROUTHPURAM HALT,UNKNOWN,UNKNOWN,,18.620964,84.33568,True,False,OTHER
PUN,PUNDI,UNKNOWN,UNKNOWN,,18.665918,84.370679,True,False,OTHER
PSA,PALASA,UNKNOWN,UNKNOWN,,18.756782,84.422091,True,False,OTHER
SUDV,SUMMADEVI,UNKNOWN,UNKNOWN,,18.808897,84.467259,True,False,OTHER
MMS,MANDASA ROAD,UNKNOWN,UNKNOWN,,18.840628,84.494113,True,False,Chennai
BAV,BARUVA,UNKNOWN,UNKNOWN,,18.900748,84.554233,True,False,OTHER
SPT,SOMPETA,UNKNOWN,UNKNOWN,,18.981297,84.5815,True,False,OTHER
JPI,JHADUPUDI,UNKNOWN,UNKNOWN,,19.028201,84.613031,True,False,OTHER
IPM,ICHCHPURAM,UNKNOWN,UNKNOWN,,19.110752,84.680427,True,False,OTHER
SLRD,SURLA ROAD,UNKNOWN,UNKNOWN,,19.177016,84.719145,True,False,OTHER
GTA,GOLANTHRA,UNKNOWN,UNKNOWN,,19.219065,84.740668,True,False,OTHER
BAM,BRAHMAPUR,UNKNOWN,UNKNOWN,,19.296135,84.796691,True,False,OTHER
JNP,JAGAN NATHAPUR,UNKNOWN,UNKNOWN,,19.330649,84.868144,True,False,OTHER
NRSP,NARASIMHAPURA,UNKNOWN,UNKNOWN,,19.363294,84.938749,True,False,OTHER
CAP,CHATRAPUR,UNKNOWN,UNKNOWN,,19.358957,84.973273,True,False,OTHER
CAPC,CHATRAPUR COURT,UNKNOWN,UNKNOWN,,19.358941,84.982543,True,False,OTHER
GAM,GANJAM,UNKNOWN,UNKNOWN,,19.395827,85.046719,True,False,OTHER
HMA,HUMMA,UNKNOWN,UNKNOWN,,19.443283,85.075888,True,False,OTHER
RBA,RAMBHA,UNKNOWN,UNKNOWN,,19.537957,85.094079,True,False,OTHER
KIT,KHALLIKOT,UNKNOWN,UNKNOWN,,19.611205,85.128091,True,False,OTHER
KLJI,KALIJAI,UNKNOWN,UNKNOWN,,19.647604,85.151414,True,False,OTHER
CLKA,CHILKA,UNKNOWN,UNKNOWN,,19.686694,85.179914,True,False,OTHER
BALU,BALUGAON,UNKNOWN,UNKNOWN,,19.747366,85.200953,True,False,OTHER
SLZ,SOLARI,UNKNOWN,UNKNOWN,,19.800255,85.247786,True,False,OTHER
GNGD,GANGADHARPUR,UNKNOWN,UNKNOWN,,19.815673,85.293235,True,False,OTHER
KUU,KUHURI,UNKNOWN,UNKNOWN,,19.859987,85.3527,True,False,OTHER
KAPG,KALUPARA GHAT,UNKNOWN,UNKNOWN,,19.896585,85.403651,True,False,OTHER
MKTP,MUKETASHWAR,UNKNOWN,UNKNOWN,,19.919138,85.437914,True,False,OTHER
BSDP,BHUSANDPUR,UNKNOWN,UNKNOWN,,19.951793,85.476483,True,False,OTHER
NKP,NIRAKARPUR,UNKNOWN,UNKNOWN,,19.991741,85.530464,True,False,OTHER
GLBA,GOLABAI,UNKNOWN,UNKNOWN,,20.016866,85.555928,True,False,OTHER
TAP,TAPANG,UNKNOWN,UNKNOWN,,20.052879,85.580989,True,False,OTHER
DLMH,DHAULIMUHAN,UNKNOWN,UNKNOWN,,20.079332,85.604772,True,False,OTHER
KPXR,KAIPADA ROAD,UNKNOWN,UNKNOWN,,20.10484,85.639666,True,False,OTHER
ARGL,ARGUL,UNKNOWN,UNKNOWN,,20.124427,85.67088,True,False,OTHER
VSKP,VISHAKAPATNAM,UNKNOWN,UNKNOWN,,17.72159,83.289514,True,False,OTHER
MIPM,MARRIPALEM,UNKNOWN,UNKNOWN,,17.7363,83.252629,True,False,OTHER
SCM,SIMHACHALAM,UNKNOWN,UNKNOWN,,17.744667,83.220449,True,False,Hyderabad
SCMN,SIMHACHALAM NORTH,UNKNOWN,UNKNOWN,,17.752094,83.209636,True,False,Hyderabad
PDT,PENDURTI,UNKNOWN,UNKNOWN,,17.813498,83.195211,True,False,OTHER
KTV,KOTTAVALASA,UNKNOWN,UNKNOWN,,17.892375,83.1851,True,False,OTHER
KPL,KANTAKAPALLE,UNKNOWN,UNKNOWN,,17.954719,83.208205,True,False,OTHER
ALM,ALAMANDA,UNKNOWN,UNKNOWN,,18.01251,83.271604,True,False,OTHER
KUK,KORUKONDA,UNKNOWN,UNKNOWN,,18.054196,83.320296,True,False,OTHER
VZM,VIZIANAGRAM JN,UNKNOWN,UNKNOWN,,18.111374,83.395586,True,False,OTHER
NML,NELLIMARIA,UNKNOWN,UNKNOWN,,18.183131,83.456046,True,False,OTHER
GUL,GUJJANGIVALASA,UNKNOWN,UNKNOWN,,18.230679,83.510888,True,False,OTHER
GVI,GARIVIDI,UNKNOWN,UNKNOWN,,18.273268,83.530841,True,False,OTHER
CPP,CHIPURUPALLE,UNKNOWN,UNKNOWN,,18.316259,83.569608,True,False,OTHER
BTVA,BATUVA,UNKNOWN,UNKNOWN,,18.343087,83.624096,True,False,OTHER
SGDM,SIGADAM,UNKNOWN,UNKNOWN,,18.360601,83.681441,True,False,OTHER
PDU,PONDURU,UNKNOWN,UNKNOWN,,18.362876,83.776548,True,False,OTHER
DUSI,DUSI,UNKNOWN,UNKNOWN,,18.369969,83.857682,True,False,OTHER
CHE,SRIKAKULAM ROAD,UNKNOWN,UNKNOWN,,18.408679,83.903771,True,False,OTHER
SHNR,SHADNAGAR,UNKNOWN,UNKNOWN,,17.064646,78.213273,True,False,OTHER
CUL,CHULI,UNKNOWN,UNKNOWN,,23.006336,71.340823,True,False,OTHER
SRBR,SURBARI,UNKNOWN,UNKNOWN,,23.231063,70.696477,True,False,OTHER
KCG,KACHEGUDA,UNKNOWN,UNKNOWN,,17.389561,78.499756,True,False,Hyderabad
MXT,MALAKPET KACHEGUDA,UNKNOWN,UNKNOWN,,17.375398,78.494244,True,False,Hyderabad
DQR,KACHEGUDA DBR,UNKNOWN,UNKNOWN,,17.366083,78.490284,True,False,Hyderabad
YAKUT PUR(YKA,YAKUT PUR(YKA,UNKNOWN,UNKNOWN,,0.0,0.0,False,False,OTHER
HPG,HUPPUGUDA,UNKNOWN,UNKNOWN,,17.34071,78.481965,True,False,OTHER
FM,KACHEGUDA FALAKNUMA,UNKNOWN,UNKNOWN,,17.332197,78.474481,True,False,Hyderabad
TMX,TIMMAPUR,UNKNOWN,UNKNOWN,,17.169347,78.288344,True,False,OTHER
UR,UMDANAGAR,UNKNOWN,UNKNOWN,,17.262932,78.393143,True,False,OTHER
BDVL,BUDVEL,UNKNOWN,UNKNOWN,,17.309377,78.424518,True,False,OTHER
ADI,AHMEDABAD JN,UNKNOWN,UNKNOWN,,23.025515,72.601516,True,False,OTHER
KKF,KANKARIA,UNKNOWN,UNKNOWN,,23.008817,72.607102,True,False,OTHER
MAN,MANI NAGAR,UNKNOWN,UNKNOWN,,23.000142,72.610413,True,False,OTHER
VTA,VATVA,UNKNOWN,UNKNOWN,,22.959729,72.629436,True,False,OTHER
GER,GERATPUR,UNKNOWN,UNKNOWN,,22.917292,72.655151,True,False,OTHER
BJD,BAREJADI,UNKNOWN,UNKNOWN,,22.895427,72.677886,True,False,OTHER
KANJ,KANIL,UNKNOWN,UNKNOWN,,22.867204,72.705473,True,False,OTHER
NEP,NENPUR,UNKNOWN,UNKNOWN,,22.847183,72.725207,True,False,OTHER
MHD,MAHEMDAVAD KHEDA RD,UNKNOWN,UNKNOWN,,22.819556,72.752481,True,False,OTHER
GTE,GOTHAJ,UNKNOWN,UNKNOWN,,22.759954,72.801356,True,False,OTHER
ND,NADIAD JN,UNKNOWN,UNKNOWN,,22.694106,72.855718,True,False,OTHER
UTD,UTARSANDA,UNKNOWN,UNKNOWN,,22.654716,72.88881,True,False,OTHER
KBRV,KANJARI BORIYAV,UNKNOWN,UNKNOWN,,22.614849,72.921535,True,False,OTHER
NOL,NIYOL,UNKNOWN,UNKNOWN,,21.160311,72.902305,True,False,OTHER
CHM,CHALTHAN,UNKNOWN,UNKNOWN,,21.157909,72.95617,True,False,OTHER
BGMR,BAGUMRA,UNKNOWN,UNKNOWN,,21.149694,72.996091,True,False,OTHER
GGAR,GANGADHARA,UNKNOWN,UNKNOWN,,21.141419,73.043566,True,False,OTHER
BIY,BARDOLI,UNKNOWN,UNKNOWN,,21.134241,73.105894,True,False,OTHER
TBV,TIMBARVA,UNKNOWN,UNKNOWN,,21.146312,73.144398,True,False,OTHER
MGRL,MANGROLLA,UNKNOWN,UNKNOWN,,21.156258,73.182172,True,False,OTHER
MID,MADHI,UNKNOWN,UNKNOWN,,21.145672,73.24268,True,False,OTHER
KRAI,KAHET,UNKNOWN,UNKNOWN,,21.137196,73.294162,True,False,OTHER
LTV,LOTARVA,UNKNOWN,UNKNOWN,,21.153797,73.202399,True,False,OTHER
VYA,VYARA,UNKNOWN,UNKNOWN,,21.118142,73.383847,True,False,OTHER
KKRD,KIKAKUI ROAD,UNKNOWN,UNKNOWN,,21.12908,73.481234,True,False,OTHER
DSD,DOSVADA,UNKNOWN,UNKNOWN,,21.130512,73.502728,True,False,OTHER
USD,UKAI SONGADH,UNKNOWN,UNKNOWN,,21.147743,73.55554,True,False,OTHER
LKKD,LAKKADKOT,UNKNOWN,UNKNOWN,,21.163562,73.603025,True,False,OTHER
BBAI,BHADBHUNJA,UNKNOWN,UNKNOWN,,21.166264,73.693754,True,False,OTHER
NWU,NAVAPUR,UNKNOWN,UNKNOWN,,21.166844,73.771183,True,False,OTHER
KFF,KOLDA,UNKNOWN,UNKNOWN,,21.165523,73.893108,True,False,OTHER
CPD,CHINCHPADA,UNKNOWN,UNKNOWN,,21.206379,73.939242,True,False,OTHER
KHTG,KHATGAON,UNKNOWN,UNKNOWN,,21.26417,73.992081,True,False,OTHER
KBH,KHANDBAARA,UNKNOWN,UNKNOWN,,21.324398,74.101865,True,False,OTHER
BAWD,BHADWAD,UNKNOWN,UNKNOWN,,21.323159,74.098317,True,False,OTHER
DWD,DHEKVAD,UNKNOWN,UNKNOWN,,21.339179,74.13857,True,False,OTHER
NDB,NANDURBAR,UNKNOWN,UNKNOWN,,21.374812,74.246482,True,False,OTHER
CUE,CHOUPALE,UNKNOWN,UNKNOWN,,21.377019,74.319097,True,False,OTHER
TISI,TISI,UNKNOWN,UNKNOWN,,21.382994,74.364777,True,False,OTHER
RNL,RANALA,UNKNOWN,UNKNOWN,,21.372813,74.47179,True,False,OTHER
DDE,DONDAICHA,UNKNOWN,UNKNOWN,,21.331414,74.563104,True,False,OTHER
VKH,VIKHRAN ROAD,UNKNOWN,UNKNOWN,,21.302739,74.617881,True,False,OTHER
SNSL,SONSHELU,UNKNOWN,UNKNOWN,,21.274379,74.662256,True,False,OTHER
SNK,SINDKHEDA,UNKNOWN,UNKNOWN,,21.234022,74.735367,True,False,OTHER
HOL,HOL,UNKNOWN,UNKNOWN,,21.198376,74.784857,True,False,OTHER
NDN,NARDANA,UNKNOWN,UNKNOWN,,21.178209,74.828747,True,False,OTHER
BEW,BETAVAD,UNKNOWN,UNKNOWN,,21.149244,74.886199,True,False,OTHER
PDP,PADSE,UNKNOWN,UNKNOWN,,21.132043,74.924335,True,False,OTHER
BRTK,BHORTEX,UNKNOWN,UNKNOWN,,21.102508,74.995996,True,False,OTHER
AN,AMALNER,UNKNOWN,UNKNOWN,,21.049009,75.057314,True,False,OTHER
TKHE,TAKARKHEDE,UNKNOWN,UNKNOWN,,21.03491,75.167017,True,False,OTHER
BHNE,BHONE,UNKNOWN,UNKNOWN,,21.018946,75.222477,True,False,OTHER
DXG,DHARANGAON,UNKNOWN,UNKNOWN,,21.006447,75.286092,True,False,OTHER
CHLK,CHAVALKHEDE,UNKNOWN,UNKNOWN,,21.024084,75.352237,True,False,OTHER
PLD,PALDHI,UNKNOWN,UNKNOWN,,21.022832,75.46157,True,False,OTHER
MIB,NAGPUR MOTI BAGH,UNKNOWN,UNKNOWN,,21.146062,79.088986,True,False,OTHER
RVH,RAIPUR R-V BLOCK,UNKNOWN,UNKNOWN,,21.26848,81.644282,True,False,OTHER
MNDH,MANDIR HASAUD,UNKNOWN,UNKNOWN,,21.226192,81.772807,True,False,OTHER
LAE,LAKHOLI,UNKNOWN,UNKNOWN,,21.201827,81.890652,True,False,OTHER
ANMD,ARANG MAHANADI,UNKNOWN,UNKNOWN,,21.189614,81.955513,True,False,OTHER
BLSN,BELSONDA,UNKNOWN,UNKNOWN,,21.155027,82.035625,True,False,OTHER
MSMD,MAHASAMUND,UNKNOWN,UNKNOWN,,21.113138,82.10389,True,False,Chennai
ARN,ARAND,UNKNOWN,UNKNOWN,,21.102097,82.183013,True,False,OTHER
BMKJ,BHIMKHOJ,UNKNOWN,UNKNOWN,,21.080325,82.289327,True,False,OTHER
BGBR,BAGBAHRA,UNKNOWN,UNKNOWN,,21.046295,82.384149,True,False,OTHER
KMK,KOMAKHAN,UNKNOWN,UNKNOWN,,20.979703,82.457692,True,False,OTHER
KRAR,KHARIAR ROAD,UNKNOWN,UNKNOWN,,20.901386,82.510513,True,False,OTHER
NPD,NAWAPARA ROAD,UNKNOWN,UNKNOWN,,20.809717,82.562564,True,False,OTHER
LKNA,LAKHNA,UNKNOWN,UNKNOWN,,20.729266,82.662489,True,False,OTHER
HSK,HARISHANKER RD,UNKNOWN,UNKNOWN,,20.626789,82.766036,True,False,OTHER
TIG,TITLAGARH,UNKNOWN,UNKNOWN,,20.284399,83.154382,True,False,OTHER
TRKR,TUREKALA ROAD,UNKNOWN,UNKNOWN,,20.563095,82.814716,True,False,OTHER
SFK,SIKIR,UNKNOWN,UNKNOWN,,20.337936,83.199696,True,False,OTHER
KBJ,KANTABANJI,UNKNOWN,UNKNOWN,,20.474059,82.906517,True,False,OTHER
BUDM,BADMAL,UNKNOWN,UNKNOWN,,20.3849,83.271149,True,False,OTHER
MRBL,MURIBAHAL,UNKNOWN,UNKNOWN,,20.385885,83.016704,True,False,OTHER
SFC,SAINTALA,UNKNOWN,UNKNOWN,,20.433878,83.335045,True,False,OTHER
RNBT,RAHENBATA,UNKNOWN,UNKNOWN,,20.329013,83.089931,True,False,OTHER
DFR,DEOGAN ROAD,UNKNOWN,UNKNOWN,,20.554779,83.430063,True,False,OTHER
BLGR,BALANGIR,UNKNOWN,UNKNOWN,,20.688591,83.494207,True,False,OTHER
BNRD,BALANGIR ROAD,UNKNOWN,UNKNOWN,,20.715094,83.498557,True,False,OTHER
LSX,LOISINGHA,UNKNOWN,UNKNOWN,,20.852667,83.514083,True,False,OTHER
KHPL,KHALIPALI,UNKNOWN,UNKNOWN,,20.950218,83.536231,True,False,OTHER
DJX,DUNGRIPADI,UNKNOWN,UNKNOWN,,21.060873,83.559213,True,False,OTHER
BRPL,BARPALI,UNKNOWN,UNKNOWN,,21.183638,83.594876,True,False,OTHER
BRGA,BARGARH ROAD,UNKNOWN,UNKNOWN,,21.332903,83.642586,True,False,OTHER
ATS,ATTABIRA,UNKNOWN,UNKNOWN,,21.388039,83.792637,True,False,OTHER
GBQ,GODBHAGA,UNKNOWN,UNKNOWN,,21.416457,83.856969,True,False,OTHER
HKG,HIRAKUD,UNKNOWN,UNKNOWN,,21.479827,83.905097,True,False,OTHER
JSRY,JHARSUGUDA R YARD,UNKNOWN,UNKNOWN,,21.887644,84.071878,True,False,OTHER
DTV,DHUTRA,UNKNOWN,UNKNOWN,,21.896882,84.091098,True,False,OTHER
PNPL,PANPALI,UNKNOWN,UNKNOWN,,21.915686,84.139173,True,False,OTHER
BEH,BAGDIHI,UNKNOWN,UNKNOWN,,21.951046,84.18631,True,False,OTHER
DIH,DHARUADIHI,UNKNOWN,UNKNOWN,,21.995145,84.223691,True,False,OTHER
BMB,BAMRA,UNKNOWN,UNKNOWN,,22.051355,84.291044,True,False,OTHER
TGM,TANGARMUNDA,UNKNOWN,UNKNOWN,,22.09407,84.358612,True,False,OTHER
GPH,GARPOS,UNKNOWN,UNKNOWN,,22.134204,84.418434,True,False,OTHER
SOGR,SOGRA,UNKNOWN,UNKNOWN,,22.153756,84.459478,True,False,OTHER
SXN,SONAKHAN,UNKNOWN,UNKNOWN,,22.166579,84.519562,True,False,OTHER
GP,RAJ GANGPUR,UNKNOWN,UNKNOWN,,22.186062,84.582051,True,False,OTHER
KXN,KANSHBAHAL,UNKNOWN,UNKNOWN,,22.215278,84.666289,True,False,OTHER
TLHR,TALCHER,UNKNOWN,UNKNOWN,,20.932262,85.200385,True,False,OTHER
TLTM,TALCHER THERMAL,UNKNOWN,UNKNOWN,,20.910535,85.214161,True,False,OTHER
TTPT,TALCHER THERMAL,UNKNOWN,UNKNOWN,,20.905032,85.217126,True,False,OTHER
KLG,KALUNGA,UNKNOWN,UNKNOWN,,22.222144,84.733673,True,False,OTHER
PPO,PANPOSH,UNKNOWN,UNKNOWN,,22.228538,84.804627,True,False,OTHER
ROU,ROURKELA,UNKNOWN,UNKNOWN,,22.22844,84.863132,True,False,OTHER
BNDM,BONDAMUNDA,UNKNOWN,UNKNOWN,,22.235517,84.925058,True,False,OTHER
BGKA,BANGURKELA,UNKNOWN,UNKNOWN,,22.350568,84.95527,True,False,OTHER
BSPK,BISPUR,UNKNOWN,UNKNOWN,,22.37402,84.946407,True,False,OTHER
NXN,NUAGAON,UNKNOWN,UNKNOWN,,22.386583,84.942033,True,False,OTHER
ORGA,ORGA,UNKNOWN,UNKNOWN,,22.448548,84.91578,True,False,OTHER
PBB,PARBATONIA,UNKNOWN,UNKNOWN,,22.497617,84.949201,True,False,OTHER
TATI,TATI,UNKNOWN,UNKNOWN,,22.558382,84.918457,True,False,OTHER
BRBR,BARBERA,UNKNOWN,UNKNOWN,,22.575562,84.869421,True,False,OTHER
KNRN,KANAROAN,UNKNOWN,UNKNOWN,,22.600484,84.877026,True,False,OTHER
BANO,BANO,UNKNOWN,UNKNOWN,,22.664784,84.902985,True,False,OTHER
MCZ,MAHABUANG,UNKNOWN,UNKNOWN,,22.719929,84.935276,True,False,OTHER
KRKR,KURKURA,UNKNOWN,UNKNOWN,,22.763217,84.931238,True,False,OTHER
PKC,PAKRA,UNKNOWN,UNKNOWN,,22.828158,84.936906,True,False,OTHER
PKF,POKLA,UNKNOWN,UNKNOWN,,22.89496,84.951364,True,False,OTHER
BKPR,BAKASPUR,UNKNOWN,UNKNOWN,,22.98102,84.95373,True,False,OTHER
JGX,JARIAGARH,UNKNOWN,UNKNOWN,,23.008842,84.986693,True,False,OTHER
GBX,GOVINDPUR ROAD,UNKNOWN,UNKNOWN,,23.061857,85.043579,True,False,OTHER
KRRA,KARRA,UNKNOWN,UNKNOWN,,23.121932,85.132742,True,False,OTHER
BNGO,BINGAON,UNKNOWN,UNKNOWN,,23.166688,85.165814,True,False,OTHER
LOM,LODHMA,UNKNOWN,UNKNOWN,,23.22335,85.200121,True,False,OTHER
BLRG,BALASIRING,UNKNOWN,UNKNOWN,,23.269127,85.281203,True,False,OTHER
HTE,HATIA,UNKNOWN,UNKNOWN,,23.311613,85.308218,True,False,OTHER
ITR,ITWARI,UNKNOWN,UNKNOWN,,21.157819,79.119237,True,False,OTHER
MTD,MERTA ROAD JN,UNKNOWN,UNKNOWN,,26.728077,73.917896,True,False,OTHER
KQW,KHEDULI,UNKNOWN,UNKNOWN,,26.759393,74.014573,True,False,OTHER
REN,REN,UNKNOWN,UNKNOWN,,26.788798,74.074462,True,False,OTHER
JAC,JALSU,UNKNOWN,UNKNOWN,,26.844883,74.194547,True,False,OTHER
JACN,JALSU NANAK,UNKNOWN,UNKNOWN,,26.868694,74.250429,True,False,OTHER
DNA,DEGANA JN,UNKNOWN,UNKNOWN,,26.897349,74.316388,True,False,OTHER
GCH,GACHHIPURA,UNKNOWN,UNKNOWN,,26.953522,74.454426,True,False,OTHER
BSRL,BESROLI,UNKNOWN,UNKNOWN,,26.990674,74.560725,True,False,OTHER
BOW,BORAWAR,UNKNOWN,UNKNOWN,,27.028307,74.669397,True,False,OTHER
MKN,MAKRANA JN,UNKNOWN,UNKNOWN,,27.037532,74.723149,True,False,OTHER
KMNC,KUCHAMAN CITY,UNKNOWN,UNKNOWN,,27.053547,74.851457,True,False,OTHER
THMR,THATHANA MITHRI,UNKNOWN,UNKNOWN,,27.055138,74.897973,True,False,OTHER
NYK,NAYA KHARADIA,UNKNOWN,UNKNOWN,,27.038386,74.935097,True,False,OTHER
NAC,NAWA CITY,UNKNOWN,UNKNOWN,,27.029479,74.998832,True,False,OTHER
GVMR,GOVINDI MARWAR,UNKNOWN,UNKNOWN,,27.03169,75.093144,True,False,OTHER
GA,GUDHA,UNKNOWN,UNKNOWN,,26.950042,75.128292,True,False,OTHER
SBR,SAMBHAR LAKE,UNKNOWN,UNKNOWN,,26.904308,75.179915,True,False,OTHER
FL,PHULERA JN,UNKNOWN,UNKNOWN,,26.872814,75.245456,True,False,OTHER
HDA,HIRNODA,UNKNOWN,UNKNOWN,,26.885336,75.327459,True,False,OTHER
DHND,DHINDA,UNKNOWN,UNKNOWN,,26.890931,75.361206,True,False,OTHER
JU,JODHPUR JN,UNKNOWN,UNKNOWN,,26.283765,73.02319,True,False,OTHER
RKB,RAIKA BAGH,UNKNOWN,UNKNOWN,,26.291628,73.039744,True,False,OTHER
JUCT,JODHPUR CANTT,UNKNOWN,UNKNOWN,,26.304264,73.075277,True,False,OTHER
BNO,BANAR,UNKNOWN,UNKNOWN,,26.33951,73.146431,True,False,OTHER
JWL,JAJIWAL,UNKNOWN,UNKNOWN,,26.368058,73.222828,True,False,OTHER
AAS,ASRANADA,UNKNOWN,UNKNOWN,,26.397374,73.305325,True,False,OTHER
KSW,KHERI SALWA,UNKNOWN,UNKNOWN,,26.428511,73.390754,True,False,OTHER
PPR,PIPAR ROAD JN,UNKNOWN,UNKNOWN,,26.45285,73.448703,True,False,OTHER
SWF,SATHIN ROAD,UNKNOWN,UNKNOWN,,26.48978,73.509748,True,False,OTHER
UMED,UMED,UNKNOWN,UNKNOWN,,26.549322,73.605896,True,False,OTHER
KXG,KHARIA KHANGARH,UNKNOWN,UNKNOWN,,26.609843,73.686313,True,False,OTHER
GOTN,GOTAN,UNKNOWN,UNKNOWN,,26.652201,73.737284,True,False,OTHER
JOM,JOGI MAGRA,UNKNOWN,UNKNOWN,,26.697862,73.818142,True,False,OTHER
SWM,SAWAI MADHOPUR,UNKNOWN,UNKNOWN,,26.018279,76.35622,True,False,OTHER
KTA,KUSHTALA,UNKNOWN,UNKNOWN,,25.961351,76.326705,True,False,OTHER
RWJ,RAWANIA DUNGAR,UNKNOWN,UNKNOWN,,25.887841,76.313705,True,False,OTHER
AMLI,AMLI,UNKNOWN,UNKNOWN,,25.828156,76.286156,True,False,OTHER
JOB,ASALPUR JOBNER,UNKNOWN,UNKNOWN,,26.900084,75.423467,True,False,OTHER
IDG,INDARGARH,UNKNOWN,UNKNOWN,,25.727874,76.232938,True,False,OTHER
BOBS,BOBAS,UNKNOWN,UNKNOWN,,26.905636,75.498046,True,False,OTHER
SHNX,SHEO SINGH PURA,UNKNOWN,UNKNOWN,,26.913378,75.567278,True,False,OTHER
LKE,LAKHERI,UNKNOWN,UNKNOWN,,25.639864,76.192147,True,False,OTHER
MSO,MISROD,UNKNOWN,UNKNOWN,,23.168701,77.458046,True,False,Chennai
HBJ,HABIBGANJ,UNKNOWN,UNKNOWN,,23.221979,77.439429,True,False,OTHER
BPL,BHOPAL JN,UNKNOWN,UNKNOWN,,23.266884,77.413143,True,False,OTHER
BIH,BAIRAGARH,UNKNOWN,UNKNOWN,,23.273607,77.33622,True,False,OTHER
BQE,BAKANIAN BHAUNR,UNKNOWN,UNKNOWN,,23.261737,77.252499,True,False,OTHER
LBN,LABAN,UNKNOWN,UNKNOWN,,25.574304,76.207965,True,False,OTHER
KPZ,KAPREN,UNKNOWN,UNKNOWN,,25.444815,76.086492,True,False,OTHER
KTSC,KOTA JN SOUTH C,UNKNOWN,UNKNOWN,,25.198051,75.885111,True,False,Hyderabad
DKNT,DAKANIYA TALAV,UNKNOWN,UNKNOWN,,25.145188,75.865501,True,False,OTHER
DDV,DADHDEVI,UNKNOWN,UNKNOWN,,25.07784,75.898016,True,False,OTHER
ALNI,ALNIYA,UNKNOWN,UNKNOWN,,25.031676,75.908746,True,False,OTHER
DKQ,DHANI KASAR,UNKNOWN,UNKNOWN,,24.98746,75.932212,True,False,OTHER
RDT,RAVTHA ROAD,UNKNOWN,UNKNOWN,,24.933449,75.958203,True,False,OTHER
DARA,DARA,UNKNOWN,UNKNOWN,,24.832609,76.005784,True,False,OTHER
KIW,KANWALPURA,UNKNOWN,UNKNOWN,,24.788625,75.98301,True,False,OTHER
MKX,MORAK,UNKNOWN,UNKNOWN,,24.730953,75.973339,True,False,OTHER
RMA,RAMGANJ MANDI,UNKNOWN,UNKNOWN,,24.644606,75.939411,True,False,OTHER
JHW,JHALAWAR ROAD,UNKNOWN,UNKNOWN,,24.541893,75.919686,True,False,OTHER
DKRA,DHUANKHERI,UNKNOWN,UNKNOWN,,24.504973,75.89805,True,False,OTHER
BWM,BHAWANI MANDI,UNKNOWN,UNKNOWN,,24.419472,75.82981,True,False,OTHER
KRLS,KURLAS,UNKNOWN,UNKNOWN,,24.354201,75.726009,True,False,Mumbai
GOH,GAROT,UNKNOWN,UNKNOWN,,24.279092,75.684322,True,False,OTHER
SGZ,SHAMGARH,UNKNOWN,UNKNOWN,,24.191141,75.642842,True,False,OTHER
HNU,HANSPURA,UNKNOWN,UNKNOWN,,24.131207,75.646705,True,False,OTHER
SVA,SUWASRA,UNKNOWN,UNKNOWN,,24.069844,75.648344,True,False,OTHER
NKH,NATHUKHERI,UNKNOWN,UNKNOWN,,24.020043,75.643456,True,False,OTHER
CMU,CHAU MAHLA,UNKNOWN,UNKNOWN,,23.948205,75.600861,True,False,OTHER
TLZ,TALAVLI,UNKNOWN,UNKNOWN,,23.903499,75.596821,True,False,OTHER
THUR,THURIA,UNKNOWN,UNKNOWN,,23.833165,75.55457,True,False,OTHER
VMA,VIKRAMGARH ALOT,UNKNOWN,UNKNOWN,,23.765121,75.538379,True,False,OTHER
LNR,LUNI RICHHA,UNKNOWN,UNKNOWN,,23.660393,75.51367,True,False,OTHER
MEP,MAHIDPUR ROAD,UNKNOWN,UNKNOWN,,23.567509,75.500338,True,False,OTHER
RLK,ROHAL KHURD,UNKNOWN,UNKNOWN,,23.482264,75.460561,True,False,OTHER
PUD,PHANDA,UNKNOWN,UNKNOWN,,23.232986,77.189255,True,False,OTHER
PNWN,PACHWAN,UNKNOWN,UNKNOWN,,23.208785,77.128302,True,False,OTHER
DNK,DHANAKYA,UNKNOWN,UNKNOWN,,26.91819,75.605607,True,False,OTHER
SEH,SEHORE,UNKNOWN,UNKNOWN,,23.215095,77.077882,True,False,OTHER
BDYK,BINDAYAKA,UNKNOWN,UNKNOWN,,26.924224,75.659572,True,False,OTHER
KKU,KANAKPURA,UNKNOWN,UNKNOWN,,26.92883,75.702559,True,False,OTHER
BKTL,BAKTAL,UNKNOWN,UNKNOWN,,23.234083,77.038514,True,False,OTHER
PRB,PARBATI,UNKNOWN,UNKNOWN,,23.250527,77.012393,True,False,OTHER
JBX,JABRI,UNKNOWN,UNKNOWN,,23.294104,76.889341,True,False,OTHER
KPP,KALAPIPAL,UNKNOWN,UNKNOWN,,23.332775,76.834002,True,False,OTHER
CKOD,CHAKROD,UNKNOWN,UNKNOWN,,23.353091,76.779717,True,False,OTHER
SJP,SHUJALPUR,UNKNOWN,UNKNOWN,,23.381236,76.723475,True,False,OTHER
UJN,UJJAIN JN,UNKNOWN,UNKNOWN,,23.178154,75.781403,True,False,OTHER
MQE,MOHAMMADKHERA,UNKNOWN,UNKNOWN,,23.384268,76.665757,True,False,OTHER
AKD,AKODIA,UNKNOWN,UNKNOWN,,23.378255,76.599245,True,False,OTHER
BLX,BOLAI,UNKNOWN,UNKNOWN,,23.361401,76.486405,True,False,OTHER
KSH,KALI SINDH,UNKNOWN,UNKNOWN,,23.344476,76.430306,True,False,OTHER
KONY,KISONI,UNKNOWN,UNKNOWN,,23.301733,76.371773,True,False,OTHER
BCH,BERCHHA,UNKNOWN,UNKNOWN,,23.282481,76.334193,True,False,OTHER
PUO,PIR UMROD,UNKNOWN,UNKNOWN,,23.255861,76.229964,True,False,OTHER
MKC,MAKSI,UNKNOWN,UNKNOWN,,23.251625,76.159116,True,False,OTHER
SVT,SHIVPURA,UNKNOWN,UNKNOWN,,23.256351,76.007638,True,False,OTHER
TJP,TAJPUR,UNKNOWN,UNKNOWN,,23.216968,75.923568,True,False,OTHER
PLW,PINGLESHWAR,UNKNOWN,UNKNOWN,,23.211136,75.860344,True,False,OTHER
UJNC,UJN C CABIN,UNKNOWN,UNKNOWN,,23.184543,75.801153,True,False,OTHER
DPZ,DEVPURA,UNKNOWN,UNKNOWN,,26.03271,76.251747,True,False,OTHER
SURL,SURELI,UNKNOWN,UNKNOWN,,26.118939,76.077102,True,False,OTHER
ISA,ISARDA,UNKNOWN,UNKNOWN,,26.170515,76.030637,True,False,OTHER
SRAS,SIRAS,UNKNOWN,UNKNOWN,,26.257114,76.001081,True,False,OTHER
BNLW,BANSTHALI NIWAI,UNKNOWN,UNKNOWN,,26.383928,75.93511,True,False,OTHER
CHNN,CHANNANI,UNKNOWN,UNKNOWN,,26.49509,75.920457,True,False,OTHER
CKS,CHAKSU,UNKNOWN,UNKNOWN,,26.592918,75.910778,True,False,OTHER
SAS,SHIVDASPURA PADAMPURA,UNKNOWN,UNKNOWN,,26.71363,75.883282,True,False,OTHER
BTSD,BHATISUDA,UNKNOWN,UNKNOWN,,23.392187,75.421478,True,False,OTHER
PPG,PIPLODA BAGLA,UNKNOWN,UNKNOWN,,23.357472,75.433639,True,False,OTHER
UNL,UNHEL,UNKNOWN,UNKNOWN,,23.316776,75.472209,True,False,OTHER
PSO,PALSORA MAKRAWA,UNKNOWN,UNKNOWN,,23.26065,75.531569,True,False,OTHER
ASL,ASLAODA,UNKNOWN,UNKNOWN,,23.231264,75.60816,True,False,OTHER
GRFB,GAMBHIR BR,UNKNOWN,UNKNOWN,,23.226323,75.637187,True,False,OTHER
NKI,NAIKHERI,UNKNOWN,UNKNOWN,,23.196778,75.689198,True,False,OTHER
SNGN,SANGANER,UNKNOWN,UNKNOWN,,26.814113,75.772245,True,False,OTHER
DPA,DURGAPURA,UNKNOWN,UNKNOWN,,26.855947,75.786436,True,False,OTHER
BSGD,BAIS GODAM,UNKNOWN,UNKNOWN,,26.901994,75.789848,True,False,OTHER
GNQ,GODHANI,UNKNOWN,UNKNOWN,,21.21103,79.068176,True,False,OTHER
BWRA,BHARATWADA,UNKNOWN,UNKNOWN,,21.231695,79.017108,True,False,OTHER
KSWR,KALMESHWAR,UNKNOWN,UNKNOWN,,21.229072,78.915861,True,False,OTHER
KOHL,KOHLI,UNKNOWN,UNKNOWN,,21.273749,78.807616,True,False,OTHER
SNKB,SONKHAMB,UNKNOWN,UNKNOWN,,21.274259,78.725612,True,False,OTHER
MER,METPANJRA,UNKNOWN,UNKNOWN,,21.26917,78.659159,True,False,OTHER
KATL,KATOL,UNKNOWN,UNKNOWN,,21.263201,78.590664,True,False,OTHER
KLBA,KALAMBHA,UNKNOWN,UNKNOWN,,21.344635,78.558413,True,False,OTHER
TNH,TINKHEDA,UNKNOWN,UNKNOWN,,21.407727,78.523446,True,False,OTHER
NRKR,NARKHER,UNKNOWN,UNKNOWN,,21.468725,78.524814,True,False,OTHER
DDMT,DARIMETA,UNKNOWN,UNKNOWN,,21.536803,78.5411,True,False,OTHER
PAR,PANDHURNA,UNKNOWN,UNKNOWN,,21.589996,78.525394,True,False,OTHER
TEO,TEEGAON,UNKNOWN,UNKNOWN,,21.637046,78.460308,True,False,OTHER
GDKP,GHUNDANKHAPA,UNKNOWN,UNKNOWN,,21.655105,78.42563,True,False,OTHER
CCD,CHICHONDA,UNKNOWN,UNKNOWN,,21.709709,78.352032,True,False,OTHER
HTN,HATNA PUR,UNKNOWN,UNKNOWN,,21.761852,78.334344,True,False,OTHER
MTY,MULTAI,UNKNOWN,UNKNOWN,,21.783543,78.26283,True,False,OTHER
AMLA,AMLA JN,UNKNOWN,UNKNOWN,,21.919717,78.123187,True,False,OTHER
MALK,MALKAPUR ROAD,UNKNOWN,UNKNOWN,,21.904426,77.967468,True,False,OTHER
BZU,BETUL,UNKNOWN,UNKNOWN,,21.896393,77.905897,True,False,OTHER
MJY,MARAMJHIRI,UNKNOWN,UNKNOWN,,21.946123,77.883002,True,False,OTHER
DHQ,DHARAKHOH,UNKNOWN,UNKNOWN,,22.009297,77.949934,True,False,OTHER
GDYA,GHORADONGRI,UNKNOWN,UNKNOWN,,22.126423,78.001987,True,False,OTHER
BBTR,BARBATPUR,UNKNOWN,UNKNOWN,,22.197033,77.920758,True,False,OTHER
MGRD,MAGARDOH,UNKNOWN,UNKNOWN,,22.248104,77.894738,True,False,OTHER
DOH,DHODRA MOHAR,UNKNOWN,UNKNOWN,,22.281504,77.875226,True,False,OTHER
POX,POLA-PATTHAR,UNKNOWN,UNKNOWN,,22.347657,77.853349,True,False,OTHER
KQE,KALA AKHAR,UNKNOWN,UNKNOWN,,22.394549,77.818115,True,False,OTHER
SAHL,SAHELI,UNKNOWN,UNKNOWN,,22.488281,77.819849,True,False,OTHER
TAKU,TAKU,UNKNOWN,UNKNOWN,,22.51556,77.815809,True,False,OTHER
KSLA,KESLA,UNKNOWN,UNKNOWN,,22.541217,77.806509,True,False,OTHER
KRTH,KIRATGARH,UNKNOWN,UNKNOWN,,22.538155,77.77251,True,False,OTHER
JHP,JUHJARPUR,UNKNOWN,UNKNOWN,,22.598117,77.755836,True,False,OTHER
HN,HATHBANDH,UNKNOWN,UNKNOWN,,21.632219,81.846233,True,False,OTHER
BYT,BHATAPARA,UNKNOWN,UNKNOWN,,21.732464,81.946062,True,False,OTHER
NPI,NIPANIA,UNKNOWN,UNKNOWN,,21.826434,82.044275,True,False,OTHER
DGS,DAGORI,UNKNOWN,UNKNOWN,,21.905693,82.069143,True,False,OTHER
SLRA,SARALA,UNKNOWN,UNKNOWN,,21.511822,84.017534,True,False,OTHER
SSN,SASON,UNKNOWN,UNKNOWN,,21.559535,84.03917,True,False,OTHER
RGL,RENGALI,UNKNOWN,UNKNOWN,,21.636895,84.042299,True,False,OTHER
LPG,LAPANGA,UNKNOWN,UNKNOWN,,21.732794,84.03998,True,False,OTHER
BXQ,BRUNDAMAL,UNKNOWN,UNKNOWN,,21.806503,84.016216,True,False,OTHER
JSGR,JHARSUGUDA ROAD,UNKNOWN,UNKNOWN,,21.850125,84.010526,True,False,OTHER
BBSN,BHUBANESWAR NEW,UNKNOWN,UNKNOWN,,20.382175,85.835187,True,False,OTHER
GBK,GOPALPUR BALKDA,UNKNOWN,UNKNOWN,,20.432635,85.877909,True,False,OTHER
KTJI,KATHA JORI,UNKNOWN,UNKNOWN,,20.45107,85.896353,True,False,OTHER
CTC,CUTTACK,UNKNOWN,UNKNOWN,,20.466588,85.90156,True,False,OTHER
KNPR,KENDRAPARA ROAD,UNKNOWN,UNKNOWN,,20.498481,85.917437,True,False,OTHER
NRG,NERGUNDI,UNKNOWN,UNKNOWN,,20.538381,85.959078,True,False,OTHER
MZY,MACHAPUR,UNKNOWN,UNKNOWN,,20.569003,85.768912,True,False,OTHER
GJTA,GARUDIJHATIA,UNKNOWN,UNKNOWN,,20.570067,85.828478,True,False,OTHER
BDPG,BADA PADAGAON,UNKNOWN,UNKNOWN,,20.570588,85.873828,True,False,OTHER
CBT,CHARBATIA,UNKNOWN,UNKNOWN,,20.569384,85.911331,True,False,OTHER
SQQ,SALAGAON,UNKNOWN,UNKNOWN,,20.56434,85.957487,True,False,OTHER
SVK,SIVARAKOTTAI,UNKNOWN,UNKNOWN,,9.738428,77.986107,True,False,OTHER
SLGM,SANKARALINGAPRM,UNKNOWN,UNKNOWN,,9.524914,77.88414,True,False,OTHER
CPM,CHOLAPURAM,UNKNOWN,UNKNOWN,,9.35466,77.570867,True,False,OTHER
MDU,MADURAI JN,UNKNOWN,UNKNOWN,,9.919907,78.110314,True,False,OTHER
TDN,TIRUPARANKNDRM,UNKNOWN,UNKNOWN,,9.879447,78.065958,True,False,OTHER
TMQ,TIRUMANGALAM,UNKNOWN,UNKNOWN,,9.824778,77.990902,True,False,OTHER
KGD,KALLIGUDI,UNKNOWN,UNKNOWN,,9.695381,77.97402,True,False,OTHER
VPT,VIRUDUNAGAR JN,UNKNOWN,UNKNOWN,,9.596405,77.957737,True,False,OTHER
SCT,SENGOTTAI,UNKNOWN,UNKNOWN,,8.987412,77.24185,True,False,Hyderabad
TSI,TENKASI JN,UNKNOWN,UNKNOWN,,8.963993,77.307338,True,False,OTHER
KDNL,KADAYNALLUR,UNKNOWN,UNKNOWN,,9.085394,77.363198,True,False,OTHER
PBKS,PAMBA KOVIL SHANDY,UNKNOWN,UNKNOWN,,9.130538,77.431001,True,False,OTHER
SNKL,SANKARANKOVIL,UNKNOWN,UNKNOWN,,9.176539,77.525924,True,False,OTHER
RJPM,RAJAPALAYAM,UNKNOWN,UNKNOWN,,9.452404,77.561026,True,False,OTHER
SVPR,SRIVILLIPUTTUR,UNKNOWN,UNKNOWN,,9.497497,77.64494,True,False,OTHER
SVKS,SIVAKASI,UNKNOWN,UNKNOWN,,9.463321,77.789244,True,False,OTHER
TTL,TIRUTTANGAL,UNKNOWN,UNKNOWN,,9.477299,77.810886,True,False,OTHER
MKSP,MUKHASA PARUR,UNKNOWN,UNKNOWN,,11.566638,79.240919,True,False,OTHER
KKTI,KUTTAKUDI,UNKNOWN,UNKNOWN,,11.591907,79.154962,True,False,OTHER
PRV,PUKKIRIVARI,UNKNOWN,UNKNOWN,,11.633792,78.989079,True,False,OTHER
SRVT,SIRUVATTUR,UNKNOWN,UNKNOWN,,11.636294,78.943922,True,False,OTHER
CHSM,CHINNA SALEM,UNKNOWN,UNKNOWN,,11.631062,78.873821,True,False,OTHER
MLYR,MELNARIYAPANUR,UNKNOWN,UNKNOWN,,11.615911,78.814791,True,False,OTHER
TVS,TALAIVASAL,UNKNOWN,UNKNOWN,,11.596392,78.75084,True,False,OTHER
ATU,ATTUR,UNKNOWN,UNKNOWN,,11.594788,78.592092,True,False,OTHER
PDKM,PEDANAYAKANPALAYAM,UNKNOWN,UNKNOWN,,11.647063,78.5053,True,False,OTHER
MGSJ,MAGNESITE JN,UNKNOWN,UNKNOWN,,11.696253,78.096286,True,False,OTHER
ETP,ETTAPUR ROAD,UNKNOWN,UNKNOWN,,11.651009,78.468545,True,False,OTHER
SA,SALEM JN,UNKNOWN,UNKNOWN,,11.671726,78.113415,True,False,OTHER
VGE,VALAPPADI G HLT,UNKNOWN,UNKNOWN,,11.654624,78.400452,True,False,OTHER
MPLI,MINNAMPALLI,UNKNOWN,UNKNOWN,,11.67108,78.284985,True,False,OTHER
APN,AYODHYAPATTANAM,UNKNOWN,UNKNOWN,,11.671392,78.233642,True,False,OTHER
SLME,SALEM EAST,UNKNOWN,UNKNOWN,,11.662932,78.178121,True,False,OTHER
SXT,SALEM TOWN,UNKNOWN,UNKNOWN,,11.660046,78.162096,True,False,OTHER
SAMT,SALEM MARKET,UNKNOWN,UNKNOWN,,11.654084,78.142621,True,False,OTHER
OML,OMALUR,UNKNOWN,UNKNOWN,,11.738554,78.04678,True,False,OTHER
TOS,TOLASAMPATTI,UNKNOWN,UNKNOWN,,11.761619,77.979547,True,False,OTHER
MCRD,MECHERI ROAD,UNKNOWN,UNKNOWN,,11.804211,77.921857,True,False,OTHER
MTDM,METUR DAM,UNKNOWN,UNKNOWN,,11.807081,77.832008,True,False,OTHER
